"index","question","result","failed_on"
"0","Answer the following multiple choice question. The last line of your response should be of the following format: 'ANSWER: $LETTER' (without quotes) where LETTER is one of {letters}. Think step by step before answering.

{question}

{choices}

Instruction: Read the segment of a merger agreement and answer the multiple-choice question by choosing the option that best characterizes the agreement.
Question: When are representations and warranties required to be made according to the bring down provision?
Option A: At Closing Only
Option B: At Signing & At Closing

Merger Agreement: Article 8.1 Conditions to Obligations of Buyer to Effect the Merger. The obligations of Buyer to effect the Merger are subject to the satisfaction or waiver by Buyer at or prior to the Effective Time of the following conditions: (a) the representations and warranties of the Seller contained in this Agreement shall be true and correct as of the date of this Agreement and as of the Closing Date, except for inaccuracies that would not, individually or in the aggregate, have a Seller Material Adverse Effect; provided that any representation and warranty made as of a specific date shall be true and correct as of such date. (Page 112)

Merger Agreement: Section 9.3 Additional Conditions to Obligations of Buyer. The obligations of Buyer to consummate the Merger are further subject to the satisfaction of the following conditions at or prior to the Closing Date: (i) the representations and warranties of the Seller set forth in Sections 4.1 and 4.2 shall be true and correct in all material respects as of the date hereof and as of the Closing Date, except where the failure to be so true and correct would not reasonably be expected to have a Seller Material Adverse Effect; and (ii) all other representations and warranties of the Seller contained in this Agreement shall be true and correct as of the Closing Date, except for such failures to be true and correct that would not, individually or in the aggregate, have a Seller Material Adverse Effect. (Page 114)
Choices: ","Pass",""
"1","Answer the following multiple choice question. The last line of your response should be of the following format: 'ANSWER: $LETTER' (without quotes) where LETTER is one of {letters}. Think step by step before answering.

{question}

{choices}

Instruction: Read the segment of a merger agreement and answer the multiple-choice question by choosing the option that best characterizes the agreement.
Question: When are representations and warranties required to be made according to the bring down provision?
Option A: At Closing Only
Option B: At Signing & At Closing

Merger Agreement: Section 9.4 Conditions to Obligations of Parent and Subsidiary to Effect the Merger. The obligations of Parent and Subsidiary to effect the Merger are, in addition to the conditions set forth in Section 9.1, further subject to the satisfaction or (to the extent not prohibited by Law) waiver by Parent at or prior to the Effective Time of the following conditions: (a) each of the representations and warranties of the Company contained in this Agreement, without giving effect to any materiality or 'Company Material Adverse Effect' or similar qualifications therein, shall be true and correct as of the Closing Date, except for such failures to be true and correct as would not, individually or in the aggregate, have a Company Material Adverse Effect (except to the extent such representations and warranties are expressly made as of a specific date, in which case such representations and warranties shall be so true and correct as of such specific date only); and (b) the representations and warranties set forth in Sections 4.1, 4.3, and 4.4 shall be true and correct in all material respects as of the date of this Agreement and as of the Closing Date as though made on and as of the Closing Date, except to the extent such representations and warranties are expressly made as of a specific date, in which case such representations and warranties shall be so true and correct as of such specific date only. (Page 82)
Choices: ","Fail","Answer the following multiple choice question. The last line of your response should be of the following format: 'ANSWER: $LETTER' (without quotes) where LETTER is one of {letters}. Think step by step before answering.

{question}

{choices}

Instruction: Read the segment of a merger agreement and answer the multiple-choice question by choosing the option that best characterizes the agreement.
Question: When are representations and warranties required to be made according to the bring down provision?
Option A: At Closing Only
Option B: At Signing & At Closing

Merger Agreement: Article 8.1 Conditions to Obligations of Buyer to Effect the Merger. The obligations of Buyer to effect the Merger are subject to the satisfaction or waiver by Buyer at or prior to the Effective Time of the following conditions: (a) the representations and warranties of the Seller contained in this Agreement shall be true and correct as of the date of this Agreement and as of the Closing Date, except for inaccuracies that would not, individually or in the aggregate, have a Seller Material Adverse Effect; provided that any representation and warranty made as of a specific date shall be true and correct as of such date. (Page 112)

Merger Agreement: Section 9.3 Additional Conditions to Obligations of Buyer. The obligations of Buyer to consummate the Merger are further subject to the satisfaction of the following conditions at or prior to the Closing Date: (i) the representations and warranties of the Seller set forth in Sections 4.1 and 4.2 shall be true and correct in all material respects as of the date hereof and as of the Closing Date, except where the failure to be so true and correct would not reasonably be expected to have a Seller Material Adverse Effect; and (ii) all other representations and warranties of the Seller contained in this Agreement shall be true and correct as of the Closing Date, except for such failures to be true and correct that would not, individually or in the aggregate, have a Seller Material Adverse Effect. (Page 114)
Choices: "
"2","Answer the following multiple choice question. The last line of your response should be of the following format: 'ANSWER: $LETTER' (without quotes) where LETTER is one of {letters}. Think step by step before answering.

{question}

{choices}

Instruction: Read the segment of a merger agreement and answer the multiple-choice question by choosing the option that best characterizes the agreement.
Question: When are representations and warranties required to be made according to the bring down provision?
Option A: At Closing Only
Option B: At Signing & At Closing

Merger Agreement: Section 7.2 Conditions to Obligations of Alpha Corp and Beta Sub to Effect the Merger. The obligations of Alpha Corp and Beta Sub to effect the Merger are, in addition to the conditions set forth in Section 7.1, further subject to the satisfaction or (to the extent not prohibited by Law) waiver by Alpha Corp at or prior to the Effective Time of the following conditions: (a) each of the representations and warranties of Gamma Inc. contained in this Agreement, without giving effect to any materiality or 'Gamma Material Adverse Effect' or similar qualifications therein, shall be true and correct as of the Closing Date, except for such failures to be true and correct as would not, individually or in the aggregate, have a Gamma Material Adverse Effect (except to the extent such representations and warranties are expressly made as of a specific date, in which case such representations and warranties shall be so true and correct as of such specific date only); (b) notwithstanding the above, representations and warranties related to tax matters shall be true and correct as of the Signing Date and as of the Closing Date; (Page 82)
Choices: ","Fail","Answer the following multiple choice question. The last line of your response should be of the following format: 'ANSWER: $LETTER' (without quotes) where LETTER is one of {letters}. Think step by step before answering.

{question}

{choices}

Instruction: Read the segment of a merger agreement and answer the multiple-choice question by choosing the option that best characterizes the agreement.
Question: When are representations and warranties required to be made according to the bring down provision?
Option A: At Closing Only
Option B: At Signing & At Closing

Merger Agreement: Article 8.1 Conditions to Obligations of Buyer to Effect the Merger. The obligations of Buyer to effect the Merger are subject to the satisfaction or waiver by Buyer at or prior to the Effective Time of the following conditions: (a) the representations and warranties of the Seller contained in this Agreement shall be true and correct as of the date of this Agreement and as of the Closing Date, except for inaccuracies that would not, individually or in the aggregate, have a Seller Material Adverse Effect; provided that any representation and warranty made as of a specific date shall be true and correct as of such date. (Page 112)

Merger Agreement: Section 9.3 Additional Conditions to Obligations of Buyer. The obligations of Buyer to consummate the Merger are further subject to the satisfaction of the following conditions at or prior to the Closing Date: (i) the representations and warranties of the Seller set forth in Sections 4.1 and 4.2 shall be true and correct in all material respects as of the date hereof and as of the Closing Date, except where the failure to be so true and correct would not reasonably be expected to have a Seller Material Adverse Effect; and (ii) all other representations and warranties of the Seller contained in this Agreement shall be true and correct as of the Closing Date, except for such failures to be true and correct that would not, individually or in the aggregate, have a Seller Material Adverse Effect. (Page 114)
Choices: "
"3","Answer the following multiple choice question. The last line of your response should be of the following format: 'ANSWER: $LETTER' (without quotes) where LETTER is one of {letters}. Think step by step before answering.

{question}

{choices}

Instruction: Read the segment of a merger agreement and answer the multiple-choice question by choosing the option that best characterizes the agreement.
Question: When are representations and warranties required to be made according to the bring down provision?
Option A: At Closing Only
Option B: At Signing & At Closing

Merger Agreement: Section 8.3 Conditions to Obligations of Parent and Merger Sub to Effect the Merger. The obligations of Parent and Merger Sub to consummate the Merger are subject to the satisfaction at or prior to the Effective Time of each of the following conditions, any or all of which may be waived exclusively by Parent, to the extent permitted by applicable Law: (a) Representations and Warranties. (i) The representations and warranties of the Company set forth in Sections 3.1(a), 3.2(b), and 3.3(c) shall be true and correct as of the Signing Date and as of the Closing Date, with the same effect as though made on and as of each such date (except to the extent expressly made as of an earlier date, in which case as of such earlier date). (ii) All other representations and warranties of the Company shall be true and correct as of the Closing Date, except for such failures to be true and correct as would not reasonably be expected to have a Company Material Adverse Effect. (Page 45)
Choices: ","Fail","Answer the following multiple choice question. The last line of your response should be of the following format: 'ANSWER: $LETTER' (without quotes) where LETTER is one of {letters}. Think step by step before answering.

{question}

{choices}

Instruction: Read the segment of a merger agreement and answer the multiple-choice question by choosing the option that best characterizes the agreement.
Question: When are representations and warranties required to be made according to the bring down provision?
Option A: At Closing Only
Option B: At Signing & At Closing

Merger Agreement: Article 8.1 Conditions to Obligations of Buyer to Effect the Merger. The obligations of Buyer to effect the Merger are subject to the satisfaction or waiver by Buyer at or prior to the Effective Time of the following conditions: (a) the representations and warranties of the Seller contained in this Agreement shall be true and correct as of the date of this Agreement and as of the Closing Date, except for inaccuracies that would not, individually or in the aggregate, have a Seller Material Adverse Effect; provided that any representation and warranty made as of a specific date shall be true and correct as of such date. (Page 112)

Merger Agreement: Section 9.3 Additional Conditions to Obligations of Buyer. The obligations of Buyer to consummate the Merger are further subject to the satisfaction of the following conditions at or prior to the Closing Date: (i) the representations and warranties of the Seller set forth in Sections 4.1 and 4.2 shall be true and correct in all material respects as of the date hereof and as of the Closing Date, except where the failure to be so true and correct would not reasonably be expected to have a Seller Material Adverse Effect; and (ii) all other representations and warranties of the Seller contained in this Agreement shall be true and correct as of the Closing Date, except for such failures to be true and correct that would not, individually or in the aggregate, have a Seller Material Adverse Effect. (Page 114)
Choices: "
"4","Answer the following multiple choice question. The last line of your response should be of the following format: 'ANSWER: $LETTER' (without quotes) where LETTER is one of {letters}. Think step by step before answering.

{question}

{choices}

Instruction: Read the segment of a merger agreement and answer the multiple-choice question by choosing the option that best characterizes the agreement.
Question: When are representations and warranties required to be made according to the bring down provision?
Option A: At Closing Only
Option B: At Signing & At Closing

Merger Agreement: Section 8.4 Conditions Precedent to the Obligations of Both Parties. The obligations of both parties to effect the Merger are subject to the satisfaction or waiver of the following conditions at or prior to the Effective Time: (a) the representations and warranties of each party set forth in this Agreement shall be true and correct in all material respects as of the date of this Agreement and as of the Closing Date, except for representations and warranties that speak as of a specific date, which shall be true and correct in all material respects as of such date; (b) the representations and warranties of the Company set forth in Sections 4.5 and 4.7 shall be true and correct in all respects as of the Closing Date, as if made at and as of such time; (Page 75)
Answer:
Choices: ","Fail","Answer the following multiple choice question. The last line of your response should be of the following format: 'ANSWER: $LETTER' (without quotes) where LETTER is one of {letters}. Think step by step before answering.

{question}

{choices}

Instruction: Read the segment of a merger agreement and answer the multiple-choice question by choosing the option that best characterizes the agreement.
Question: When are representations and warranties required to be made according to the bring down provision?
Option A: At Closing Only
Option B: At Signing & At Closing

Merger Agreement: Article 8.1 Conditions to Obligations of Buyer to Effect the Merger. The obligations of Buyer to effect the Merger are subject to the satisfaction or waiver by Buyer at or prior to the Effective Time of the following conditions: (a) the representations and warranties of the Seller contained in this Agreement shall be true and correct as of the date of this Agreement and as of the Closing Date, except for inaccuracies that would not, individually or in the aggregate, have a Seller Material Adverse Effect; provided that any representation and warranty made as of a specific date shall be true and correct as of such date. (Page 112)

Merger Agreement: Section 9.3 Additional Conditions to Obligations of Buyer. The obligations of Buyer to consummate the Merger are further subject to the satisfaction of the following conditions at or prior to the Closing Date: (i) the representations and warranties of the Seller set forth in Sections 4.1 and 4.2 shall be true and correct in all material respects as of the date hereof and as of the Closing Date, except where the failure to be so true and correct would not reasonably be expected to have a Seller Material Adverse Effect; and (ii) all other representations and warranties of the Seller contained in this Agreement shall be true and correct as of the Closing Date, except for such failures to be true and correct that would not, individually or in the aggregate, have a Seller Material Adverse Effect. (Page 114)
Choices: "
"5","Answer the following multiple choice question. The last line of your response should be of the following format: 'ANSWER: $LETTER' (without quotes) where LETTER is one of {letters}. Think step by step before answering.

{question}

{choices}

Instruction: Read the segment of a merger agreement and answer the multiple-choice question by choosing the option that best characterizes the agreement.
Question: When are representations and warranties required to be made according to the bring down provision?
Option A: At Closing Only
Option B: At Signing & At Closing

Merger Agreement: Section 8.4 Conditions to Obligations of Parent and Merger Sub to Effect the Merger. The obligations of Parent and Merger Sub to effect the Merger are, in addition to the conditions set forth in Section 8.3, further subject to the satisfaction or (to the extent not prohibited by Law) waiver by Parent at or prior to the Effective Time of the following conditions: (a) each of the representations and warranties of the Company contained in this Agreement, without giving effect to any materiality or 'Company Material Adverse Effect' or similar qualifications therein, shall be true and correct as of the Closing Date, except for such failures to be true and correct as would not, individually or in the aggregate, have a Company Material Adverse Effect (except to the extent such representations and warranties are expressly made as of a specific date, in which case such representations and warranties shall be so true and correct as of such specific date only). Additionally, if the representations and warranties are made as of a specific date other than the Closing Date, they shall be true and correct as of such date and at the time of signing, unless otherwise specified. (Page 88)
Choices: ","Fail","Answer the following multiple choice question. The last line of your response should be of the following format: 'ANSWER: $LETTER' (without quotes) where LETTER is one of {letters}. Think step by step before answering.

{question}

{choices}

Instruction: Read the segment of a merger agreement and answer the multiple-choice question by choosing the option that best characterizes the agreement.
Question: When are representations and warranties required to be made according to the bring down provision?
Option A: At Closing Only
Option B: At Signing & At Closing

Merger Agreement: Article 8.1 Conditions to Obligations of Buyer to Effect the Merger. The obligations of Buyer to effect the Merger are subject to the satisfaction or waiver by Buyer at or prior to the Effective Time of the following conditions: (a) the representations and warranties of the Seller contained in this Agreement shall be true and correct as of the date of this Agreement and as of the Closing Date, except for inaccuracies that would not, individually or in the aggregate, have a Seller Material Adverse Effect; provided that any representation and warranty made as of a specific date shall be true and correct as of such date. (Page 112)

Merger Agreement: Section 9.3 Additional Conditions to Obligations of Buyer. The obligations of Buyer to consummate the Merger are further subject to the satisfaction of the following conditions at or prior to the Closing Date: (i) the representations and warranties of the Seller set forth in Sections 4.1 and 4.2 shall be true and correct in all material respects as of the date hereof and as of the Closing Date, except where the failure to be so true and correct would not reasonably be expected to have a Seller Material Adverse Effect; and (ii) all other representations and warranties of the Seller contained in this Agreement shall be true and correct as of the Closing Date, except for such failures to be true and correct that would not, individually or in the aggregate, have a Seller Material Adverse Effect. (Page 114)
Choices: "
"6","Answer the following multiple choice question. The last line of your response should be of the following format: 'ANSWER: $LETTER' (without quotes) where LETTER is one of {letters}. Think step by step before answering.

{question}

{choices}

Instruction: Read the segment of a merger agreement and answer the multiple-choice question by choosing the option that best characterizes the agreement.
Question: When are representations and warranties required to be made according to the bring down provision?
Option A: At Closing Only
Option B: At Signing & At Closing

Merger Agreement: Section 8.4 Conditions to Obligations of Acquirer to Effect the Merger. The obligations of Acquirer to effect the Merger are subject to the satisfaction or waiver by Acquirer at or prior to the Effective Time of the following conditions: (a) all representations and warranties of the Target contained in this Agreement shall be true and correct as of the Closing Date, except for those specifically stated to be made as of a different date, which shall be true and correct as of such date, and all representations and warranties made as of the date of this Agreement shall be true and correct as of the Signing Date; provided, however, that no material adverse effect shall have occurred since the Signing Date. (Page 72)
Answer:
Choices: ","Fail","Answer the following multiple choice question. The last line of your response should be of the following format: 'ANSWER: $LETTER' (without quotes) where LETTER is one of {letters}. Think step by step before answering.

{question}

{choices}

Instruction: Read the segment of a merger agreement and answer the multiple-choice question by choosing the option that best characterizes the agreement.
Question: When are representations and warranties required to be made according to the bring down provision?
Option A: At Closing Only
Option B: At Signing & At Closing

Merger Agreement: Article 8.1 Conditions to Obligations of Buyer to Effect the Merger. The obligations of Buyer to effect the Merger are subject to the satisfaction or waiver by Buyer at or prior to the Effective Time of the following conditions: (a) the representations and warranties of the Seller contained in this Agreement shall be true and correct as of the date of this Agreement and as of the Closing Date, except for inaccuracies that would not, individually or in the aggregate, have a Seller Material Adverse Effect; provided that any representation and warranty made as of a specific date shall be true and correct as of such date. (Page 112)

Merger Agreement: Section 9.3 Additional Conditions to Obligations of Buyer. The obligations of Buyer to consummate the Merger are further subject to the satisfaction of the following conditions at or prior to the Closing Date: (i) the representations and warranties of the Seller set forth in Sections 4.1 and 4.2 shall be true and correct in all material respects as of the date hereof and as of the Closing Date, except where the failure to be so true and correct would not reasonably be expected to have a Seller Material Adverse Effect; and (ii) all other representations and warranties of the Seller contained in this Agreement shall be true and correct as of the Closing Date, except for such failures to be true and correct that would not, individually or in the aggregate, have a Seller Material Adverse Effect. (Page 114)
Choices: "
"7","Answer the following multiple choice question. The last line of your response should be of the following format: 'ANSWER: $LETTER' (without quotes) where LETTER is one of {letters}. Think step by step before answering.

{question}

{choices}

Instruction: Read the segment of a merger agreement and answer the multiple-choice question by choosing the option that best characterizes the agreement.
Question: When are representations and warranties required to be made according to the bring down provision?
Option A: At Closing Only
Option B: At Signing & At Closing

Merger Agreement: Section 8.1 Conditions to Obligations of Buyer and Merger Sub to Effect the Merger. The obligations of Buyer and Merger Sub to effect the Merger are subject to the satisfaction or waiver by Buyer at or prior to the Effective Time of the following conditions: (a) each of the representations and warranties of the Seller contained in this Agreement shall be true and correct in all material respects as of the date of this Agreement and as of the Closing Date, except for such representations and warranties that are qualified by materiality or Material Adverse Effect, which shall be true and correct in all respects as of the date of this Agreement and as of the Closing Date, except to the extent expressly made as of an earlier date, in which case, as of such date only. Additionally, representations and warranties related to Section 3.12 (Compliance with Laws) and Section 3.15 (Intellectual Property) shall be true and correct as of a date no later than five business days prior to the Closing Date. (Page 83)
Answer:
Choices: ","Fail","Answer the following multiple choice question. The last line of your response should be of the following format: 'ANSWER: $LETTER' (without quotes) where LETTER is one of {letters}. Think step by step before answering.

{question}

{choices}

Instruction: Read the segment of a merger agreement and answer the multiple-choice question by choosing the option that best characterizes the agreement.
Question: When are representations and warranties required to be made according to the bring down provision?
Option A: At Closing Only
Option B: At Signing & At Closing

Merger Agreement: Article 8.1 Conditions to Obligations of Buyer to Effect the Merger. The obligations of Buyer to effect the Merger are subject to the satisfaction or waiver by Buyer at or prior to the Effective Time of the following conditions: (a) the representations and warranties of the Seller contained in this Agreement shall be true and correct as of the date of this Agreement and as of the Closing Date, except for inaccuracies that would not, individually or in the aggregate, have a Seller Material Adverse Effect; provided that any representation and warranty made as of a specific date shall be true and correct as of such date. (Page 112)

Merger Agreement: Section 9.3 Additional Conditions to Obligations of Buyer. The obligations of Buyer to consummate the Merger are further subject to the satisfaction of the following conditions at or prior to the Closing Date: (i) the representations and warranties of the Seller set forth in Sections 4.1 and 4.2 shall be true and correct in all material respects as of the date hereof and as of the Closing Date, except where the failure to be so true and correct would not reasonably be expected to have a Seller Material Adverse Effect; and (ii) all other representations and warranties of the Seller contained in this Agreement shall be true and correct as of the Closing Date, except for such failures to be true and correct that would not, individually or in the aggregate, have a Seller Material Adverse Effect. (Page 114)
Choices: "
"8","Answer the following multiple choice question. The last line of your response should be of the following format: 'ANSWER: $LETTER' (without quotes) where LETTER is one of {letters}. Think step by step before answering.

{question}

{choices}

Instruction: Read the segment of a merger agreement and answer the multiple-choice question by choosing the option that best characterizes the agreement.\nQuestion: When are representations and warranties required to be made according to the bring down provision?\nOption A: At Closing Only\nOption B: At Signing & At Closing\n\nMerger Agreement: Section 8.3 Conditions to Obligations of Acquirer and Merger Sub to Effect the Merger. The obligations of Acquirer and Merger Sub to effect the Merger are, in addition to the conditions set forth in Section 8.1, further subject to the satisfaction or (to the extent not prohibited by Law) waiver by Acquirer at or prior to the Effective Time of the following conditions: (a) each of the representations and warranties of the Target contained in this Agreement, without giving effect to any materiality or \u201cTarget Material Adverse Effect\u201d or similar qualifications therein, shall be true and correct as of the Closing Date, except for such failures to be true and correct as would not, individually or in the aggregate, have a Target Material Adverse Effect (except to the extent such representations and warranties are expressly made as of a specific date, in which case such representations and warranties shall be so true and correct as of such specific date only); (Page 78)\n\nMerger Agreement: CONDITIONS TO THE MERGER <omitted> (v) the representations and warranties of the Target set forth in this Agreement (other than those representations and warranties referred to in the foregoing clauses (i) and (ii)) shall have been true and accurate in all respects at and as of the date hereof and shall be true and accurate in all respects at and as of the Closing Date as if made at and as of such time (Pages 82-83)\nAnswer:
Choices: ","Fail","Answer the following multiple choice question. The last line of your response should be of the following format: 'ANSWER: $LETTER' (without quotes) where LETTER is one of {letters}. Think step by step before answering.

{question}

{choices}

Instruction: Read the segment of a merger agreement and answer the multiple-choice question by choosing the option that best characterizes the agreement.
Question: When are representations and warranties required to be made according to the bring down provision?
Option A: At Closing Only
Option B: At Signing & At Closing

Merger Agreement: Article 8.1 Conditions to Obligations of Buyer to Effect the Merger. The obligations of Buyer to effect the Merger are subject to the satisfaction or waiver by Buyer at or prior to the Effective Time of the following conditions: (a) the representations and warranties of the Seller contained in this Agreement shall be true and correct as of the date of this Agreement and as of the Closing Date, except for inaccuracies that would not, individually or in the aggregate, have a Seller Material Adverse Effect; provided that any representation and warranty made as of a specific date shall be true and correct as of such date. (Page 112)

Merger Agreement: Section 9.3 Additional Conditions to Obligations of Buyer. The obligations of Buyer to consummate the Merger are further subject to the satisfaction of the following conditions at or prior to the Closing Date: (i) the representations and warranties of the Seller set forth in Sections 4.1 and 4.2 shall be true and correct in all material respects as of the date hereof and as of the Closing Date, except where the failure to be so true and correct would not reasonably be expected to have a Seller Material Adverse Effect; and (ii) all other representations and warranties of the Seller contained in this Agreement shall be true and correct as of the Closing Date, except for such failures to be true and correct that would not, individually or in the aggregate, have a Seller Material Adverse Effect. (Page 114)
Choices: "
"9","Answer the following multiple choice question. The last line of your response should be of the following format: 'ANSWER: $LETTER' (without quotes) where LETTER is one of {letters}. Think step by step before answering.

{question}

{choices}

Instruction: Read the segment of a merger agreement and answer the multiple-choice question by choosing the option that best characterizes the agreement.
Question: When are representations and warranties required to be made according to the bring down provision?
Option A: At Closing Only
Option B: At Signing & At Closing

Merger Agreement: Section 8.1 Conditions to Obligations of Parent to Effect the Merger. The obligations of Parent to effect the Merger are subject to the satisfaction or waiver by Parent at or prior to the Effective Time of the following conditions: (a) each of the representations and warranties of the Company contained in this Agreement shall be true and correct as of the Signing Date and as of the Closing Date, except for those representations and warranties that are specifically made as of a particular date, which shall be true and correct as of such date; provided, however, that the representations and warranties related to financial conditions shall be true and correct only as of the Signing Date. (Page 45)
Choices: ","Fail","Answer the following multiple choice question. The last line of your response should be of the following format: 'ANSWER: $LETTER' (without quotes) where LETTER is one of {letters}. Think step by step before answering.

{question}

{choices}

Instruction: Read the segment of a merger agreement and answer the multiple-choice question by choosing the option that best characterizes the agreement.
Question: When are representations and warranties required to be made according to the bring down provision?
Option A: At Closing Only
Option B: At Signing & At Closing

Merger Agreement: Article 8.1 Conditions to Obligations of Buyer to Effect the Merger. The obligations of Buyer to effect the Merger are subject to the satisfaction or waiver by Buyer at or prior to the Effective Time of the following conditions: (a) the representations and warranties of the Seller contained in this Agreement shall be true and correct as of the date of this Agreement and as of the Closing Date, except for inaccuracies that would not, individually or in the aggregate, have a Seller Material Adverse Effect; provided that any representation and warranty made as of a specific date shall be true and correct as of such date. (Page 112)

Merger Agreement: Section 9.3 Additional Conditions to Obligations of Buyer. The obligations of Buyer to consummate the Merger are further subject to the satisfaction of the following conditions at or prior to the Closing Date: (i) the representations and warranties of the Seller set forth in Sections 4.1 and 4.2 shall be true and correct in all material respects as of the date hereof and as of the Closing Date, except where the failure to be so true and correct would not reasonably be expected to have a Seller Material Adverse Effect; and (ii) all other representations and warranties of the Seller contained in this Agreement shall be true and correct as of the Closing Date, except for such failures to be true and correct that would not, individually or in the aggregate, have a Seller Material Adverse Effect. (Page 114)
Choices: "
"10","Answer the following multiple choice question. The last line of your response should be of the following format: 'ANSWER: $LETTER' (without quotes) where LETTER is one of {letters}. Think step by step before answering.

{question}

{choices}

Instruction: Read the segment of a merger agreement and answer the multiple-choice question by choosing the option that best characterizes the agreement.
Question: When are representations and warranties required to be made according to the bring down provision?
Option A: At Closing Only
Option B: At Signing & At Closing

Merger Agreement: Section 8.1 Conditions to Obligations of Buyer to Effect the Merger. The obligations of Buyer to effect the Merger are, in addition to the conditions set forth in Section 8.2, further subject to the satisfaction or waiver by Buyer at or prior to the Effective Time of the following conditions: (i) each of the representations and warranties of the Seller contained in this Agreement, without giving effect to any materiality or 'Seller Material Adverse Effect' or similar qualifications therein, shall be true and correct as of the Closing Date, except for such failures to be true and correct as would not, individually or in the aggregate, have a Seller Material Adverse Effect (except to the extent such representations and warranties are expressly made as of a specific date, in which case such representations and warranties shall be so true and correct as of such specific date only); (ii) the representations and warranties of the Seller set forth in Article IV shall be true and correct both at the date hereof and as of the Closing Date, as if made at and as of such time, except for such failures that would not have a Seller Material Adverse Effect; (Page 45)
Answer:
Choices: ","Fail","Answer the following multiple choice question. The last line of your response should be of the following format: 'ANSWER: $LETTER' (without quotes) where LETTER is one of {letters}. Think step by step before answering.

{question}

{choices}

Instruction: Read the segment of a merger agreement and answer the multiple-choice question by choosing the option that best characterizes the agreement.
Question: When are representations and warranties required to be made according to the bring down provision?
Option A: At Closing Only
Option B: At Signing & At Closing

Merger Agreement: Article 8.1 Conditions to Obligations of Buyer to Effect the Merger. The obligations of Buyer to effect the Merger are subject to the satisfaction or waiver by Buyer at or prior to the Effective Time of the following conditions: (a) the representations and warranties of the Seller contained in this Agreement shall be true and correct as of the date of this Agreement and as of the Closing Date, except for inaccuracies that would not, individually or in the aggregate, have a Seller Material Adverse Effect; provided that any representation and warranty made as of a specific date shall be true and correct as of such date. (Page 112)

Merger Agreement: Section 9.3 Additional Conditions to Obligations of Buyer. The obligations of Buyer to consummate the Merger are further subject to the satisfaction of the following conditions at or prior to the Closing Date: (i) the representations and warranties of the Seller set forth in Sections 4.1 and 4.2 shall be true and correct in all material respects as of the date hereof and as of the Closing Date, except where the failure to be so true and correct would not reasonably be expected to have a Seller Material Adverse Effect; and (ii) all other representations and warranties of the Seller contained in this Agreement shall be true and correct as of the Closing Date, except for such failures to be true and correct that would not, individually or in the aggregate, have a Seller Material Adverse Effect. (Page 114)
Choices: "
"11","Answer the following multiple choice question. The last line of your response should be of the following format: 'ANSWER: $LETTER' (without quotes) where LETTER is one of {letters}. Think step by step before answering.

{question}

{choices}

Instruction: Read the segment of a merger agreement and answer the multiple-choice question by choosing the option that best characterizes the agreement.
Question: When are representations and warranties required to be made according to the bring down provision?
Option A: At Closing Only
Option B: At Signing & At Closing

Merger Agreement: Section 9.3 Conditions to Effectiveness of the Merger. The obligations of Parent and Merger Sub to effect the Merger are subject to the satisfaction or waiver by Parent at or prior to the Effective Time of the following conditions: (a) Representations and Warranties. (i) the representations and warranties of the Company set forth in Sections 3.1, 3.2, and 3.5 shall be true and correct in all material respects as of the date hereof and as of the Closing Date, with the same effect as though made on and as of the Closing Date (except to the extent expressly made as of an earlier date, in which case, as of such date); (ii) all other representations and warranties of the Company shall be true and correct in all respects as of the date of this Agreement and as of the Closing Date, except where the failure to be true and correct would not have a Material Adverse Effect (Page 105)
Answer:
Choices: ","Fail","Answer the following multiple choice question. The last line of your response should be of the following format: 'ANSWER: $LETTER' (without quotes) where LETTER is one of {letters}. Think step by step before answering.

{question}

{choices}

Instruction: Read the segment of a merger agreement and answer the multiple-choice question by choosing the option that best characterizes the agreement.
Question: When are representations and warranties required to be made according to the bring down provision?
Option A: At Closing Only
Option B: At Signing & At Closing

Merger Agreement: Article 8.1 Conditions to Obligations of Buyer to Effect the Merger. The obligations of Buyer to effect the Merger are subject to the satisfaction or waiver by Buyer at or prior to the Effective Time of the following conditions: (a) the representations and warranties of the Seller contained in this Agreement shall be true and correct as of the date of this Agreement and as of the Closing Date, except for inaccuracies that would not, individually or in the aggregate, have a Seller Material Adverse Effect; provided that any representation and warranty made as of a specific date shall be true and correct as of such date. (Page 112)

Merger Agreement: Section 9.3 Additional Conditions to Obligations of Buyer. The obligations of Buyer to consummate the Merger are further subject to the satisfaction of the following conditions at or prior to the Closing Date: (i) the representations and warranties of the Seller set forth in Sections 4.1 and 4.2 shall be true and correct in all material respects as of the date hereof and as of the Closing Date, except where the failure to be so true and correct would not reasonably be expected to have a Seller Material Adverse Effect; and (ii) all other representations and warranties of the Seller contained in this Agreement shall be true and correct as of the Closing Date, except for such failures to be true and correct that would not, individually or in the aggregate, have a Seller Material Adverse Effect. (Page 114)
Choices: "
"12","Answer the following multiple choice question. The last line of your response should be of the following format: 'ANSWER: $LETTER' (without quotes) where LETTER is one of {letters}. Think step by step before answering.

{question}

{choices}

Instruction: Read the segment of a merger agreement and answer the multiple-choice question by choosing the option that best characterizes the agreement.
Question: When are representations and warranties required to be made according to the bring down provision?
Option A: At Closing Only
Option B: At Signing & At Closing

Merger Agreement: Section 10.4 Conditions to Obligations of Acquirer and Merger Sub to Effect the Merger. The obligations of Acquirer and Merger Sub to effect the Merger are subject to the satisfaction or waiver by Acquirer at or prior to the Effective Time of the following conditions: (a) Representations and Warranties. The representations and warranties of the Target contained in this Agreement, ignoring any qualifications as to materiality or ""Target Material Adverse Effect,"" shall be true and correct as of the date hereof and as of the Closing Date as if made on and as of the Closing Date, except for those representations and warranties that are expressly made as of a specific date, which shall be true and correct as of such specific date only. However, any failure of such representations and warranties to be true and correct shall not be considered if it does not have a Target Material Adverse Effect. (Page 120)
Answer:
Choices: ","Fail","Answer the following multiple choice question. The last line of your response should be of the following format: 'ANSWER: $LETTER' (without quotes) where LETTER is one of {letters}. Think step by step before answering.

{question}

{choices}

Instruction: Read the segment of a merger agreement and answer the multiple-choice question by choosing the option that best characterizes the agreement.
Question: When are representations and warranties required to be made according to the bring down provision?
Option A: At Closing Only
Option B: At Signing & At Closing

Merger Agreement: Article 8.1 Conditions to Obligations of Buyer to Effect the Merger. The obligations of Buyer to effect the Merger are subject to the satisfaction or waiver by Buyer at or prior to the Effective Time of the following conditions: (a) the representations and warranties of the Seller contained in this Agreement shall be true and correct as of the date of this Agreement and as of the Closing Date, except for inaccuracies that would not, individually or in the aggregate, have a Seller Material Adverse Effect; provided that any representation and warranty made as of a specific date shall be true and correct as of such date. (Page 112)

Merger Agreement: Section 9.3 Additional Conditions to Obligations of Buyer. The obligations of Buyer to consummate the Merger are further subject to the satisfaction of the following conditions at or prior to the Closing Date: (i) the representations and warranties of the Seller set forth in Sections 4.1 and 4.2 shall be true and correct in all material respects as of the date hereof and as of the Closing Date, except where the failure to be so true and correct would not reasonably be expected to have a Seller Material Adverse Effect; and (ii) all other representations and warranties of the Seller contained in this Agreement shall be true and correct as of the Closing Date, except for such failures to be true and correct that would not, individually or in the aggregate, have a Seller Material Adverse Effect. (Page 114)
Choices: "
"13","Answer the following multiple choice question. The last line of your response should be of the following format: 'ANSWER: $LETTER' (without quotes) where LETTER is one of {letters}. Think step by step before answering.

{question}

{choices}

Instruction: Read the segment of a merger agreement and answer the multiple-choice question by choosing the option that best characterizes the agreement.
Question: When are representations and warranties required to be made according to the bring down provision?
Option A: At Closing Only
Option B: At Signing & At Closing

Merger Agreement: Section 6.4 Conditions to Obligations of Parent and Acquisition Sub to Effect the Merger. The obligations of Parent and Acquisition Sub to effect the Merger are, in addition to the conditions set forth in Section 6.3, further subject to the satisfaction or (to the extent not prohibited by Law) waiver by Parent at or prior to the Effective Time of the following conditions: (a) each of the representations and warranties of the Company contained in this Agreement, without giving effect to any materiality or ""Company Material Adverse Effect"" or similar qualifications therein, shall be true and correct as of the Closing Date, except for such failures to be true and correct as would not, individually or in the aggregate, have a Company Material Adverse Effect (except to the extent such representations and warranties are expressly made as of a specific date, in which case such representations and warranties shall be so true and correct as of such specific date only); (b) the representations and warranties of the Company contained in Section 3.2 and Section 3.6(a) shall be true and correct in all respects as of the date of this Agreement and as of the Closing Date, without regard to any materiality qualifications, except for inaccuracies which are de minimis in amount and effect. (Page 45)

Merger Agreement: ARTICLE 9 CONDITIONS PRECEDENT TO OBLIGATIONS OF ACQUIRER The obligations of Acquirer to consummate the Contemplated Transactions and to take the other actions required to be taken by Acquirer at the Closing are subject to the satisfaction, at or prior to the Closing, of each of the following conditions (any of which may be waived by Acquirer in whole or in part): Section 9.1 Accuracy of Representations and Warranties. For purposes of this Section 9.1, the accuracy of the representations and warranties of the Company set forth in this Agreement shall be assessed as of the date of this Agreement and as of the Closing Date (or such other date(s) as specified, to the extent any representation or warranty speaks as of a specific date). The representations and warranties set forth in Section 3.4 and Section 3.7(b) shall be true and correct (except for inaccuracies which are de minimis in amount and effect). There shall not exist inaccuracies in the representations and warranties of the Company set forth in this Agreement (including the representations set forth in Section 3.4 and Section 3.7(b)) such that the aggregate effect of such inaccuracies has, or is reasonably likely to have, a Material Adverse Effect; provided that, for purposes of this sentence only, those representations and warranties which are qualified by references to ""material"" or ""Material Adverse Effect"" or to the ""Knowledge"" of any Person shall be deemed not to include such qualifications. (Page 52)
Choices: ","Fail","Answer the following multiple choice question. The last line of your response should be of the following format: 'ANSWER: $LETTER' (without quotes) where LETTER is one of {letters}. Think step by step before answering.

{question}

{choices}

Instruction: Read the segment of a merger agreement and answer the multiple-choice question by choosing the option that best characterizes the agreement.
Question: When are representations and warranties required to be made according to the bring down provision?
Option A: At Closing Only
Option B: At Signing & At Closing

Merger Agreement: Article 8.1 Conditions to Obligations of Buyer to Effect the Merger. The obligations of Buyer to effect the Merger are subject to the satisfaction or waiver by Buyer at or prior to the Effective Time of the following conditions: (a) the representations and warranties of the Seller contained in this Agreement shall be true and correct as of the date of this Agreement and as of the Closing Date, except for inaccuracies that would not, individually or in the aggregate, have a Seller Material Adverse Effect; provided that any representation and warranty made as of a specific date shall be true and correct as of such date. (Page 112)

Merger Agreement: Section 9.3 Additional Conditions to Obligations of Buyer. The obligations of Buyer to consummate the Merger are further subject to the satisfaction of the following conditions at or prior to the Closing Date: (i) the representations and warranties of the Seller set forth in Sections 4.1 and 4.2 shall be true and correct in all material respects as of the date hereof and as of the Closing Date, except where the failure to be so true and correct would not reasonably be expected to have a Seller Material Adverse Effect; and (ii) all other representations and warranties of the Seller contained in this Agreement shall be true and correct as of the Closing Date, except for such failures to be true and correct that would not, individually or in the aggregate, have a Seller Material Adverse Effect. (Page 114)
Choices: "
"14","Answer the following multiple choice question. The last line of your response should be of the following format: 'ANSWER: $LETTER' (without quotes) where LETTER is one of {letters}. Think step by step before answering.

{question}

{choices}

Instruction: Read the segment of a merger agreement and answer the multiple-choice question by choosing the option that best characterizes the agreement.
Question: When are representations and warranties required to be made according to the bring down provision?
Option A: At Closing Only
Option B: At Signing & At Closing

Merger Agreement: Section 8.1 Conditions to Obligations of Parent and Subsidiary to Effect the Merger. The obligations of Parent and Subsidiary to effect the Merger are, in addition to the conditions set forth in Section 8.0, further subject to the satisfaction or (to the extent not prohibited by Law) waiver by Parent at or prior to the Effective Time of the following conditions: (a) each of the representations and warranties of the Company contained in this Agreement shall be true and correct as of the date of this Agreement and as of the Closing Date, except for such failures to be true and correct as would not, individually or in the aggregate, have a Material Adverse Effect (except to the extent such representations and warranties are expressly made as of a specific date, in which case such representations and warranties shall be so true and correct as of such specific date only); (Page 72)
Answer:
Choices: ","Fail","Answer the following multiple choice question. The last line of your response should be of the following format: 'ANSWER: $LETTER' (without quotes) where LETTER is one of {letters}. Think step by step before answering.

{question}

{choices}

Instruction: Read the segment of a merger agreement and answer the multiple-choice question by choosing the option that best characterizes the agreement.
Question: When are representations and warranties required to be made according to the bring down provision?
Option A: At Closing Only
Option B: At Signing & At Closing

Merger Agreement: Article 8.1 Conditions to Obligations of Buyer to Effect the Merger. The obligations of Buyer to effect the Merger are subject to the satisfaction or waiver by Buyer at or prior to the Effective Time of the following conditions: (a) the representations and warranties of the Seller contained in this Agreement shall be true and correct as of the date of this Agreement and as of the Closing Date, except for inaccuracies that would not, individually or in the aggregate, have a Seller Material Adverse Effect; provided that any representation and warranty made as of a specific date shall be true and correct as of such date. (Page 112)

Merger Agreement: Section 9.3 Additional Conditions to Obligations of Buyer. The obligations of Buyer to consummate the Merger are further subject to the satisfaction of the following conditions at or prior to the Closing Date: (i) the representations and warranties of the Seller set forth in Sections 4.1 and 4.2 shall be true and correct in all material respects as of the date hereof and as of the Closing Date, except where the failure to be so true and correct would not reasonably be expected to have a Seller Material Adverse Effect; and (ii) all other representations and warranties of the Seller contained in this Agreement shall be true and correct as of the Closing Date, except for such failures to be true and correct that would not, individually or in the aggregate, have a Seller Material Adverse Effect. (Page 114)
Choices: "
"15","Answer the following multiple choice question. The last line of your response should be of the following format: 'ANSWER: $LETTER' (without quotes) where LETTER is one of {letters}. Think step by step before answering.

{question}

{choices}

Instruction: Read the segment of a merger agreement and answer the multiple-choice question by choosing the option that best characterizes the agreement.
Question: When are representations and warranties required to be made according to the bring down provision?
Option A: At Closing Only
Option B: At Signing & At Closing

Merger Agreement: Section 8.4 Conditions to Obligations of Acquirer to Effect the Merger. The obligations of the Acquirer to effect the Merger are, in addition to the conditions set forth in Section 8.3, further subject to the satisfaction or waiver by Acquirer at or prior to the Effective Time of the following conditions: (a) each of the representations and warranties of the Target contained in this Agreement, without giving effect to any materiality or ""Target Material Adverse Effect"" or similar qualifications therein, shall be true and correct as of the Closing Date, except for such failures to be true and correct as would not, individually or in the aggregate, have a Target Material Adverse Effect (except to the extent such representations and warranties are expressly made as of a specific date, in which case such representations and warranties shall be so true and correct as of such specific date only); and (b) the representations and warranties of the Target shall also be true and correct as of the date of this Agreement, except for such failures to be true and correct as would not, individually or in the aggregate, have a Target Material Adverse Effect. (Page 72)
Answer:
Choices: ","Fail","Answer the following multiple choice question. The last line of your response should be of the following format: 'ANSWER: $LETTER' (without quotes) where LETTER is one of {letters}. Think step by step before answering.

{question}

{choices}

Instruction: Read the segment of a merger agreement and answer the multiple-choice question by choosing the option that best characterizes the agreement.
Question: When are representations and warranties required to be made according to the bring down provision?
Option A: At Closing Only
Option B: At Signing & At Closing

Merger Agreement: Article 8.1 Conditions to Obligations of Buyer to Effect the Merger. The obligations of Buyer to effect the Merger are subject to the satisfaction or waiver by Buyer at or prior to the Effective Time of the following conditions: (a) the representations and warranties of the Seller contained in this Agreement shall be true and correct as of the date of this Agreement and as of the Closing Date, except for inaccuracies that would not, individually or in the aggregate, have a Seller Material Adverse Effect; provided that any representation and warranty made as of a specific date shall be true and correct as of such date. (Page 112)

Merger Agreement: Section 9.3 Additional Conditions to Obligations of Buyer. The obligations of Buyer to consummate the Merger are further subject to the satisfaction of the following conditions at or prior to the Closing Date: (i) the representations and warranties of the Seller set forth in Sections 4.1 and 4.2 shall be true and correct in all material respects as of the date hereof and as of the Closing Date, except where the failure to be so true and correct would not reasonably be expected to have a Seller Material Adverse Effect; and (ii) all other representations and warranties of the Seller contained in this Agreement shall be true and correct as of the Closing Date, except for such failures to be true and correct that would not, individually or in the aggregate, have a Seller Material Adverse Effect. (Page 114)
Choices: "
"16","Answer the following multiple choice question. The last line of your response should be of the following format: 'ANSWER: $LETTER' (without quotes) where LETTER is one of {letters}. Think step by step before answering.

{question}

{choices}

Instruction: Read the segment of a merger agreement and answer the multiple-choice question by choosing the option that best characterizes the agreement.
Question: When are representations and warranties required to be made according to the bring down provision?
Option A: At Closing Only
Option B: At Signing & At Closing

Merger Agreement: Section 8.1 Conditions to Obligations of Parent and Subsidiary to Effect the Merger. The obligations of Parent and Subsidiary to effect the Merger are, in addition to the conditions set forth in Section 8.0, further subject to the satisfaction or (to the extent not prohibited by Law) waiver by Parent at or prior to the Effective Time of the following conditions: (a) each of the representations and warranties of the Company contained in this Agreement, without giving effect to any materiality or 'Material Adverse Effect' qualifications therein, shall be true and correct as of the Closing Date, except for such failures to be true and correct as would not, individually or in the aggregate, have a Material Adverse Effect (except to the extent such representations and warranties are expressly made as of a specific date, in which case such representations and warranties shall be so true and correct as of such specific date only); (Page 72)

Merger Agreement: Section 5.2 Additional Conditions to Obligations of Parent and Subsidiary. The obligations of Parent and Subsidiary to effect the Merger are also subject to the satisfaction (or to the extent permitted by applicable Law, waiver by Parent) at or prior to the Closing of each of the following additional conditions: (i) each of the representations and warranties of the Company contained in this Agreement, without regard to materiality or Company Material Adverse Effect qualifiers contained within such representations and warranties, shall be true and correct as of the date hereof and as of the Closing as though made as of the Closing (except to the extent such representations and warranties are expressly made as of a specific date, in which case such representations and warranties shall be true and correct on and as of such specific date), other than failures to be true and correct that, individually or in the aggregate, have not had, and would not reasonably be expected to have, a Company Material Adverse Effect; (Pages 45-46)
Answer:
Choices: ","Fail","Answer the following multiple choice question. The last line of your response should be of the following format: 'ANSWER: $LETTER' (without quotes) where LETTER is one of {letters}. Think step by step before answering.

{question}

{choices}

Instruction: Read the segment of a merger agreement and answer the multiple-choice question by choosing the option that best characterizes the agreement.
Question: When are representations and warranties required to be made according to the bring down provision?
Option A: At Closing Only
Option B: At Signing & At Closing

Merger Agreement: Article 8.1 Conditions to Obligations of Buyer to Effect the Merger. The obligations of Buyer to effect the Merger are subject to the satisfaction or waiver by Buyer at or prior to the Effective Time of the following conditions: (a) the representations and warranties of the Seller contained in this Agreement shall be true and correct as of the date of this Agreement and as of the Closing Date, except for inaccuracies that would not, individually or in the aggregate, have a Seller Material Adverse Effect; provided that any representation and warranty made as of a specific date shall be true and correct as of such date. (Page 112)

Merger Agreement: Section 9.3 Additional Conditions to Obligations of Buyer. The obligations of Buyer to consummate the Merger are further subject to the satisfaction of the following conditions at or prior to the Closing Date: (i) the representations and warranties of the Seller set forth in Sections 4.1 and 4.2 shall be true and correct in all material respects as of the date hereof and as of the Closing Date, except where the failure to be so true and correct would not reasonably be expected to have a Seller Material Adverse Effect; and (ii) all other representations and warranties of the Seller contained in this Agreement shall be true and correct as of the Closing Date, except for such failures to be true and correct that would not, individually or in the aggregate, have a Seller Material Adverse Effect. (Page 114)
Choices: "
"17","Answer the following multiple choice question. The last line of your response should be of the following format: 'ANSWER: $LETTER' (without quotes) where LETTER is one of {letters}. Think step by step before answering.

{question}

{choices}

Instruction: Read the segment of a merger agreement and answer the multiple-choice question by choosing the option that best characterizes the agreement.
Question: When are representations and warranties required to be made according to the bring down provision?
Option A: At Closing Only
Option B: At Signing & At Closing

Merger Agreement: Section 8.1 Conditions to Obligations of the Acquirer to Effect the Merger. The obligations of the Acquirer to effect the Merger are subject to the satisfaction or waiver by the Acquirer at or prior to the Effective Time of the following conditions: (a) the representations and warranties of the Seller set forth in Sections 3.1, 3.5, and 3.9 shall be true and correct in all respects as of the date hereof and as of the Closing Date as though made on and as of such date, except for such representations and warranties that are expressly made as of a specific date, in which case they shall be true and correct as of such specific date only; (b) other representations and warranties of the Seller set forth in this Agreement shall be true and correct in all material respects as of the Closing Date, without regard to any materiality qualifications contained therein. (Page 85)
Answer:
Choices: ","Fail","Answer the following multiple choice question. The last line of your response should be of the following format: 'ANSWER: $LETTER' (without quotes) where LETTER is one of {letters}. Think step by step before answering.

{question}

{choices}

Instruction: Read the segment of a merger agreement and answer the multiple-choice question by choosing the option that best characterizes the agreement.
Question: When are representations and warranties required to be made according to the bring down provision?
Option A: At Closing Only
Option B: At Signing & At Closing

Merger Agreement: Article 8.1 Conditions to Obligations of Buyer to Effect the Merger. The obligations of Buyer to effect the Merger are subject to the satisfaction or waiver by Buyer at or prior to the Effective Time of the following conditions: (a) the representations and warranties of the Seller contained in this Agreement shall be true and correct as of the date of this Agreement and as of the Closing Date, except for inaccuracies that would not, individually or in the aggregate, have a Seller Material Adverse Effect; provided that any representation and warranty made as of a specific date shall be true and correct as of such date. (Page 112)

Merger Agreement: Section 9.3 Additional Conditions to Obligations of Buyer. The obligations of Buyer to consummate the Merger are further subject to the satisfaction of the following conditions at or prior to the Closing Date: (i) the representations and warranties of the Seller set forth in Sections 4.1 and 4.2 shall be true and correct in all material respects as of the date hereof and as of the Closing Date, except where the failure to be so true and correct would not reasonably be expected to have a Seller Material Adverse Effect; and (ii) all other representations and warranties of the Seller contained in this Agreement shall be true and correct as of the Closing Date, except for such failures to be true and correct that would not, individually or in the aggregate, have a Seller Material Adverse Effect. (Page 114)
Choices: "
"18","Answer the following multiple choice question. The last line of your response should be of the following format: 'ANSWER: $LETTER' (without quotes) where LETTER is one of {letters}. Think step by step before answering.

{question}

{choices}

Instruction: Read the segment of a merger agreement and answer the multiple-choice question by choosing the option that best characterizes the agreement.
Question: When are representations and warranties required to be made according to the bring down provision?
Option A: At Closing Only
Option B: At Signing & At Closing

Merger Agreement: Section 8.3 Conditions to Obligations of Parent and Subsidiary to Effect the Merger. The obligations of Parent and Subsidiary to effect the Merger are, in addition to the conditions set forth in Section 8.1, further subject to the satisfaction or (to the extent not prohibited by Law) waiver by Parent at or prior to the Effective Time of the following conditions: (a) the representations and warranties of the Company contained in this Agreement, without giving effect to any materiality or ""Material Adverse Effect"" or similar qualifications therein, shall be true and correct as of the Closing Date, except for such inaccuracies that would not, individually or in the aggregate, have a Material Adverse Effect (except to the extent such representations and warranties are expressly made as of a specific date, in which case such representations and warranties shall be so true and correct as of such specific date only); (Page 72)

Merger Agreement: Section 10.5 Conditions Precedent to the Offer. (i) the representations and warranties of the Company set forth in this Agreement (other than those specified in clauses (ii) and (iii) of this Section 10.5) shall be true and correct at and as of the date of this Agreement and at and as of the Closing as if made at and as of the Closing (Page 123)
Answer:
Choices: ","Fail","Answer the following multiple choice question. The last line of your response should be of the following format: 'ANSWER: $LETTER' (without quotes) where LETTER is one of {letters}. Think step by step before answering.

{question}

{choices}

Instruction: Read the segment of a merger agreement and answer the multiple-choice question by choosing the option that best characterizes the agreement.
Question: When are representations and warranties required to be made according to the bring down provision?
Option A: At Closing Only
Option B: At Signing & At Closing

Merger Agreement: Article 8.1 Conditions to Obligations of Buyer to Effect the Merger. The obligations of Buyer to effect the Merger are subject to the satisfaction or waiver by Buyer at or prior to the Effective Time of the following conditions: (a) the representations and warranties of the Seller contained in this Agreement shall be true and correct as of the date of this Agreement and as of the Closing Date, except for inaccuracies that would not, individually or in the aggregate, have a Seller Material Adverse Effect; provided that any representation and warranty made as of a specific date shall be true and correct as of such date. (Page 112)

Merger Agreement: Section 9.3 Additional Conditions to Obligations of Buyer. The obligations of Buyer to consummate the Merger are further subject to the satisfaction of the following conditions at or prior to the Closing Date: (i) the representations and warranties of the Seller set forth in Sections 4.1 and 4.2 shall be true and correct in all material respects as of the date hereof and as of the Closing Date, except where the failure to be so true and correct would not reasonably be expected to have a Seller Material Adverse Effect; and (ii) all other representations and warranties of the Seller contained in this Agreement shall be true and correct as of the Closing Date, except for such failures to be true and correct that would not, individually or in the aggregate, have a Seller Material Adverse Effect. (Page 114)
Choices: "
"19","Answer the following multiple choice question. The last line of your response should be of the following format: 'ANSWER: $LETTER' (without quotes) where LETTER is one of {letters}. Think step by step before answering.

{question}

{choices}

Instruction: Read the segment of a merger agreement and answer the multiple-choice question by choosing the option that best characterizes the agreement.
Question: When are representations and warranties required to be made according to the bring down provision?
Option A: At Closing Only
Option B: At Signing & At Closing

Merger Agreement: Section 8.1 Conditions to Obligations of Buyer and Merger Sub to Effect the Merger. The obligations of Buyer and Merger Sub to effect the Merger are, in addition to the conditions set forth in Section 8.2, further subject to the satisfaction or (to the extent not prohibited by Law) waiver by Buyer at or prior to the Effective Time of the following conditions: (a) each of the representations and warranties of the Seller contained in this Agreement shall be true and correct as of the date of this Agreement and as of the Closing Date, except for such failures to be true and correct as would not, individually or in the aggregate, have a Material Adverse Effect (except to the extent such representations and warranties are expressly made as of a specific date, in which case such representations and warranties shall be so true and correct as of such specific date only); (Page 45)

Merger Agreement: Article IX Conditions to Obligations of the Seller. <omitted> The representations and warranties of the Buyer set forth in this Agreement shall be true and correct in all respects as of the Effective Time, except where the failure to be so true and correct would not reasonably be expected to have a Material Adverse Effect, both at the date hereof and as of the Closing Date. (Page 78)
Answer:
Choices: ","Fail","Answer the following multiple choice question. The last line of your response should be of the following format: 'ANSWER: $LETTER' (without quotes) where LETTER is one of {letters}. Think step by step before answering.

{question}

{choices}

Instruction: Read the segment of a merger agreement and answer the multiple-choice question by choosing the option that best characterizes the agreement.
Question: When are representations and warranties required to be made according to the bring down provision?
Option A: At Closing Only
Option B: At Signing & At Closing

Merger Agreement: Article 8.1 Conditions to Obligations of Buyer to Effect the Merger. The obligations of Buyer to effect the Merger are subject to the satisfaction or waiver by Buyer at or prior to the Effective Time of the following conditions: (a) the representations and warranties of the Seller contained in this Agreement shall be true and correct as of the date of this Agreement and as of the Closing Date, except for inaccuracies that would not, individually or in the aggregate, have a Seller Material Adverse Effect; provided that any representation and warranty made as of a specific date shall be true and correct as of such date. (Page 112)

Merger Agreement: Section 9.3 Additional Conditions to Obligations of Buyer. The obligations of Buyer to consummate the Merger are further subject to the satisfaction of the following conditions at or prior to the Closing Date: (i) the representations and warranties of the Seller set forth in Sections 4.1 and 4.2 shall be true and correct in all material respects as of the date hereof and as of the Closing Date, except where the failure to be so true and correct would not reasonably be expected to have a Seller Material Adverse Effect; and (ii) all other representations and warranties of the Seller contained in this Agreement shall be true and correct as of the Closing Date, except for such failures to be true and correct that would not, individually or in the aggregate, have a Seller Material Adverse Effect. (Page 114)
Choices: "
"20","Answer the following multiple choice question. The last line of your response should be of the following format: 'ANSWER: $LETTER' (without quotes) where LETTER is one of {letters}. Think step by step before answering.

{question}

{choices}

Instruction: Read the segment of a merger agreement and answer the multiple-choice question by choosing the option that best characterizes the agreement.
Question: When are representations and warranties required to be made according to the bring down provision?
Option A: At Closing Only
Option B: At Signing & At Closing

Merger Agreement: Section 8.4 Conditions to Obligations of Acquirer to Effect the Merger. The obligations of the Acquirer to effect the Merger are further subject to the satisfaction or waiver by the Acquirer at or prior to the Effective Time of the following conditions: (a) each of the representations and warranties of the Target contained in this Agreement shall be true and correct as of the date hereof and as of the Closing Date, except for such inaccuracies that would not have a Target Material Adverse Effect; provided, however, that representations and warranties made as of a specific date need only be true and correct as of such date. Additionally, the Acquirer must receive a certificate signed by the Chief Executive Officer of the Target confirming the accuracy of these representations as of the Closing Date. (Page 78)
Answer:
Choices: ","Fail","Answer the following multiple choice question. The last line of your response should be of the following format: 'ANSWER: $LETTER' (without quotes) where LETTER is one of {letters}. Think step by step before answering.

{question}

{choices}

Instruction: Read the segment of a merger agreement and answer the multiple-choice question by choosing the option that best characterizes the agreement.
Question: When are representations and warranties required to be made according to the bring down provision?
Option A: At Closing Only
Option B: At Signing & At Closing

Merger Agreement: Article 8.1 Conditions to Obligations of Buyer to Effect the Merger. The obligations of Buyer to effect the Merger are subject to the satisfaction or waiver by Buyer at or prior to the Effective Time of the following conditions: (a) the representations and warranties of the Seller contained in this Agreement shall be true and correct as of the date of this Agreement and as of the Closing Date, except for inaccuracies that would not, individually or in the aggregate, have a Seller Material Adverse Effect; provided that any representation and warranty made as of a specific date shall be true and correct as of such date. (Page 112)

Merger Agreement: Section 9.3 Additional Conditions to Obligations of Buyer. The obligations of Buyer to consummate the Merger are further subject to the satisfaction of the following conditions at or prior to the Closing Date: (i) the representations and warranties of the Seller set forth in Sections 4.1 and 4.2 shall be true and correct in all material respects as of the date hereof and as of the Closing Date, except where the failure to be so true and correct would not reasonably be expected to have a Seller Material Adverse Effect; and (ii) all other representations and warranties of the Seller contained in this Agreement shall be true and correct as of the Closing Date, except for such failures to be true and correct that would not, individually or in the aggregate, have a Seller Material Adverse Effect. (Page 114)
Choices: "
"21","Answer the following multiple choice question. The last line of your response should be of the following format: 'ANSWER: $LETTER' (without quotes) where LETTER is one of {letters}. Think step by step before answering.

{question}

{choices}

Instruction: Read the segment of a merger agreement and answer the multiple-choice question by choosing the option that best characterizes the agreement.
Question: When are representations and warranties required to be made according to the bring down provision?
Option A: At Closing Only
Option B: At Signing & At Closing

Merger Agreement: Section 8.3 Conditions to Obligations of the Acquirer to Effect the Merger. The obligations of the Acquirer to effect the Merger are, in addition to the conditions set forth in Section 8.2, further subject to the satisfaction or waiver by the Acquirer at or prior to the Effective Time of the following conditions: (a) each of the representations and warranties of the Target contained in this Agreement, without giving effect to any materiality or 'Target Material Adverse Effect' qualifications therein, shall be true and correct as of the Closing Date, except for such failures to be true and correct as would not, individually or in the aggregate, have a Target Material Adverse Effect (except to the extent such representations and warranties are expressly made as of a specific date, in which case such representations and warranties shall be so true and correct as of such specific date only); (b) the representations and warranties of the Target contained in Section 3.1 (Organization and Qualification), Section 3.2 (Capitalization), and Section 3.3 (Authority) shall be true and correct in all respects as of the date of this Agreement and as of the Closing Date as though made on and as of the Closing Date. (Page 72)
Answer:
Choices: ","Fail","Answer the following multiple choice question. The last line of your response should be of the following format: 'ANSWER: $LETTER' (without quotes) where LETTER is one of {letters}. Think step by step before answering.

{question}

{choices}

Instruction: Read the segment of a merger agreement and answer the multiple-choice question by choosing the option that best characterizes the agreement.
Question: When are representations and warranties required to be made according to the bring down provision?
Option A: At Closing Only
Option B: At Signing & At Closing

Merger Agreement: Article 8.1 Conditions to Obligations of Buyer to Effect the Merger. The obligations of Buyer to effect the Merger are subject to the satisfaction or waiver by Buyer at or prior to the Effective Time of the following conditions: (a) the representations and warranties of the Seller contained in this Agreement shall be true and correct as of the date of this Agreement and as of the Closing Date, except for inaccuracies that would not, individually or in the aggregate, have a Seller Material Adverse Effect; provided that any representation and warranty made as of a specific date shall be true and correct as of such date. (Page 112)

Merger Agreement: Section 9.3 Additional Conditions to Obligations of Buyer. The obligations of Buyer to consummate the Merger are further subject to the satisfaction of the following conditions at or prior to the Closing Date: (i) the representations and warranties of the Seller set forth in Sections 4.1 and 4.2 shall be true and correct in all material respects as of the date hereof and as of the Closing Date, except where the failure to be so true and correct would not reasonably be expected to have a Seller Material Adverse Effect; and (ii) all other representations and warranties of the Seller contained in this Agreement shall be true and correct as of the Closing Date, except for such failures to be true and correct that would not, individually or in the aggregate, have a Seller Material Adverse Effect. (Page 114)
Choices: "
"22","Answer the following multiple choice question. The last line of your response should be of the following format: 'ANSWER: $LETTER' (without quotes) where LETTER is one of {letters}. Think step by step before answering.

{question}

{choices}

Instruction: Read the segment of a merger agreement and answer the multiple-choice question by choosing the option that best characterizes the agreement.
Question: When are representations and warranties required to be made according to the bring down provision?
Option A: At Closing Only
Option B: At Signing & At Closing

Merger Agreement: Section 8.3 Conditions to Obligations of Buyer to Effect the Merger. The obligations of Buyer to effect the Merger are, in addition to the conditions set forth in Section 8.1, further subject to the satisfaction or waiver by Buyer at or prior to the Effective Time of the following conditions: (a) each of the representations and warranties of the Seller contained in this Agreement, without giving effect to any materiality or ""Seller Material Adverse Effect"" or similar qualifications therein, shall be true and correct as of the Closing Date, except for such failures to be true and correct as would not, individually or in the aggregate, have a Seller Material Adverse Effect (except to the extent such representations and warranties are expressly made as of a specific date, in which case such representations and warranties shall be so true and correct as of such specific date only); (b) the representations and warranties of the Seller set forth in Sections 2.3(a) and 2.5(b) shall be true and correct in all material respects as of the date of this Agreement and as of the Closing Date as though made on and as of the Closing Date; (c) all other representations and warranties of the Seller set forth in this Agreement (read without giving effect to any qualification as to materiality or Material Adverse Effect set forth in such representations or warranties) shall be true and correct in all respects as of the date of this Agreement and as of the Closing Date as though made on and as of the Closing Date; provided, however, that for purposes of this sentence, such representations and warranties shall be deemed to be true and correct unless the failure of such representations and warranties to be so true and correct, either individually or in the aggregate, has had or would reasonably be expected to have a Material Adverse Effect on the Seller. (Page 89)
Answer:
Choices: ","Fail","Answer the following multiple choice question. The last line of your response should be of the following format: 'ANSWER: $LETTER' (without quotes) where LETTER is one of {letters}. Think step by step before answering.

{question}

{choices}

Instruction: Read the segment of a merger agreement and answer the multiple-choice question by choosing the option that best characterizes the agreement.
Question: When are representations and warranties required to be made according to the bring down provision?
Option A: At Closing Only
Option B: At Signing & At Closing

Merger Agreement: Article 8.1 Conditions to Obligations of Buyer to Effect the Merger. The obligations of Buyer to effect the Merger are subject to the satisfaction or waiver by Buyer at or prior to the Effective Time of the following conditions: (a) the representations and warranties of the Seller contained in this Agreement shall be true and correct as of the date of this Agreement and as of the Closing Date, except for inaccuracies that would not, individually or in the aggregate, have a Seller Material Adverse Effect; provided that any representation and warranty made as of a specific date shall be true and correct as of such date. (Page 112)

Merger Agreement: Section 9.3 Additional Conditions to Obligations of Buyer. The obligations of Buyer to consummate the Merger are further subject to the satisfaction of the following conditions at or prior to the Closing Date: (i) the representations and warranties of the Seller set forth in Sections 4.1 and 4.2 shall be true and correct in all material respects as of the date hereof and as of the Closing Date, except where the failure to be so true and correct would not reasonably be expected to have a Seller Material Adverse Effect; and (ii) all other representations and warranties of the Seller contained in this Agreement shall be true and correct as of the Closing Date, except for such failures to be true and correct that would not, individually or in the aggregate, have a Seller Material Adverse Effect. (Page 114)
Choices: "
"23","Answer the following multiple choice question. The last line of your response should be of the following format: 'ANSWER: $LETTER' (without quotes) where LETTER is one of {letters}. Think step by step before answering.

{question}

{choices}

Instruction: Read the segment of a merger agreement and answer the multiple-choice question by choosing the option that best characterizes the agreement.
Question: When are representations and warranties required to be made according to the bring down provision?
Option A: At Closing Only
Option B: At Signing & At Closing

Merger Agreement: Section 9.3 Conditions to Obligations of Buyer and Seller to Effect the Transaction. The obligations of Buyer and Seller to effect the Transaction are, in addition to the conditions set forth in Section 8.1, further subject to the satisfaction or (to the extent not prohibited by Law) waiver by Buyer and Seller at or prior to the Effective Time of the following conditions: (a) each of the representations and warranties of the Parties contained in this Agreement, without giving effect to any materiality or 'Material Adverse Effect' or similar qualifications therein, shall be true and correct as of the Closing Date, except for such failures to be true and correct as would not, individually or in the aggregate, have a Material Adverse Effect (except to the extent such representations and warranties are expressly made as of a specific date, in which case such representations and warranties shall be so true and correct as of such specific date only); (Page 89)

Merger Agreement: Section 9.4 Conditions to Obligations of Buyer. The obligations of Buyer to effect the Transaction are further subject to the satisfaction, or waiver by Buyer, at or prior to the Effective Time of the following conditions: (b) Representations and Warranties. The representations and warranties of the Seller set forth in this Agreement shall be true and correct in all respects as of the date of this Agreement and as of the Closing Date as though made on and as of the Closing Date, except where the failure to be so true and correct would not, individually or in the aggregate, have a Material Adverse Effect on the Seller; (Page 91)
Answer:
Choices: ","Fail","Answer the following multiple choice question. The last line of your response should be of the following format: 'ANSWER: $LETTER' (without quotes) where LETTER is one of {letters}. Think step by step before answering.

{question}

{choices}

Instruction: Read the segment of a merger agreement and answer the multiple-choice question by choosing the option that best characterizes the agreement.
Question: When are representations and warranties required to be made according to the bring down provision?
Option A: At Closing Only
Option B: At Signing & At Closing

Merger Agreement: Article 8.1 Conditions to Obligations of Buyer to Effect the Merger. The obligations of Buyer to effect the Merger are subject to the satisfaction or waiver by Buyer at or prior to the Effective Time of the following conditions: (a) the representations and warranties of the Seller contained in this Agreement shall be true and correct as of the date of this Agreement and as of the Closing Date, except for inaccuracies that would not, individually or in the aggregate, have a Seller Material Adverse Effect; provided that any representation and warranty made as of a specific date shall be true and correct as of such date. (Page 112)

Merger Agreement: Section 9.3 Additional Conditions to Obligations of Buyer. The obligations of Buyer to consummate the Merger are further subject to the satisfaction of the following conditions at or prior to the Closing Date: (i) the representations and warranties of the Seller set forth in Sections 4.1 and 4.2 shall be true and correct in all material respects as of the date hereof and as of the Closing Date, except where the failure to be so true and correct would not reasonably be expected to have a Seller Material Adverse Effect; and (ii) all other representations and warranties of the Seller contained in this Agreement shall be true and correct as of the Closing Date, except for such failures to be true and correct that would not, individually or in the aggregate, have a Seller Material Adverse Effect. (Page 114)
Choices: "
"24","Answer the following multiple choice question. The last line of your response should be of the following format: 'ANSWER: $LETTER' (without quotes) where LETTER is one of {letters}. Think step by step before answering.

{question}

{choices}

Instruction: Read the segment of a merger agreement and answer the multiple-choice question by choosing the option that best characterizes the agreement.
Question: When are representations and warranties required to be made according to the bring down provision?
Option A: At Closing Only
Option B: At Signing & At Closing

Merger Agreement: Section 8.3 Conditions to Obligations of Parent and Subsidiary to Effect the Merger. The obligations of Parent and Subsidiary to effect the Merger are, in addition to the conditions set forth in Section 8.1, further subject to the satisfaction or waiver by Parent at or prior to the Effective Time of the following conditions: (a) each of the representations and warranties of the Company contained in this Agreement, without giving effect to any materiality or 'Company Material Adverse Effect' or similar qualifications therein, shall be true and correct as of the Closing Date, except for such failures to be true and correct as would not, individually or in the aggregate, have a Company Material Adverse Effect, except to the extent such representations and warranties are expressly made as of a specific date, in which case such representations and warranties shall be so true and correct as of such specific date only; (Page 78)

Merger Agreement: Section 4.5 Representations and Warranties of the Company. The Company hereby represents and warrants to Parent and Subsidiary that, except as set forth in the disclosure schedules, the representations and warranties of the Company contained in this Agreement shall be true and correct as of the date of this Agreement and as of the Effective Time as though made on and as of such time, except for representations and warranties that are made as of a specific date, which shall be true and correct as of such date. (Page 45)
Answer:
Choices: ","Fail","Answer the following multiple choice question. The last line of your response should be of the following format: 'ANSWER: $LETTER' (without quotes) where LETTER is one of {letters}. Think step by step before answering.

{question}

{choices}

Instruction: Read the segment of a merger agreement and answer the multiple-choice question by choosing the option that best characterizes the agreement.
Question: When are representations and warranties required to be made according to the bring down provision?
Option A: At Closing Only
Option B: At Signing & At Closing

Merger Agreement: Article 8.1 Conditions to Obligations of Buyer to Effect the Merger. The obligations of Buyer to effect the Merger are subject to the satisfaction or waiver by Buyer at or prior to the Effective Time of the following conditions: (a) the representations and warranties of the Seller contained in this Agreement shall be true and correct as of the date of this Agreement and as of the Closing Date, except for inaccuracies that would not, individually or in the aggregate, have a Seller Material Adverse Effect; provided that any representation and warranty made as of a specific date shall be true and correct as of such date. (Page 112)

Merger Agreement: Section 9.3 Additional Conditions to Obligations of Buyer. The obligations of Buyer to consummate the Merger are further subject to the satisfaction of the following conditions at or prior to the Closing Date: (i) the representations and warranties of the Seller set forth in Sections 4.1 and 4.2 shall be true and correct in all material respects as of the date hereof and as of the Closing Date, except where the failure to be so true and correct would not reasonably be expected to have a Seller Material Adverse Effect; and (ii) all other representations and warranties of the Seller contained in this Agreement shall be true and correct as of the Closing Date, except for such failures to be true and correct that would not, individually or in the aggregate, have a Seller Material Adverse Effect. (Page 114)
Choices: "
"25","Answer the following multiple choice question. The last line of your response should be of the following format: 'ANSWER: $LETTER' (without quotes) where LETTER is one of {letters}. Think step by step before answering.

{question}

{choices}

Instruction: Read the segment of a merger agreement and answer the multiple-choice question by choosing the option that best characterizes the agreement.
Question: When are representations and warranties required to be made according to the bring down provision?
Option A: At Closing Only
Option B: At Signing & At Closing

Merger Agreement: Section 8.3 Conditions to Obligations of the Parties to Effect the Merger. The obligations of the Parties to effect the Merger are subject to the satisfaction or waiver at or prior to the Closing Date of the following conditions: (a) each of the representations and warranties of the Company contained in this Agreement, without giving effect to any materiality or ""Material Adverse Effect"" qualifications therein, shall be true and correct as of the date of this Agreement and as of the Closing Date, except for such failures to be true and correct as would not have a Material Adverse Effect, except to the extent such representations and warranties are expressly made as of a specific date, in which case such representations and warranties shall be true and correct as of such specific date. Additionally, a certificate signed by the CEO and CFO of the Company shall be delivered at Closing confirming the accuracy of such representations and warranties as of the Closing Date (Page 78)
Choices: ","Fail","Answer the following multiple choice question. The last line of your response should be of the following format: 'ANSWER: $LETTER' (without quotes) where LETTER is one of {letters}. Think step by step before answering.

{question}

{choices}

Instruction: Read the segment of a merger agreement and answer the multiple-choice question by choosing the option that best characterizes the agreement.
Question: When are representations and warranties required to be made according to the bring down provision?
Option A: At Closing Only
Option B: At Signing & At Closing

Merger Agreement: Article 8.1 Conditions to Obligations of Buyer to Effect the Merger. The obligations of Buyer to effect the Merger are subject to the satisfaction or waiver by Buyer at or prior to the Effective Time of the following conditions: (a) the representations and warranties of the Seller contained in this Agreement shall be true and correct as of the date of this Agreement and as of the Closing Date, except for inaccuracies that would not, individually or in the aggregate, have a Seller Material Adverse Effect; provided that any representation and warranty made as of a specific date shall be true and correct as of such date. (Page 112)

Merger Agreement: Section 9.3 Additional Conditions to Obligations of Buyer. The obligations of Buyer to consummate the Merger are further subject to the satisfaction of the following conditions at or prior to the Closing Date: (i) the representations and warranties of the Seller set forth in Sections 4.1 and 4.2 shall be true and correct in all material respects as of the date hereof and as of the Closing Date, except where the failure to be so true and correct would not reasonably be expected to have a Seller Material Adverse Effect; and (ii) all other representations and warranties of the Seller contained in this Agreement shall be true and correct as of the Closing Date, except for such failures to be true and correct that would not, individually or in the aggregate, have a Seller Material Adverse Effect. (Page 114)
Choices: "
"26","Answer the following multiple choice question. The last line of your response should be of the following format: 'ANSWER: $LETTER' (without quotes) where LETTER is one of {letters}. Think step by step before answering.

{question}

{choices}

Instruction: Read the segment of a merger agreement and answer the multiple-choice question by choosing the option that best characterizes the agreement.
Question: When are representations and warranties required to be made according to the bring down provision?
Option A: At Closing Only
Option B: At Signing & At Closing

Merger Agreement: Section 9.4 Conditions to Obligations of Parent and Subsidiary to Effect the Merger. The obligations of Parent and Subsidiary to effect the Merger are, in addition to the conditions set forth in Section 9.3, further subject to the satisfaction or (to the extent not prohibited by Law) waiver by Parent at or prior to the Effective Time of the following conditions: (a) each of the representations and warranties of the Company contained in this Agreement, without giving effect to any materiality or “Company Material Adverse Effect” or similar qualifications therein, shall be true and correct as of the Closing Date, except for such failures to be true and correct as would not, individually or in the aggregate, have a Company Material Adverse Effect (except to the extent such representations and warranties are expressly made as of a specific date, in which case such representations and warranties shall be so true and correct as of such specific date only); (Page 78)

Merger Agreement: Section 10.1 Conditions to Obligations of Parent and Subsidiary. The representations and warranties of the Company set forth in Article IV shall be true and correct in all respects as of the date of this Agreement and as of the Closing Date as though made on and as of the Closing Date, except to the extent that such representations and warranties expressly relate to an earlier date (in which case such representations and warranties shall be so true and correct as of such earlier date). (Page 90)
Answer:
Choices: ","Fail","Answer the following multiple choice question. The last line of your response should be of the following format: 'ANSWER: $LETTER' (without quotes) where LETTER is one of {letters}. Think step by step before answering.

{question}

{choices}

Instruction: Read the segment of a merger agreement and answer the multiple-choice question by choosing the option that best characterizes the agreement.
Question: When are representations and warranties required to be made according to the bring down provision?
Option A: At Closing Only
Option B: At Signing & At Closing

Merger Agreement: Article 8.1 Conditions to Obligations of Buyer to Effect the Merger. The obligations of Buyer to effect the Merger are subject to the satisfaction or waiver by Buyer at or prior to the Effective Time of the following conditions: (a) the representations and warranties of the Seller contained in this Agreement shall be true and correct as of the date of this Agreement and as of the Closing Date, except for inaccuracies that would not, individually or in the aggregate, have a Seller Material Adverse Effect; provided that any representation and warranty made as of a specific date shall be true and correct as of such date. (Page 112)

Merger Agreement: Section 9.3 Additional Conditions to Obligations of Buyer. The obligations of Buyer to consummate the Merger are further subject to the satisfaction of the following conditions at or prior to the Closing Date: (i) the representations and warranties of the Seller set forth in Sections 4.1 and 4.2 shall be true and correct in all material respects as of the date hereof and as of the Closing Date, except where the failure to be so true and correct would not reasonably be expected to have a Seller Material Adverse Effect; and (ii) all other representations and warranties of the Seller contained in this Agreement shall be true and correct as of the Closing Date, except for such failures to be true and correct that would not, individually or in the aggregate, have a Seller Material Adverse Effect. (Page 114)
Choices: "
"27","Answer the following multiple choice question. The last line of your response should be of the following format: 'ANSWER: $LETTER' (without quotes) where LETTER is one of {letters}. Think step by step before answering.

{question}

{choices}

Instruction: Read the segment of a merger agreement and answer the multiple-choice question by choosing the option that best characterizes the agreement.
Question: When are representations and warranties required to be made according to the bring down provision?
Option A: At Closing Only
Option B: At Signing & At Closing

Merger Agreement: Section 8.3 Conditions to Obligations of Acquirer to Complete the Acquisition. The obligations of Acquirer to complete the Acquisition are subject to the satisfaction or waiver by Acquirer of the following conditions: (a) each of the representations and warranties of the Target contained in this Agreement shall be true and correct as of the Closing Date, without giving effect to any qualifications by materiality or 'Target Material Adverse Effect' or similar qualifications, except for such inaccuracies that would not, individually or in the aggregate, have a Target Material Adverse Effect. However, representations and warranties made as of a specific date shall be true and correct as of that date only; (b) the covenants and agreements of the Target to be performed or complied with at or prior to the Closing shall have been duly performed or complied with in all material respects; (c) since the date of this Agreement, there shall not have been any event, change, or occurrence that has had or would reasonably be expected to have, individually or in the aggregate, a Target Material Adverse Effect; (d) the Acquirer shall have received a certificate signed by an executive officer of the Target certifying that the conditions set forth in Sections 8.3(a) and 8.3(b) have been satisfied; (e) notwithstanding the foregoing, the representations and warranties of the Target set forth in Sections 3.4, 3.5, and 3.6 shall be true and correct in all respects as of the date hereof and as of the Closing Date, as though made on and as of such date, except where the failure to be true and correct would not have a material adverse effect on the Acquirer's ability to consummate the transactions contemplated by this Agreement. (Page 92)
Answer:
Choices: ","Fail","Answer the following multiple choice question. The last line of your response should be of the following format: 'ANSWER: $LETTER' (without quotes) where LETTER is one of {letters}. Think step by step before answering.

{question}

{choices}

Instruction: Read the segment of a merger agreement and answer the multiple-choice question by choosing the option that best characterizes the agreement.
Question: When are representations and warranties required to be made according to the bring down provision?
Option A: At Closing Only
Option B: At Signing & At Closing

Merger Agreement: Article 8.1 Conditions to Obligations of Buyer to Effect the Merger. The obligations of Buyer to effect the Merger are subject to the satisfaction or waiver by Buyer at or prior to the Effective Time of the following conditions: (a) the representations and warranties of the Seller contained in this Agreement shall be true and correct as of the date of this Agreement and as of the Closing Date, except for inaccuracies that would not, individually or in the aggregate, have a Seller Material Adverse Effect; provided that any representation and warranty made as of a specific date shall be true and correct as of such date. (Page 112)

Merger Agreement: Section 9.3 Additional Conditions to Obligations of Buyer. The obligations of Buyer to consummate the Merger are further subject to the satisfaction of the following conditions at or prior to the Closing Date: (i) the representations and warranties of the Seller set forth in Sections 4.1 and 4.2 shall be true and correct in all material respects as of the date hereof and as of the Closing Date, except where the failure to be so true and correct would not reasonably be expected to have a Seller Material Adverse Effect; and (ii) all other representations and warranties of the Seller contained in this Agreement shall be true and correct as of the Closing Date, except for such failures to be true and correct that would not, individually or in the aggregate, have a Seller Material Adverse Effect. (Page 114)
Choices: "
"28","Answer the following multiple choice question. The last line of your response should be of the following format: 'ANSWER: $LETTER' (without quotes) where LETTER is one of {letters}. Think step by step before answering.

{question}

{choices}

Instruction: Read the segment of a merger agreement and answer the multiple-choice question by choosing the option that best characterizes the agreement.\nQuestion: When are representations and warranties required to be made according to the bring down provision?\nOption A: At Closing Only\nOption B: At Signing & At Closing\n\nMerger Agreement: Section 8.3 Conditions to Obligations of Acquirer and Merger Sub to Effect the Merger. The obligations of Acquirer and Merger Sub to effect the Merger are, in addition to the conditions set forth in Section 8.1, further subject to the satisfaction or (to the extent not prohibited by Law) waiver by Acquirer at or prior to the Effective Time of the following conditions: (a) each of the representations and warranties of the Target contained in this Agreement, without giving effect to any materiality or ""Target Material Adverse Effect"" or similar qualifications therein, shall be true and correct as of the Closing Date, except for such failures to be true and correct as would not, individually or in the aggregate, have a Target Material Adverse Effect (except to the extent such representations and warranties are expressly made as of a specific date, in which case such representations and warranties shall be so true and correct as of such specific date only); (b) the representations and warranties of the Target set forth in Sections 4.1(a) (Organization and Qualification), 4.2 (Capitalization), and 4.3 (Authority) shall be true and correct in all material respects as of the date of this Agreement and as of the Closing Date as though made on and as of the Closing Date, except where the failure to be so true and correct would not have a material adverse effect on the Target. (Page 72)
Choices: ","Fail","Answer the following multiple choice question. The last line of your response should be of the following format: 'ANSWER: $LETTER' (without quotes) where LETTER is one of {letters}. Think step by step before answering.

{question}

{choices}

Instruction: Read the segment of a merger agreement and answer the multiple-choice question by choosing the option that best characterizes the agreement.
Question: When are representations and warranties required to be made according to the bring down provision?
Option A: At Closing Only
Option B: At Signing & At Closing

Merger Agreement: Article 8.1 Conditions to Obligations of Buyer to Effect the Merger. The obligations of Buyer to effect the Merger are subject to the satisfaction or waiver by Buyer at or prior to the Effective Time of the following conditions: (a) the representations and warranties of the Seller contained in this Agreement shall be true and correct as of the date of this Agreement and as of the Closing Date, except for inaccuracies that would not, individually or in the aggregate, have a Seller Material Adverse Effect; provided that any representation and warranty made as of a specific date shall be true and correct as of such date. (Page 112)

Merger Agreement: Section 9.3 Additional Conditions to Obligations of Buyer. The obligations of Buyer to consummate the Merger are further subject to the satisfaction of the following conditions at or prior to the Closing Date: (i) the representations and warranties of the Seller set forth in Sections 4.1 and 4.2 shall be true and correct in all material respects as of the date hereof and as of the Closing Date, except where the failure to be so true and correct would not reasonably be expected to have a Seller Material Adverse Effect; and (ii) all other representations and warranties of the Seller contained in this Agreement shall be true and correct as of the Closing Date, except for such failures to be true and correct that would not, individually or in the aggregate, have a Seller Material Adverse Effect. (Page 114)
Choices: "
"29","Answer the following multiple choice question. The last line of your response should be of the following format: 'ANSWER: $LETTER' (without quotes) where LETTER is one of {letters}. Think step by step before answering.

{question}

{choices}

Instruction: Read the segment of a merger agreement and answer the multiple-choice question by choosing the option that best characterizes the agreement.
Question: When are representations and warranties required to be made according to the bring down provision?
Option A: At Closing Only
Option B: At Signing & At Closing

Merger Agreement: Section 8.3 Conditions to Obligations of Parent and Subsidiary to Effect the Merger. The obligations of Parent and Subsidiary to effect the Merger are subject to the satisfaction or waiver by Parent at or prior to the Effective Time of the following conditions: (a) the representations and warranties of the Company contained in Section 4.1(a) and 4.1(b) shall be true and correct in all respects as of the date of this Agreement and as of the Closing Date, except for de minimis inaccuracies; (b) the representations and warranties of the Company contained in Section 4.2 and Section 4.5 shall be true and correct in all material respects as of the Closing Date only, without giving effect to any materiality qualifications therein; (c) all other representations and warranties of the Company set forth in this Agreement shall be true and correct in all respects as of the Closing Date, except where the failure of such representations and warranties to be so true and correct has not had, and would not reasonably be expected to have, a Material Adverse Effect. (Page 75)
Answer:
Choices: ","Fail","Answer the following multiple choice question. The last line of your response should be of the following format: 'ANSWER: $LETTER' (without quotes) where LETTER is one of {letters}. Think step by step before answering.

{question}

{choices}

Instruction: Read the segment of a merger agreement and answer the multiple-choice question by choosing the option that best characterizes the agreement.
Question: When are representations and warranties required to be made according to the bring down provision?
Option A: At Closing Only
Option B: At Signing & At Closing

Merger Agreement: Article 8.1 Conditions to Obligations of Buyer to Effect the Merger. The obligations of Buyer to effect the Merger are subject to the satisfaction or waiver by Buyer at or prior to the Effective Time of the following conditions: (a) the representations and warranties of the Seller contained in this Agreement shall be true and correct as of the date of this Agreement and as of the Closing Date, except for inaccuracies that would not, individually or in the aggregate, have a Seller Material Adverse Effect; provided that any representation and warranty made as of a specific date shall be true and correct as of such date. (Page 112)

Merger Agreement: Section 9.3 Additional Conditions to Obligations of Buyer. The obligations of Buyer to consummate the Merger are further subject to the satisfaction of the following conditions at or prior to the Closing Date: (i) the representations and warranties of the Seller set forth in Sections 4.1 and 4.2 shall be true and correct in all material respects as of the date hereof and as of the Closing Date, except where the failure to be so true and correct would not reasonably be expected to have a Seller Material Adverse Effect; and (ii) all other representations and warranties of the Seller contained in this Agreement shall be true and correct as of the Closing Date, except for such failures to be true and correct that would not, individually or in the aggregate, have a Seller Material Adverse Effect. (Page 114)
Choices: "
"30","Answer the following multiple choice question. The last line of your response should be of the following format: 'ANSWER: $LETTER' (without quotes) where LETTER is one of {letters}. Think step by step before answering.

{question}

{choices}

Instruction: Read the segment of a merger agreement and answer the multiple-choice question by choosing the option that best characterizes the agreement.\nQuestion: When are representations and warranties required to be made according to the bring down provision?\nOption A: At Closing Only\nOption B: At Signing & At Closing\n\nMerger Agreement: Section 8.3 Conditions to Obligations of Parent and Merger Sub to Effect the Merger. The obligations of Parent and Merger Sub to effect the Merger are subject to the satisfaction or waiver by Parent at or prior to the Effective Time of the following conditions: (a) Representations and Warranties. (i) The representations and warranties of the Company set forth in this Agreement shall be true and correct as of the Signing Date and the Closing Date, except for those representations and warranties which are expressly made as of a specific date, in which case they shall be true and correct as of such specific date only. (ii) Notwithstanding the foregoing, if any representation or warranty of the Company is not true and correct as of the Signing Date, but is true and correct as of the Closing Date, such failure shall be disregarded for purposes of this Section 8.3(a) unless such failure has a Material Adverse Effect. (Page 85)\nAnswer:
Choices: ","Fail","Answer the following multiple choice question. The last line of your response should be of the following format: 'ANSWER: $LETTER' (without quotes) where LETTER is one of {letters}. Think step by step before answering.

{question}

{choices}

Instruction: Read the segment of a merger agreement and answer the multiple-choice question by choosing the option that best characterizes the agreement.
Question: When are representations and warranties required to be made according to the bring down provision?
Option A: At Closing Only
Option B: At Signing & At Closing

Merger Agreement: Article 8.1 Conditions to Obligations of Buyer to Effect the Merger. The obligations of Buyer to effect the Merger are subject to the satisfaction or waiver by Buyer at or prior to the Effective Time of the following conditions: (a) the representations and warranties of the Seller contained in this Agreement shall be true and correct as of the date of this Agreement and as of the Closing Date, except for inaccuracies that would not, individually or in the aggregate, have a Seller Material Adverse Effect; provided that any representation and warranty made as of a specific date shall be true and correct as of such date. (Page 112)

Merger Agreement: Section 9.3 Additional Conditions to Obligations of Buyer. The obligations of Buyer to consummate the Merger are further subject to the satisfaction of the following conditions at or prior to the Closing Date: (i) the representations and warranties of the Seller set forth in Sections 4.1 and 4.2 shall be true and correct in all material respects as of the date hereof and as of the Closing Date, except where the failure to be so true and correct would not reasonably be expected to have a Seller Material Adverse Effect; and (ii) all other representations and warranties of the Seller contained in this Agreement shall be true and correct as of the Closing Date, except for such failures to be true and correct that would not, individually or in the aggregate, have a Seller Material Adverse Effect. (Page 114)
Choices: "
"31","Answer the following multiple choice question. The last line of your response should be of the following format: 'ANSWER: $LETTER' (without quotes) where LETTER is one of {letters}. Think step by step before answering.

{question}

{choices}

Instruction: Read the segment of a merger agreement and answer the multiple-choice question by choosing the option that best characterizes the agreement.
Question: When are representations and warranties required to be made according to the bring down provision?
Option A: At Closing Only
Option B: At Signing & At Closing

Merger Agreement: Section 8.2 Conditions to Obligations of Parent and Subsidiary to Effect the Merger. The obligations of Parent and Subsidiary to effect the Merger are, in addition to the conditions set forth in Section 8.1, further subject to the satisfaction or (to the extent not prohibited by Law) waiver by Parent at or prior to the Effective Time of the following conditions: (a) Representations and Warranties. Each of the representations and warranties of the Company contained in this Agreement, without giving effect to any materiality or 'Company Material Adverse Effect' or similar qualifications therein, shall be true and correct as of the Closing Date, except for such failures to be true and correct as would not, individually or in the aggregate, have a Company Material Adverse Effect (except to the extent such representations and warranties are expressly made as of a specific date, in which case such representations and warranties shall be so true and correct as of such specific date only); (Page 72)

Merger Agreement: Section 7.3 Conditions to Obligations of the Parent Parties. The obligation of the Parent Parties to effect the Merger is further subject to the satisfaction, or waiver by the Parent Parties to the extent permitted by applicable Law, at or prior to the Effective Time of the following conditions: (a) Representations and Warranties. The representations and warranties of the Company set forth in ARTICLE III (other than Section 3.2 (Authorization), Section 3.4(a) (Capitalization), Section 3.6(b) (Absence of Certain Changes), Section 3.19 (Opinion of Financial Advisor), Section 3.20 (Brokers or Finders) and Section 3.21 (State Takeover Statutes)) shall be true and correct in all respects (without giving effect to any materiality or 'Company Material Adverse Effect' qualifications contained therein) both when made and at and as of the Closing Date, as if made at and as of such time (except to the extent expressly made as of an earlier date, in which case as of such earlier date), except where the failure of such representations and warranties to be so true and correct would not reasonably be expected to have or result in, individually or in the aggregate, a Company Material Adverse Effect, (Page 65)
Answer:
Choices: ","Fail","Answer the following multiple choice question. The last line of your response should be of the following format: 'ANSWER: $LETTER' (without quotes) where LETTER is one of {letters}. Think step by step before answering.

{question}

{choices}

Instruction: Read the segment of a merger agreement and answer the multiple-choice question by choosing the option that best characterizes the agreement.
Question: When are representations and warranties required to be made according to the bring down provision?
Option A: At Closing Only
Option B: At Signing & At Closing

Merger Agreement: Article 8.1 Conditions to Obligations of Buyer to Effect the Merger. The obligations of Buyer to effect the Merger are subject to the satisfaction or waiver by Buyer at or prior to the Effective Time of the following conditions: (a) the representations and warranties of the Seller contained in this Agreement shall be true and correct as of the date of this Agreement and as of the Closing Date, except for inaccuracies that would not, individually or in the aggregate, have a Seller Material Adverse Effect; provided that any representation and warranty made as of a specific date shall be true and correct as of such date. (Page 112)

Merger Agreement: Section 9.3 Additional Conditions to Obligations of Buyer. The obligations of Buyer to consummate the Merger are further subject to the satisfaction of the following conditions at or prior to the Closing Date: (i) the representations and warranties of the Seller set forth in Sections 4.1 and 4.2 shall be true and correct in all material respects as of the date hereof and as of the Closing Date, except where the failure to be so true and correct would not reasonably be expected to have a Seller Material Adverse Effect; and (ii) all other representations and warranties of the Seller contained in this Agreement shall be true and correct as of the Closing Date, except for such failures to be true and correct that would not, individually or in the aggregate, have a Seller Material Adverse Effect. (Page 114)
Choices: "
"32","Answer the following multiple choice question. The last line of your response should be of the following format: 'ANSWER: $LETTER' (without quotes) where LETTER is one of {letters}. Think step by step before answering.

{question}

{choices}

Instruction: Read the segment of a merger agreement and answer the multiple-choice question by choosing the option that best characterizes the agreement.
Question: When are representations and warranties required to be made according to the bring down provision?
Option A: At Closing Only
Option B: At Signing & At Closing

Merger Agreement: Section 8.1 Conditions to Obligations of Parent and Merger Sub to Effect the Merger. The obligations of Parent and Merger Sub to effect the Merger are, in addition to the conditions set forth in Section 8.2, further subject to the satisfaction or (to the extent not prohibited by Law) waiver by Parent at or prior to the Effective Time of the following conditions: (a) each of the representations and warranties of the Company contained in this Agreement shall be true and correct as of the Signing Date and as of the Closing Date, except for such failures to be true and correct as would not, individually or in the aggregate, have a Company Material Adverse Effect (except to the extent such representations and warranties are expressly made as of a specific date, in which case such representations and warranties shall be so true and correct as of such specific date only); (b) notwithstanding the foregoing, the representations and warranties set forth in Sections 3.1, 3.2, and 3.5 shall be true and correct only as of the Closing Date, provided that any inaccuracies in such representations and warranties do not, individually or in the aggregate, have a Material Adverse Effect. (Page 72)
Choices: ","Fail","Answer the following multiple choice question. The last line of your response should be of the following format: 'ANSWER: $LETTER' (without quotes) where LETTER is one of {letters}. Think step by step before answering.

{question}

{choices}

Instruction: Read the segment of a merger agreement and answer the multiple-choice question by choosing the option that best characterizes the agreement.
Question: When are representations and warranties required to be made according to the bring down provision?
Option A: At Closing Only
Option B: At Signing & At Closing

Merger Agreement: Article 8.1 Conditions to Obligations of Buyer to Effect the Merger. The obligations of Buyer to effect the Merger are subject to the satisfaction or waiver by Buyer at or prior to the Effective Time of the following conditions: (a) the representations and warranties of the Seller contained in this Agreement shall be true and correct as of the date of this Agreement and as of the Closing Date, except for inaccuracies that would not, individually or in the aggregate, have a Seller Material Adverse Effect; provided that any representation and warranty made as of a specific date shall be true and correct as of such date. (Page 112)

Merger Agreement: Section 9.3 Additional Conditions to Obligations of Buyer. The obligations of Buyer to consummate the Merger are further subject to the satisfaction of the following conditions at or prior to the Closing Date: (i) the representations and warranties of the Seller set forth in Sections 4.1 and 4.2 shall be true and correct in all material respects as of the date hereof and as of the Closing Date, except where the failure to be so true and correct would not reasonably be expected to have a Seller Material Adverse Effect; and (ii) all other representations and warranties of the Seller contained in this Agreement shall be true and correct as of the Closing Date, except for such failures to be true and correct that would not, individually or in the aggregate, have a Seller Material Adverse Effect. (Page 114)
Choices: "
"33","Answer the following multiple choice question. The last line of your response should be of the following format: 'ANSWER: $LETTER' (without quotes) where LETTER is one of {letters}. Think step by step before answering.

{question}

{choices}

Instruction: Read the segment of a merger agreement and answer the multiple-choice question by choosing the option that best characterizes the agreement.
Question: When are representations and warranties required to be made according to the bring down provision?
Option A: At Closing Only
Option B: At Signing & At Closing

Merger Agreement: Section 8.5 Conditions to Obligations of Purchaser to Effect the Merger. The obligations of Purchaser to effect the Merger are subject to the satisfaction or waiver by Purchaser of the following conditions: (a) The representations and warranties of the Company contained in this Agreement shall be true and correct as of the Signing Date and as of the Closing Date, except for representations and warranties that speak as of a specific date or time, which need only be true and correct as of such specified date or time. (Page 92)

Merger Agreement: Section 8.6 Additional Conditions to Obligations of Purchaser. Notwithstanding Section 8.5, the Purchaser also requires that the representations and warranties related to the Company's financial statements shall be true and correct only as of the Closing Date, with no requirement for them to be true as of the Signing Date. (Page 93)
Answer:
Choices: ","Fail","Answer the following multiple choice question. The last line of your response should be of the following format: 'ANSWER: $LETTER' (without quotes) where LETTER is one of {letters}. Think step by step before answering.

{question}

{choices}

Instruction: Read the segment of a merger agreement and answer the multiple-choice question by choosing the option that best characterizes the agreement.
Question: When are representations and warranties required to be made according to the bring down provision?
Option A: At Closing Only
Option B: At Signing & At Closing

Merger Agreement: Article 8.1 Conditions to Obligations of Buyer to Effect the Merger. The obligations of Buyer to effect the Merger are subject to the satisfaction or waiver by Buyer at or prior to the Effective Time of the following conditions: (a) the representations and warranties of the Seller contained in this Agreement shall be true and correct as of the date of this Agreement and as of the Closing Date, except for inaccuracies that would not, individually or in the aggregate, have a Seller Material Adverse Effect; provided that any representation and warranty made as of a specific date shall be true and correct as of such date. (Page 112)

Merger Agreement: Section 9.3 Additional Conditions to Obligations of Buyer. The obligations of Buyer to consummate the Merger are further subject to the satisfaction of the following conditions at or prior to the Closing Date: (i) the representations and warranties of the Seller set forth in Sections 4.1 and 4.2 shall be true and correct in all material respects as of the date hereof and as of the Closing Date, except where the failure to be so true and correct would not reasonably be expected to have a Seller Material Adverse Effect; and (ii) all other representations and warranties of the Seller contained in this Agreement shall be true and correct as of the Closing Date, except for such failures to be true and correct that would not, individually or in the aggregate, have a Seller Material Adverse Effect. (Page 114)
Choices: "
"34","Answer the following multiple choice question. The last line of your response should be of the following format: 'ANSWER: $LETTER' (without quotes) where LETTER is one of {letters}. Think step by step before answering.

{question}

{choices}

Instruction: Read the segment of a merger agreement and answer the multiple-choice question by choosing the option that best characterizes the agreement.
Question: When are representations and warranties required to be made according to the bring down provision?
Option A: At Closing Only
Option B: At Signing & At Closing

Merger Agreement: Section 9.3 Conditions to Obligations of Buyer and Merger Sub to Effect the Merger. The obligations of Buyer and Merger Sub to effect the Merger are, in addition to the conditions set forth in Section 9.1, further subject to the satisfaction or (to the extent not prohibited by Law) waiver by Buyer at or prior to the Effective Time of the following conditions: (a) each of the representations and warranties of the Seller contained in this Agreement shall be true and correct as of the date of this Agreement and as of the Closing Date, except where the failure to be true and correct would not have a Material Adverse Effect, except for those representations and warranties that address matters only as of a particular date (which shall remain true and correct as of such date), and except for representations and warranties contained in Sections 4.1, 4.2, and 4.3, which shall be true and correct as of the date of this Agreement only. (Page 45)
Choices: ","Fail","Answer the following multiple choice question. The last line of your response should be of the following format: 'ANSWER: $LETTER' (without quotes) where LETTER is one of {letters}. Think step by step before answering.

{question}

{choices}

Instruction: Read the segment of a merger agreement and answer the multiple-choice question by choosing the option that best characterizes the agreement.
Question: When are representations and warranties required to be made according to the bring down provision?
Option A: At Closing Only
Option B: At Signing & At Closing

Merger Agreement: Article 8.1 Conditions to Obligations of Buyer to Effect the Merger. The obligations of Buyer to effect the Merger are subject to the satisfaction or waiver by Buyer at or prior to the Effective Time of the following conditions: (a) the representations and warranties of the Seller contained in this Agreement shall be true and correct as of the date of this Agreement and as of the Closing Date, except for inaccuracies that would not, individually or in the aggregate, have a Seller Material Adverse Effect; provided that any representation and warranty made as of a specific date shall be true and correct as of such date. (Page 112)

Merger Agreement: Section 9.3 Additional Conditions to Obligations of Buyer. The obligations of Buyer to consummate the Merger are further subject to the satisfaction of the following conditions at or prior to the Closing Date: (i) the representations and warranties of the Seller set forth in Sections 4.1 and 4.2 shall be true and correct in all material respects as of the date hereof and as of the Closing Date, except where the failure to be so true and correct would not reasonably be expected to have a Seller Material Adverse Effect; and (ii) all other representations and warranties of the Seller contained in this Agreement shall be true and correct as of the Closing Date, except for such failures to be true and correct that would not, individually or in the aggregate, have a Seller Material Adverse Effect. (Page 114)
Choices: "
"35","Answer the following multiple choice question. The last line of your response should be of the following format: 'ANSWER: $LETTER' (without quotes) where LETTER is one of {letters}. Think step by step before answering.

{question}

{choices}

Instruction: Read the segment of a merger agreement and answer the multiple-choice question by choosing the option that best characterizes the agreement.
Question: When are representations and warranties required to be made according to the bring down provision?
Option A: At Closing Only
Option B: At Signing & At Closing

Merger Agreement: Section 8.3 Conditions to Obligations of Buyer to Effect the Merger. The obligations of Buyer to effect the Merger are, in addition to the conditions set forth in Section 8.2, further subject to the satisfaction or (to the extent not prohibited by Law) waiver by Buyer at or prior to the Effective Time of the following conditions: (a) each of the representations and warranties of the Seller contained in this Agreement, without giving effect to any materiality or ""Seller Material Adverse Effect"" or similar qualifications therein, shall be true and correct as of the Closing Date, except for such failures to be true and correct as would not, individually or in the aggregate, have a Seller Material Adverse Effect (except to the extent such representations and warranties are expressly made as of a specific date, in which case such representations and warranties shall be so true and correct as of such specific date only); (Page 75)

Merger Agreement: Section 8.3 Conditions to Obligations of Seller to Effect the Merger. The obligations of Seller to effect the Merger are, in addition to the conditions set forth in Section 8.2, further subject to the satisfaction or (to the extent not prohibited by Law) waiver by Seller at or prior to the Effective Time of the following conditions: (b) each of the representations and warranties of the Buyer set forth in Article V shall be true and correct both when made and at and as of the Closing Date, as if made at and as of such date (except to the extent expressly made as of an earlier date, in which case, as of such date), except, in the case of this clause (b), where the failure of such representations and warranties to be so true and correct (without giving effect to any limitation as to ""materiality"" or ""Buyer Material Adverse Effect"" set forth therein) has not had, and would not reasonably be expected to have, individually or in the aggregate, a Buyer Material Adverse Effect. (Page 76)
Answer:
Choices: ","Fail","Answer the following multiple choice question. The last line of your response should be of the following format: 'ANSWER: $LETTER' (without quotes) where LETTER is one of {letters}. Think step by step before answering.

{question}

{choices}

Instruction: Read the segment of a merger agreement and answer the multiple-choice question by choosing the option that best characterizes the agreement.
Question: When are representations and warranties required to be made according to the bring down provision?
Option A: At Closing Only
Option B: At Signing & At Closing

Merger Agreement: Article 8.1 Conditions to Obligations of Buyer to Effect the Merger. The obligations of Buyer to effect the Merger are subject to the satisfaction or waiver by Buyer at or prior to the Effective Time of the following conditions: (a) the representations and warranties of the Seller contained in this Agreement shall be true and correct as of the date of this Agreement and as of the Closing Date, except for inaccuracies that would not, individually or in the aggregate, have a Seller Material Adverse Effect; provided that any representation and warranty made as of a specific date shall be true and correct as of such date. (Page 112)

Merger Agreement: Section 9.3 Additional Conditions to Obligations of Buyer. The obligations of Buyer to consummate the Merger are further subject to the satisfaction of the following conditions at or prior to the Closing Date: (i) the representations and warranties of the Seller set forth in Sections 4.1 and 4.2 shall be true and correct in all material respects as of the date hereof and as of the Closing Date, except where the failure to be so true and correct would not reasonably be expected to have a Seller Material Adverse Effect; and (ii) all other representations and warranties of the Seller contained in this Agreement shall be true and correct as of the Closing Date, except for such failures to be true and correct that would not, individually or in the aggregate, have a Seller Material Adverse Effect. (Page 114)
Choices: "
"36","Answer the following multiple choice question. The last line of your response should be of the following format: 'ANSWER: $LETTER' (without quotes) where LETTER is one of {letters}. Think step by step before answering.

{question}

{choices}

Instruction: Read the segment of a merger agreement and answer the multiple-choice question by choosing the option that best characterizes the agreement.\nQuestion: When are representations and warranties required to be made according to the bring down provision?\nOption A: At Closing Only\nOption B: At Signing & At Closing\n\nMerger Agreement: Section 8.1 Conditions to Obligations of Buyer and Merger Sub to Effect the Merger. The obligations of Buyer and Merger Sub to effect the Merger are, in addition to the conditions set forth in Section 8.2, further subject to the satisfaction or (to the extent not prohibited by Law) waiver by Buyer at or prior to the Effective Time of the following conditions: (a) each of the representations and warranties of the Seller contained in this Agreement, without giving effect to any materiality or \u201cMaterial Adverse Effect\u201d or similar qualifications therein, shall be true and correct as of the Closing Date, except for such failures to be true and correct as would not, individually or in the aggregate, have a Material Adverse Effect (except to the extent such representations and warranties are expressly made as of a specific date, in which case such representations and warranties shall be so true and correct as of such specific date only); (Page 42)\nAnswer: A\n\nMerger Agreement: Section 8.3 Additional Conditions to Obligations of Buyer and Merger Sub. The obligation of Buyer and Merger Sub to effect the Merger is further subject to the satisfaction, or waiver by Buyer to the extent permitted by applicable Law, at or prior to the Effective Time of the following conditions: (b) Representations and Warranties. The representations and warranties of the Seller set forth in (i) ARTICLE IV (other than Section 4.2 (Authorization; Validity of Agreement; Board Approval), Section 4.4(a) (Capitalization), and Section 4.7(b) (Absence of Certain Changes)) shall be true and correct in all respects (without giving effect to any materiality or \u201cMaterial Adverse Effect\u201d qualifications contained therein) both when made and at and as of the Closing Date, as if made at and as of such time (except to the extent expressly made as of an earlier date, in which case as of such earlier date), provided, however, that the representations and warranties set forth in Section 4.2 shall be true and correct as of the date hereof and as of the Closing Date. (Page 55)\nAnswer:
Choices: ","Fail","Answer the following multiple choice question. The last line of your response should be of the following format: 'ANSWER: $LETTER' (without quotes) where LETTER is one of {letters}. Think step by step before answering.

{question}

{choices}

Instruction: Read the segment of a merger agreement and answer the multiple-choice question by choosing the option that best characterizes the agreement.
Question: When are representations and warranties required to be made according to the bring down provision?
Option A: At Closing Only
Option B: At Signing & At Closing

Merger Agreement: Article 8.1 Conditions to Obligations of Buyer to Effect the Merger. The obligations of Buyer to effect the Merger are subject to the satisfaction or waiver by Buyer at or prior to the Effective Time of the following conditions: (a) the representations and warranties of the Seller contained in this Agreement shall be true and correct as of the date of this Agreement and as of the Closing Date, except for inaccuracies that would not, individually or in the aggregate, have a Seller Material Adverse Effect; provided that any representation and warranty made as of a specific date shall be true and correct as of such date. (Page 112)

Merger Agreement: Section 9.3 Additional Conditions to Obligations of Buyer. The obligations of Buyer to consummate the Merger are further subject to the satisfaction of the following conditions at or prior to the Closing Date: (i) the representations and warranties of the Seller set forth in Sections 4.1 and 4.2 shall be true and correct in all material respects as of the date hereof and as of the Closing Date, except where the failure to be so true and correct would not reasonably be expected to have a Seller Material Adverse Effect; and (ii) all other representations and warranties of the Seller contained in this Agreement shall be true and correct as of the Closing Date, except for such failures to be true and correct that would not, individually or in the aggregate, have a Seller Material Adverse Effect. (Page 114)
Choices: "
"37","Answer the following multiple choice question. The last line of your response should be of the following format: 'ANSWER: $LETTER' (without quotes) where LETTER is one of {letters}. Think step by step before answering.

{question}

{choices}

Instruction: Read the segment of a merger agreement and answer the multiple-choice question by choosing the option that best characterizes the agreement.
Question: When are representations and warranties required to be made according to the bring down provision?
Option A: At Closing Only
Option B: At Signing & At Closing

Merger Agreement: SECTION 8.1 Conditions to Obligations of Parent and Merger Sub to Effect the Merger. The obligations of Parent and Merger Sub to effect the Merger are subject to the satisfaction or waiver by Parent at or prior to the Effective Time of the following conditions: (a) Representations and Warranties. (i) The representations and warranties of the Company contained in this Agreement shall be true and correct in all respects as of the date hereof and as of the Closing Date as though made as of the Closing Date, except for any inaccuracies that would not reasonably be expected to have, individually or in the aggregate, a Material Adverse Effect; provided, however, that any representations and warranties that are made as of a specific date shall be true and correct as of such date. (b) Covenants. The covenants and agreements of the Company to be performed or complied with by it at or prior to the Effective Time shall have been performed or complied with in all material respects. (Page 90)
Choices: ","Fail","Answer the following multiple choice question. The last line of your response should be of the following format: 'ANSWER: $LETTER' (without quotes) where LETTER is one of {letters}. Think step by step before answering.

{question}

{choices}

Instruction: Read the segment of a merger agreement and answer the multiple-choice question by choosing the option that best characterizes the agreement.
Question: When are representations and warranties required to be made according to the bring down provision?
Option A: At Closing Only
Option B: At Signing & At Closing

Merger Agreement: Article 8.1 Conditions to Obligations of Buyer to Effect the Merger. The obligations of Buyer to effect the Merger are subject to the satisfaction or waiver by Buyer at or prior to the Effective Time of the following conditions: (a) the representations and warranties of the Seller contained in this Agreement shall be true and correct as of the date of this Agreement and as of the Closing Date, except for inaccuracies that would not, individually or in the aggregate, have a Seller Material Adverse Effect; provided that any representation and warranty made as of a specific date shall be true and correct as of such date. (Page 112)

Merger Agreement: Section 9.3 Additional Conditions to Obligations of Buyer. The obligations of Buyer to consummate the Merger are further subject to the satisfaction of the following conditions at or prior to the Closing Date: (i) the representations and warranties of the Seller set forth in Sections 4.1 and 4.2 shall be true and correct in all material respects as of the date hereof and as of the Closing Date, except where the failure to be so true and correct would not reasonably be expected to have a Seller Material Adverse Effect; and (ii) all other representations and warranties of the Seller contained in this Agreement shall be true and correct as of the Closing Date, except for such failures to be true and correct that would not, individually or in the aggregate, have a Seller Material Adverse Effect. (Page 114)
Choices: "
"38","Answer the following multiple choice question. The last line of your response should be of the following format: 'ANSWER: $LETTER' (without quotes) where LETTER is one of {letters}. Think step by step before answering.

{question}

{choices}

Instruction: Read the segment of a merger agreement and answer the multiple-choice question by choosing the option that best characterizes the agreement.
Question: When are representations and warranties required to be made according to the bring down provision?
Option A: At Closing Only
Option B: At Signing & At Closing

Merger Agreement: Section 9.2 Conditions to Obligations of Parent and Acquisition Sub to Effect the Merger. The obligations of Parent and AcquisitionSub to effect the Merger are subject to the satisfaction or waiver by Parent at or prior to the Effective Time of the following conditions: (a) Representations and Warranties. Each of the representations and warranties of the Company contained in this Agreement, without giving effect to any materiality or ""Company Material Adverse Effect"" or similar qualifications therein, shall be true and correct as of the Closing Date, except for such failures to be true and correct as would not, individually or in the aggregate, have a Company Material Adverse Effect. The representations and warranties made as of a specific date shall be true and correct as of such date only. Additionally, the representations in Sections 3.1 and 3.2 shall be true and correct as of the date of this Agreement. (Page 72)
Choices: ","Fail","Answer the following multiple choice question. The last line of your response should be of the following format: 'ANSWER: $LETTER' (without quotes) where LETTER is one of {letters}. Think step by step before answering.

{question}

{choices}

Instruction: Read the segment of a merger agreement and answer the multiple-choice question by choosing the option that best characterizes the agreement.
Question: When are representations and warranties required to be made according to the bring down provision?
Option A: At Closing Only
Option B: At Signing & At Closing

Merger Agreement: Article 8.1 Conditions to Obligations of Buyer to Effect the Merger. The obligations of Buyer to effect the Merger are subject to the satisfaction or waiver by Buyer at or prior to the Effective Time of the following conditions: (a) the representations and warranties of the Seller contained in this Agreement shall be true and correct as of the date of this Agreement and as of the Closing Date, except for inaccuracies that would not, individually or in the aggregate, have a Seller Material Adverse Effect; provided that any representation and warranty made as of a specific date shall be true and correct as of such date. (Page 112)

Merger Agreement: Section 9.3 Additional Conditions to Obligations of Buyer. The obligations of Buyer to consummate the Merger are further subject to the satisfaction of the following conditions at or prior to the Closing Date: (i) the representations and warranties of the Seller set forth in Sections 4.1 and 4.2 shall be true and correct in all material respects as of the date hereof and as of the Closing Date, except where the failure to be so true and correct would not reasonably be expected to have a Seller Material Adverse Effect; and (ii) all other representations and warranties of the Seller contained in this Agreement shall be true and correct as of the Closing Date, except for such failures to be true and correct that would not, individually or in the aggregate, have a Seller Material Adverse Effect. (Page 114)
Choices: "
"39","Answer the following multiple choice question. The last line of your response should be of the following format: 'ANSWER: $LETTER' (without quotes) where LETTER is one of {letters}. Think step by step before answering.

{question}

{choices}

Instruction: Read the segment of a merger agreement and answer the multiple-choice question by choosing the option that best characterizes the agreement.
Question: When are representations and warranties required to be made according to the bring down provision?
Option A: At Closing Only
Option B: At Signing & At Closing

Merger Agreement: Section 8.3 Conditions to Obligations of Buyer and Merger Sub to Effect the Merger. The obligations of Buyer and Merger Sub to effect the Merger are, in addition to the conditions set forth in Section 8.2, further subject to the satisfaction or (to the extent not prohibited by Law) waiver by Buyer at or prior to the Effective Time of the following conditions: (a) each of the representations and warranties of the Company contained in this Agreement, without giving effect to any materiality or ""Company Material Adverse Effect"" or similar qualifications therein, shall be true and correct as of the Closing Date, except for such failures to be true and correct as would not, individually or in the aggregate, have a Company Material Adverse Effect (except to the extent such representations and warranties are expressly made as of a specific date, in which case such representations and warranties shall be so true and correct as of such specific date only); (Page 72)
Answer: A

Merger Agreement: Article 6. Conditions to the Obligations of the Parties. The obligations of the Parties to effect the Merger shall be subject to the satisfaction or waiver of the following conditions: (b) Representations and Warranties. The representations and warranties of the Company set forth in this Agreement shall be true and correct as of the date hereof and as of the Closing Date as if made at and as of such time (except to the extent expressly made as of an earlier date, in which case as of such earlier date), except where the failure of such representations and warranties to be so true and correct would not reasonably be expected to have or result in, individually or in the aggregate, a Company Material Adverse Effect. (Page 85)
Answer:
Choices: ","Fail","Answer the following multiple choice question. The last line of your response should be of the following format: 'ANSWER: $LETTER' (without quotes) where LETTER is one of {letters}. Think step by step before answering.

{question}

{choices}

Instruction: Read the segment of a merger agreement and answer the multiple-choice question by choosing the option that best characterizes the agreement.
Question: When are representations and warranties required to be made according to the bring down provision?
Option A: At Closing Only
Option B: At Signing & At Closing

Merger Agreement: Article 8.1 Conditions to Obligations of Buyer to Effect the Merger. The obligations of Buyer to effect the Merger are subject to the satisfaction or waiver by Buyer at or prior to the Effective Time of the following conditions: (a) the representations and warranties of the Seller contained in this Agreement shall be true and correct as of the date of this Agreement and as of the Closing Date, except for inaccuracies that would not, individually or in the aggregate, have a Seller Material Adverse Effect; provided that any representation and warranty made as of a specific date shall be true and correct as of such date. (Page 112)

Merger Agreement: Section 9.3 Additional Conditions to Obligations of Buyer. The obligations of Buyer to consummate the Merger are further subject to the satisfaction of the following conditions at or prior to the Closing Date: (i) the representations and warranties of the Seller set forth in Sections 4.1 and 4.2 shall be true and correct in all material respects as of the date hereof and as of the Closing Date, except where the failure to be so true and correct would not reasonably be expected to have a Seller Material Adverse Effect; and (ii) all other representations and warranties of the Seller contained in this Agreement shall be true and correct as of the Closing Date, except for such failures to be true and correct that would not, individually or in the aggregate, have a Seller Material Adverse Effect. (Page 114)
Choices: "
"40","Answer the following multiple choice question. The last line of your response should be of the following format: 'ANSWER: $LETTER' (without quotes) where LETTER is one of {letters}. Think step by step before answering.

{question}

{choices}

Instruction: Read the segment of a merger agreement and answer the multiple-choice question by choosing the option that best characterizes the agreement.
Question: When are representations and warranties required to be made according to the bring down provision?
Option A: At Closing Only
Option B: At Signing & At Closing

Merger Agreement: Section 9.3 Conditions to Obligations of Buyer to Effect the Acquisition. The obligations of Buyer to effect the Acquisition are subject to the fulfillment or waiver by Buyer at or prior to the Closing Time of the following conditions: (a) each of the representations and warranties of the Seller contained in this Agreement, disregarding any qualifications as to materiality or ""Material Adverse Effect"" or similar qualifications therein, shall be true and correct as of the Closing Date, except where the failure of such representations and warranties to be true and correct would not, individually or in the aggregate, have a Material Adverse Effect on the Seller (except to the extent such representations and warranties are expressly made as of a specific date, in which case such representations and warranties shall be so true and correct as of such specific date only); (Page 54)

Merger Agreement: Section 8.4 Additional Conditions to Obligations of Buyer. The obligations of Buyer to effect the Closing are further subject to the satisfaction or waiver, by Buyer, of each of the following conditions as of the Closing Date: (a) Representations and Warranties. The representations and warranties of the Seller set forth in (i) Article IV shall be true and correct in all respects as of the date hereof and as of the Closing Date, as though made on and as of the Closing Date (except to the extent that such representations and warranties are expressly made as of a specific date, in which case such representations and warranties shall be true and correct as of such specific date); (Page 62)
Choices: ","Fail","Answer the following multiple choice question. The last line of your response should be of the following format: 'ANSWER: $LETTER' (without quotes) where LETTER is one of {letters}. Think step by step before answering.

{question}

{choices}

Instruction: Read the segment of a merger agreement and answer the multiple-choice question by choosing the option that best characterizes the agreement.
Question: When are representations and warranties required to be made according to the bring down provision?
Option A: At Closing Only
Option B: At Signing & At Closing

Merger Agreement: Article 8.1 Conditions to Obligations of Buyer to Effect the Merger. The obligations of Buyer to effect the Merger are subject to the satisfaction or waiver by Buyer at or prior to the Effective Time of the following conditions: (a) the representations and warranties of the Seller contained in this Agreement shall be true and correct as of the date of this Agreement and as of the Closing Date, except for inaccuracies that would not, individually or in the aggregate, have a Seller Material Adverse Effect; provided that any representation and warranty made as of a specific date shall be true and correct as of such date. (Page 112)

Merger Agreement: Section 9.3 Additional Conditions to Obligations of Buyer. The obligations of Buyer to consummate the Merger are further subject to the satisfaction of the following conditions at or prior to the Closing Date: (i) the representations and warranties of the Seller set forth in Sections 4.1 and 4.2 shall be true and correct in all material respects as of the date hereof and as of the Closing Date, except where the failure to be so true and correct would not reasonably be expected to have a Seller Material Adverse Effect; and (ii) all other representations and warranties of the Seller contained in this Agreement shall be true and correct as of the Closing Date, except for such failures to be true and correct that would not, individually or in the aggregate, have a Seller Material Adverse Effect. (Page 114)
Choices: "
"41","Answer the following multiple choice question. The last line of your response should be of the following format: 'ANSWER: $LETTER' (without quotes) where LETTER is one of {letters}. Think step by step before answering.

{question}

{choices}

Instruction: Read the segment of a merger agreement and answer the multiple-choice question by choosing the option that best characterizes the agreement.
Question: When are representations and warranties required to be made according to the bring down provision?
Option A: At Closing Only
Option B: At Signing & At Closing

Merger Agreement: Section 8.3 Conditions to Obligations of Parent and Merger Sub to Effect the Merger. The obligations of Parent and Merger Sub to effect the Merger are further subject to the satisfaction or waiver by Parent at or prior to the Effective Time of the following conditions: (a) each of the representations and warranties of the Company contained in this Agreement shall be true and correct as of the date of this Agreement and as of the Closing Date, except for those representations and warranties that address matters only as of a particular date, which shall be true and correct in all respects as of that date, except where the failure of such representations and warranties to be so true and correct would not reasonably be expected to have a Company Material Adverse Effect. (Page 89)

Merger Agreement: Section 9.1 Additional Conditions to Obligations of Parent and Merger Sub. The obligations of Parent and Merger Sub to effect the Merger are further subject to the satisfaction, or waiver by Parent and Merger Sub, of the following conditions at or prior to the Closing Date: (b) Representations and Warranties. The representations and warranties of the Company set forth in this Agreement shall be true and correct as of the Closing Date, except for such inaccuracies that do not have a Material Adverse Effect. (Page 102)
Choices: ","Fail","Answer the following multiple choice question. The last line of your response should be of the following format: 'ANSWER: $LETTER' (without quotes) where LETTER is one of {letters}. Think step by step before answering.

{question}

{choices}

Instruction: Read the segment of a merger agreement and answer the multiple-choice question by choosing the option that best characterizes the agreement.
Question: When are representations and warranties required to be made according to the bring down provision?
Option A: At Closing Only
Option B: At Signing & At Closing

Merger Agreement: Article 8.1 Conditions to Obligations of Buyer to Effect the Merger. The obligations of Buyer to effect the Merger are subject to the satisfaction or waiver by Buyer at or prior to the Effective Time of the following conditions: (a) the representations and warranties of the Seller contained in this Agreement shall be true and correct as of the date of this Agreement and as of the Closing Date, except for inaccuracies that would not, individually or in the aggregate, have a Seller Material Adverse Effect; provided that any representation and warranty made as of a specific date shall be true and correct as of such date. (Page 112)

Merger Agreement: Section 9.3 Additional Conditions to Obligations of Buyer. The obligations of Buyer to consummate the Merger are further subject to the satisfaction of the following conditions at or prior to the Closing Date: (i) the representations and warranties of the Seller set forth in Sections 4.1 and 4.2 shall be true and correct in all material respects as of the date hereof and as of the Closing Date, except where the failure to be so true and correct would not reasonably be expected to have a Seller Material Adverse Effect; and (ii) all other representations and warranties of the Seller contained in this Agreement shall be true and correct as of the Closing Date, except for such failures to be true and correct that would not, individually or in the aggregate, have a Seller Material Adverse Effect. (Page 114)
Choices: "
"42","Answer the following multiple choice question. The last line of your response should be of the following format: 'ANSWER: $LETTER' (without quotes) where LETTER is one of {letters}. Think step by step before answering.

{question}

{choices}

Instruction: Read the segment of a merger agreement and answer the multiple-choice question by choosing the option that best characterizes the agreement.
Question: When are representations and warranties required to be made according to the bring down provision?
Option A: At Closing Only
Option B: At Signing & At Closing

Merger Agreement: Section 8.3 Conditions to Obligations of Acquirer to Effect the Merger. The obligations of Acquirer to effect the Merger are, in addition to the conditions set forth in Section 8.1, further subject to the satisfaction or (to the extent not prohibited by Law) waiver by Acquirer at or prior to the Effective Time of the following conditions: (a) each of the representations and warranties of the Target contained in this Agreement, without giving effect to any materiality or 'Target Material Adverse Effect' or similar qualifications therein, shall be true and correct as of the Signing Date and as of the Closing Date, except for such failures to be true and correct as would not, individually or in the aggregate, have a Target Material Adverse Effect (except to the extent such representations and warranties are expressly made as of a specific date, in which case such representations and warranties shall be so true and correct as of such specific date only); (Page 72)
Answer:
Choices: ","Fail","Answer the following multiple choice question. The last line of your response should be of the following format: 'ANSWER: $LETTER' (without quotes) where LETTER is one of {letters}. Think step by step before answering.

{question}

{choices}

Instruction: Read the segment of a merger agreement and answer the multiple-choice question by choosing the option that best characterizes the agreement.
Question: When are representations and warranties required to be made according to the bring down provision?
Option A: At Closing Only
Option B: At Signing & At Closing

Merger Agreement: Article 8.1 Conditions to Obligations of Buyer to Effect the Merger. The obligations of Buyer to effect the Merger are subject to the satisfaction or waiver by Buyer at or prior to the Effective Time of the following conditions: (a) the representations and warranties of the Seller contained in this Agreement shall be true and correct as of the date of this Agreement and as of the Closing Date, except for inaccuracies that would not, individually or in the aggregate, have a Seller Material Adverse Effect; provided that any representation and warranty made as of a specific date shall be true and correct as of such date. (Page 112)

Merger Agreement: Section 9.3 Additional Conditions to Obligations of Buyer. The obligations of Buyer to consummate the Merger are further subject to the satisfaction of the following conditions at or prior to the Closing Date: (i) the representations and warranties of the Seller set forth in Sections 4.1 and 4.2 shall be true and correct in all material respects as of the date hereof and as of the Closing Date, except where the failure to be so true and correct would not reasonably be expected to have a Seller Material Adverse Effect; and (ii) all other representations and warranties of the Seller contained in this Agreement shall be true and correct as of the Closing Date, except for such failures to be true and correct that would not, individually or in the aggregate, have a Seller Material Adverse Effect. (Page 114)
Choices: "
"43","Answer the following multiple choice question. The last line of your response should be of the following format: 'ANSWER: $LETTER' (without quotes) where LETTER is one of {letters}. Think step by step before answering.

{question}

{choices}

Instruction: Read the segment of a merger agreement and answer the multiple-choice question by choosing the option that best characterizes the agreement.
Question: When are representations and warranties required to be made according to the bring down provision?
Option A: At Closing Only
Option B: At Signing & At Closing

Merger Agreement: Section 8.3 Conditions to Obligations of Parent and Merger Sub to Effect the Merger. The obligations of Parent and Merger Sub to effect the Merger are, in addition to the conditions set forth in Section 8.1, further subject to the satisfaction or (to the extent not prohibited by Law) waiver by Parent at or prior to the Effective Time of the following conditions: (a) each of the representations and warranties of the Company contained in this Agreement, without giving effect to any materiality or ""Company Material Adverse Effect"" or similar qualifications therein, shall be true and correct as of the Closing Date, except for such failures to be true and correct as would not, individually or in the aggregate, have a Company Material Adverse Effect (except to the extent such representations and warranties are expressly made as of a specific date, in which case such representations and warranties shall be so true and correct as of such specific date only); however, if any such representations and warranties are made as of a specific date, they shall be considered true and correct as of such specific date only if they were true and correct at that time. (Page 72)

Merger Agreement: Section 8.5 Additional Conditions. The obligations of Parent and Merger Sub are further subject to the condition that all representations and warranties set forth in Article V shall be true and correct both as of the date of this Agreement and as of the Closing Date, as if made on and as of such dates (except to the extent such representations and warranties are expressly made as of a specific date, in which case such representations and warranties shall be true and correct as of such specific date only), except where the failure of such representations and warranties to be true and correct would not reasonably be expected to have a Company Material Adverse Effect. (Page 85)
Answer:
Choices: ","Fail","Answer the following multiple choice question. The last line of your response should be of the following format: 'ANSWER: $LETTER' (without quotes) where LETTER is one of {letters}. Think step by step before answering.

{question}

{choices}

Instruction: Read the segment of a merger agreement and answer the multiple-choice question by choosing the option that best characterizes the agreement.
Question: When are representations and warranties required to be made according to the bring down provision?
Option A: At Closing Only
Option B: At Signing & At Closing

Merger Agreement: Article 8.1 Conditions to Obligations of Buyer to Effect the Merger. The obligations of Buyer to effect the Merger are subject to the satisfaction or waiver by Buyer at or prior to the Effective Time of the following conditions: (a) the representations and warranties of the Seller contained in this Agreement shall be true and correct as of the date of this Agreement and as of the Closing Date, except for inaccuracies that would not, individually or in the aggregate, have a Seller Material Adverse Effect; provided that any representation and warranty made as of a specific date shall be true and correct as of such date. (Page 112)

Merger Agreement: Section 9.3 Additional Conditions to Obligations of Buyer. The obligations of Buyer to consummate the Merger are further subject to the satisfaction of the following conditions at or prior to the Closing Date: (i) the representations and warranties of the Seller set forth in Sections 4.1 and 4.2 shall be true and correct in all material respects as of the date hereof and as of the Closing Date, except where the failure to be so true and correct would not reasonably be expected to have a Seller Material Adverse Effect; and (ii) all other representations and warranties of the Seller contained in this Agreement shall be true and correct as of the Closing Date, except for such failures to be true and correct that would not, individually or in the aggregate, have a Seller Material Adverse Effect. (Page 114)
Choices: "
"44","Answer the following multiple choice question. The last line of your response should be of the following format: 'ANSWER: $LETTER' (without quotes) where LETTER is one of {letters}. Think step by step before answering.

{question}

{choices}

Instruction: Read the segment of a merger agreement and answer the multiple-choice question by choosing the option that best characterizes the agreement.
Question: When are representations and warranties required to be made according to the bring down provision?
Option A: At Closing Only
Option B: At Signing & At Closing

Merger Agreement: Section 8.1 Conditions to Obligations of Buyer to Effect the Merger. The obligations of Buyer to effect the Merger are, in addition to the conditions set forth in Section 8.2, further subject to the satisfaction or waiver by Buyer at or prior to the Effective Time of the following conditions: (i) each of the representations and warranties of the Seller contained in this Agreement, without giving effect to any materiality or 'Seller Material Adverse Effect' or similar qualifications therein, shall be true and correct as of the Closing Date, except where the failure of such representations and warranties to be true and correct would not reasonably be expected to have a Seller Material Adverse Effect, and (ii) the representations and warranties of the Seller made as of the date of this Agreement shall be true and correct as of such date, except as affected by transactions contemplated by this Agreement. (Page 73)
Choices: ","Fail","Answer the following multiple choice question. The last line of your response should be of the following format: 'ANSWER: $LETTER' (without quotes) where LETTER is one of {letters}. Think step by step before answering.

{question}

{choices}

Instruction: Read the segment of a merger agreement and answer the multiple-choice question by choosing the option that best characterizes the agreement.
Question: When are representations and warranties required to be made according to the bring down provision?
Option A: At Closing Only
Option B: At Signing & At Closing

Merger Agreement: Article 8.1 Conditions to Obligations of Buyer to Effect the Merger. The obligations of Buyer to effect the Merger are subject to the satisfaction or waiver by Buyer at or prior to the Effective Time of the following conditions: (a) the representations and warranties of the Seller contained in this Agreement shall be true and correct as of the date of this Agreement and as of the Closing Date, except for inaccuracies that would not, individually or in the aggregate, have a Seller Material Adverse Effect; provided that any representation and warranty made as of a specific date shall be true and correct as of such date. (Page 112)

Merger Agreement: Section 9.3 Additional Conditions to Obligations of Buyer. The obligations of Buyer to consummate the Merger are further subject to the satisfaction of the following conditions at or prior to the Closing Date: (i) the representations and warranties of the Seller set forth in Sections 4.1 and 4.2 shall be true and correct in all material respects as of the date hereof and as of the Closing Date, except where the failure to be so true and correct would not reasonably be expected to have a Seller Material Adverse Effect; and (ii) all other representations and warranties of the Seller contained in this Agreement shall be true and correct as of the Closing Date, except for such failures to be true and correct that would not, individually or in the aggregate, have a Seller Material Adverse Effect. (Page 114)
Choices: "
"45","Answer the following multiple choice question. The last line of your response should be of the following format: 'ANSWER: $LETTER' (without quotes) where LETTER is one of {letters}. Think step by step before answering.

{question}

{choices}

Instruction: Read the segment of a merger agreement and answer the multiple-choice question by choosing the option that best characterizes the agreement.\nQuestion: When are representations and warranties required to be made according to the bring down provision?\nOption A: At Closing Only\nOption B: At Signing & At Closing\n\nMerger Agreement: Section 5.4 Conditions to Obligations of Buyer and Merger Sub to Effect the Merger. The obligations of Buyer and Merger Sub to effect the Merger are, in addition to the conditions set forth in Section 5.3, further subject to the satisfaction or (to the extent not prohibited by Law) waiver by Buyer at or prior to the Effective Time of the following conditions: (a) each of the representations and warranties of the Seller contained in this Agreement shall be true and correct as of the date hereof and as of the Closing Date, except where the failure to be true and correct would not have a Material Adverse Effect. (Page 45)\n\nMerger Agreement: Section 6.1 Conditions to Obligations of Buyer. <omitted> (ii) the representations and warranties of the Seller set forth in this Agreement shall be true and correct as of the date of this Agreement and as of the Closing Date, with the same effect as though made on and as of each such date, except to the extent that such representations and warranties expressly relate to an earlier date, in which case such representations and warranties shall be true and correct as of such earlier date. (Page 53)\nAnswer:
Choices: ","Fail","Answer the following multiple choice question. The last line of your response should be of the following format: 'ANSWER: $LETTER' (without quotes) where LETTER is one of {letters}. Think step by step before answering.

{question}

{choices}

Instruction: Read the segment of a merger agreement and answer the multiple-choice question by choosing the option that best characterizes the agreement.
Question: When are representations and warranties required to be made according to the bring down provision?
Option A: At Closing Only
Option B: At Signing & At Closing

Merger Agreement: Article 8.1 Conditions to Obligations of Buyer to Effect the Merger. The obligations of Buyer to effect the Merger are subject to the satisfaction or waiver by Buyer at or prior to the Effective Time of the following conditions: (a) the representations and warranties of the Seller contained in this Agreement shall be true and correct as of the date of this Agreement and as of the Closing Date, except for inaccuracies that would not, individually or in the aggregate, have a Seller Material Adverse Effect; provided that any representation and warranty made as of a specific date shall be true and correct as of such date. (Page 112)

Merger Agreement: Section 9.3 Additional Conditions to Obligations of Buyer. The obligations of Buyer to consummate the Merger are further subject to the satisfaction of the following conditions at or prior to the Closing Date: (i) the representations and warranties of the Seller set forth in Sections 4.1 and 4.2 shall be true and correct in all material respects as of the date hereof and as of the Closing Date, except where the failure to be so true and correct would not reasonably be expected to have a Seller Material Adverse Effect; and (ii) all other representations and warranties of the Seller contained in this Agreement shall be true and correct as of the Closing Date, except for such failures to be true and correct that would not, individually or in the aggregate, have a Seller Material Adverse Effect. (Page 114)
Choices: "
"46","Answer the following multiple choice question. The last line of your response should be of the following format: 'ANSWER: $LETTER' (without quotes) where LETTER is one of {letters}. Think step by step before answering.

{question}

{choices}

Instruction: Read the segment of a merger agreement and answer the multiple-choice question by choosing the option that best characterizes the agreement.
Question: When are representations and warranties required to be made according to the bring down provision?
Option A: At Closing Only
Option B: At Signing & At Closing

Merger Agreement: Section 8.1 Conditions to Obligations of Buyer. The obligations of Buyer to effect the Merger are subject to the satisfaction or waiver by Buyer at or prior to the Effective Time of the following conditions: (a) each of the representations and warranties of the Seller contained in this Agreement shall be true and correct as of the Closing Date, except where the failure to be true and correct would not have a Seller Material Adverse Effect; (b) the representations and warranties of the Seller made as of a specific date shall be true and correct as of such date. (Page 55)

Merger Agreement: Section 5.3 Conditions to Obligations of Seller. The obligations of Seller to effect the Merger are subject to the satisfaction or waiver by Seller at or prior to the Effective Time of the following conditions: (i) the representations and warranties of the Buyer set forth in this Agreement shall be true and correct in all material respects as of the date of this Agreement and as of the Closing Date as though made on and as of the Closing Date, except where the failure to be true and correct would not have a Buyer Material Adverse Effect; (ii) the representations and warranties of the Buyer made as of a specific date shall be true and correct as of such date. (Page 60)
Answer:
Choices: ","Fail","Answer the following multiple choice question. The last line of your response should be of the following format: 'ANSWER: $LETTER' (without quotes) where LETTER is one of {letters}. Think step by step before answering.

{question}

{choices}

Instruction: Read the segment of a merger agreement and answer the multiple-choice question by choosing the option that best characterizes the agreement.
Question: When are representations and warranties required to be made according to the bring down provision?
Option A: At Closing Only
Option B: At Signing & At Closing

Merger Agreement: Article 8.1 Conditions to Obligations of Buyer to Effect the Merger. The obligations of Buyer to effect the Merger are subject to the satisfaction or waiver by Buyer at or prior to the Effective Time of the following conditions: (a) the representations and warranties of the Seller contained in this Agreement shall be true and correct as of the date of this Agreement and as of the Closing Date, except for inaccuracies that would not, individually or in the aggregate, have a Seller Material Adverse Effect; provided that any representation and warranty made as of a specific date shall be true and correct as of such date. (Page 112)

Merger Agreement: Section 9.3 Additional Conditions to Obligations of Buyer. The obligations of Buyer to consummate the Merger are further subject to the satisfaction of the following conditions at or prior to the Closing Date: (i) the representations and warranties of the Seller set forth in Sections 4.1 and 4.2 shall be true and correct in all material respects as of the date hereof and as of the Closing Date, except where the failure to be so true and correct would not reasonably be expected to have a Seller Material Adverse Effect; and (ii) all other representations and warranties of the Seller contained in this Agreement shall be true and correct as of the Closing Date, except for such failures to be true and correct that would not, individually or in the aggregate, have a Seller Material Adverse Effect. (Page 114)
Choices: "
"47","Answer the following multiple choice question. The last line of your response should be of the following format: 'ANSWER: $LETTER' (without quotes) where LETTER is one of {letters}. Think step by step before answering.

{question}

{choices}

Instruction: Read the segment of a merger agreement and answer the multiple-choice question by choosing the option that best characterizes the agreement.
Question: When are representations and warranties required to be made according to the bring down provision?
Option A: At Closing Only
Option B: At Signing & At Closing

Merger Agreement: Section 8.1 Conditions to Obligations of Buyer and Merger Sub to Effect the Merger. The obligations of Buyer and Merger Sub to effect the Merger are subject to the satisfaction or waiver by Buyer at or prior to the Effective Time of the following conditions: (a) The representations and warranties of the Seller contained in this Agreement shall be true and correct in all material respects as of the date hereof and as of the Closing Date as though made on and as of the Closing Date, except for those representations and warranties that address matters only as of a particular date (which shall remain true and correct as of such date). (Page 72)

Section 9.3 Additional Conditions to Obligations of Buyer. The obligations of Buyer to consummate the Merger are also subject to the satisfaction or waiver by Buyer at or prior to the Closing of each of the following additional conditions: (b) The representations and warranties of the Seller set forth in Section 4.1 (Organization), Section 4.2 (Capitalization), and Section 4.3 (Authority) shall be true and correct in all respects as of the date of this Agreement and as of the Closing Date, except in each case where the failure to be so true and correct would not, individually or in the aggregate, have a Material Adverse Effect. (Page 85)
Choices: ","Fail","Answer the following multiple choice question. The last line of your response should be of the following format: 'ANSWER: $LETTER' (without quotes) where LETTER is one of {letters}. Think step by step before answering.

{question}

{choices}

Instruction: Read the segment of a merger agreement and answer the multiple-choice question by choosing the option that best characterizes the agreement.
Question: When are representations and warranties required to be made according to the bring down provision?
Option A: At Closing Only
Option B: At Signing & At Closing

Merger Agreement: Article 8.1 Conditions to Obligations of Buyer to Effect the Merger. The obligations of Buyer to effect the Merger are subject to the satisfaction or waiver by Buyer at or prior to the Effective Time of the following conditions: (a) the representations and warranties of the Seller contained in this Agreement shall be true and correct as of the date of this Agreement and as of the Closing Date, except for inaccuracies that would not, individually or in the aggregate, have a Seller Material Adverse Effect; provided that any representation and warranty made as of a specific date shall be true and correct as of such date. (Page 112)

Merger Agreement: Section 9.3 Additional Conditions to Obligations of Buyer. The obligations of Buyer to consummate the Merger are further subject to the satisfaction of the following conditions at or prior to the Closing Date: (i) the representations and warranties of the Seller set forth in Sections 4.1 and 4.2 shall be true and correct in all material respects as of the date hereof and as of the Closing Date, except where the failure to be so true and correct would not reasonably be expected to have a Seller Material Adverse Effect; and (ii) all other representations and warranties of the Seller contained in this Agreement shall be true and correct as of the Closing Date, except for such failures to be true and correct that would not, individually or in the aggregate, have a Seller Material Adverse Effect. (Page 114)
Choices: "
"48","Answer the following multiple choice question. The last line of your response should be of the following format: 'ANSWER: $LETTER' (without quotes) where LETTER is one of {letters}. Think step by step before answering.

{question}

{choices}

Instruction: Read the segment of a merger agreement and answer the multiple-choice question by choosing the option that best characterizes the agreement.
Question: When are representations and warranties required to be made according to the bring down provision?
Option A: At Closing Only
Option B: At Signing & At Closing

Merger Agreement: Section 8.3 Conditions to Obligations of Buyer to Effect the Merger. The obligations of Buyer to effect the Merger are, in addition to the conditions set forth in Section 8.1, further subject to the satisfaction or (to the extent not prohibited by Law) waiver by Buyer at or prior to the Effective Time of the following conditions: (a) each of the representations and warranties of the Seller contained in this Agreement, without giving effect to any materiality or 'Seller Material Adverse Effect' or similar qualifications therein, shall be true and correct as of the Closing Date, except for such failures to be true and correct as would not, individually or in the aggregate, have a Seller Material Adverse Effect (except to the extent such representations and warranties are expressly made as of a specific date, in which case such representations and warranties shall be so true and correct as of such specific date only); (Page 72)

Merger Agreement: CONDITIONS TO THE OFFER <omitted> The Buyer shall not be required to accept for payment or to pay for any Shares validly tendered and not validly withdrawn prior to any then-scheduled Expiration Date in connection with the Offer if, immediately prior to the then-scheduled Expiration Date: <omitted> (d) <omitted> (iii) The representations and warranties of the Seller set forth in this Agreement, other than those described in clauses (i) and (ii) above, shall not be true and correct as of the date of this Agreement and as of the Expiration Date as though made as of the Expiration Date, except for those representations and warranties that are expressly made as of a specific date, which shall be true and correct as of such specific date. (Page 75)
Answer:
Choices: ","Fail","Answer the following multiple choice question. The last line of your response should be of the following format: 'ANSWER: $LETTER' (without quotes) where LETTER is one of {letters}. Think step by step before answering.

{question}

{choices}

Instruction: Read the segment of a merger agreement and answer the multiple-choice question by choosing the option that best characterizes the agreement.
Question: When are representations and warranties required to be made according to the bring down provision?
Option A: At Closing Only
Option B: At Signing & At Closing

Merger Agreement: Article 8.1 Conditions to Obligations of Buyer to Effect the Merger. The obligations of Buyer to effect the Merger are subject to the satisfaction or waiver by Buyer at or prior to the Effective Time of the following conditions: (a) the representations and warranties of the Seller contained in this Agreement shall be true and correct as of the date of this Agreement and as of the Closing Date, except for inaccuracies that would not, individually or in the aggregate, have a Seller Material Adverse Effect; provided that any representation and warranty made as of a specific date shall be true and correct as of such date. (Page 112)

Merger Agreement: Section 9.3 Additional Conditions to Obligations of Buyer. The obligations of Buyer to consummate the Merger are further subject to the satisfaction of the following conditions at or prior to the Closing Date: (i) the representations and warranties of the Seller set forth in Sections 4.1 and 4.2 shall be true and correct in all material respects as of the date hereof and as of the Closing Date, except where the failure to be so true and correct would not reasonably be expected to have a Seller Material Adverse Effect; and (ii) all other representations and warranties of the Seller contained in this Agreement shall be true and correct as of the Closing Date, except for such failures to be true and correct that would not, individually or in the aggregate, have a Seller Material Adverse Effect. (Page 114)
Choices: "
"49","Answer the following multiple choice question. The last line of your response should be of the following format: 'ANSWER: $LETTER' (without quotes) where LETTER is one of {letters}. Think step by step before answering.

{question}

{choices}

Instruction: Read the segment of a merger agreement and answer the multiple-choice question by choosing the option that best characterizes the agreement.
Question: When are representations and warranties required to be made according to the bring down provision?
Option A: At Closing Only
Option B: At Signing & At Closing

Merger Agreement: Section 5.4 Conditions to Obligations of Buyer and Seller to Effect the Transaction. The obligations of Buyer and Seller to effect the Transaction are subject to the satisfaction, or waiver by Buyer and Seller, at or prior to the Effective Date of the following conditions: (a) each of the representations and warranties of the Parties contained in this Agreement, without giving effect to any materiality or ""Material Adverse Change"" or similar qualifications therein, shall be true and correct as of the Signing Date and as of the Closing Date, except for such failures to be true and correct as would not, individually or in the aggregate, have a Material Adverse Change (except to the extent such representations and warranties are expressly made as of a specific date, in which case such representations and warranties shall be true and correct as of such specific date only); (Page 45)
Answer:
Choices: ","Fail","Answer the following multiple choice question. The last line of your response should be of the following format: 'ANSWER: $LETTER' (without quotes) where LETTER is one of {letters}. Think step by step before answering.

{question}

{choices}

Instruction: Read the segment of a merger agreement and answer the multiple-choice question by choosing the option that best characterizes the agreement.
Question: When are representations and warranties required to be made according to the bring down provision?
Option A: At Closing Only
Option B: At Signing & At Closing

Merger Agreement: Article 8.1 Conditions to Obligations of Buyer to Effect the Merger. The obligations of Buyer to effect the Merger are subject to the satisfaction or waiver by Buyer at or prior to the Effective Time of the following conditions: (a) the representations and warranties of the Seller contained in this Agreement shall be true and correct as of the date of this Agreement and as of the Closing Date, except for inaccuracies that would not, individually or in the aggregate, have a Seller Material Adverse Effect; provided that any representation and warranty made as of a specific date shall be true and correct as of such date. (Page 112)

Merger Agreement: Section 9.3 Additional Conditions to Obligations of Buyer. The obligations of Buyer to consummate the Merger are further subject to the satisfaction of the following conditions at or prior to the Closing Date: (i) the representations and warranties of the Seller set forth in Sections 4.1 and 4.2 shall be true and correct in all material respects as of the date hereof and as of the Closing Date, except where the failure to be so true and correct would not reasonably be expected to have a Seller Material Adverse Effect; and (ii) all other representations and warranties of the Seller contained in this Agreement shall be true and correct as of the Closing Date, except for such failures to be true and correct that would not, individually or in the aggregate, have a Seller Material Adverse Effect. (Page 114)
Choices: "
"50","Answer the following multiple choice question. The last line of your response should be of the following format: 'ANSWER: $LETTER' (without quotes) where LETTER is one of {letters}. Think step by step before answering.

{question}

{choices}

Instruction: Read the segment of a merger agreement and answer the multiple-choice question by choosing the option that best characterizes the agreement.
Question: When are representations and warranties required to be made according to the bring down provision?
Option A: At Closing Only
Option B: At Signing & At Closing

Merger Agreement: Section 9.4 Conditions to Obligations of the Buyer to Close the Transaction. The obligations of the Buyer to close the transaction are further subject to the satisfaction or waiver by the Buyer at or prior to the Closing Date of the following conditions: (a) each of the representations and warranties of the Seller contained in this Agreement, without consideration of any materiality or 'Material Adverse Effect' qualifications, shall be true and correct as of the date of this Agreement and as of the Closing Date, except for those representations and warranties expressly made as of a specific prior date (in which case, as of such specific prior date only), provided that any inaccuracies shall not, individually or in aggregate, have a Material Adverse Effect. (Page 75)

Merger Agreement: Section 10.1 Additional Conditions to the Obligations of the Seller to Effect the Closing. The obligations of the Seller to effect the Closing are subject to the satisfaction or waiver by the Seller at or prior to the Effective Time of the following conditions: (b) the representations and warranties of the Buyer set forth in this Agreement shall be true and correct as of the date hereof and as of the Closing Date (except to the extent that such representations and warranties speak as of an earlier date, in which case they need only be true and correct as of such earlier date), except where the failure to be so true and correct would not have a Material Adverse Effect on the Buyer. (Page 90)
Answer:
Choices: ","Fail","Answer the following multiple choice question. The last line of your response should be of the following format: 'ANSWER: $LETTER' (without quotes) where LETTER is one of {letters}. Think step by step before answering.

{question}

{choices}

Instruction: Read the segment of a merger agreement and answer the multiple-choice question by choosing the option that best characterizes the agreement.
Question: When are representations and warranties required to be made according to the bring down provision?
Option A: At Closing Only
Option B: At Signing & At Closing

Merger Agreement: Article 8.1 Conditions to Obligations of Buyer to Effect the Merger. The obligations of Buyer to effect the Merger are subject to the satisfaction or waiver by Buyer at or prior to the Effective Time of the following conditions: (a) the representations and warranties of the Seller contained in this Agreement shall be true and correct as of the date of this Agreement and as of the Closing Date, except for inaccuracies that would not, individually or in the aggregate, have a Seller Material Adverse Effect; provided that any representation and warranty made as of a specific date shall be true and correct as of such date. (Page 112)

Merger Agreement: Section 9.3 Additional Conditions to Obligations of Buyer. The obligations of Buyer to consummate the Merger are further subject to the satisfaction of the following conditions at or prior to the Closing Date: (i) the representations and warranties of the Seller set forth in Sections 4.1 and 4.2 shall be true and correct in all material respects as of the date hereof and as of the Closing Date, except where the failure to be so true and correct would not reasonably be expected to have a Seller Material Adverse Effect; and (ii) all other representations and warranties of the Seller contained in this Agreement shall be true and correct as of the Closing Date, except for such failures to be true and correct that would not, individually or in the aggregate, have a Seller Material Adverse Effect. (Page 114)
Choices: "
"51","Answer the following multiple choice question. The last line of your response should be of the following format: 'ANSWER: $LETTER' (without quotes) where LETTER is one of {letters}. Think step by step before answering.

{question}

{choices}

Instruction: Read the segment of a merger agreement and answer the multiple-choice question by choosing the option that best characterizes the agreement.
Question: When are representations and warranties required to be made according to the bring down provision?
Option A: At Closing Only
Option B: At Signing & At Closing

Merger Agreement: Section 8.3 Conditions to Obligations of Acquirer and Merger Sub to Effect the Merger. The obligations of Acquirer and Merger Sub to effect the Merger are, in addition to the conditions set forth in Section 8.1, further subject to the satisfaction or (to the extent not prohibited by Law) waiver by Acquirer at or prior to the Effective Time of the following conditions: (b) Representations and Warranties. Each of the representations and warranties of the Target contained in this Agreement, without giving effect to any materiality or 'Target Material Adverse Effect' or similar qualifications therein, shall be true and correct as of the Closing Date, except for such failures to be true and correct as would not, individually or in the aggregate, have a Target Material Adverse Effect (except to the extent such representations and warranties are expressly made as of a specific date, in which case such representations and warranties shall be so true and correct as of such specific date only). Additionally, the representations and warranties made as of the date of this Agreement shall be deemed to be remade at the Closing Date unless explicitly waived by the Acquirer in writing. (Page 73)
Choices: ","Fail","Answer the following multiple choice question. The last line of your response should be of the following format: 'ANSWER: $LETTER' (without quotes) where LETTER is one of {letters}. Think step by step before answering.

{question}

{choices}

Instruction: Read the segment of a merger agreement and answer the multiple-choice question by choosing the option that best characterizes the agreement.
Question: When are representations and warranties required to be made according to the bring down provision?
Option A: At Closing Only
Option B: At Signing & At Closing

Merger Agreement: Article 8.1 Conditions to Obligations of Buyer to Effect the Merger. The obligations of Buyer to effect the Merger are subject to the satisfaction or waiver by Buyer at or prior to the Effective Time of the following conditions: (a) the representations and warranties of the Seller contained in this Agreement shall be true and correct as of the date of this Agreement and as of the Closing Date, except for inaccuracies that would not, individually or in the aggregate, have a Seller Material Adverse Effect; provided that any representation and warranty made as of a specific date shall be true and correct as of such date. (Page 112)

Merger Agreement: Section 9.3 Additional Conditions to Obligations of Buyer. The obligations of Buyer to consummate the Merger are further subject to the satisfaction of the following conditions at or prior to the Closing Date: (i) the representations and warranties of the Seller set forth in Sections 4.1 and 4.2 shall be true and correct in all material respects as of the date hereof and as of the Closing Date, except where the failure to be so true and correct would not reasonably be expected to have a Seller Material Adverse Effect; and (ii) all other representations and warranties of the Seller contained in this Agreement shall be true and correct as of the Closing Date, except for such failures to be true and correct that would not, individually or in the aggregate, have a Seller Material Adverse Effect. (Page 114)
Choices: "
"52","Answer the following multiple choice question. The last line of your response should be of the following format: 'ANSWER: $LETTER' (without quotes) where LETTER is one of {letters}. Think step by step before answering.

{question}

{choices}

Instruction: Read the segment of a merger agreement and answer the multiple-choice question by choosing the option that best characterizes the agreement.
Question: When are representations and warranties required to be made according to the bring down provision?
Option A: At Closing Only
Option B: At Signing & At Closing

Merger Agreement: Section 8.1 Conditions to Obligations of the Acquirer to Effect the Merger. The obligations of the Acquirer to effect the Merger are, in addition to the conditions set forth in Section 8.2, further subject to the satisfaction or (to the extent not prohibited by Law) waiver by the Acquirer at or prior to the Effective Time of the following conditions: (a) each of the representations and warranties of the Target contained in this Agreement, without giving effect to any materiality or ""Target Material Adverse Effect"" or similar qualifications therein, shall be true and correct as of the Signing Date and as of the Closing Date, except for such failures to be true and correct as would not, individually or in the aggregate, have a Target Material Adverse Effect (except to the extent such representations and warranties are expressly made as of a specific date, in which case such representations and warranties shall be so true and correct as of such specific date only); (Page 78)

Merger Agreement: Section 8.2 Additional Conditions to Obligations of the Acquirer. The representations and warranties of the Target set forth in Sections 4.1(a), 4.2(b), and 4.3(c) shall be true and correct in all respects as of the Closing Date only, without giving effect to any materiality qualifications, and the Acquirer shall have received a certificate signed by the Chief Executive Officer of the Target to such effect. (Page 79)
Choices: ","Fail","Answer the following multiple choice question. The last line of your response should be of the following format: 'ANSWER: $LETTER' (without quotes) where LETTER is one of {letters}. Think step by step before answering.

{question}

{choices}

Instruction: Read the segment of a merger agreement and answer the multiple-choice question by choosing the option that best characterizes the agreement.
Question: When are representations and warranties required to be made according to the bring down provision?
Option A: At Closing Only
Option B: At Signing & At Closing

Merger Agreement: Article 8.1 Conditions to Obligations of Buyer to Effect the Merger. The obligations of Buyer to effect the Merger are subject to the satisfaction or waiver by Buyer at or prior to the Effective Time of the following conditions: (a) the representations and warranties of the Seller contained in this Agreement shall be true and correct as of the date of this Agreement and as of the Closing Date, except for inaccuracies that would not, individually or in the aggregate, have a Seller Material Adverse Effect; provided that any representation and warranty made as of a specific date shall be true and correct as of such date. (Page 112)

Merger Agreement: Section 9.3 Additional Conditions to Obligations of Buyer. The obligations of Buyer to consummate the Merger are further subject to the satisfaction of the following conditions at or prior to the Closing Date: (i) the representations and warranties of the Seller set forth in Sections 4.1 and 4.2 shall be true and correct in all material respects as of the date hereof and as of the Closing Date, except where the failure to be so true and correct would not reasonably be expected to have a Seller Material Adverse Effect; and (ii) all other representations and warranties of the Seller contained in this Agreement shall be true and correct as of the Closing Date, except for such failures to be true and correct that would not, individually or in the aggregate, have a Seller Material Adverse Effect. (Page 114)
Choices: "
"53","Answer the following multiple choice question. The last line of your response should be of the following format: 'ANSWER: $LETTER' (without quotes) where LETTER is one of {letters}. Think step by step before answering.

{question}

{choices}

Instruction: Read the segment of a merger agreement and answer the multiple-choice question by choosing the option that best characterizes the agreement.
Question: When are representations and warranties required to be made according to the bring down provision?
Option A: At Closing Only
Option B: At Signing & At Closing

Merger Agreement: Section 8.3 Conditions to Obligations of Acquirer and Merger Sub to Effect the Merger. The obligations of Acquirer and Merger Sub to effect the Merger are, in addition to the conditions set forth in Section 8.1, subject to the satisfaction or waiver by Acquirer at or prior to the Effective Time of the following conditions: (a) Representations and Warranties. Each of the representations and warranties of the Company contained in this Agreement, without giving effect to any materiality or 'Company Material Adverse Effect' or similar qualifications therein, shall be true and correct as of the Closing Date, except for such failures to be true and correct as would not, individually or in the aggregate, have a Company Material Adverse Effect (except to the extent such representations and warranties are expressly made as of a specific date, in which case such representations and warranties shall be so true and correct as of such specific date only); (Page 72)

Merger Agreement: Section 9.2 Conditions to Obligations of the Acquirer Parties. The obligation of the Acquirer Parties to effect the Merger is further subject to the satisfaction, or waiver by the Acquirer Parties to the extent permitted by applicable Law, at or prior to the Effective Time of the following conditions: (a) Representations and Warranties. The representations and warranties of the Company set forth in Article IV shall be true and correct as of the date of this Agreement and as of the Closing Date as though made as of the Closing (except to the extent expressly made as of an earlier date, in which case as of such earlier date); (Page 75)
Answer:
Choices: ","Fail","Answer the following multiple choice question. The last line of your response should be of the following format: 'ANSWER: $LETTER' (without quotes) where LETTER is one of {letters}. Think step by step before answering.

{question}

{choices}

Instruction: Read the segment of a merger agreement and answer the multiple-choice question by choosing the option that best characterizes the agreement.
Question: When are representations and warranties required to be made according to the bring down provision?
Option A: At Closing Only
Option B: At Signing & At Closing

Merger Agreement: Article 8.1 Conditions to Obligations of Buyer to Effect the Merger. The obligations of Buyer to effect the Merger are subject to the satisfaction or waiver by Buyer at or prior to the Effective Time of the following conditions: (a) the representations and warranties of the Seller contained in this Agreement shall be true and correct as of the date of this Agreement and as of the Closing Date, except for inaccuracies that would not, individually or in the aggregate, have a Seller Material Adverse Effect; provided that any representation and warranty made as of a specific date shall be true and correct as of such date. (Page 112)

Merger Agreement: Section 9.3 Additional Conditions to Obligations of Buyer. The obligations of Buyer to consummate the Merger are further subject to the satisfaction of the following conditions at or prior to the Closing Date: (i) the representations and warranties of the Seller set forth in Sections 4.1 and 4.2 shall be true and correct in all material respects as of the date hereof and as of the Closing Date, except where the failure to be so true and correct would not reasonably be expected to have a Seller Material Adverse Effect; and (ii) all other representations and warranties of the Seller contained in this Agreement shall be true and correct as of the Closing Date, except for such failures to be true and correct that would not, individually or in the aggregate, have a Seller Material Adverse Effect. (Page 114)
Choices: "
"54","Answer the following multiple choice question. The last line of your response should be of the following format: 'ANSWER: $LETTER' (without quotes) where LETTER is one of {letters}. Think step by step before answering.

{question}

{choices}

Instruction: Read the segment of a merger agreement and answer the multiple-choice question by choosing the option that best characterizes the agreement.
Question: When are representations and warranties required to be made according to the bring down provision?
Option A: At Closing Only
Option B: At Signing & At Closing

Merger Agreement: Section 8.3 Conditions to Obligations of Parent and Subsidiary to Effect the Merger. The obligations of Parent and Subsidiary to effect the Merger are, in addition to the conditions set forth in Section 8.1, further subject to the satisfaction or waiver by Parent at or prior to the Effective Time of the following conditions: (a) the representations and warranties of the Company contained in this Agreement shall be true and correct as of the Closing Date, except for those representations and warranties which are expressly made as of a specific date, which shall be true and correct as of such date only. (b) The representations and warranties of the Company set forth in Section 3.5 shall be true and correct in all material respects as of the date hereof and as of the Closing Date, except where the failure to be so true and correct would not reasonably be expected to have a Company Material Adverse Effect. (Page 102)
Choices: ","Fail","Answer the following multiple choice question. The last line of your response should be of the following format: 'ANSWER: $LETTER' (without quotes) where LETTER is one of {letters}. Think step by step before answering.

{question}

{choices}

Instruction: Read the segment of a merger agreement and answer the multiple-choice question by choosing the option that best characterizes the agreement.
Question: When are representations and warranties required to be made according to the bring down provision?
Option A: At Closing Only
Option B: At Signing & At Closing

Merger Agreement: Article 8.1 Conditions to Obligations of Buyer to Effect the Merger. The obligations of Buyer to effect the Merger are subject to the satisfaction or waiver by Buyer at or prior to the Effective Time of the following conditions: (a) the representations and warranties of the Seller contained in this Agreement shall be true and correct as of the date of this Agreement and as of the Closing Date, except for inaccuracies that would not, individually or in the aggregate, have a Seller Material Adverse Effect; provided that any representation and warranty made as of a specific date shall be true and correct as of such date. (Page 112)

Merger Agreement: Section 9.3 Additional Conditions to Obligations of Buyer. The obligations of Buyer to consummate the Merger are further subject to the satisfaction of the following conditions at or prior to the Closing Date: (i) the representations and warranties of the Seller set forth in Sections 4.1 and 4.2 shall be true and correct in all material respects as of the date hereof and as of the Closing Date, except where the failure to be so true and correct would not reasonably be expected to have a Seller Material Adverse Effect; and (ii) all other representations and warranties of the Seller contained in this Agreement shall be true and correct as of the Closing Date, except for such failures to be true and correct that would not, individually or in the aggregate, have a Seller Material Adverse Effect. (Page 114)
Choices: "
"55","Answer the following multiple choice question. The last line of your response should be of the following format: 'ANSWER: $LETTER' (without quotes) where LETTER is one of {letters}. Think step by step before answering.

{question}

{choices}

Instruction: Read the segment of a merger agreement and answer the multiple-choice question by choosing the option that best characterizes the agreement.
Question: When are representations and warranties required to be made according to the bring down provision?
Option A: At Closing Only
Option B: At Signing & At Closing

Merger Agreement: Section 8.3 Conditions to Obligations of Acquirer to Effect the Merger. The obligations of Acquirer to effect the Merger are subject to the satisfaction or waiver by Acquirer at or prior to the Effective Time of the following conditions: (a) each of the representations and warranties of the Target contained in this Agreement, without giving effect to any materiality or ""Target Material Adverse Effect"" or similar qualifications therein, shall be true and correct as of the Signing Date and as of the Closing Date, except for such failures to be true and correct as would not, individually or in the aggregate, have a Target Material Adverse Effect (except to the extent such representations and warranties are expressly made as of a specific date, in which case such representations and warranties shall be so true and correct as of such specific date only); (Page 72)

Merger Agreement: Section 8.4 Further Conditions to Obligations of Acquirer. In addition to the conditions set forth in Section 8.3, the obligations of Acquirer to consummate the Merger are subject to the following condition: (b) the representations and warranties of the Target set forth in Sections 3.1, 3.2, and 3.3 shall be true and correct in all respects as of the Signing Date and as of the Closing Date, as if made on and as of the Closing Date, except for such failures to be true and correct as would not, individually or in the aggregate, have a Target Material Adverse Effect. (Page 75)
Choices: ","Fail","Answer the following multiple choice question. The last line of your response should be of the following format: 'ANSWER: $LETTER' (without quotes) where LETTER is one of {letters}. Think step by step before answering.

{question}

{choices}

Instruction: Read the segment of a merger agreement and answer the multiple-choice question by choosing the option that best characterizes the agreement.
Question: When are representations and warranties required to be made according to the bring down provision?
Option A: At Closing Only
Option B: At Signing & At Closing

Merger Agreement: Article 8.1 Conditions to Obligations of Buyer to Effect the Merger. The obligations of Buyer to effect the Merger are subject to the satisfaction or waiver by Buyer at or prior to the Effective Time of the following conditions: (a) the representations and warranties of the Seller contained in this Agreement shall be true and correct as of the date of this Agreement and as of the Closing Date, except for inaccuracies that would not, individually or in the aggregate, have a Seller Material Adverse Effect; provided that any representation and warranty made as of a specific date shall be true and correct as of such date. (Page 112)

Merger Agreement: Section 9.3 Additional Conditions to Obligations of Buyer. The obligations of Buyer to consummate the Merger are further subject to the satisfaction of the following conditions at or prior to the Closing Date: (i) the representations and warranties of the Seller set forth in Sections 4.1 and 4.2 shall be true and correct in all material respects as of the date hereof and as of the Closing Date, except where the failure to be so true and correct would not reasonably be expected to have a Seller Material Adverse Effect; and (ii) all other representations and warranties of the Seller contained in this Agreement shall be true and correct as of the Closing Date, except for such failures to be true and correct that would not, individually or in the aggregate, have a Seller Material Adverse Effect. (Page 114)
Choices: "
"56","Answer the following multiple choice question. The last line of your response should be of the following format: 'ANSWER: $LETTER' (without quotes) where LETTER is one of {letters}. Think step by step before answering.

{question}

{choices}

Instruction: Read the segment of a merger agreement and answer the multiple-choice question by choosing the option that best characterizes the agreement.
Question: When are representations and warranties required to be made according to the bring down provision?
Option A: At Closing Only
Option B: At Signing & At Closing

Merger Agreement: Section 8.3 Conditions to Obligations of Acquirer to Effect the Merger. The obligations of Acquirer to effect the Merger are, in addition to the conditions set forth in Section 8.1, further subject to the satisfaction or (to the extent not prohibited by Law) waiver by Acquirer at or prior to the Effective Time of the following conditions: (a) each of the representations and warranties of the Target contained in this Agreement, without giving effect to any materiality or “Target Material Adverse Effect” or similar qualifications therein, shall be true and correct as of the Closing Date, except for such failures to be true and correct as would not, individually or in the aggregate, have a Target Material Adverse Effect (except to the extent such representations and warranties are expressly made as of a specific date, in which case such representations and warranties shall be so true and correct as of such specific date only); (b) the representations and warranties of the Target set forth in Section 3.5(a) and Section 3.9(b) shall be true and correct in all respects as of the date hereof and as of the Closing as though made as of the Closing, except where the failure to be so true and correct would not have a Material Adverse Effect. (Page 73)
Choices: ","Fail","Answer the following multiple choice question. The last line of your response should be of the following format: 'ANSWER: $LETTER' (without quotes) where LETTER is one of {letters}. Think step by step before answering.

{question}

{choices}

Instruction: Read the segment of a merger agreement and answer the multiple-choice question by choosing the option that best characterizes the agreement.
Question: When are representations and warranties required to be made according to the bring down provision?
Option A: At Closing Only
Option B: At Signing & At Closing

Merger Agreement: Article 8.1 Conditions to Obligations of Buyer to Effect the Merger. The obligations of Buyer to effect the Merger are subject to the satisfaction or waiver by Buyer at or prior to the Effective Time of the following conditions: (a) the representations and warranties of the Seller contained in this Agreement shall be true and correct as of the date of this Agreement and as of the Closing Date, except for inaccuracies that would not, individually or in the aggregate, have a Seller Material Adverse Effect; provided that any representation and warranty made as of a specific date shall be true and correct as of such date. (Page 112)

Merger Agreement: Section 9.3 Additional Conditions to Obligations of Buyer. The obligations of Buyer to consummate the Merger are further subject to the satisfaction of the following conditions at or prior to the Closing Date: (i) the representations and warranties of the Seller set forth in Sections 4.1 and 4.2 shall be true and correct in all material respects as of the date hereof and as of the Closing Date, except where the failure to be so true and correct would not reasonably be expected to have a Seller Material Adverse Effect; and (ii) all other representations and warranties of the Seller contained in this Agreement shall be true and correct as of the Closing Date, except for such failures to be true and correct that would not, individually or in the aggregate, have a Seller Material Adverse Effect. (Page 114)
Choices: "
"57","Answer the following multiple choice question. The last line of your response should be of the following format: 'ANSWER: $LETTER' (without quotes) where LETTER is one of {letters}. Think step by step before answering.

{question}

{choices}

Instruction: Read the segment of a merger agreement and answer the multiple-choice question by choosing the option that best characterizes the agreement.
Question: When are representations and warranties required to be made according to the bring down provision?
Option A: At Closing Only
Option B: At Signing & At Closing

Merger Agreement: Section 9.3 Conditions to Obligations of Acquirer and Merger Sub to Effect the Merger. The obligations of the Acquirer and Merger Sub to effect the Merger are, in addition to the conditions set forth in Section 9.2, subject to the satisfaction or waiver by Acquirer at or prior to the Effective Time of the following conditions: (a) each of the representations and warranties of the Target contained in this Agreement, without giving effect to any materiality or 'Target Material Adverse Effect' or similar qualifications therein, shall be true and correct as of the Closing Date, except for such failures to be true and correct as would not, individually or in the aggregate, have a Target Material Adverse Effect (except to the extent such representations and warranties are expressly made as of a specific date, in which case such representations and warranties shall be so true and correct as of such specific date only); (b) the representations and warranties set forth in Sections 4.2 and 4.5 shall be true and correct as of the date hereof and as of the Closing Date as if made as and on the Closing Date, except where the failure to be so true and correct would not have, individually or in the aggregate, a Target Material Adverse Effect. (Page 88)
Answer:
Choices: ","Fail","Answer the following multiple choice question. The last line of your response should be of the following format: 'ANSWER: $LETTER' (without quotes) where LETTER is one of {letters}. Think step by step before answering.

{question}

{choices}

Instruction: Read the segment of a merger agreement and answer the multiple-choice question by choosing the option that best characterizes the agreement.
Question: When are representations and warranties required to be made according to the bring down provision?
Option A: At Closing Only
Option B: At Signing & At Closing

Merger Agreement: Article 8.1 Conditions to Obligations of Buyer to Effect the Merger. The obligations of Buyer to effect the Merger are subject to the satisfaction or waiver by Buyer at or prior to the Effective Time of the following conditions: (a) the representations and warranties of the Seller contained in this Agreement shall be true and correct as of the date of this Agreement and as of the Closing Date, except for inaccuracies that would not, individually or in the aggregate, have a Seller Material Adverse Effect; provided that any representation and warranty made as of a specific date shall be true and correct as of such date. (Page 112)

Merger Agreement: Section 9.3 Additional Conditions to Obligations of Buyer. The obligations of Buyer to consummate the Merger are further subject to the satisfaction of the following conditions at or prior to the Closing Date: (i) the representations and warranties of the Seller set forth in Sections 4.1 and 4.2 shall be true and correct in all material respects as of the date hereof and as of the Closing Date, except where the failure to be so true and correct would not reasonably be expected to have a Seller Material Adverse Effect; and (ii) all other representations and warranties of the Seller contained in this Agreement shall be true and correct as of the Closing Date, except for such failures to be true and correct that would not, individually or in the aggregate, have a Seller Material Adverse Effect. (Page 114)
Choices: "
"58","Answer the following multiple choice question. The last line of your response should be of the following format: 'ANSWER: $LETTER' (without quotes) where LETTER is one of {letters}. Think step by step before answering.

{question}

{choices}

Instruction: Read the segment of a merger agreement and answer the multiple-choice question by choosing the option that best characterizes the agreement.
Question: When are representations and warranties required to be made according to the bring down provision?
Option A: At Closing Only
Option B: At Signing & At Closing

Merger Agreement: Section 8.1 Conditions to Obligations of Parent and Merger Sub to Effect the Merger. The obligations of Parent and Merger Sub to effect the Merger are, in addition to the conditions set forth in Section 8.2, further subject to the satisfaction or waiver by Parent at or prior to the Effective Time of the following conditions: (a) each of the representations and warranties of the Company contained in this Agreement shall be true and correct as of the Closing Date, except for such failures to be true and correct as would not have a Material Adverse Effect, except to the extent such representations and warranties are expressly made as of a specific date, in which case they shall be true and correct as of such specific date only. (Page 72)

Merger Agreement: Section 9.3 Conditions to Obligations of Parent. The obligations of Parent to effect the Merger are further subject to the satisfaction or waiver by Parent at or prior to the Effective Time of the following conditions: (a) Representations and Warranties. (i) The representations and warranties of the Company set forth in this Agreement shall be true and correct in all respects as of the date of this Agreement and as of the Closing Date as though made at and as of the Closing Date, except where the failure to be true and correct would not have a Material Adverse Effect. (Page 95)
Choices: ","Fail","Answer the following multiple choice question. The last line of your response should be of the following format: 'ANSWER: $LETTER' (without quotes) where LETTER is one of {letters}. Think step by step before answering.

{question}

{choices}

Instruction: Read the segment of a merger agreement and answer the multiple-choice question by choosing the option that best characterizes the agreement.
Question: When are representations and warranties required to be made according to the bring down provision?
Option A: At Closing Only
Option B: At Signing & At Closing

Merger Agreement: Article 8.1 Conditions to Obligations of Buyer to Effect the Merger. The obligations of Buyer to effect the Merger are subject to the satisfaction or waiver by Buyer at or prior to the Effective Time of the following conditions: (a) the representations and warranties of the Seller contained in this Agreement shall be true and correct as of the date of this Agreement and as of the Closing Date, except for inaccuracies that would not, individually or in the aggregate, have a Seller Material Adverse Effect; provided that any representation and warranty made as of a specific date shall be true and correct as of such date. (Page 112)

Merger Agreement: Section 9.3 Additional Conditions to Obligations of Buyer. The obligations of Buyer to consummate the Merger are further subject to the satisfaction of the following conditions at or prior to the Closing Date: (i) the representations and warranties of the Seller set forth in Sections 4.1 and 4.2 shall be true and correct in all material respects as of the date hereof and as of the Closing Date, except where the failure to be so true and correct would not reasonably be expected to have a Seller Material Adverse Effect; and (ii) all other representations and warranties of the Seller contained in this Agreement shall be true and correct as of the Closing Date, except for such failures to be true and correct that would not, individually or in the aggregate, have a Seller Material Adverse Effect. (Page 114)
Choices: "
"59","Answer the following multiple choice question. The last line of your response should be of the following format: 'ANSWER: $LETTER' (without quotes) where LETTER is one of {letters}. Think step by step before answering.

{question}

{choices}

Instruction: Read the segment of a merger agreement and answer the multiple-choice question by choosing the option that best characterizes the agreement.
Question: When are representations and warranties required to be made according to the bring down provision?
Option A: At Closing Only
Option B: At Signing & At Closing

Merger Agreement: Section 8.4 Conditions to Obligations of Buyer to Effect the Acquisition. The obligations of Buyer to effect the Acquisition are, in addition to the conditions set forth in Section 8.3, further subject to the satisfaction or (to the extent not prohibited by Law) waiver by Buyer at or prior to the Effective Time of the following conditions: (a) the representations and warranties of the Seller set forth in Sections 4.1, 4.2, and 4.3 shall be true and correct in all material respects as of the date of this Agreement and as of the Closing Date as though made on and as of the Closing Date, except where the failure to be so true and correct would not have a Material Adverse Effect. However, the representations and warranties in Section 4.4 are required to be true and correct as of the Signing Date only. (Page 72)

Merger Agreement: Section 9.5 Conditions to Obligations of Seller to Effect the Acquisition. The obligations of Seller to effect the Acquisition are subject to the satisfaction or waiver by Seller at or prior to the Effective Time of the following conditions: (b) the representations and warranties of the Buyer set forth in Sections 5.1 and 5.2 shall be true and correct as of the date of this Agreement and as of the Closing Date as though made on and as of the Closing Date, and the representations and warranties in Section 5.3 shall be true and correct as of the Signing Date only. (Page 85)
Answer:
Choices: ","Fail","Answer the following multiple choice question. The last line of your response should be of the following format: 'ANSWER: $LETTER' (without quotes) where LETTER is one of {letters}. Think step by step before answering.

{question}

{choices}

Instruction: Read the segment of a merger agreement and answer the multiple-choice question by choosing the option that best characterizes the agreement.
Question: When are representations and warranties required to be made according to the bring down provision?
Option A: At Closing Only
Option B: At Signing & At Closing

Merger Agreement: Article 8.1 Conditions to Obligations of Buyer to Effect the Merger. The obligations of Buyer to effect the Merger are subject to the satisfaction or waiver by Buyer at or prior to the Effective Time of the following conditions: (a) the representations and warranties of the Seller contained in this Agreement shall be true and correct as of the date of this Agreement and as of the Closing Date, except for inaccuracies that would not, individually or in the aggregate, have a Seller Material Adverse Effect; provided that any representation and warranty made as of a specific date shall be true and correct as of such date. (Page 112)

Merger Agreement: Section 9.3 Additional Conditions to Obligations of Buyer. The obligations of Buyer to consummate the Merger are further subject to the satisfaction of the following conditions at or prior to the Closing Date: (i) the representations and warranties of the Seller set forth in Sections 4.1 and 4.2 shall be true and correct in all material respects as of the date hereof and as of the Closing Date, except where the failure to be so true and correct would not reasonably be expected to have a Seller Material Adverse Effect; and (ii) all other representations and warranties of the Seller contained in this Agreement shall be true and correct as of the Closing Date, except for such failures to be true and correct that would not, individually or in the aggregate, have a Seller Material Adverse Effect. (Page 114)
Choices: "
"60","Answer the following multiple choice question. The last line of your response should be of the following format: 'ANSWER: $LETTER' (without quotes) where LETTER is one of {letters}. Think step by step before answering.

{question}

{choices}

Instruction: Read the segment of a merger agreement and answer the multiple-choice question by choosing the option that best characterizes the agreement.
Question: When are representations and warranties required to be made according to the bring down provision?
Option A: At Closing Only
Option B: At Signing & At Closing

Merger Agreement: Section 8.1 Conditions to Obligations of Buyer to Effect the Acquisition. The obligations of Buyer to effect the Acquisition are, in addition to the conditions set forth in Section 8.0, further subject to the satisfaction or (to the extent not prohibited by Law) waiver by Buyer prior to the Effective Time of the following conditions: (a) each of the representations and warranties of the Seller contained in this Agreement, without giving effect to any materiality or ""Seller Material Adverse Effect"" or similar qualifications therein, shall be true and correct as of the Closing Date, except for such failures to be true and correct as would not, individually or in the aggregate, have a Seller Material Adverse Effect (except to the extent such representations and warranties are expressly made as of a specific date, in which case such representations and warranties shall be so true and correct as of such specific date only); (Page 75)

Merger Agreement: Article 9. Conditions Precedent to the Obligations of the Parties. <omitted> (b) The representations and warranties of the Company set forth in this Agreement shall have been true and accurate in all respects at and as of the date hereof and shall be true and accurate in all respects at and as of the Closing Date as if made at and as of such time (Pages 78-79)

Merger Agreement: Section 10.2 Conditions to Obligations of the Acquirer. The obligations of the Acquirer to effect the Merger are, in addition to the conditions set forth in Section 10.1, further subject to the satisfaction or (to the extent not prohibited by Law) waiver by Acquirer at or prior to the Effective Time of the following conditions: (a) Representations and Warranties. The representations and warranties of the Target set forth in this Agreement shall be true and correct in all respects (without giving effect to any limitation indicated by the words ""Target Material Adverse Effect,"" ""in all material respects,"" ""in any material respect,"" ""material,"" or ""materially"") when made and on and as of the Closing Date, as if made on and as of such date (except those representations and warranties that address matters only as of a particular date, which shall be true and correct in all respects as of that date), except where the failure of such representations and warranties to be so true and correct would not reasonably be expected to have, individually or in the aggregate, a Target Material Adverse Effect; (Page 102)
Answer:
Choices: ","Fail","Answer the following multiple choice question. The last line of your response should be of the following format: 'ANSWER: $LETTER' (without quotes) where LETTER is one of {letters}. Think step by step before answering.

{question}

{choices}

Instruction: Read the segment of a merger agreement and answer the multiple-choice question by choosing the option that best characterizes the agreement.
Question: When are representations and warranties required to be made according to the bring down provision?
Option A: At Closing Only
Option B: At Signing & At Closing

Merger Agreement: Article 8.1 Conditions to Obligations of Buyer to Effect the Merger. The obligations of Buyer to effect the Merger are subject to the satisfaction or waiver by Buyer at or prior to the Effective Time of the following conditions: (a) the representations and warranties of the Seller contained in this Agreement shall be true and correct as of the date of this Agreement and as of the Closing Date, except for inaccuracies that would not, individually or in the aggregate, have a Seller Material Adverse Effect; provided that any representation and warranty made as of a specific date shall be true and correct as of such date. (Page 112)

Merger Agreement: Section 9.3 Additional Conditions to Obligations of Buyer. The obligations of Buyer to consummate the Merger are further subject to the satisfaction of the following conditions at or prior to the Closing Date: (i) the representations and warranties of the Seller set forth in Sections 4.1 and 4.2 shall be true and correct in all material respects as of the date hereof and as of the Closing Date, except where the failure to be so true and correct would not reasonably be expected to have a Seller Material Adverse Effect; and (ii) all other representations and warranties of the Seller contained in this Agreement shall be true and correct as of the Closing Date, except for such failures to be true and correct that would not, individually or in the aggregate, have a Seller Material Adverse Effect. (Page 114)
Choices: "
"61","Answer the following multiple choice question. The last line of your response should be of the following format: 'ANSWER: $LETTER' (without quotes) where LETTER is one of {letters}. Think step by step before answering.

{question}

{choices}

Instruction: Read the segment of a merger agreement and answer the multiple-choice question by choosing the option that best characterizes the agreement.
Question: When are representations and warranties required to be made according to the bring down provision?
Option A: At Closing Only
Option B: At Signing & At Closing

Merger Agreement: Section 8.3 Conditions to Obligations of Buyer to Effect the Merger. The obligations of Buyer to complete the Merger are subject to the fulfillment, at or prior to the Effective Time, of the following conditions: (a) Representations and Warranties. The representations and warranties of Seller set forth in this Agreement, other than those set forth in Sections 4.3(a), 4.5, and 4.7, shall be true and correct in all respects as of the date of this Agreement and as of the Closing Date as though made on and as of the Closing Date (except to the extent such representations and warranties speak as of an earlier date, in which case such representations and warranties shall be true and correct as of such earlier date only). Additionally, the representations and warranties set forth in Section 4.3(a) shall be true and correct as of the Signing Date and as of the Closing Date, except for de minimis inaccuracies. (Page 82)
Choices: ","Fail","Answer the following multiple choice question. The last line of your response should be of the following format: 'ANSWER: $LETTER' (without quotes) where LETTER is one of {letters}. Think step by step before answering.

{question}

{choices}

Instruction: Read the segment of a merger agreement and answer the multiple-choice question by choosing the option that best characterizes the agreement.
Question: When are representations and warranties required to be made according to the bring down provision?
Option A: At Closing Only
Option B: At Signing & At Closing

Merger Agreement: Article 8.1 Conditions to Obligations of Buyer to Effect the Merger. The obligations of Buyer to effect the Merger are subject to the satisfaction or waiver by Buyer at or prior to the Effective Time of the following conditions: (a) the representations and warranties of the Seller contained in this Agreement shall be true and correct as of the date of this Agreement and as of the Closing Date, except for inaccuracies that would not, individually or in the aggregate, have a Seller Material Adverse Effect; provided that any representation and warranty made as of a specific date shall be true and correct as of such date. (Page 112)

Merger Agreement: Section 9.3 Additional Conditions to Obligations of Buyer. The obligations of Buyer to consummate the Merger are further subject to the satisfaction of the following conditions at or prior to the Closing Date: (i) the representations and warranties of the Seller set forth in Sections 4.1 and 4.2 shall be true and correct in all material respects as of the date hereof and as of the Closing Date, except where the failure to be so true and correct would not reasonably be expected to have a Seller Material Adverse Effect; and (ii) all other representations and warranties of the Seller contained in this Agreement shall be true and correct as of the Closing Date, except for such failures to be true and correct that would not, individually or in the aggregate, have a Seller Material Adverse Effect. (Page 114)
Choices: "
"62","Answer the following multiple choice question. The last line of your response should be of the following format: 'ANSWER: $LETTER' (without quotes) where LETTER is one of {letters}. Think step by step before answering.

{question}

{choices}

Instruction: Read the segment of a merger agreement and answer the multiple-choice question by choosing the option that best characterizes the agreement.
Question: When are representations and warranties required to be made according to the bring down provision?
Option A: At Closing Only
Option B: At Signing & At Closing

Merger Agreement: Section 8.3 Conditions to Obligations of Parent and Subsidiary to Effect the Merger. The obligations of Parent and Subsidiary to effect the Merger are, in addition to the conditions set forth in Section 8.2, further subject to the satisfaction or (to the extent not prohibited by Law) waiver by Parent at or prior to the Effective Time of the following conditions: (a) each of the representations and warranties of the Company contained in this Agreement, without giving effect to any materiality or 'Company Material Adverse Effect' or similar qualifications therein, shall be true and correct as of the Closing Date, except for such failures to be true and correct as would not, individually or in the aggregate, have a Company Material Adverse Effect (except to the extent such representations and warranties are expressly made as of a specific date, in which case such representations and warranties shall be so true and correct as of such specific date only); (b) notwithstanding the foregoing, the representations and warranties set forth in Sections 4.1, 4.2, and 4.3 shall be true and correct as of the date of this Agreement and as of the Closing Date as though made as of the Closing (Page 73)
Choices: ","Fail","Answer the following multiple choice question. The last line of your response should be of the following format: 'ANSWER: $LETTER' (without quotes) where LETTER is one of {letters}. Think step by step before answering.

{question}

{choices}

Instruction: Read the segment of a merger agreement and answer the multiple-choice question by choosing the option that best characterizes the agreement.
Question: When are representations and warranties required to be made according to the bring down provision?
Option A: At Closing Only
Option B: At Signing & At Closing

Merger Agreement: Article 8.1 Conditions to Obligations of Buyer to Effect the Merger. The obligations of Buyer to effect the Merger are subject to the satisfaction or waiver by Buyer at or prior to the Effective Time of the following conditions: (a) the representations and warranties of the Seller contained in this Agreement shall be true and correct as of the date of this Agreement and as of the Closing Date, except for inaccuracies that would not, individually or in the aggregate, have a Seller Material Adverse Effect; provided that any representation and warranty made as of a specific date shall be true and correct as of such date. (Page 112)

Merger Agreement: Section 9.3 Additional Conditions to Obligations of Buyer. The obligations of Buyer to consummate the Merger are further subject to the satisfaction of the following conditions at or prior to the Closing Date: (i) the representations and warranties of the Seller set forth in Sections 4.1 and 4.2 shall be true and correct in all material respects as of the date hereof and as of the Closing Date, except where the failure to be so true and correct would not reasonably be expected to have a Seller Material Adverse Effect; and (ii) all other representations and warranties of the Seller contained in this Agreement shall be true and correct as of the Closing Date, except for such failures to be true and correct that would not, individually or in the aggregate, have a Seller Material Adverse Effect. (Page 114)
Choices: "
"63","Answer the following multiple choice question. The last line of your response should be of the following format: 'ANSWER: $LETTER' (without quotes) where LETTER is one of {letters}. Think step by step before answering.

{question}

{choices}

Instruction: Read the segment of a merger agreement and answer the multiple-choice question by choosing the option that best characterizes the agreement.
Question: When are representations and warranties required to be made according to the bring down provision?
Option A: At Closing Only
Option B: At Signing & At Closing

Merger Agreement: Section 8.1 Conditions to Obligations of Acquirer to Effect the Transaction. The obligations of Acquirer to effect the Transaction are, in addition to the conditions set forth in Section 8.0, further subject to the satisfaction or (to the extent not prohibited by Law) waiver by Acquirer at or prior to the Effective Time of the following conditions: (a) each of the representations and warranties of the Target contained in this Agreement, without giving effect to any materiality or 'Target Material Adverse Effect' or similar qualifications therein, shall be true and correct as of the Closing Date, except for such failures to be true and correct as would not, individually or in the aggregate, have a Target Material Adverse Effect (except to the extent such representations and warranties are expressly made as of a specific date, in which case such representations and warranties shall be so true and correct as of such specific date only); (b) the representations and warranties of the Target set forth in Sections 3.2, 3.4(a), and 3.6(b) shall be true and correct in all respects as of the Signing Date, as though made on and as of the Signing Date (Page 75)
Answer:
Choices: ","Fail","Answer the following multiple choice question. The last line of your response should be of the following format: 'ANSWER: $LETTER' (without quotes) where LETTER is one of {letters}. Think step by step before answering.

{question}

{choices}

Instruction: Read the segment of a merger agreement and answer the multiple-choice question by choosing the option that best characterizes the agreement.
Question: When are representations and warranties required to be made according to the bring down provision?
Option A: At Closing Only
Option B: At Signing & At Closing

Merger Agreement: Article 8.1 Conditions to Obligations of Buyer to Effect the Merger. The obligations of Buyer to effect the Merger are subject to the satisfaction or waiver by Buyer at or prior to the Effective Time of the following conditions: (a) the representations and warranties of the Seller contained in this Agreement shall be true and correct as of the date of this Agreement and as of the Closing Date, except for inaccuracies that would not, individually or in the aggregate, have a Seller Material Adverse Effect; provided that any representation and warranty made as of a specific date shall be true and correct as of such date. (Page 112)

Merger Agreement: Section 9.3 Additional Conditions to Obligations of Buyer. The obligations of Buyer to consummate the Merger are further subject to the satisfaction of the following conditions at or prior to the Closing Date: (i) the representations and warranties of the Seller set forth in Sections 4.1 and 4.2 shall be true and correct in all material respects as of the date hereof and as of the Closing Date, except where the failure to be so true and correct would not reasonably be expected to have a Seller Material Adverse Effect; and (ii) all other representations and warranties of the Seller contained in this Agreement shall be true and correct as of the Closing Date, except for such failures to be true and correct that would not, individually or in the aggregate, have a Seller Material Adverse Effect. (Page 114)
Choices: "
"64","Answer the following multiple choice question. The last line of your response should be of the following format: 'ANSWER: $LETTER' (without quotes) where LETTER is one of {letters}. Think step by step before answering.

{question}

{choices}

Instruction: Read the segment of a merger agreement and answer the multiple-choice question by choosing the option that best characterizes the agreement.
Question: When are representations and warranties required to be made according to the bring down provision?
Option A: At Closing Only
Option B: At Signing & At Closing

Merger Agreement: Section 8.3 Conditions to Obligations of Parent and Merger Sub to Effect the Merger. The obligations of Parent and Merger Sub to effect the Merger are, in addition to the conditions set forth in Section 8.2, further subject to the satisfaction or waiver by Parent at or prior to the Effective Time of the following conditions: (a) each of the representations and warranties of the Company contained in this Agreement, without giving effect to any materiality or 'Company Material Adverse Effect' or similar qualifications therein, shall be true and correct as of the Closing Date, except for such failures to be true and correct as would not, individually or in the aggregate, have a Company Material Adverse Effect (except to the extent such representations and warranties are expressly made as of a specific date, in which case such representations and warranties shall be true and correct as of such specific date only); (Page 72)

Merger Agreement: (b) Additional Conditions to Obligation of Parent and Merger Sub. The obligation of Parent and Merger Sub to effect the Merger is further subject to the satisfaction (or waiver by Parent and Merger Sub) of the following conditions: (i) the representations and warranties of the Company set forth in Article 4 shall be true and correct (without giving effect to any materiality, Company Material Adverse Effect or similar qualifications set forth therein) at and as of the date hereof and at and as of the Closing Date as if made at and as of such time (except to the extent that any such representation and warranty expressly speaks as of an earlier date, in which case such representation and warranty will be true and correct as of such earlier date), except for such failures to be true and correct that would not reasonably be expected to have a Company Material Adverse Effect. (Page 89)
Answer:
Choices: ","Fail","Answer the following multiple choice question. The last line of your response should be of the following format: 'ANSWER: $LETTER' (without quotes) where LETTER is one of {letters}. Think step by step before answering.

{question}

{choices}

Instruction: Read the segment of a merger agreement and answer the multiple-choice question by choosing the option that best characterizes the agreement.
Question: When are representations and warranties required to be made according to the bring down provision?
Option A: At Closing Only
Option B: At Signing & At Closing

Merger Agreement: Article 8.1 Conditions to Obligations of Buyer to Effect the Merger. The obligations of Buyer to effect the Merger are subject to the satisfaction or waiver by Buyer at or prior to the Effective Time of the following conditions: (a) the representations and warranties of the Seller contained in this Agreement shall be true and correct as of the date of this Agreement and as of the Closing Date, except for inaccuracies that would not, individually or in the aggregate, have a Seller Material Adverse Effect; provided that any representation and warranty made as of a specific date shall be true and correct as of such date. (Page 112)

Merger Agreement: Section 9.3 Additional Conditions to Obligations of Buyer. The obligations of Buyer to consummate the Merger are further subject to the satisfaction of the following conditions at or prior to the Closing Date: (i) the representations and warranties of the Seller set forth in Sections 4.1 and 4.2 shall be true and correct in all material respects as of the date hereof and as of the Closing Date, except where the failure to be so true and correct would not reasonably be expected to have a Seller Material Adverse Effect; and (ii) all other representations and warranties of the Seller contained in this Agreement shall be true and correct as of the Closing Date, except for such failures to be true and correct that would not, individually or in the aggregate, have a Seller Material Adverse Effect. (Page 114)
Choices: "
"65","Answer the following multiple choice question. The last line of your response should be of the following format: 'ANSWER: $LETTER' (without quotes) where LETTER is one of {letters}. Think step by step before answering.

{question}

{choices}

Instruction: Read the segment of a merger agreement and answer the multiple-choice question by choosing the option that best characterizes the agreement.
Question: When are representations and warranties required to be made according to the bring down provision?
Option A: At Closing Only
Option B: At Signing & At Closing

Merger Agreement: Section 8.4 Conditions to Obligations of Acquirer and Merger Sub to Effect the Merger. The obligations of Acquirer and Merger Sub to effect the Merger are, in addition to the conditions set forth in Section 8.3, further subject to the satisfaction or (to the extent not prohibited by Law) waiver by Acquirer at or prior to the Effective Time of the following conditions: (a) each of the representations and warranties of the Target contained in this Agreement, without giving effect to any materiality or “Target Material Adverse Effect” or similar qualifications therein, shall be true and correct as of the Signing Date and as of the Closing Date, except for such failures to be true and correct as would not, individually or in the aggregate, have a Target Material Adverse Effect (except to the extent such representations and warranties are expressly made as of a specific date, in which case such representations and warranties shall be so true and correct as of such specific date only); (Page 72)

Merger Agreement: SECTION 8.04. Conditions to Obligations of Acquirer and Merger Sub. The obligations of Acquirer and Merger Sub to effect the Merger are further subject to the satisfaction (or waiver by Acquirer and Merger Sub) on or prior to the Closing Date of the following conditions: (a) Representations and Warranties of the Target. The representations and warranties of the Target (i) set forth in Sections 4.1 and 4.2 shall be true and correct as of the Signing Date, and (ii) set forth in Section 4.3 shall be true and correct as of the Closing Date, in each case with the same effect as though made on and as of such date (except to the extent such representation and warranty expressly relates to a specified date, in which case at and as of such specified date), other than for such failures to be true and correct that have not had and would not reasonably be expected to have, individually or in the aggregate, a Target Material Adverse Effect; (Page 85)
Choices: ","Fail","Answer the following multiple choice question. The last line of your response should be of the following format: 'ANSWER: $LETTER' (without quotes) where LETTER is one of {letters}. Think step by step before answering.

{question}

{choices}

Instruction: Read the segment of a merger agreement and answer the multiple-choice question by choosing the option that best characterizes the agreement.
Question: When are representations and warranties required to be made according to the bring down provision?
Option A: At Closing Only
Option B: At Signing & At Closing

Merger Agreement: Article 8.1 Conditions to Obligations of Buyer to Effect the Merger. The obligations of Buyer to effect the Merger are subject to the satisfaction or waiver by Buyer at or prior to the Effective Time of the following conditions: (a) the representations and warranties of the Seller contained in this Agreement shall be true and correct as of the date of this Agreement and as of the Closing Date, except for inaccuracies that would not, individually or in the aggregate, have a Seller Material Adverse Effect; provided that any representation and warranty made as of a specific date shall be true and correct as of such date. (Page 112)

Merger Agreement: Section 9.3 Additional Conditions to Obligations of Buyer. The obligations of Buyer to consummate the Merger are further subject to the satisfaction of the following conditions at or prior to the Closing Date: (i) the representations and warranties of the Seller set forth in Sections 4.1 and 4.2 shall be true and correct in all material respects as of the date hereof and as of the Closing Date, except where the failure to be so true and correct would not reasonably be expected to have a Seller Material Adverse Effect; and (ii) all other representations and warranties of the Seller contained in this Agreement shall be true and correct as of the Closing Date, except for such failures to be true and correct that would not, individually or in the aggregate, have a Seller Material Adverse Effect. (Page 114)
Choices: "
"66","Answer the following multiple choice question. The last line of your response should be of the following format: 'ANSWER: $LETTER' (without quotes) where LETTER is one of {letters}. Think step by step before answering.

{question}

{choices}

Instruction: Read the segment of a merger agreement and answer the multiple-choice question by choosing the option that best characterizes the agreement.
Question: When are representations and warranties required to be made according to the bring down provision?
Option A: At Closing Only
Option B: At Signing & At Closing

Merger Agreement: Section 8.4 Conditions to Obligations of Buyer to Effect the Merger. The obligations of Buyer to effect the Merger are, in addition to the conditions set forth in Section 8.3, further subject to the satisfaction or (to the extent not prohibited by Law) waiver by Buyer at or prior to the Effective Time of the following conditions: (a) each of the representations and warranties of the Seller contained in this Agreement, without giving effect to any materiality or ""Seller Material Adverse Effect"" or similar qualifications therein, shall be true and correct as of the Closing Date, except for such failures to be true and correct as would not, individually or in the aggregate, have a Seller Material Adverse Effect (except to the extent such representations and warranties are expressly made as of a specific date, in which case such representations and warranties shall be so true and correct as of such specific date only); (b) critical representations and warranties, including those related to ownership of assets and compliance with laws, shall be true and correct in all respects as of the date of this Agreement and as of the Closing Date as if made on and as of the Closing Date (Page 102)
Answer:
Choices: ","Fail","Answer the following multiple choice question. The last line of your response should be of the following format: 'ANSWER: $LETTER' (without quotes) where LETTER is one of {letters}. Think step by step before answering.

{question}

{choices}

Instruction: Read the segment of a merger agreement and answer the multiple-choice question by choosing the option that best characterizes the agreement.
Question: When are representations and warranties required to be made according to the bring down provision?
Option A: At Closing Only
Option B: At Signing & At Closing

Merger Agreement: Article 8.1 Conditions to Obligations of Buyer to Effect the Merger. The obligations of Buyer to effect the Merger are subject to the satisfaction or waiver by Buyer at or prior to the Effective Time of the following conditions: (a) the representations and warranties of the Seller contained in this Agreement shall be true and correct as of the date of this Agreement and as of the Closing Date, except for inaccuracies that would not, individually or in the aggregate, have a Seller Material Adverse Effect; provided that any representation and warranty made as of a specific date shall be true and correct as of such date. (Page 112)

Merger Agreement: Section 9.3 Additional Conditions to Obligations of Buyer. The obligations of Buyer to consummate the Merger are further subject to the satisfaction of the following conditions at or prior to the Closing Date: (i) the representations and warranties of the Seller set forth in Sections 4.1 and 4.2 shall be true and correct in all material respects as of the date hereof and as of the Closing Date, except where the failure to be so true and correct would not reasonably be expected to have a Seller Material Adverse Effect; and (ii) all other representations and warranties of the Seller contained in this Agreement shall be true and correct as of the Closing Date, except for such failures to be true and correct that would not, individually or in the aggregate, have a Seller Material Adverse Effect. (Page 114)
Choices: "
"67","Answer the following multiple choice question. The last line of your response should be of the following format: 'ANSWER: $LETTER' (without quotes) where LETTER is one of {letters}. Think step by step before answering.

{question}

{choices}

Instruction: Read the segment of a merger agreement and answer the multiple-choice question by choosing the option that best characterizes the agreement.
Question: When are representations and warranties required to be made according to the bring down provision?
Option A: At Closing Only
Option B: At Signing & At Closing

Merger Agreement: Section 8.3 Conditions to Obligations of Parent and Merger Sub. The obligations of Parent and MergerSub to effect the Merger are further subject to the satisfaction or waiver by Parent at or prior to the Effective Time of the following conditions: (a) each of the representations and warranties of the Company contained in this Agreement shall be true and correct as of the Closing Date, except where the failure to be true and correct would not have a Material Adverse Effect (except to the extent such representations and warranties are expressly made as of a specific date, in which case they shall be true and correct as of such specific date only); (b) the representations and warranties of the Company contained in Sections 4.1 and 4.2 shall be true and correct in all respects as of the date of this Agreement and as of the Closing Date as though made on and as of the Closing Date (Page 88)
Answer:
Choices: ","Fail","Answer the following multiple choice question. The last line of your response should be of the following format: 'ANSWER: $LETTER' (without quotes) where LETTER is one of {letters}. Think step by step before answering.

{question}

{choices}

Instruction: Read the segment of a merger agreement and answer the multiple-choice question by choosing the option that best characterizes the agreement.
Question: When are representations and warranties required to be made according to the bring down provision?
Option A: At Closing Only
Option B: At Signing & At Closing

Merger Agreement: Article 8.1 Conditions to Obligations of Buyer to Effect the Merger. The obligations of Buyer to effect the Merger are subject to the satisfaction or waiver by Buyer at or prior to the Effective Time of the following conditions: (a) the representations and warranties of the Seller contained in this Agreement shall be true and correct as of the date of this Agreement and as of the Closing Date, except for inaccuracies that would not, individually or in the aggregate, have a Seller Material Adverse Effect; provided that any representation and warranty made as of a specific date shall be true and correct as of such date. (Page 112)

Merger Agreement: Section 9.3 Additional Conditions to Obligations of Buyer. The obligations of Buyer to consummate the Merger are further subject to the satisfaction of the following conditions at or prior to the Closing Date: (i) the representations and warranties of the Seller set forth in Sections 4.1 and 4.2 shall be true and correct in all material respects as of the date hereof and as of the Closing Date, except where the failure to be so true and correct would not reasonably be expected to have a Seller Material Adverse Effect; and (ii) all other representations and warranties of the Seller contained in this Agreement shall be true and correct as of the Closing Date, except for such failures to be true and correct that would not, individually or in the aggregate, have a Seller Material Adverse Effect. (Page 114)
Choices: "
"68","Answer the following multiple choice question. The last line of your response should be of the following format: 'ANSWER: $LETTER' (without quotes) where LETTER is one of {letters}. Think step by step before answering.

{question}

{choices}

Instruction: Read the segment of a merger agreement and answer the multiple-choice question by choosing the option that best characterizes the agreement.
Question: When are representations and warranties required to be made according to the bring down provision?
Option A: At Closing Only
Option B: At Signing & At Closing

Merger Agreement: Section 8.3 Conditions to Obligations of Buyer to Effect the Merger. The obligations of Buyer to effect the Merger are further subject to the satisfaction or (to the extent not prohibited by Law) waiver by Buyer at or prior to the Effective Time of the following conditions: (a) each of the representations and warranties of the Seller contained in this Agreement, without giving effect to any materiality or 'Material Adverse Effect' or similar qualifications therein, shall be true and correct as of the Signing Date and as of the Closing Date, except for such failures to be true and correct as would not, individually or in the aggregate, have a Material Adverse Effect (except to the extent such representations and warranties are expressly made as of a specific date, in which case such representations and warranties shall be true and correct as of such specific date only); (Page 72)

Merger Agreement: Section 10.01 Conditions to the Obligations of Buyer and Seller. The obligations of Buyer and Seller to consummate the Merger are subject to the satisfaction or waiver of the following additional conditions: (i) the representations and warranties of the Seller contained in this Agreement (disregarding all materiality and Material Adverse Effect qualifications contained therein) shall be true in all respects at and as of the date of this Agreement and the Closing Date as if made at and as of such times (other than representations and warranties that by their terms address matters only as of another specified time, which shall be so true only as of such time), with only such exceptions in the case of this clause (i) as have not had and would not reasonably be expected to have, individually or in the aggregate, a Material Adverse Effect; (Page 95)
Choices: ","Fail","Answer the following multiple choice question. The last line of your response should be of the following format: 'ANSWER: $LETTER' (without quotes) where LETTER is one of {letters}. Think step by step before answering.

{question}

{choices}

Instruction: Read the segment of a merger agreement and answer the multiple-choice question by choosing the option that best characterizes the agreement.
Question: When are representations and warranties required to be made according to the bring down provision?
Option A: At Closing Only
Option B: At Signing & At Closing

Merger Agreement: Article 8.1 Conditions to Obligations of Buyer to Effect the Merger. The obligations of Buyer to effect the Merger are subject to the satisfaction or waiver by Buyer at or prior to the Effective Time of the following conditions: (a) the representations and warranties of the Seller contained in this Agreement shall be true and correct as of the date of this Agreement and as of the Closing Date, except for inaccuracies that would not, individually or in the aggregate, have a Seller Material Adverse Effect; provided that any representation and warranty made as of a specific date shall be true and correct as of such date. (Page 112)

Merger Agreement: Section 9.3 Additional Conditions to Obligations of Buyer. The obligations of Buyer to consummate the Merger are further subject to the satisfaction of the following conditions at or prior to the Closing Date: (i) the representations and warranties of the Seller set forth in Sections 4.1 and 4.2 shall be true and correct in all material respects as of the date hereof and as of the Closing Date, except where the failure to be so true and correct would not reasonably be expected to have a Seller Material Adverse Effect; and (ii) all other representations and warranties of the Seller contained in this Agreement shall be true and correct as of the Closing Date, except for such failures to be true and correct that would not, individually or in the aggregate, have a Seller Material Adverse Effect. (Page 114)
Choices: "
"69","Answer the following multiple choice question. The last line of your response should be of the following format: 'ANSWER: $LETTER' (without quotes) where LETTER is one of {letters}. Think step by step before answering.

{question}

{choices}

Instruction: Read the segment of a merger agreement and answer the multiple-choice question by choosing the option that best characterizes the agreement.
Question: When are representations and warranties required to be made according to the bring down provision?
Option A: At Closing Only
Option B: At Signing & At Closing

Merger Agreement: Section 8.3 Conditions to Obligations of Parent and Merger Sub to Effect the Merger. The obligations of Parent and Merger Sub to effect the Merger are subject to the satisfaction (or waiver by Parent, if not prohibited by Law) at or prior to the Effective Time of the following conditions: (a) Representations and Warranties. (i) The representations and warranties of the Company set forth in Article V shall be true and correct as of the date of this Agreement and as of the Closing Date, as though made on and as of the Closing Date, except for those representations and warranties that expressly relate to a specific date, which shall be true and correct as of such date. However, any inaccuracies in such representations and warranties will be disregarded if the circumstances giving rise to such inaccuracies would not reasonably be expected to have, individually or in the aggregate, a Material Adverse Effect. (ii) The representations and warranties set forth in Sections 5.1(a), 5.1(b), and 5.3 shall be true and correct in all material respects as of the date of this Agreement and as of the Closing Date as though made on and as of the Closing Date, except where the failure to be so true and correct would not have a material adverse effect on the ability of the Company to consummate the transaction contemplated by this Agreement. (Page 92)
Choices: ","Fail","Answer the following multiple choice question. The last line of your response should be of the following format: 'ANSWER: $LETTER' (without quotes) where LETTER is one of {letters}. Think step by step before answering.

{question}

{choices}

Instruction: Read the segment of a merger agreement and answer the multiple-choice question by choosing the option that best characterizes the agreement.
Question: When are representations and warranties required to be made according to the bring down provision?
Option A: At Closing Only
Option B: At Signing & At Closing

Merger Agreement: Article 8.1 Conditions to Obligations of Buyer to Effect the Merger. The obligations of Buyer to effect the Merger are subject to the satisfaction or waiver by Buyer at or prior to the Effective Time of the following conditions: (a) the representations and warranties of the Seller contained in this Agreement shall be true and correct as of the date of this Agreement and as of the Closing Date, except for inaccuracies that would not, individually or in the aggregate, have a Seller Material Adverse Effect; provided that any representation and warranty made as of a specific date shall be true and correct as of such date. (Page 112)

Merger Agreement: Section 9.3 Additional Conditions to Obligations of Buyer. The obligations of Buyer to consummate the Merger are further subject to the satisfaction of the following conditions at or prior to the Closing Date: (i) the representations and warranties of the Seller set forth in Sections 4.1 and 4.2 shall be true and correct in all material respects as of the date hereof and as of the Closing Date, except where the failure to be so true and correct would not reasonably be expected to have a Seller Material Adverse Effect; and (ii) all other representations and warranties of the Seller contained in this Agreement shall be true and correct as of the Closing Date, except for such failures to be true and correct that would not, individually or in the aggregate, have a Seller Material Adverse Effect. (Page 114)
Choices: "
"70","Answer the following multiple choice question. The last line of your response should be of the following format: 'ANSWER: $LETTER' (without quotes) where LETTER is one of {letters}. Think step by step before answering.

{question}

{choices}

Instruction: Read the segment of a merger agreement and answer the multiple-choice question by choosing the option that best characterizes the agreement.
Question: When are representations and warranties required to be made according to the bring down provision?
Option A: At Closing Only
Option B: At Signing & At Closing

Merger Agreement: Section 8.3 Conditions to Parent's and Merger Sub's Obligations to Effect the Merger. The obligations of Parent and Merger Sub to consummate the Merger are subject to the fulfillment or waiver by Parent at or prior to the Closing Date of the following conditions: (a) Representations and Warranties. Each of the representations and warranties of the Company contained in this Agreement, without regard to any qualifications or limitations as to materiality or 'Material Adverse Effect' set forth therein, shall be true and correct as of the Signing Date and as of the Closing Date, except for such inaccuracies that would not, individually or in the aggregate, have a Material Adverse Effect (except to the extent such representations and warranties are expressly made as of a specific date, in which case such representations and warranties shall be so true and correct as of such specific date only). (Page 89)
Answer:
Choices: ","Fail","Answer the following multiple choice question. The last line of your response should be of the following format: 'ANSWER: $LETTER' (without quotes) where LETTER is one of {letters}. Think step by step before answering.

{question}

{choices}

Instruction: Read the segment of a merger agreement and answer the multiple-choice question by choosing the option that best characterizes the agreement.
Question: When are representations and warranties required to be made according to the bring down provision?
Option A: At Closing Only
Option B: At Signing & At Closing

Merger Agreement: Article 8.1 Conditions to Obligations of Buyer to Effect the Merger. The obligations of Buyer to effect the Merger are subject to the satisfaction or waiver by Buyer at or prior to the Effective Time of the following conditions: (a) the representations and warranties of the Seller contained in this Agreement shall be true and correct as of the date of this Agreement and as of the Closing Date, except for inaccuracies that would not, individually or in the aggregate, have a Seller Material Adverse Effect; provided that any representation and warranty made as of a specific date shall be true and correct as of such date. (Page 112)

Merger Agreement: Section 9.3 Additional Conditions to Obligations of Buyer. The obligations of Buyer to consummate the Merger are further subject to the satisfaction of the following conditions at or prior to the Closing Date: (i) the representations and warranties of the Seller set forth in Sections 4.1 and 4.2 shall be true and correct in all material respects as of the date hereof and as of the Closing Date, except where the failure to be so true and correct would not reasonably be expected to have a Seller Material Adverse Effect; and (ii) all other representations and warranties of the Seller contained in this Agreement shall be true and correct as of the Closing Date, except for such failures to be true and correct that would not, individually or in the aggregate, have a Seller Material Adverse Effect. (Page 114)
Choices: "
"71","Answer the following multiple choice question. The last line of your response should be of the following format: 'ANSWER: $LETTER' (without quotes) where LETTER is one of {letters}. Think step by step before answering.

{question}

{choices}

Instruction: Read the segment of a merger agreement and answer the multiple-choice question by choosing the option that best characterizes the agreement.
Question: When are representations and warranties required to be made according to the bring down provision?
Option A: At Closing Only
Option B: At Signing & At Closing

Merger Agreement: Section 8.1 Conditions to Obligations of Parent and Subsidiary to Effect the Merger. The obligations of Parent and Subsidiary to effect the Merger are, in addition to the conditions set forth in Section 8.2, further subject to the satisfaction or (to the extent not prohibited by Law) waiver by Parent at or prior to the Effective Time of the following conditions: (a) each of the representations and warranties of the Company contained in this Agreement, without giving effect to any materiality or 'Company Material Adverse Effect' or similar qualifications therein, shall be true and correct as of the Closing Date, except for such failures to be true and correct as would not, individually or in the aggregate, have a Company Material Adverse Effect (except to the extent such representations and warranties are expressly made as of a specific date, in which case such representations and warranties shall be so true and correct as of such specific date only); (Page 45)

Merger Agreement: Section 10.1 Conditions to Obligations of Parent. The obligations of Parent to effect the Merger are also subject to the satisfaction or waiver by Parent on or prior to the Effective Time of the following conditions: (i) the representations and warranties of the Company set forth in this Agreement shall be true and correct in all respects as of the date of this Agreement and at and as of the Closing Date as if made on and as of such times, except where the failure to be so true and correct would not reasonably be expected to have a Material Adverse Effect on the Company (Page 78)
Answer:
Choices: ","Fail","Answer the following multiple choice question. The last line of your response should be of the following format: 'ANSWER: $LETTER' (without quotes) where LETTER is one of {letters}. Think step by step before answering.

{question}

{choices}

Instruction: Read the segment of a merger agreement and answer the multiple-choice question by choosing the option that best characterizes the agreement.
Question: When are representations and warranties required to be made according to the bring down provision?
Option A: At Closing Only
Option B: At Signing & At Closing

Merger Agreement: Article 8.1 Conditions to Obligations of Buyer to Effect the Merger. The obligations of Buyer to effect the Merger are subject to the satisfaction or waiver by Buyer at or prior to the Effective Time of the following conditions: (a) the representations and warranties of the Seller contained in this Agreement shall be true and correct as of the date of this Agreement and as of the Closing Date, except for inaccuracies that would not, individually or in the aggregate, have a Seller Material Adverse Effect; provided that any representation and warranty made as of a specific date shall be true and correct as of such date. (Page 112)

Merger Agreement: Section 9.3 Additional Conditions to Obligations of Buyer. The obligations of Buyer to consummate the Merger are further subject to the satisfaction of the following conditions at or prior to the Closing Date: (i) the representations and warranties of the Seller set forth in Sections 4.1 and 4.2 shall be true and correct in all material respects as of the date hereof and as of the Closing Date, except where the failure to be so true and correct would not reasonably be expected to have a Seller Material Adverse Effect; and (ii) all other representations and warranties of the Seller contained in this Agreement shall be true and correct as of the Closing Date, except for such failures to be true and correct that would not, individually or in the aggregate, have a Seller Material Adverse Effect. (Page 114)
Choices: "
"72","Answer the following multiple choice question. The last line of your response should be of the following format: 'ANSWER: $LETTER' (without quotes) where LETTER is one of {letters}. Think step by step before answering.

{question}

{choices}

Instruction: Read the segment of a merger agreement and answer the multiple-choice question by choosing the option that best characterizes the agreement.
Question: When are representations and warranties required to be made according to the bring down provision?
Option A: At Closing Only
Option B: At Signing & At Closing

Merger Agreement: Section 8.3 Conditions to Obligations of Acquirer. The obligations of the Acquirer to effect the Merger are, in addition to the conditions set forth in Section 8.2, further subject to the satisfaction or waiver by the Acquirer at or prior to the Effective Time of the following conditions: (a) Representations and Warranties. (i) The representations and warranties of the Target set forth in Sections 4.1(a), 4.1(b), and 4.1(c) shall be true and correct in all material respects as of the date of this Agreement and as of the Closing Date as though made on and as of the Closing Date. (ii) The representations and warranties of the Target set forth in Sections 4.2, 4.3, and 4.4 shall be true and correct as of the Closing Date, except for such failures to be true and correct as would not, individually or in the aggregate, have a Material Adverse Effect. (Page 55)
Choices: ","Fail","Answer the following multiple choice question. The last line of your response should be of the following format: 'ANSWER: $LETTER' (without quotes) where LETTER is one of {letters}. Think step by step before answering.

{question}

{choices}

Instruction: Read the segment of a merger agreement and answer the multiple-choice question by choosing the option that best characterizes the agreement.
Question: When are representations and warranties required to be made according to the bring down provision?
Option A: At Closing Only
Option B: At Signing & At Closing

Merger Agreement: Article 8.1 Conditions to Obligations of Buyer to Effect the Merger. The obligations of Buyer to effect the Merger are subject to the satisfaction or waiver by Buyer at or prior to the Effective Time of the following conditions: (a) the representations and warranties of the Seller contained in this Agreement shall be true and correct as of the date of this Agreement and as of the Closing Date, except for inaccuracies that would not, individually or in the aggregate, have a Seller Material Adverse Effect; provided that any representation and warranty made as of a specific date shall be true and correct as of such date. (Page 112)

Merger Agreement: Section 9.3 Additional Conditions to Obligations of Buyer. The obligations of Buyer to consummate the Merger are further subject to the satisfaction of the following conditions at or prior to the Closing Date: (i) the representations and warranties of the Seller set forth in Sections 4.1 and 4.2 shall be true and correct in all material respects as of the date hereof and as of the Closing Date, except where the failure to be so true and correct would not reasonably be expected to have a Seller Material Adverse Effect; and (ii) all other representations and warranties of the Seller contained in this Agreement shall be true and correct as of the Closing Date, except for such failures to be true and correct that would not, individually or in the aggregate, have a Seller Material Adverse Effect. (Page 114)
Choices: "
"73","Answer the following multiple choice question. The last line of your response should be of the following format: 'ANSWER: $LETTER' (without quotes) where LETTER is one of {letters}. Think step by step before answering.

{question}

{choices}

Instruction: Read the segment of a merger agreement and answer the multiple-choice question by choosing the option that best characterizes the agreement.
Question: When are representations and warranties required to be made according to the bring down provision?
Option A: At Closing Only
Option B: At Signing & At Closing

Merger Agreement: Section 8.3 Conditions to Obligations of Buyer and Seller to Effect the Transaction. The obligations of Buyer and Seller to effect the Transaction are, in addition to the conditions set forth in Section 8.1, subject to the satisfaction or waiver by both parties at or prior to the Effective Time of the following conditions: (a) The representations and warranties of the Seller set forth in Sections 4.1 (Organization), 4.2 (Authorization), and 4.3 (Capitalization) shall be true and correct in all respects as of the date of this Agreement and as of the Closing Date, as if made on and as of the Closing Date; (b) All other representations and warranties of the Seller set forth in this Agreement shall be true and correct as of the Closing Date, except for such failures to be true and correct as would not have a Seller Material Adverse Effect, (except to the extent such representations and warranties are expressly made as of a specific date, in which case they shall be true and correct as of such specific date only); (Page 75)
Answer:
Choices: ","Fail","Answer the following multiple choice question. The last line of your response should be of the following format: 'ANSWER: $LETTER' (without quotes) where LETTER is one of {letters}. Think step by step before answering.

{question}

{choices}

Instruction: Read the segment of a merger agreement and answer the multiple-choice question by choosing the option that best characterizes the agreement.
Question: When are representations and warranties required to be made according to the bring down provision?
Option A: At Closing Only
Option B: At Signing & At Closing

Merger Agreement: Article 8.1 Conditions to Obligations of Buyer to Effect the Merger. The obligations of Buyer to effect the Merger are subject to the satisfaction or waiver by Buyer at or prior to the Effective Time of the following conditions: (a) the representations and warranties of the Seller contained in this Agreement shall be true and correct as of the date of this Agreement and as of the Closing Date, except for inaccuracies that would not, individually or in the aggregate, have a Seller Material Adverse Effect; provided that any representation and warranty made as of a specific date shall be true and correct as of such date. (Page 112)

Merger Agreement: Section 9.3 Additional Conditions to Obligations of Buyer. The obligations of Buyer to consummate the Merger are further subject to the satisfaction of the following conditions at or prior to the Closing Date: (i) the representations and warranties of the Seller set forth in Sections 4.1 and 4.2 shall be true and correct in all material respects as of the date hereof and as of the Closing Date, except where the failure to be so true and correct would not reasonably be expected to have a Seller Material Adverse Effect; and (ii) all other representations and warranties of the Seller contained in this Agreement shall be true and correct as of the Closing Date, except for such failures to be true and correct that would not, individually or in the aggregate, have a Seller Material Adverse Effect. (Page 114)
Choices: "
"74","Answer the following multiple choice question. The last line of your response should be of the following format: 'ANSWER: $LETTER' (without quotes) where LETTER is one of {letters}. Think step by step before answering.

{question}

{choices}

Instruction: Read the segment of a merger agreement and answer the multiple-choice question by choosing the option that best characterizes the agreement.
Question: When are representations and warranties required to be made according to the bring down provision?
Option A: At Closing Only
Option B: At Signing & At Closing

Merger Agreement: Section 10.4 Conditions to Obligations of Parent and Merger Sub to Effect the Merger. The obligations of Parent and Merger Sub to effect the Merger are subject to the satisfaction, at or prior to the Effective Time, of the following conditions: (a) Representations and Warranties. Each of the representations and warranties of the Company contained in this Agreement shall be true and correct as of the date of this Agreement and as of the Closing Date, except for those representations and warranties that address matters as of a particular date (which shall be true and correct as of such date), and except for inaccuracies that do not have a Material Adverse Effect on the Company. Furthermore, if any representation or warranty is qualified by a materiality standard, it shall be true and correct in all respects. (Page 112)
Answer:
Choices: ","Fail","Answer the following multiple choice question. The last line of your response should be of the following format: 'ANSWER: $LETTER' (without quotes) where LETTER is one of {letters}. Think step by step before answering.

{question}

{choices}

Instruction: Read the segment of a merger agreement and answer the multiple-choice question by choosing the option that best characterizes the agreement.
Question: When are representations and warranties required to be made according to the bring down provision?
Option A: At Closing Only
Option B: At Signing & At Closing

Merger Agreement: Article 8.1 Conditions to Obligations of Buyer to Effect the Merger. The obligations of Buyer to effect the Merger are subject to the satisfaction or waiver by Buyer at or prior to the Effective Time of the following conditions: (a) the representations and warranties of the Seller contained in this Agreement shall be true and correct as of the date of this Agreement and as of the Closing Date, except for inaccuracies that would not, individually or in the aggregate, have a Seller Material Adverse Effect; provided that any representation and warranty made as of a specific date shall be true and correct as of such date. (Page 112)

Merger Agreement: Section 9.3 Additional Conditions to Obligations of Buyer. The obligations of Buyer to consummate the Merger are further subject to the satisfaction of the following conditions at or prior to the Closing Date: (i) the representations and warranties of the Seller set forth in Sections 4.1 and 4.2 shall be true and correct in all material respects as of the date hereof and as of the Closing Date, except where the failure to be so true and correct would not reasonably be expected to have a Seller Material Adverse Effect; and (ii) all other representations and warranties of the Seller contained in this Agreement shall be true and correct as of the Closing Date, except for such failures to be true and correct that would not, individually or in the aggregate, have a Seller Material Adverse Effect. (Page 114)
Choices: "
"75","Answer the following multiple choice question. The last line of your response should be of the following format: 'ANSWER: $LETTER' (without quotes) where LETTER is one of {letters}. Think step by step before answering.

{question}

{choices}

Instruction: Read the segment of a merger agreement and answer the multiple-choice question by choosing the option that best characterizes the agreement.
Question: When are representations and warranties required to be made according to the bring down provision?
Option A: At Closing Only
Option B: At Signing & At Closing

Merger Agreement: Section 8.3 Conditions to Obligations of Parent and Merger Sub to Effect the Merger. The obligations of Parent and Merger Sub to effect the Merger are, in addition to the conditions set forth in Section 8.1, further subject to the satisfaction or (to the extent not prohibited by Law) waiver by Parent at or prior to the Effective Time of the following conditions: (a) each of the representations and warranties of the Company contained in this Agreement, without giving effect to any materiality or 'Company Material Adverse Effect' or similar qualifications therein, shall be true and correct as of the Closing Date, except for such failures to be true and correct as would not, individually or in the aggregate, have a Company Material Adverse Effect (except to the extent such representations and warranties are expressly made as of a specific date, in which case such representations and warranties shall be so true and correct as of such specific date only). Additionally, the representations and warranties shall be reaffirmed as true and correct as of the Signing Date, unless expressly stated otherwise in the Agreement. (Page 72)
Answer:
Choices: ","Fail","Answer the following multiple choice question. The last line of your response should be of the following format: 'ANSWER: $LETTER' (without quotes) where LETTER is one of {letters}. Think step by step before answering.

{question}

{choices}

Instruction: Read the segment of a merger agreement and answer the multiple-choice question by choosing the option that best characterizes the agreement.
Question: When are representations and warranties required to be made according to the bring down provision?
Option A: At Closing Only
Option B: At Signing & At Closing

Merger Agreement: Article 8.1 Conditions to Obligations of Buyer to Effect the Merger. The obligations of Buyer to effect the Merger are subject to the satisfaction or waiver by Buyer at or prior to the Effective Time of the following conditions: (a) the representations and warranties of the Seller contained in this Agreement shall be true and correct as of the date of this Agreement and as of the Closing Date, except for inaccuracies that would not, individually or in the aggregate, have a Seller Material Adverse Effect; provided that any representation and warranty made as of a specific date shall be true and correct as of such date. (Page 112)

Merger Agreement: Section 9.3 Additional Conditions to Obligations of Buyer. The obligations of Buyer to consummate the Merger are further subject to the satisfaction of the following conditions at or prior to the Closing Date: (i) the representations and warranties of the Seller set forth in Sections 4.1 and 4.2 shall be true and correct in all material respects as of the date hereof and as of the Closing Date, except where the failure to be so true and correct would not reasonably be expected to have a Seller Material Adverse Effect; and (ii) all other representations and warranties of the Seller contained in this Agreement shall be true and correct as of the Closing Date, except for such failures to be true and correct that would not, individually or in the aggregate, have a Seller Material Adverse Effect. (Page 114)
Choices: "
"76","Answer the following multiple choice question. The last line of your response should be of the following format: 'ANSWER: $LETTER' (without quotes) where LETTER is one of {letters}. Think step by step before answering.

{question}

{choices}

Instruction: Read the segment of a merger agreement and answer the multiple-choice question by choosing the option that best characterizes the agreement.
Question: When are representations and warranties required to be made according to the bring down provision?
Option A: At Closing Only
Option B: At Signing & At Closing

Merger Agreement: Section 8.1 Conditions to Obligations of Parent and Merger Sub to Effect the Merger. The obligations of Parent and Merger Sub to effect the Merger are, in addition to the conditions set forth in Section 8.2, further subject to the satisfaction or (to the extent not prohibited by Law) waiver by Parent at or prior to the Effective Time of the following conditions: (a) the representations and warranties of the Company set forth in Sections 4.1, 4.3, and 4.5 shall be true and correct as of the Signing Date and as of the Closing Date, except for such failures to be true and correct as would not, individually or in the aggregate, have a Material Adverse Effect; however, representations and warranties set forth in Section 4.7 shall only be true and correct as of the Closing Date. (Page 75)

Merger Agreement: Section 8.2 Additional Conditions to Obligations of Parent and Merger Sub. The obligations of Parent and Merger Sub to consummate the Merger are subject to the satisfaction at or prior to the Effective Time of the following conditions, any or all of which may be waived exclusively by Parent, in whole or in part, to the extent permitted by applicable Law: (b) the representations and warranties of the Company set forth in Sections 4.2 and 4.4 shall be true and correct as of the date of this Agreement and shall be true and correct as of the Closing Date, as though made on and as of the Closing Date (except that representations and warranties that speak as of a specified date or period of time shall have been so true and correct only as of such date or period of time), except where the failure of such representations and warranties to be so true and correct would not reasonably be expected to have, individually or in the aggregate, a Company Material Adverse Effect. (Page 76)
Choices: ","Fail","Answer the following multiple choice question. The last line of your response should be of the following format: 'ANSWER: $LETTER' (without quotes) where LETTER is one of {letters}. Think step by step before answering.

{question}

{choices}

Instruction: Read the segment of a merger agreement and answer the multiple-choice question by choosing the option that best characterizes the agreement.
Question: When are representations and warranties required to be made according to the bring down provision?
Option A: At Closing Only
Option B: At Signing & At Closing

Merger Agreement: Article 8.1 Conditions to Obligations of Buyer to Effect the Merger. The obligations of Buyer to effect the Merger are subject to the satisfaction or waiver by Buyer at or prior to the Effective Time of the following conditions: (a) the representations and warranties of the Seller contained in this Agreement shall be true and correct as of the date of this Agreement and as of the Closing Date, except for inaccuracies that would not, individually or in the aggregate, have a Seller Material Adverse Effect; provided that any representation and warranty made as of a specific date shall be true and correct as of such date. (Page 112)

Merger Agreement: Section 9.3 Additional Conditions to Obligations of Buyer. The obligations of Buyer to consummate the Merger are further subject to the satisfaction of the following conditions at or prior to the Closing Date: (i) the representations and warranties of the Seller set forth in Sections 4.1 and 4.2 shall be true and correct in all material respects as of the date hereof and as of the Closing Date, except where the failure to be so true and correct would not reasonably be expected to have a Seller Material Adverse Effect; and (ii) all other representations and warranties of the Seller contained in this Agreement shall be true and correct as of the Closing Date, except for such failures to be true and correct that would not, individually or in the aggregate, have a Seller Material Adverse Effect. (Page 114)
Choices: "
"77","Answer the following multiple choice question. The last line of your response should be of the following format: 'ANSWER: $LETTER' (without quotes) where LETTER is one of {letters}. Think step by step before answering.

{question}

{choices}

Instruction: Read the segment of a merger agreement and answer the multiple-choice question by choosing the option that best characterizes the agreement.
Question: When are representations and warranties required to be made according to the bring down provision?
Option A: At Closing Only
Option B: At Signing & At Closing

Merger Agreement: Section 8.4 Conditions to Obligations of Acquirer to Effect the Acquisition. The obligations of Acquirer to consummate the Acquisition are subject to the satisfaction or waiver by Acquirer at or prior to the Effective Time of the following conditions: (a) the representations and warranties of the Target set forth in this Agreement, without regard to any materiality or 'Target Material Adverse Effect' qualifications, shall be true and correct as of the Closing Date, except where the failure to be true and correct would not have a Material Adverse Effect on the Target, except to the extent such representations and warranties are expressly made as of a specific date, in which case such representations and warranties shall be true and correct as of such specific date. (b) The representations and warranties of the Target contained in Sections 4.2 and 4.3 shall be true and correct in all respects as of the date of this Agreement and as of the Closing Date as if made on and as of such date. (Page 72)
Answer:
Choices: ","Fail","Answer the following multiple choice question. The last line of your response should be of the following format: 'ANSWER: $LETTER' (without quotes) where LETTER is one of {letters}. Think step by step before answering.

{question}

{choices}

Instruction: Read the segment of a merger agreement and answer the multiple-choice question by choosing the option that best characterizes the agreement.
Question: When are representations and warranties required to be made according to the bring down provision?
Option A: At Closing Only
Option B: At Signing & At Closing

Merger Agreement: Article 8.1 Conditions to Obligations of Buyer to Effect the Merger. The obligations of Buyer to effect the Merger are subject to the satisfaction or waiver by Buyer at or prior to the Effective Time of the following conditions: (a) the representations and warranties of the Seller contained in this Agreement shall be true and correct as of the date of this Agreement and as of the Closing Date, except for inaccuracies that would not, individually or in the aggregate, have a Seller Material Adverse Effect; provided that any representation and warranty made as of a specific date shall be true and correct as of such date. (Page 112)

Merger Agreement: Section 9.3 Additional Conditions to Obligations of Buyer. The obligations of Buyer to consummate the Merger are further subject to the satisfaction of the following conditions at or prior to the Closing Date: (i) the representations and warranties of the Seller set forth in Sections 4.1 and 4.2 shall be true and correct in all material respects as of the date hereof and as of the Closing Date, except where the failure to be so true and correct would not reasonably be expected to have a Seller Material Adverse Effect; and (ii) all other representations and warranties of the Seller contained in this Agreement shall be true and correct as of the Closing Date, except for such failures to be true and correct that would not, individually or in the aggregate, have a Seller Material Adverse Effect. (Page 114)
Choices: "
"78","Answer the following multiple choice question. The last line of your response should be of the following format: 'ANSWER: $LETTER' (without quotes) where LETTER is one of {letters}. Think step by step before answering.

{question}

{choices}

Instruction: Read the segment of a merger agreement and answer the multiple-choice question by choosing the option that best characterizes the agreement.
Question: When are representations and warranties required to be made according to the bring down provision?
Option A: At Closing Only
Option B: At Signing & At Closing

Merger Agreement: Section 9.1 Conditions to Obligations of Acquirer to Effect the Merger. The obligations of Acquirer to effect the Merger are, in addition to the conditions set forth in Section 9.2, further subject to the satisfaction or waiver by Acquirer at or prior to the Effective Time of the following conditions: (a) each of the representations and warranties of the Target contained in this Agreement shall be true and correct as of the date of this Agreement and as of the Closing Date, without giving effect to any materiality or 'Target Material Adverse Effect' or similar qualifications therein, except for such failures to be true and correct as would not, individually or in the aggregate, have a Target Material Adverse Effect; provided, however, that representations and warranties made as of a specific date shall be true and correct as of such specific date only. (Page 72)
Choices: ","Fail","Answer the following multiple choice question. The last line of your response should be of the following format: 'ANSWER: $LETTER' (without quotes) where LETTER is one of {letters}. Think step by step before answering.

{question}

{choices}

Instruction: Read the segment of a merger agreement and answer the multiple-choice question by choosing the option that best characterizes the agreement.
Question: When are representations and warranties required to be made according to the bring down provision?
Option A: At Closing Only
Option B: At Signing & At Closing

Merger Agreement: Article 8.1 Conditions to Obligations of Buyer to Effect the Merger. The obligations of Buyer to effect the Merger are subject to the satisfaction or waiver by Buyer at or prior to the Effective Time of the following conditions: (a) the representations and warranties of the Seller contained in this Agreement shall be true and correct as of the date of this Agreement and as of the Closing Date, except for inaccuracies that would not, individually or in the aggregate, have a Seller Material Adverse Effect; provided that any representation and warranty made as of a specific date shall be true and correct as of such date. (Page 112)

Merger Agreement: Section 9.3 Additional Conditions to Obligations of Buyer. The obligations of Buyer to consummate the Merger are further subject to the satisfaction of the following conditions at or prior to the Closing Date: (i) the representations and warranties of the Seller set forth in Sections 4.1 and 4.2 shall be true and correct in all material respects as of the date hereof and as of the Closing Date, except where the failure to be so true and correct would not reasonably be expected to have a Seller Material Adverse Effect; and (ii) all other representations and warranties of the Seller contained in this Agreement shall be true and correct as of the Closing Date, except for such failures to be true and correct that would not, individually or in the aggregate, have a Seller Material Adverse Effect. (Page 114)
Choices: "
"79","Answer the following multiple choice question. The last line of your response should be of the following format: 'ANSWER: $LETTER' (without quotes) where LETTER is one of {letters}. Think step by step before answering.

{question}

{choices}

Instruction: Read the segment of a merger agreement and answer the multiple-choice question by choosing the option that best characterizes the agreement.
Question: When are representations and warranties required to be made according to the bring down provision?
Option A: At Closing Only
Option B: At Signing & At Closing

Merger Agreement: Section 8.4 Conditions to Obligations of Parent and Merger Sub to Effect the Merger. The obligations of Parent and Merger Sub to effect the Merger are, in addition to the conditions set forth in Section 8.3, further subject to the satisfaction or waiver by Parent and Merger Sub at or prior to the Effective Time of the following conditions: (a) each of the representations and warranties of the Company contained in this Agreement, without giving effect to any materiality or 'Company Material Adverse Effect' or similar qualifications therein, shall be true and correct as of the Closing Date, except for such failures to be true and correct as would not, individually or in the aggregate, have a Company Material Adverse Effect (except to the extent such representations and warranties are expressly made as of a specific date, in which case such representations and warranties shall be so true and correct as of such specific date only); (b) notwithstanding the foregoing, in the event that the representations and warranties set forth in Section 3.5 (Authorization and Validity) and Section 3.7 (Absence of Certain Changes) are not true and correct at Signing, the Parent shall have the right to terminate the Agreement; however, if such representations and warranties are subsequently true and correct at Closing, the Agreement shall proceed as planned. (Page 72)
Choices: ","Fail","Answer the following multiple choice question. The last line of your response should be of the following format: 'ANSWER: $LETTER' (without quotes) where LETTER is one of {letters}. Think step by step before answering.

{question}

{choices}

Instruction: Read the segment of a merger agreement and answer the multiple-choice question by choosing the option that best characterizes the agreement.
Question: When are representations and warranties required to be made according to the bring down provision?
Option A: At Closing Only
Option B: At Signing & At Closing

Merger Agreement: Article 8.1 Conditions to Obligations of Buyer to Effect the Merger. The obligations of Buyer to effect the Merger are subject to the satisfaction or waiver by Buyer at or prior to the Effective Time of the following conditions: (a) the representations and warranties of the Seller contained in this Agreement shall be true and correct as of the date of this Agreement and as of the Closing Date, except for inaccuracies that would not, individually or in the aggregate, have a Seller Material Adverse Effect; provided that any representation and warranty made as of a specific date shall be true and correct as of such date. (Page 112)

Merger Agreement: Section 9.3 Additional Conditions to Obligations of Buyer. The obligations of Buyer to consummate the Merger are further subject to the satisfaction of the following conditions at or prior to the Closing Date: (i) the representations and warranties of the Seller set forth in Sections 4.1 and 4.2 shall be true and correct in all material respects as of the date hereof and as of the Closing Date, except where the failure to be so true and correct would not reasonably be expected to have a Seller Material Adverse Effect; and (ii) all other representations and warranties of the Seller contained in this Agreement shall be true and correct as of the Closing Date, except for such failures to be true and correct that would not, individually or in the aggregate, have a Seller Material Adverse Effect. (Page 114)
Choices: "
"80","Answer the following multiple choice question. The last line of your response should be of the following format: 'ANSWER: $LETTER' (without quotes) where LETTER is one of {letters}. Think step by step before answering.

{question}

{choices}

Instruction: Read the segment of a merger agreement and answer the multiple-choice question by choosing the option that best characterizes the agreement.
Question: When are representations and warranties required to be made according to the bring down provision?
Option A: At Closing Only
Option B: At Signing & At Closing

Merger Agreement: Section 8.1 Conditions to Obligations of Parent and Subsidiary to Effect the Merger. The obligations of Parent and Subsidiary to effect the Merger are, in addition to the conditions set forth in Section 8.0, further subject to the satisfaction or (to the extent not prohibited by Law) waiver by Parent at or prior to the Effective Time of the following conditions: (a) each of the representations and warranties of the Company contained in this Agreement, without giving effect to any materiality or 'Company Material Adverse Effect' or similar qualifications therein, shall be true and correct as of the Closing Date, except for such failures to be true and correct as would not, individually or in the aggregate, have a Company Material Adverse Effect (except to the extent such representations and warranties are expressly made as of a specific date, in which case such representations and warranties shall be so true and correct as of such specific date only); (Page 72)

Merger Agreement: Section 9.2 Conditions to Obligations of Parent and Subsidiary to Effect the Transaction. The obligations of Parent and Subsidiary to effect the Transaction are subject to the satisfaction or (to the extent permitted by Law) waiver by Parent at or prior to the Closing of the following additional conditions: (a) the representations and warranties of the Company (i) set forth in Sections 4.1 and 4.3 shall be true and correct in all respects as of the date of this Agreement and as of the Closing Date as though made on and as of the Closing Date, except to the extent such representations and warranties are expressly made as of a specific date, in which case such representations and warranties shall be so true and correct as of such specific date; and (ii) set forth in this Agreement (other than those in Sections 4.1 and 4.3), shall be true and correct, without giving effect to any materiality or 'Company Material Adverse Effect' qualifications therein, both as of the date of this Agreement and as of the Closing Date as though made on and as of the Closing Date, except where the failure of such representations and warranties to be so true and correct, individually or in the aggregate, has not had, and would not reasonably be expected to have, a Company Material Adverse Effect; (Page 88)
Choices: ","Fail","Answer the following multiple choice question. The last line of your response should be of the following format: 'ANSWER: $LETTER' (without quotes) where LETTER is one of {letters}. Think step by step before answering.

{question}

{choices}

Instruction: Read the segment of a merger agreement and answer the multiple-choice question by choosing the option that best characterizes the agreement.
Question: When are representations and warranties required to be made according to the bring down provision?
Option A: At Closing Only
Option B: At Signing & At Closing

Merger Agreement: Article 8.1 Conditions to Obligations of Buyer to Effect the Merger. The obligations of Buyer to effect the Merger are subject to the satisfaction or waiver by Buyer at or prior to the Effective Time of the following conditions: (a) the representations and warranties of the Seller contained in this Agreement shall be true and correct as of the date of this Agreement and as of the Closing Date, except for inaccuracies that would not, individually or in the aggregate, have a Seller Material Adverse Effect; provided that any representation and warranty made as of a specific date shall be true and correct as of such date. (Page 112)

Merger Agreement: Section 9.3 Additional Conditions to Obligations of Buyer. The obligations of Buyer to consummate the Merger are further subject to the satisfaction of the following conditions at or prior to the Closing Date: (i) the representations and warranties of the Seller set forth in Sections 4.1 and 4.2 shall be true and correct in all material respects as of the date hereof and as of the Closing Date, except where the failure to be so true and correct would not reasonably be expected to have a Seller Material Adverse Effect; and (ii) all other representations and warranties of the Seller contained in this Agreement shall be true and correct as of the Closing Date, except for such failures to be true and correct that would not, individually or in the aggregate, have a Seller Material Adverse Effect. (Page 114)
Choices: "
"81","Answer the following multiple choice question. The last line of your response should be of the following format: 'ANSWER: $LETTER' (without quotes) where LETTER is one of {letters}. Think step by step before answering.

{question}

{choices}

Instruction: Read the segment of a merger agreement and answer the multiple-choice question by choosing the option that best characterizes the agreement.\nQuestion: When are representations and warranties required to be made according to the bring down provision?\nOption A: At Closing Only\nOption B: At Signing & At Closing\n\nMerger Agreement: Section 8.3 Conditions to Obligations of Parent and Merger Sub to Effect the Merger. The obligations of Parent and Merger Sub to effect the Merger are, in addition to the conditions set forth in Section 8.2, further subject to the satisfaction or waiver by Parent at or prior to the Effective Time of the following conditions: (a) each of the representations and warranties of the Company contained in this Agreement, without giving effect to any materiality or “Company Material Adverse Effect” or similar qualifications therein, shall be true and correct as of the date of this Agreement and as of the Closing Date, except for such failures to be true and correct as would not, individually or in the aggregate, have a Company Material Adverse Effect (except to the extent such representations and warranties are expressly made as of a specific date, in which case such representations and warranties shall be so true and correct as of such specific date only); provided, however, that the representations and warranties set forth in Section 4.5 (Capitalization) shall be true and correct in all respects as of the date of this Agreement. (Page 82)\nAnswer:
Choices: ","Fail","Answer the following multiple choice question. The last line of your response should be of the following format: 'ANSWER: $LETTER' (without quotes) where LETTER is one of {letters}. Think step by step before answering.

{question}

{choices}

Instruction: Read the segment of a merger agreement and answer the multiple-choice question by choosing the option that best characterizes the agreement.
Question: When are representations and warranties required to be made according to the bring down provision?
Option A: At Closing Only
Option B: At Signing & At Closing

Merger Agreement: Article 8.1 Conditions to Obligations of Buyer to Effect the Merger. The obligations of Buyer to effect the Merger are subject to the satisfaction or waiver by Buyer at or prior to the Effective Time of the following conditions: (a) the representations and warranties of the Seller contained in this Agreement shall be true and correct as of the date of this Agreement and as of the Closing Date, except for inaccuracies that would not, individually or in the aggregate, have a Seller Material Adverse Effect; provided that any representation and warranty made as of a specific date shall be true and correct as of such date. (Page 112)

Merger Agreement: Section 9.3 Additional Conditions to Obligations of Buyer. The obligations of Buyer to consummate the Merger are further subject to the satisfaction of the following conditions at or prior to the Closing Date: (i) the representations and warranties of the Seller set forth in Sections 4.1 and 4.2 shall be true and correct in all material respects as of the date hereof and as of the Closing Date, except where the failure to be so true and correct would not reasonably be expected to have a Seller Material Adverse Effect; and (ii) all other representations and warranties of the Seller contained in this Agreement shall be true and correct as of the Closing Date, except for such failures to be true and correct that would not, individually or in the aggregate, have a Seller Material Adverse Effect. (Page 114)
Choices: "
"82","Answer the following multiple choice question. The last line of your response should be of the following format: 'ANSWER: $LETTER' (without quotes) where LETTER is one of {letters}. Think step by step before answering.

{question}

{choices}

Instruction: Read the segment of a merger agreement and answer the multiple-choice question by choosing the option that best characterizes the agreement.
Question: When are representations and warranties required to be made according to the bring down provision?
Option A: At Closing Only
Option B: At Signing & At Closing

Merger Agreement: Section 8.3 Conditions to Obligations of Parent and Merger Sub to Effect the Merger. The obligations of Parent and Merger Sub to effect the Merger are, in addition to the conditions set forth in Section 8.1, further subject to the satisfaction or (to the extent not prohibited by Law) waiver by Parent at or prior to the Effective Time of the following conditions: (a) The representations and warranties of the Company contained in Sections 4.1, 4.2, and 4.3 shall be true and correct in all material respects as of the Signing Date and as of the Closing Date as though made on and as of such dates (except to the extent such representations and warranties are expressly made as of a specific date, in which case such representations and warranties shall be true and correct as of such specific date); (b) The representations and warranties of the Company contained in Sections 4.4 and 4.5 shall be true and correct in all respects as of the Closing Date only, except for such inaccuracies that do not have a Material Adverse Effect; (Page 85)
Choices: ","Fail","Answer the following multiple choice question. The last line of your response should be of the following format: 'ANSWER: $LETTER' (without quotes) where LETTER is one of {letters}. Think step by step before answering.

{question}

{choices}

Instruction: Read the segment of a merger agreement and answer the multiple-choice question by choosing the option that best characterizes the agreement.
Question: When are representations and warranties required to be made according to the bring down provision?
Option A: At Closing Only
Option B: At Signing & At Closing

Merger Agreement: Article 8.1 Conditions to Obligations of Buyer to Effect the Merger. The obligations of Buyer to effect the Merger are subject to the satisfaction or waiver by Buyer at or prior to the Effective Time of the following conditions: (a) the representations and warranties of the Seller contained in this Agreement shall be true and correct as of the date of this Agreement and as of the Closing Date, except for inaccuracies that would not, individually or in the aggregate, have a Seller Material Adverse Effect; provided that any representation and warranty made as of a specific date shall be true and correct as of such date. (Page 112)

Merger Agreement: Section 9.3 Additional Conditions to Obligations of Buyer. The obligations of Buyer to consummate the Merger are further subject to the satisfaction of the following conditions at or prior to the Closing Date: (i) the representations and warranties of the Seller set forth in Sections 4.1 and 4.2 shall be true and correct in all material respects as of the date hereof and as of the Closing Date, except where the failure to be so true and correct would not reasonably be expected to have a Seller Material Adverse Effect; and (ii) all other representations and warranties of the Seller contained in this Agreement shall be true and correct as of the Closing Date, except for such failures to be true and correct that would not, individually or in the aggregate, have a Seller Material Adverse Effect. (Page 114)
Choices: "
"83","Answer the following multiple choice question. The last line of your response should be of the following format: 'ANSWER: $LETTER' (without quotes) where LETTER is one of {letters}. Think step by step before answering.

{question}

{choices}

Instruction: Read the segment of a merger agreement and answer the multiple-choice question by choosing the option that best characterizes the agreement.
Question: When are representations and warranties required to be made according to the bring down provision?
Option A: At Closing Only
Option B: At Signing & At Closing

Merger Agreement: Section 8.3 Conditions to Obligations of Buyer and Subsidiary to Effect the Merger. The obligations of Buyer and Subsidiary to effect the Merger are, in addition to the conditions set forth in Section 8.1, further subject to the satisfaction or waiver by Buyer at or prior to the Effective Time of the following conditions: (a) the representations and warranties of the Seller contained in this Agreement, without giving effect to any materiality or ""Seller Material Adverse Effect"" or similar qualifications therein, shall be true and correct as of the date of this Agreement and as of the Closing Date, except for such failures to be true and correct as would not, individually or in the aggregate, have a Seller Material Adverse Effect (except to the extent such representations and warranties are expressly made as of a specific date, in which case such representations and warranties shall be so true and correct as of such specific date only); (Page 89)
Answer:
Choices: ","Fail","Answer the following multiple choice question. The last line of your response should be of the following format: 'ANSWER: $LETTER' (without quotes) where LETTER is one of {letters}. Think step by step before answering.

{question}

{choices}

Instruction: Read the segment of a merger agreement and answer the multiple-choice question by choosing the option that best characterizes the agreement.
Question: When are representations and warranties required to be made according to the bring down provision?
Option A: At Closing Only
Option B: At Signing & At Closing

Merger Agreement: Article 8.1 Conditions to Obligations of Buyer to Effect the Merger. The obligations of Buyer to effect the Merger are subject to the satisfaction or waiver by Buyer at or prior to the Effective Time of the following conditions: (a) the representations and warranties of the Seller contained in this Agreement shall be true and correct as of the date of this Agreement and as of the Closing Date, except for inaccuracies that would not, individually or in the aggregate, have a Seller Material Adverse Effect; provided that any representation and warranty made as of a specific date shall be true and correct as of such date. (Page 112)

Merger Agreement: Section 9.3 Additional Conditions to Obligations of Buyer. The obligations of Buyer to consummate the Merger are further subject to the satisfaction of the following conditions at or prior to the Closing Date: (i) the representations and warranties of the Seller set forth in Sections 4.1 and 4.2 shall be true and correct in all material respects as of the date hereof and as of the Closing Date, except where the failure to be so true and correct would not reasonably be expected to have a Seller Material Adverse Effect; and (ii) all other representations and warranties of the Seller contained in this Agreement shall be true and correct as of the Closing Date, except for such failures to be true and correct that would not, individually or in the aggregate, have a Seller Material Adverse Effect. (Page 114)
Choices: "
"84","Answer the following multiple choice question. The last line of your response should be of the following format: 'ANSWER: $LETTER' (without quotes) where LETTER is one of {letters}. Think step by step before answering.

{question}

{choices}

Instruction: Read the segment of a merger agreement and answer the multiple-choice question by choosing the option that best characterizes the agreement.
Question: When are representations and warranties required to be made according to the bring down provision?
Option A: At Closing Only
Option B: At Signing & At Closing

Merger Agreement: Section 8.1 Conditions to Obligations of Acquirer and Merger Sub to Effect the Merger. The obligations of Acquirer and Merger Sub to effect the Merger are, in addition to the conditions set forth in Section 8.0, further subject to the satisfaction or (to the extent not prohibited by Law) waiver by Acquirer at or prior to the Effective Time of the following conditions: (a) each of the representations and warranties of the Target contained in this Agreement, without giving effect to any materiality or ""Target Material Adverse Effect"" or similar qualifications therein, shall be true and correct as of the Closing Date, except for such failures to be true and correct as would not, individually or in the aggregate, have a Target Material Adverse Effect (except to the extent such representations and warranties are expressly made as of a specific date, in which case such representations and warranties shall be so true and correct as of such specific date only); (Page 73)

Merger Agreement: Section 5.04 Conditions to Obligation of Acquirer. The obligation of Acquirer to consummate the Merger is also subject to the fulfillment or written waiver by Acquirer prior to the Effective Time of each of the following conditions: (a) Representations and Warranties. (i) The representations and warranties of the Target set forth in Section 3.02, after giving effect to Section 3.01 and the lead-in to Section 3.02, shall be true and correct as of the date of this Agreement and as of the Closing Date as though made at and as of the Closing Date (except that representations and warranties that by their terms speak as of the date of this Agreement or some other date shall be true and correct as of such date); (Page 74)
Choices: ","Fail","Answer the following multiple choice question. The last line of your response should be of the following format: 'ANSWER: $LETTER' (without quotes) where LETTER is one of {letters}. Think step by step before answering.

{question}

{choices}

Instruction: Read the segment of a merger agreement and answer the multiple-choice question by choosing the option that best characterizes the agreement.
Question: When are representations and warranties required to be made according to the bring down provision?
Option A: At Closing Only
Option B: At Signing & At Closing

Merger Agreement: Article 8.1 Conditions to Obligations of Buyer to Effect the Merger. The obligations of Buyer to effect the Merger are subject to the satisfaction or waiver by Buyer at or prior to the Effective Time of the following conditions: (a) the representations and warranties of the Seller contained in this Agreement shall be true and correct as of the date of this Agreement and as of the Closing Date, except for inaccuracies that would not, individually or in the aggregate, have a Seller Material Adverse Effect; provided that any representation and warranty made as of a specific date shall be true and correct as of such date. (Page 112)

Merger Agreement: Section 9.3 Additional Conditions to Obligations of Buyer. The obligations of Buyer to consummate the Merger are further subject to the satisfaction of the following conditions at or prior to the Closing Date: (i) the representations and warranties of the Seller set forth in Sections 4.1 and 4.2 shall be true and correct in all material respects as of the date hereof and as of the Closing Date, except where the failure to be so true and correct would not reasonably be expected to have a Seller Material Adverse Effect; and (ii) all other representations and warranties of the Seller contained in this Agreement shall be true and correct as of the Closing Date, except for such failures to be true and correct that would not, individually or in the aggregate, have a Seller Material Adverse Effect. (Page 114)
Choices: "
"85","Answer the following multiple choice question. The last line of your response should be of the following format: 'ANSWER: $LETTER' (without quotes) where LETTER is one of {letters}. Think step by step before answering.

{question}

{choices}

Instruction: Read the segment of a merger agreement and answer the multiple-choice question by choosing the option that best characterizes the agreement.
Question: When are representations and warranties required to be made according to the bring down provision?
Option A: At Closing Only
Option B: At Signing & At Closing

Merger Agreement: Section 8.3 Conditions to Obligations of Purchaser to Effect the Merger. The obligations of Purchaser to effect the Merger are, in addition to the conditions set forth in Section 8.1, further subject to the satisfaction or (to the extent not prohibited by Law) waiver by Purchaser at or prior to the Effective Time of the following conditions: (a) each of the representations and warranties of the Seller contained in this Agreement, without giving effect to any materiality or ""Seller Material Adverse Effect"" or similar qualifications therein, shall be true and correct as of the Effective Time, except for such failures to be true and correct as would not, individually or in the aggregate, have a Seller Material Adverse Effect (except to the extent such representations and warranties are expressly made as of a specific date, in which case such representations and warranties shall be so true and correct as of such specific date only); (b) the representations and warranties that are made as of the date of this Agreement shall be true and correct as of the date of this Agreement and as of the Closing Date, except where the failure to be true and correct would not have a material adverse effect on the Purchaser; (Page 102)
Choices: ","Fail","Answer the following multiple choice question. The last line of your response should be of the following format: 'ANSWER: $LETTER' (without quotes) where LETTER is one of {letters}. Think step by step before answering.

{question}

{choices}

Instruction: Read the segment of a merger agreement and answer the multiple-choice question by choosing the option that best characterizes the agreement.
Question: When are representations and warranties required to be made according to the bring down provision?
Option A: At Closing Only
Option B: At Signing & At Closing

Merger Agreement: Article 8.1 Conditions to Obligations of Buyer to Effect the Merger. The obligations of Buyer to effect the Merger are subject to the satisfaction or waiver by Buyer at or prior to the Effective Time of the following conditions: (a) the representations and warranties of the Seller contained in this Agreement shall be true and correct as of the date of this Agreement and as of the Closing Date, except for inaccuracies that would not, individually or in the aggregate, have a Seller Material Adverse Effect; provided that any representation and warranty made as of a specific date shall be true and correct as of such date. (Page 112)

Merger Agreement: Section 9.3 Additional Conditions to Obligations of Buyer. The obligations of Buyer to consummate the Merger are further subject to the satisfaction of the following conditions at or prior to the Closing Date: (i) the representations and warranties of the Seller set forth in Sections 4.1 and 4.2 shall be true and correct in all material respects as of the date hereof and as of the Closing Date, except where the failure to be so true and correct would not reasonably be expected to have a Seller Material Adverse Effect; and (ii) all other representations and warranties of the Seller contained in this Agreement shall be true and correct as of the Closing Date, except for such failures to be true and correct that would not, individually or in the aggregate, have a Seller Material Adverse Effect. (Page 114)
Choices: "
"86","Answer the following multiple choice question. The last line of your response should be of the following format: 'ANSWER: $LETTER' (without quotes) where LETTER is one of {letters}. Think step by step before answering.

{question}

{choices}

Instruction: Read the segment of a merger agreement and answer the multiple-choice question by choosing the option that best characterizes the agreement.
Question: When are representations and warranties required to be made according to the bring down provision?
Option A: At Closing Only
Option B: At Signing & At Closing

Merger Agreement: Section 8.3 Conditions to Obligations of Parent and Merger Sub to Effect the Merger. The obligations of Parent and Merger Sub to effect the Merger are, in addition to the conditions set forth in Section 8.1, further subject to the satisfaction or (to the extent not prohibited by Law) waiver by Parent at or prior to the Effective Time of the following conditions: (a) each of the representations and warranties of the Company contained in this Agreement, disregarding all qualifications and exceptions relating to materiality or Company Material Adverse Effect, shall be true and correct as of the Closing Date, except for such failures to be true and correct that do not have a Company Material Adverse Effect (except to the extent such representations and warranties are expressly made as of a specific date, in which case they shall be true and correct as of such specific date only); (Page 70)

Merger Agreement: Section 9.1 Additional Conditions to the Offer. The obligation of Purchaser to accept for payment and pay for Shares validly tendered (and not validly withdrawn) pursuant to the Offer is further subject to the satisfaction of the following conditions: (i) the representations and warranties of the Company set forth in this Agreement (other than those set forth in Sections 4.3, 4.5, and 4.8) shall be true and correct as of the date of this Agreement and as of the Acceptance Time as if made at and as of the Acceptance Time (except to the extent such representations and warranties speak as of an earlier date, in which case they shall be true and correct as of such earlier date), except where the failure of such representations and warranties to be true and correct would not have, individually or in the aggregate, a Company Material Adverse Effect. (Page 105)
Choices: ","Fail","Answer the following multiple choice question. The last line of your response should be of the following format: 'ANSWER: $LETTER' (without quotes) where LETTER is one of {letters}. Think step by step before answering.

{question}

{choices}

Instruction: Read the segment of a merger agreement and answer the multiple-choice question by choosing the option that best characterizes the agreement.
Question: When are representations and warranties required to be made according to the bring down provision?
Option A: At Closing Only
Option B: At Signing & At Closing

Merger Agreement: Article 8.1 Conditions to Obligations of Buyer to Effect the Merger. The obligations of Buyer to effect the Merger are subject to the satisfaction or waiver by Buyer at or prior to the Effective Time of the following conditions: (a) the representations and warranties of the Seller contained in this Agreement shall be true and correct as of the date of this Agreement and as of the Closing Date, except for inaccuracies that would not, individually or in the aggregate, have a Seller Material Adverse Effect; provided that any representation and warranty made as of a specific date shall be true and correct as of such date. (Page 112)

Merger Agreement: Section 9.3 Additional Conditions to Obligations of Buyer. The obligations of Buyer to consummate the Merger are further subject to the satisfaction of the following conditions at or prior to the Closing Date: (i) the representations and warranties of the Seller set forth in Sections 4.1 and 4.2 shall be true and correct in all material respects as of the date hereof and as of the Closing Date, except where the failure to be so true and correct would not reasonably be expected to have a Seller Material Adverse Effect; and (ii) all other representations and warranties of the Seller contained in this Agreement shall be true and correct as of the Closing Date, except for such failures to be true and correct that would not, individually or in the aggregate, have a Seller Material Adverse Effect. (Page 114)
Choices: "
"87","Answer the following multiple choice question. The last line of your response should be of the following format: 'ANSWER: $LETTER' (without quotes) where LETTER is one of {letters}. Think step by step before answering.

{question}

{choices}

Instruction: Read the segment of a merger agreement and answer the multiple-choice question by choosing the option that best characterizes the agreement.
Question: When are representations and warranties required to be made according to the bring down provision?
Option A: At Closing Only
Option B: At Signing & At Closing

Merger Agreement: Section 8.3 Conditions to Obligations of Parent to Effect the Merger. The obligations of Parent to effect the Merger are, in addition to the conditions set forth in Section 8.1, further subject to the satisfaction or (to the extent not prohibited by Law) waiver by Parent at or prior to the Effective Time of the following conditions: (a) Representations and Warranties. (i) Each representation and warranty in Article III (except for the representations and warranties in Section 3.1(a), Section 3.2(b), Section 3.5, and Section 3.8) shall be true and correct in all respects (read, for purposes of this Section 8.3(a)(i) only, without any qualification as to ""material,"" ""in all material respects,"" ""Company Material Adverse Effect"" or materiality) as of the date hereof and as of the Closing as if made on the Closing (except to the extent any such representation or warranty expressly speaks as of the date hereof or any other specific date, in which case such representation or warranty shall have been so true and correct as of such date), except for any failure of such representations and warranties to be so true and correct as would not reasonably be expected to result in, individually or in the aggregate, a Company Material Adverse Effect. (Page 92)
(b) Representations and Warranties at Signing. Notwithstanding anything to the contrary in this Agreement, the representations and warranties set forth in Sections 3.1(a), 3.2(b), and 3.5 must be true and correct as of the date hereof and at and as of the Closing Date, except where the failure to be true and correct would not have a material adverse effect. (Page 93)
Answer:
Choices: ","Fail","Answer the following multiple choice question. The last line of your response should be of the following format: 'ANSWER: $LETTER' (without quotes) where LETTER is one of {letters}. Think step by step before answering.

{question}

{choices}

Instruction: Read the segment of a merger agreement and answer the multiple-choice question by choosing the option that best characterizes the agreement.
Question: When are representations and warranties required to be made according to the bring down provision?
Option A: At Closing Only
Option B: At Signing & At Closing

Merger Agreement: Article 8.1 Conditions to Obligations of Buyer to Effect the Merger. The obligations of Buyer to effect the Merger are subject to the satisfaction or waiver by Buyer at or prior to the Effective Time of the following conditions: (a) the representations and warranties of the Seller contained in this Agreement shall be true and correct as of the date of this Agreement and as of the Closing Date, except for inaccuracies that would not, individually or in the aggregate, have a Seller Material Adverse Effect; provided that any representation and warranty made as of a specific date shall be true and correct as of such date. (Page 112)

Merger Agreement: Section 9.3 Additional Conditions to Obligations of Buyer. The obligations of Buyer to consummate the Merger are further subject to the satisfaction of the following conditions at or prior to the Closing Date: (i) the representations and warranties of the Seller set forth in Sections 4.1 and 4.2 shall be true and correct in all material respects as of the date hereof and as of the Closing Date, except where the failure to be so true and correct would not reasonably be expected to have a Seller Material Adverse Effect; and (ii) all other representations and warranties of the Seller contained in this Agreement shall be true and correct as of the Closing Date, except for such failures to be true and correct that would not, individually or in the aggregate, have a Seller Material Adverse Effect. (Page 114)
Choices: "
"88","Answer the following multiple choice question. The last line of your response should be of the following format: 'ANSWER: $LETTER' (without quotes) where LETTER is one of {letters}. Think step by step before answering.

{question}

{choices}

Instruction: Read the segment of a merger agreement and answer the multiple-choice question by choosing the option that best characterizes the agreement.
Question: When are representations and warranties required to be made according to the bring down provision?
Option A: At Closing Only
Option B: At Signing & At Closing

Merger Agreement: Section 8.3 Conditions to Obligations of Parent and Sub to Effect the Merger. The obligations of Parent and Sub to effect the Merger are further subject to the satisfaction or waiver by Parent at or prior to the Effective Time of the following conditions: (i) each of the representations and warranties of the Company contained in this Agreement shall be true and correct (without giving effect to any materiality or ""Company Material Adverse Effect"" or similar qualifications) as of the date of this Agreement and as of the Closing Date, except where the failure to be so true and correct would not have a Company Material Adverse Effect; provided, however, that representations and warranties made as of a specific date shall be true and correct as of such specific date only. (Page 82)
Choices: ","Fail","Answer the following multiple choice question. The last line of your response should be of the following format: 'ANSWER: $LETTER' (without quotes) where LETTER is one of {letters}. Think step by step before answering.

{question}

{choices}

Instruction: Read the segment of a merger agreement and answer the multiple-choice question by choosing the option that best characterizes the agreement.
Question: When are representations and warranties required to be made according to the bring down provision?
Option A: At Closing Only
Option B: At Signing & At Closing

Merger Agreement: Article 8.1 Conditions to Obligations of Buyer to Effect the Merger. The obligations of Buyer to effect the Merger are subject to the satisfaction or waiver by Buyer at or prior to the Effective Time of the following conditions: (a) the representations and warranties of the Seller contained in this Agreement shall be true and correct as of the date of this Agreement and as of the Closing Date, except for inaccuracies that would not, individually or in the aggregate, have a Seller Material Adverse Effect; provided that any representation and warranty made as of a specific date shall be true and correct as of such date. (Page 112)

Merger Agreement: Section 9.3 Additional Conditions to Obligations of Buyer. The obligations of Buyer to consummate the Merger are further subject to the satisfaction of the following conditions at or prior to the Closing Date: (i) the representations and warranties of the Seller set forth in Sections 4.1 and 4.2 shall be true and correct in all material respects as of the date hereof and as of the Closing Date, except where the failure to be so true and correct would not reasonably be expected to have a Seller Material Adverse Effect; and (ii) all other representations and warranties of the Seller contained in this Agreement shall be true and correct as of the Closing Date, except for such failures to be true and correct that would not, individually or in the aggregate, have a Seller Material Adverse Effect. (Page 114)
Choices: "
"89","Answer the following multiple choice question. The last line of your response should be of the following format: 'ANSWER: $LETTER' (without quotes) where LETTER is one of {letters}. Think step by step before answering.

{question}

{choices}

Instruction: Read the segment of a merger agreement and answer the multiple-choice question by choosing the option that best characterizes the agreement.
Question: When are representations and warranties required to be made according to the bring down provision?
Option A: At Closing Only
Option B: At Signing & At Closing

Merger Agreement: Section 8.1 Conditions to Obligations of Buyer and Seller to Effect the Merger. The obligations of Buyer and Seller to effect the Merger are subject to the satisfaction or waiver by Buyer and Seller at or prior to the Effective Time of the following conditions: (a) the representations and warranties of the other party contained in this Agreement, disregarding all qualifications as to materiality, shall be true and correct as of the Closing Date, except for such inaccuracies that would not have a Material Adverse Effect; (b) the representations and warranties made as of the date of this Agreement shall be true and correct as of the date of this Agreement and as of the Closing Date, except for such inaccuracies that would not have a Material Adverse Effect, unless they specifically refer to an earlier date, in which case they shall be true and correct as of such earlier date. (Page 102)
Choices: ","Fail","Answer the following multiple choice question. The last line of your response should be of the following format: 'ANSWER: $LETTER' (without quotes) where LETTER is one of {letters}. Think step by step before answering.

{question}

{choices}

Instruction: Read the segment of a merger agreement and answer the multiple-choice question by choosing the option that best characterizes the agreement.
Question: When are representations and warranties required to be made according to the bring down provision?
Option A: At Closing Only
Option B: At Signing & At Closing

Merger Agreement: Article 8.1 Conditions to Obligations of Buyer to Effect the Merger. The obligations of Buyer to effect the Merger are subject to the satisfaction or waiver by Buyer at or prior to the Effective Time of the following conditions: (a) the representations and warranties of the Seller contained in this Agreement shall be true and correct as of the date of this Agreement and as of the Closing Date, except for inaccuracies that would not, individually or in the aggregate, have a Seller Material Adverse Effect; provided that any representation and warranty made as of a specific date shall be true and correct as of such date. (Page 112)

Merger Agreement: Section 9.3 Additional Conditions to Obligations of Buyer. The obligations of Buyer to consummate the Merger are further subject to the satisfaction of the following conditions at or prior to the Closing Date: (i) the representations and warranties of the Seller set forth in Sections 4.1 and 4.2 shall be true and correct in all material respects as of the date hereof and as of the Closing Date, except where the failure to be so true and correct would not reasonably be expected to have a Seller Material Adverse Effect; and (ii) all other representations and warranties of the Seller contained in this Agreement shall be true and correct as of the Closing Date, except for such failures to be true and correct that would not, individually or in the aggregate, have a Seller Material Adverse Effect. (Page 114)
Choices: "
"90","Answer the following multiple choice question. The last line of your response should be of the following format: 'ANSWER: $LETTER' (without quotes) where LETTER is one of {letters}. Think step by step before answering.

{question}

{choices}

Instruction: Read the segment of a merger agreement and answer the multiple-choice question by choosing the option that best characterizes the agreement.
Question: When are representations and warranties required to be made according to the bring down provision?
Option A: At Closing Only
Option B: At Signing & At Closing

Merger Agreement: Section 9.3 Conditions to Obligations of Acquirer and Merger Sub. The obligations of Acquirer and Merger Sub to effect the Merger are, in addition to the conditions set forth in Section 9.1, further subject to the satisfaction or (to the extent not prohibited by Law) waiver by Acquirer at or prior to the Effective Time of the following conditions: (a) each of the representations and warranties of the Target contained in this Agreement, without giving effect to any materiality or 'Target Material Adverse Effect' or similar qualifications therein, shall be true and correct as of the Closing Date, except for such failures to be true and correct as would not, individually or in the aggregate, have a Target Material Adverse Effect; provided, however, that the representations and warranties set forth in Sections 4.1 and 4.5 shall be true and correct in all respects as of the date of this Agreement and as of the Closing Date as though made on and as of the Closing Date, except to the extent such representations and warranties are expressly made as of a specific date, in which case such representations and warranties shall be so true and correct as of such specific date only. (Page 102)
Answer:
Choices: ","Fail","Answer the following multiple choice question. The last line of your response should be of the following format: 'ANSWER: $LETTER' (without quotes) where LETTER is one of {letters}. Think step by step before answering.

{question}

{choices}

Instruction: Read the segment of a merger agreement and answer the multiple-choice question by choosing the option that best characterizes the agreement.
Question: When are representations and warranties required to be made according to the bring down provision?
Option A: At Closing Only
Option B: At Signing & At Closing

Merger Agreement: Article 8.1 Conditions to Obligations of Buyer to Effect the Merger. The obligations of Buyer to effect the Merger are subject to the satisfaction or waiver by Buyer at or prior to the Effective Time of the following conditions: (a) the representations and warranties of the Seller contained in this Agreement shall be true and correct as of the date of this Agreement and as of the Closing Date, except for inaccuracies that would not, individually or in the aggregate, have a Seller Material Adverse Effect; provided that any representation and warranty made as of a specific date shall be true and correct as of such date. (Page 112)

Merger Agreement: Section 9.3 Additional Conditions to Obligations of Buyer. The obligations of Buyer to consummate the Merger are further subject to the satisfaction of the following conditions at or prior to the Closing Date: (i) the representations and warranties of the Seller set forth in Sections 4.1 and 4.2 shall be true and correct in all material respects as of the date hereof and as of the Closing Date, except where the failure to be so true and correct would not reasonably be expected to have a Seller Material Adverse Effect; and (ii) all other representations and warranties of the Seller contained in this Agreement shall be true and correct as of the Closing Date, except for such failures to be true and correct that would not, individually or in the aggregate, have a Seller Material Adverse Effect. (Page 114)
Choices: "
"91","Answer the following multiple choice question. The last line of your response should be of the following format: 'ANSWER: $LETTER' (without quotes) where LETTER is one of {letters}. Think step by step before answering.

{question}

{choices}

Instruction: Read the segment of a merger agreement and answer the multiple-choice question by choosing the option that best characterizes the agreement.
Question: When are representations and warranties required to be made according to the bring down provision?
Option A: At Closing Only
Option B: At Signing & At Closing

Merger Agreement: Section 8.4 Conditions to Obligations of Parent and Subsidiary to Effect the Merger. The obligations of Parent and Subsidiary to effect the Merger are, in addition to the conditions set forth in Section 8.1, further subject to the satisfaction or waiver by Parent at or prior to the Effective Time of the following conditions: (a) each of the representations and warranties of the Company contained in this Agreement shall be true and correct as of the Closing Date, except for such failures to be true and correct as would not, individually or in the aggregate, have a Material Adverse Effect (except to the extent such representations and warranties are expressly made as of a specific date, in which case such representations and warranties shall be so true and correct as of such specific date only); (b) notwithstanding the foregoing, the representations and warranties set forth in Section 4.5 (Authorization and Validity) and Section 4.6 (Capitalization) shall be true and correct as of the date of this Agreement and as of the Closing Date, as if made at and as of such time, except where the failure to be true and correct would not reasonably be expected to have a Material Adverse Effect. (Page 72)
Answer:
Choices: ","Fail","Answer the following multiple choice question. The last line of your response should be of the following format: 'ANSWER: $LETTER' (without quotes) where LETTER is one of {letters}. Think step by step before answering.

{question}

{choices}

Instruction: Read the segment of a merger agreement and answer the multiple-choice question by choosing the option that best characterizes the agreement.
Question: When are representations and warranties required to be made according to the bring down provision?
Option A: At Closing Only
Option B: At Signing & At Closing

Merger Agreement: Article 8.1 Conditions to Obligations of Buyer to Effect the Merger. The obligations of Buyer to effect the Merger are subject to the satisfaction or waiver by Buyer at or prior to the Effective Time of the following conditions: (a) the representations and warranties of the Seller contained in this Agreement shall be true and correct as of the date of this Agreement and as of the Closing Date, except for inaccuracies that would not, individually or in the aggregate, have a Seller Material Adverse Effect; provided that any representation and warranty made as of a specific date shall be true and correct as of such date. (Page 112)

Merger Agreement: Section 9.3 Additional Conditions to Obligations of Buyer. The obligations of Buyer to consummate the Merger are further subject to the satisfaction of the following conditions at or prior to the Closing Date: (i) the representations and warranties of the Seller set forth in Sections 4.1 and 4.2 shall be true and correct in all material respects as of the date hereof and as of the Closing Date, except where the failure to be so true and correct would not reasonably be expected to have a Seller Material Adverse Effect; and (ii) all other representations and warranties of the Seller contained in this Agreement shall be true and correct as of the Closing Date, except for such failures to be true and correct that would not, individually or in the aggregate, have a Seller Material Adverse Effect. (Page 114)
Choices: "
"92","Answer the following multiple choice question. The last line of your response should be of the following format: 'ANSWER: $LETTER' (without quotes) where LETTER is one of {letters}. Think step by step before answering.

{question}

{choices}

Instruction: Read the segment of a merger agreement and answer the multiple-choice question by choosing the option that best characterizes the agreement.
Question: When are representations and warranties required to be made according to the bring down provision?
Option A: At Closing Only
Option B: At Signing & At Closing

Merger Agreement: Section 8.1 Conditions to Obligations of Acquirer to Effect the Merger. The obligations of Acquirer to effect the Merger are subject to the satisfaction or waiver by Acquirer at or prior to the Effective Time of the following conditions: (a) the representations and warranties of the Target contained in this Agreement shall be true and correct as of the Closing Date, without giving effect to any materiality or 'Target Material Adverse Effect' or similar qualifications therein, except for such failures to be true and correct as would not, individually or in the aggregate, have a Target Material Adverse Effect. Additionally, any representations and warranties made as of a specific date shall be true and correct as of such specific date only. (b) Notwithstanding the foregoing, the representations and warranties set forth in Sections 4.1 and 4.2 shall be true and correct as of the date of this Agreement and as of the Closing Date, as if made on and as of such times. (Page 73)
Choices: ","Fail","Answer the following multiple choice question. The last line of your response should be of the following format: 'ANSWER: $LETTER' (without quotes) where LETTER is one of {letters}. Think step by step before answering.

{question}

{choices}

Instruction: Read the segment of a merger agreement and answer the multiple-choice question by choosing the option that best characterizes the agreement.
Question: When are representations and warranties required to be made according to the bring down provision?
Option A: At Closing Only
Option B: At Signing & At Closing

Merger Agreement: Article 8.1 Conditions to Obligations of Buyer to Effect the Merger. The obligations of Buyer to effect the Merger are subject to the satisfaction or waiver by Buyer at or prior to the Effective Time of the following conditions: (a) the representations and warranties of the Seller contained in this Agreement shall be true and correct as of the date of this Agreement and as of the Closing Date, except for inaccuracies that would not, individually or in the aggregate, have a Seller Material Adverse Effect; provided that any representation and warranty made as of a specific date shall be true and correct as of such date. (Page 112)

Merger Agreement: Section 9.3 Additional Conditions to Obligations of Buyer. The obligations of Buyer to consummate the Merger are further subject to the satisfaction of the following conditions at or prior to the Closing Date: (i) the representations and warranties of the Seller set forth in Sections 4.1 and 4.2 shall be true and correct in all material respects as of the date hereof and as of the Closing Date, except where the failure to be so true and correct would not reasonably be expected to have a Seller Material Adverse Effect; and (ii) all other representations and warranties of the Seller contained in this Agreement shall be true and correct as of the Closing Date, except for such failures to be true and correct that would not, individually or in the aggregate, have a Seller Material Adverse Effect. (Page 114)
Choices: "
"93","Answer the following multiple choice question. The last line of your response should be of the following format: 'ANSWER: $LETTER' (without quotes) where LETTER is one of {letters}. Think step by step before answering.

{question}

{choices}

Instruction: Read the segment of a merger agreement and answer the multiple-choice question by choosing the option that best characterizes the agreement.
Question: When are representations and warranties required to be made according to the bring down provision?
Option A: At Closing Only
Option B: At Signing & At Closing

Merger Agreement: Section 8.3 Conditions to Obligations of Parent and Subsidiary to Effect the Merger. The obligations of Parent and Subsidiary to effect the Merger are, in addition to the conditions set forth in Section 8.1, further subject to the satisfaction or (to the extent not prohibited by Law) waiver by Parent at or prior to the Effective Time of the following conditions: (a) each of the representations and warranties of the Company contained in this Agreement, without giving effect to any materiality or 'Company Material Adverse Effect' or similar qualifications therein, shall be true and correct as of the Closing Date, except for such failures to be true and correct as would not, individually or in the aggregate, have a Company Material Adverse Effect (except to the extent such representations and warranties are expressly made as of a specific date, in which case such representations and warranties shall be so true and correct as of such specific date only); (Page 73)

Merger Agreement: Section 10.1 Conditions to Obligations of Parent and Merger Sub. The obligations of Parent and Merger Sub to consummate the Merger are also subject to the satisfaction or waiver (where permissible pursuant to applicable Law) by Parent and Merger Sub on or prior to the Effective Time of the following conditions: (a) Representations and Warranties. (i) The representations and warranties of the Company (other than in the first sentence of Section 5.01(a), the first sentence of Section 5.01(b), Section 5.02(a), Section 5.02(b)(i), Section 5.03(a), Section 5.03(b)(i), Section 5.03(d), Section 5.05(a) and Section 5.10) set forth in Article V of this Agreement shall be true and correct in all respects (without giving effect to any limitation indicated by the words 'Company Material Adverse Effect,' 'in all material respects,' 'in any material respect,' 'material,' or 'materially') when made and on and as of the Closing Date, as if made on and as of such date (except those representations and warranties that address matters only as of a particular date, which shall be true and correct in all respects as of that date), except where the failure of such representations and warranties to be so true and correct would not reasonably be expected to have, individually or in the aggregate, a Company Material Adverse Effect; (Page 105)
Choices: ","Fail","Answer the following multiple choice question. The last line of your response should be of the following format: 'ANSWER: $LETTER' (without quotes) where LETTER is one of {letters}. Think step by step before answering.

{question}

{choices}

Instruction: Read the segment of a merger agreement and answer the multiple-choice question by choosing the option that best characterizes the agreement.
Question: When are representations and warranties required to be made according to the bring down provision?
Option A: At Closing Only
Option B: At Signing & At Closing

Merger Agreement: Article 8.1 Conditions to Obligations of Buyer to Effect the Merger. The obligations of Buyer to effect the Merger are subject to the satisfaction or waiver by Buyer at or prior to the Effective Time of the following conditions: (a) the representations and warranties of the Seller contained in this Agreement shall be true and correct as of the date of this Agreement and as of the Closing Date, except for inaccuracies that would not, individually or in the aggregate, have a Seller Material Adverse Effect; provided that any representation and warranty made as of a specific date shall be true and correct as of such date. (Page 112)

Merger Agreement: Section 9.3 Additional Conditions to Obligations of Buyer. The obligations of Buyer to consummate the Merger are further subject to the satisfaction of the following conditions at or prior to the Closing Date: (i) the representations and warranties of the Seller set forth in Sections 4.1 and 4.2 shall be true and correct in all material respects as of the date hereof and as of the Closing Date, except where the failure to be so true and correct would not reasonably be expected to have a Seller Material Adverse Effect; and (ii) all other representations and warranties of the Seller contained in this Agreement shall be true and correct as of the Closing Date, except for such failures to be true and correct that would not, individually or in the aggregate, have a Seller Material Adverse Effect. (Page 114)
Choices: "
"94","Answer the following multiple choice question. The last line of your response should be of the following format: 'ANSWER: $LETTER' (without quotes) where LETTER is one of {letters}. Think step by step before answering.

{question}

{choices}

Instruction: Read the segment of a merger agreement and answer the multiple-choice question by choosing the option that best characterizes the agreement.
Question: When are representations and warranties required to be made according to the bring down provision?
Option A: At Closing Only
Option B: At Signing & At Closing

Merger Agreement: Section 8.4 Conditions to Obligations of Parent and Merger Sub to Effect the Merger. The obligations of Parent and Merger Sub to consummate the Closing are subject to the satisfaction (or waiver in writing by Parent, to the extent permitted by applicable Law) prior to the Closing of each of the following conditions: (a) Representations and Warranties. (i) Each representation and warranty in Article V (except for the representations and warranties in Section 5.1(a), Section 5.1(b), Section 5.2(a), Section 5.2(b), Section 5.3, Section 5.6(c)(ii), and Section 5.17) shall be true and correct in all respects as of the date hereof and as of the Closing as if made on the Closing (except to the extent any such representation or warranty expressly speaks as of the date hereof or any other specific date, in which case such representation or warranty shall have been so true and correct as of such date), except for any failure of such representations and warranties to be so true and correct as would not reasonably be expected to result in, individually or in the aggregate, a Material Adverse Effect. Additionally, for the purposes of this Section 8.4(a)(i), the representations and warranties that are qualified by ""materiality"" or ""Material Adverse Effect"" shall be true and correct in all respects at the time of signing and at the time of closing, except where the failure of such representations and warranties to be true and correct would not reasonably be expected to have a Material Adverse Effect. (Page 90)
Choices: ","Fail","Answer the following multiple choice question. The last line of your response should be of the following format: 'ANSWER: $LETTER' (without quotes) where LETTER is one of {letters}. Think step by step before answering.

{question}

{choices}

Instruction: Read the segment of a merger agreement and answer the multiple-choice question by choosing the option that best characterizes the agreement.
Question: When are representations and warranties required to be made according to the bring down provision?
Option A: At Closing Only
Option B: At Signing & At Closing

Merger Agreement: Article 8.1 Conditions to Obligations of Buyer to Effect the Merger. The obligations of Buyer to effect the Merger are subject to the satisfaction or waiver by Buyer at or prior to the Effective Time of the following conditions: (a) the representations and warranties of the Seller contained in this Agreement shall be true and correct as of the date of this Agreement and as of the Closing Date, except for inaccuracies that would not, individually or in the aggregate, have a Seller Material Adverse Effect; provided that any representation and warranty made as of a specific date shall be true and correct as of such date. (Page 112)

Merger Agreement: Section 9.3 Additional Conditions to Obligations of Buyer. The obligations of Buyer to consummate the Merger are further subject to the satisfaction of the following conditions at or prior to the Closing Date: (i) the representations and warranties of the Seller set forth in Sections 4.1 and 4.2 shall be true and correct in all material respects as of the date hereof and as of the Closing Date, except where the failure to be so true and correct would not reasonably be expected to have a Seller Material Adverse Effect; and (ii) all other representations and warranties of the Seller contained in this Agreement shall be true and correct as of the Closing Date, except for such failures to be true and correct that would not, individually or in the aggregate, have a Seller Material Adverse Effect. (Page 114)
Choices: "
"95","Answer the following multiple choice question. The last line of your response should be of the following format: 'ANSWER: $LETTER' (without quotes) where LETTER is one of {letters}. Think step by step before answering.

{question}

{choices}

Instruction: Read the segment of a merger agreement and answer the multiple-choice question by choosing the option that best characterizes the agreement.
Question: When are representations and warranties required to be made according to the bring down provision?
Option A: At Closing Only
Option B: At Signing & At Closing

Merger Agreement: Section 9.3 Conditions to Obligations of Parent and Merger Sub to Effect the Merger. The obligations of Parent and Merger Sub to effect the Merger are subject to the satisfaction or waiver by Parent at or prior to the Effective Time of the following conditions: (a) the representations and warranties of the Company, without regard to any qualifications as to materiality or 'Company Material Adverse Effect', shall be true and correct as of the Closing Date, except for those representations and warranties that speak as of an earlier date, which shall remain true and correct as of such date; (Page 45)

Merger Agreement: Section 8.1 Conditions to Obligations of Parent. The obligations of Parent to effect the Merger are subject to the satisfaction or waiver by Parent at or prior to the Effective Time of the following conditions: (b) each of the representations and warranties of the Company contained in this Agreement shall be true and correct in all material respects as of the date hereof and as of the Closing Date as if made on and as of the Closing Date, except to the extent that any such representation and warranty expressly speaks as of an earlier date, in which case it shall be true and correct as of such earlier date; (Page 32)
Choices: ","Fail","Answer the following multiple choice question. The last line of your response should be of the following format: 'ANSWER: $LETTER' (without quotes) where LETTER is one of {letters}. Think step by step before answering.

{question}

{choices}

Instruction: Read the segment of a merger agreement and answer the multiple-choice question by choosing the option that best characterizes the agreement.
Question: When are representations and warranties required to be made according to the bring down provision?
Option A: At Closing Only
Option B: At Signing & At Closing

Merger Agreement: Article 8.1 Conditions to Obligations of Buyer to Effect the Merger. The obligations of Buyer to effect the Merger are subject to the satisfaction or waiver by Buyer at or prior to the Effective Time of the following conditions: (a) the representations and warranties of the Seller contained in this Agreement shall be true and correct as of the date of this Agreement and as of the Closing Date, except for inaccuracies that would not, individually or in the aggregate, have a Seller Material Adverse Effect; provided that any representation and warranty made as of a specific date shall be true and correct as of such date. (Page 112)

Merger Agreement: Section 9.3 Additional Conditions to Obligations of Buyer. The obligations of Buyer to consummate the Merger are further subject to the satisfaction of the following conditions at or prior to the Closing Date: (i) the representations and warranties of the Seller set forth in Sections 4.1 and 4.2 shall be true and correct in all material respects as of the date hereof and as of the Closing Date, except where the failure to be so true and correct would not reasonably be expected to have a Seller Material Adverse Effect; and (ii) all other representations and warranties of the Seller contained in this Agreement shall be true and correct as of the Closing Date, except for such failures to be true and correct that would not, individually or in the aggregate, have a Seller Material Adverse Effect. (Page 114)
Choices: "
"96","Answer the following multiple choice question. The last line of your response should be of the following format: 'ANSWER: $LETTER' (without quotes) where LETTER is one of {letters}. Think step by step before answering.

{question}

{choices}

Instruction: Read the segment of a merger agreement and answer the multiple-choice question by choosing the option that best characterizes the agreement.
Question: When are representations and warranties required to be made according to the bring down provision?
Option A: At Closing Only
Option B: At Signing & At Closing

Merger Agreement: Section 5.4 Conditions to Obligations of Acquirer to Effect the Merger. The obligations of Acquirer to effect the Merger are, in addition to the conditions set forth in Section 5.3, further subject to the satisfaction or (to the extent not prohibited by Law) waiver by Acquirer at or prior to the Effective Time of the following conditions: (a) each of the representations and warranties of the Target contained in this Agreement, without giving effect to any materiality or 'Target Material Adverse Effect' or similar qualifications therein, shall be true and correct as of the Closing Date, except for such failures to be true and correct as would not, individually or in the aggregate, have a Target Material Adverse Effect (except to the extent such representations and warranties are expressly made as of a specific date, in which case such representations and warranties shall be so true and correct as of such specific date only); (Page 45)

Merger Agreement: Section 6.1 Conditions to Obligations of Target. The obligations of Target to effect the Merger are subject to the satisfaction or (to the extent not prohibited by Law) waiver by Target at or prior to the Effective Time of the following conditions: (i) the representations and warranties of Acquirer set forth in this Agreement shall be true and correct as of the date of this Agreement and as of the Closing Date as though made on and as of the Closing Date, except to the extent such representations and warranties speak as of an earlier date, in which case such representations and warranties shall be true and correct as of such earlier date; (Page 52)

Merger Agreement: Section 7.3 Additional Conditions. The representations and warranties of both parties shall be true and correct as of the date of this Agreement and as of the Closing Date, except for such failures to be true and correct as would not have a Material Adverse Effect on either party; (Page 60)
Answer:
Choices: ","Fail","Answer the following multiple choice question. The last line of your response should be of the following format: 'ANSWER: $LETTER' (without quotes) where LETTER is one of {letters}. Think step by step before answering.

{question}

{choices}

Instruction: Read the segment of a merger agreement and answer the multiple-choice question by choosing the option that best characterizes the agreement.
Question: When are representations and warranties required to be made according to the bring down provision?
Option A: At Closing Only
Option B: At Signing & At Closing

Merger Agreement: Article 8.1 Conditions to Obligations of Buyer to Effect the Merger. The obligations of Buyer to effect the Merger are subject to the satisfaction or waiver by Buyer at or prior to the Effective Time of the following conditions: (a) the representations and warranties of the Seller contained in this Agreement shall be true and correct as of the date of this Agreement and as of the Closing Date, except for inaccuracies that would not, individually or in the aggregate, have a Seller Material Adverse Effect; provided that any representation and warranty made as of a specific date shall be true and correct as of such date. (Page 112)

Merger Agreement: Section 9.3 Additional Conditions to Obligations of Buyer. The obligations of Buyer to consummate the Merger are further subject to the satisfaction of the following conditions at or prior to the Closing Date: (i) the representations and warranties of the Seller set forth in Sections 4.1 and 4.2 shall be true and correct in all material respects as of the date hereof and as of the Closing Date, except where the failure to be so true and correct would not reasonably be expected to have a Seller Material Adverse Effect; and (ii) all other representations and warranties of the Seller contained in this Agreement shall be true and correct as of the Closing Date, except for such failures to be true and correct that would not, individually or in the aggregate, have a Seller Material Adverse Effect. (Page 114)
Choices: "
"97","Answer the following multiple choice question. The last line of your response should be of the following format: 'ANSWER: $LETTER' (without quotes) where LETTER is one of {letters}. Think step by step before answering.

{question}

{choices}

Instruction: Read the segment of a merger agreement and answer the multiple-choice question by choosing the option that best characterizes the agreement.
Question: When are representations and warranties required to be made according to the bring down provision?
Option A: At Closing Only
Option B: At Signing & At Closing

Merger Agreement: Section 8.3 Conditions to Obligations of Parent and Merger Sub to Effect the Merger. The obligations of Parent and Merger Sub to effect the Merger are, in addition to the conditions set forth in Section 8.1, further subject to the satisfaction or (to the extent not prohibited by Law) waiver by Parent at or prior to the Effective Time of the following conditions: (a) each of the representations and warranties of the Company contained in this Agreement, without giving effect to any materiality or ""Material Adverse Effect"" or similar qualifications therein, shall be true and correct as of the Closing Date, except for such failures to be true and correct as would not, individually or in the aggregate, have a Material Adverse Effect (except to the extent such representations and warranties are expressly made as of a specific date, in which case such representations and warranties shall be so true and correct as of such specific date only); (Page 72)

Merger Agreement: SECTION 8.3 Conditions to Obligations of Parent and Merger Sub. The obligations of Parent and Merger Sub to effect the Merger are subject to the satisfaction or waiver at or prior to the Effective Time of the following conditions: (a) Representations and Warranties. (i) The representations and warranties of the Company set forth in this Agreement shall be true and correct in all respects (without giving effect to any ""materiality,"" ""Material Adverse Effect"" or similar qualifiers contained in any such representations and warranties) as of the Effective Time as though made on and as of such date, except where the failures of any such representations and warranties to be so true and correct, in the aggregate, do not have and would not reasonably be expected to have, individually or in the aggregate, a Material Adverse Effect on the Company; (Page 78)
Answer:
Choices: ","Fail","Answer the following multiple choice question. The last line of your response should be of the following format: 'ANSWER: $LETTER' (without quotes) where LETTER is one of {letters}. Think step by step before answering.

{question}

{choices}

Instruction: Read the segment of a merger agreement and answer the multiple-choice question by choosing the option that best characterizes the agreement.
Question: When are representations and warranties required to be made according to the bring down provision?
Option A: At Closing Only
Option B: At Signing & At Closing

Merger Agreement: Article 8.1 Conditions to Obligations of Buyer to Effect the Merger. The obligations of Buyer to effect the Merger are subject to the satisfaction or waiver by Buyer at or prior to the Effective Time of the following conditions: (a) the representations and warranties of the Seller contained in this Agreement shall be true and correct as of the date of this Agreement and as of the Closing Date, except for inaccuracies that would not, individually or in the aggregate, have a Seller Material Adverse Effect; provided that any representation and warranty made as of a specific date shall be true and correct as of such date. (Page 112)

Merger Agreement: Section 9.3 Additional Conditions to Obligations of Buyer. The obligations of Buyer to consummate the Merger are further subject to the satisfaction of the following conditions at or prior to the Closing Date: (i) the representations and warranties of the Seller set forth in Sections 4.1 and 4.2 shall be true and correct in all material respects as of the date hereof and as of the Closing Date, except where the failure to be so true and correct would not reasonably be expected to have a Seller Material Adverse Effect; and (ii) all other representations and warranties of the Seller contained in this Agreement shall be true and correct as of the Closing Date, except for such failures to be true and correct that would not, individually or in the aggregate, have a Seller Material Adverse Effect. (Page 114)
Choices: "
"98","Answer the following multiple choice question. The last line of your response should be of the following format: 'ANSWER: $LETTER' (without quotes) where LETTER is one of {letters}. Think step by step before answering.

{question}

{choices}

Instruction: Read the segment of a merger agreement and answer the multiple-choice question by choosing the option that best characterizes the agreement.
Question: When are representations and warranties required to be made according to the bring down provision?
Option A: At Closing Only
Option B: At Signing & At Closing

Merger Agreement: Section 9.4 Conditions to Obligations of Buyer and Seller to Effect the Merger. The obligations of Buyer and Seller to effect the Merger are, in addition to the conditions set forth in Section 9.1, further subject to the satisfaction or (to the extent not prohibited by Law) waiver by Buyer at or prior to the Effective Time of the following conditions: (a) each of the representations and warranties of the Seller contained in this Agreement, without giving effect to any materiality or 'Seller Material Adverse Effect' or similar qualifications therein, shall be true and correct as of the Closing Date, except for such failures to be true and correct as would not, individually or in the aggregate, have a Seller Material Adverse Effect (except to the extent such representations and warranties are expressly made as of a specific date, in which case such representations and warranties shall be so true and correct as of such specific date only); (b) each of the representations and warranties of the Buyer set forth in Article V shall be true and correct both when made and at and as of the Closing Date, as if made at and as of such date, except where the failure to be true and correct would not have a Buyer Material Adverse Effect. (Page 102)
Answer:
Choices: ","Fail","Answer the following multiple choice question. The last line of your response should be of the following format: 'ANSWER: $LETTER' (without quotes) where LETTER is one of {letters}. Think step by step before answering.

{question}

{choices}

Instruction: Read the segment of a merger agreement and answer the multiple-choice question by choosing the option that best characterizes the agreement.
Question: When are representations and warranties required to be made according to the bring down provision?
Option A: At Closing Only
Option B: At Signing & At Closing

Merger Agreement: Article 8.1 Conditions to Obligations of Buyer to Effect the Merger. The obligations of Buyer to effect the Merger are subject to the satisfaction or waiver by Buyer at or prior to the Effective Time of the following conditions: (a) the representations and warranties of the Seller contained in this Agreement shall be true and correct as of the date of this Agreement and as of the Closing Date, except for inaccuracies that would not, individually or in the aggregate, have a Seller Material Adverse Effect; provided that any representation and warranty made as of a specific date shall be true and correct as of such date. (Page 112)

Merger Agreement: Section 9.3 Additional Conditions to Obligations of Buyer. The obligations of Buyer to consummate the Merger are further subject to the satisfaction of the following conditions at or prior to the Closing Date: (i) the representations and warranties of the Seller set forth in Sections 4.1 and 4.2 shall be true and correct in all material respects as of the date hereof and as of the Closing Date, except where the failure to be so true and correct would not reasonably be expected to have a Seller Material Adverse Effect; and (ii) all other representations and warranties of the Seller contained in this Agreement shall be true and correct as of the Closing Date, except for such failures to be true and correct that would not, individually or in the aggregate, have a Seller Material Adverse Effect. (Page 114)
Choices: "
"99","Answer the following multiple choice question. The last line of your response should be of the following format: 'ANSWER: $LETTER' (without quotes) where LETTER is one of {letters}. Think step by step before answering.

{question}

{choices}

Instruction: Read the segment of a merger agreement and answer the multiple-choice question by choosing the option that best characterizes the agreement.
Question: When are representations and warranties required to be made according to the bring down provision?
Option A: At Closing Only
Option B: At Signing & At Closing

Merger Agreement: Section 8.3 Conditions to Obligations of Merger Corp and Subsidiary to Effect the Merger. The obligations of Merger Corp and Subsidiary to effect the Merger are, in addition to the conditions set forth in Section 8.1, further subject to the satisfaction or (to the extent not prohibited by Law) waiver by Merger Corp at or prior to the Effective Time of the following conditions: (a) each of the representations and warranties of the Company contained in this Agreement, without giving effect to any materiality or ""Company Material Adverse Effect"" or similar qualifications therein, shall be true and correct as of the Closing Date, except for such failures to be true and correct as would not, individually or in the aggregate, have a Company Material Adverse Effect (except to the extent such representations and warranties are expressly made as of a specific date, in which case such representations and warranties shall be so true and correct as of such specific date only); provided, however, that the representations and warranties contained in Section 4.01 (Organization and Qualification), Section 4.02 (Capitalization), and Section 4.05 (Authority) shall be true and correct in all material respects as of the date hereof and as of the Closing Date as if made as of the Closing Date. (Page 75)
Answer:
Choices: ","Fail","Answer the following multiple choice question. The last line of your response should be of the following format: 'ANSWER: $LETTER' (without quotes) where LETTER is one of {letters}. Think step by step before answering.

{question}

{choices}

Instruction: Read the segment of a merger agreement and answer the multiple-choice question by choosing the option that best characterizes the agreement.
Question: When are representations and warranties required to be made according to the bring down provision?
Option A: At Closing Only
Option B: At Signing & At Closing

Merger Agreement: Article 8.1 Conditions to Obligations of Buyer to Effect the Merger. The obligations of Buyer to effect the Merger are subject to the satisfaction or waiver by Buyer at or prior to the Effective Time of the following conditions: (a) the representations and warranties of the Seller contained in this Agreement shall be true and correct as of the date of this Agreement and as of the Closing Date, except for inaccuracies that would not, individually or in the aggregate, have a Seller Material Adverse Effect; provided that any representation and warranty made as of a specific date shall be true and correct as of such date. (Page 112)

Merger Agreement: Section 9.3 Additional Conditions to Obligations of Buyer. The obligations of Buyer to consummate the Merger are further subject to the satisfaction of the following conditions at or prior to the Closing Date: (i) the representations and warranties of the Seller set forth in Sections 4.1 and 4.2 shall be true and correct in all material respects as of the date hereof and as of the Closing Date, except where the failure to be so true and correct would not reasonably be expected to have a Seller Material Adverse Effect; and (ii) all other representations and warranties of the Seller contained in this Agreement shall be true and correct as of the Closing Date, except for such failures to be true and correct that would not, individually or in the aggregate, have a Seller Material Adverse Effect. (Page 114)
Choices: "
"100","Answer the following multiple choice question. The last line of your response should be of the following format: 'ANSWER: $LETTER' (without quotes) where LETTER is one of {letters}. Think step by step before answering.

{question}

{choices}

Instruction: Read the segment of a merger agreement and answer the multiple-choice question by choosing the option that best characterizes the agreement.
Question: When are representations and warranties required to be made according to the bring down provision?
Option A: At Closing Only
Option B: At Signing & At Closing

Merger Agreement: Section 8.4 Conditions Precedent to the Obligations of the Parties to Effect the Merger. The obligations of the Parties to effect the Merger are, in addition to the conditions set forth in Section 8.3, further subject to the satisfaction or waiver by the Parties at or prior to the Effective Time of the following conditions: (a) each of the representations and warranties of the Company contained in this Agreement shall be true and correct in all material respects as of the date hereof, except where the failure to be true and correct would not have a Material Adverse Effect, and as of the Closing Date, except where such failures would not, individually or in the aggregate, have a Material Adverse Effect (except to the extent such representations and warranties are expressly made as of a specific date, in which case such representations and warranties shall be so true and correct as of such specific date only); (b) the Company shall have performed and complied in all material respects with all obligations required to be performed by it under this Agreement at or prior to the Closing Date; (c) no Material Adverse Effect shall have occurred since the date of this Agreement; (Page 112)
Answer:
Choices: ","Fail","Answer the following multiple choice question. The last line of your response should be of the following format: 'ANSWER: $LETTER' (without quotes) where LETTER is one of {letters}. Think step by step before answering.

{question}

{choices}

Instruction: Read the segment of a merger agreement and answer the multiple-choice question by choosing the option that best characterizes the agreement.
Question: When are representations and warranties required to be made according to the bring down provision?
Option A: At Closing Only
Option B: At Signing & At Closing

Merger Agreement: Article 8.1 Conditions to Obligations of Buyer to Effect the Merger. The obligations of Buyer to effect the Merger are subject to the satisfaction or waiver by Buyer at or prior to the Effective Time of the following conditions: (a) the representations and warranties of the Seller contained in this Agreement shall be true and correct as of the date of this Agreement and as of the Closing Date, except for inaccuracies that would not, individually or in the aggregate, have a Seller Material Adverse Effect; provided that any representation and warranty made as of a specific date shall be true and correct as of such date. (Page 112)

Merger Agreement: Section 9.3 Additional Conditions to Obligations of Buyer. The obligations of Buyer to consummate the Merger are further subject to the satisfaction of the following conditions at or prior to the Closing Date: (i) the representations and warranties of the Seller set forth in Sections 4.1 and 4.2 shall be true and correct in all material respects as of the date hereof and as of the Closing Date, except where the failure to be so true and correct would not reasonably be expected to have a Seller Material Adverse Effect; and (ii) all other representations and warranties of the Seller contained in this Agreement shall be true and correct as of the Closing Date, except for such failures to be true and correct that would not, individually or in the aggregate, have a Seller Material Adverse Effect. (Page 114)
Choices: "
"101","Answer the following multiple choice question. The last line of your response should be of the following format: 'ANSWER: $LETTER' (without quotes) where LETTER is one of {letters}. Think step by step before answering.

{question}

{choices}

Instruction: Read the segment of a merger agreement and answer the multiple-choice question by choosing the option that best characterizes the agreement.
Question: When are representations and warranties required to be made according to the bring down provision?
Option A: At Closing Only
Option B: At Signing & At Closing

Merger Agreement: Section 8.3 Conditions to Obligations of Buyer to Effect the Acquisition. The obligations of Buyer to effect the Acquisition are, in addition to the conditions set forth in Section 8.1, further subject to the satisfaction or (to the extent not prohibited by Law) waiver by Buyer at or prior to the Effective Time of the following conditions: (a) each of the representations and warranties of the Seller contained in this Agreement, without giving effect to any materiality or ""Material Adverse Effect"" or similar qualifications therein, shall be true and correct as of the Closing Date, except for such failures to be true and correct as would not, individually or in the aggregate, have a Material Adverse Effect (except to the extent such representations and warranties are expressly made as of a specific date, in which case such representations and warranties shall be so true and correct as of such specific date only); (Page 78)

Merger Agreement: Section 5.2 Additional Conditions to Obligations of Buyer. <omitted> (b) The representations and warranties of Seller contained <omitted> (ii) in this Agreement (other than the representations and warranties of Seller set forth in the first sentence of Section 2.2(a), Section 2.2(c), Section 2.3, Section 2.5 and Section 2.9(b)) shall be true and correct <omitted> as of the date of this Agreement and as of the Closing Date (Page 102)
Choices: ","Fail","Answer the following multiple choice question. The last line of your response should be of the following format: 'ANSWER: $LETTER' (without quotes) where LETTER is one of {letters}. Think step by step before answering.

{question}

{choices}

Instruction: Read the segment of a merger agreement and answer the multiple-choice question by choosing the option that best characterizes the agreement.
Question: When are representations and warranties required to be made according to the bring down provision?
Option A: At Closing Only
Option B: At Signing & At Closing

Merger Agreement: Article 8.1 Conditions to Obligations of Buyer to Effect the Merger. The obligations of Buyer to effect the Merger are subject to the satisfaction or waiver by Buyer at or prior to the Effective Time of the following conditions: (a) the representations and warranties of the Seller contained in this Agreement shall be true and correct as of the date of this Agreement and as of the Closing Date, except for inaccuracies that would not, individually or in the aggregate, have a Seller Material Adverse Effect; provided that any representation and warranty made as of a specific date shall be true and correct as of such date. (Page 112)

Merger Agreement: Section 9.3 Additional Conditions to Obligations of Buyer. The obligations of Buyer to consummate the Merger are further subject to the satisfaction of the following conditions at or prior to the Closing Date: (i) the representations and warranties of the Seller set forth in Sections 4.1 and 4.2 shall be true and correct in all material respects as of the date hereof and as of the Closing Date, except where the failure to be so true and correct would not reasonably be expected to have a Seller Material Adverse Effect; and (ii) all other representations and warranties of the Seller contained in this Agreement shall be true and correct as of the Closing Date, except for such failures to be true and correct that would not, individually or in the aggregate, have a Seller Material Adverse Effect. (Page 114)
Choices: "
"102","Answer the following multiple choice question. The last line of your response should be of the following format: 'ANSWER: $LETTER' (without quotes) where LETTER is one of {letters}. Think step by step before answering.

{question}

{choices}

Instruction: Read the segment of a merger agreement and answer the multiple-choice question by choosing the option that best characterizes the agreement.
Question: When are representations and warranties required to be made according to the bring down provision?
Option A: At Closing Only
Option B: At Signing & At Closing

Merger Agreement: Section 8.3 Conditions to Obligations of Buyer to Effect the Merger. The obligations of Buyer to effect the Merger are, in addition to the conditions set forth in Section 8.2, further subject to the satisfaction or (to the extent not prohibited by Law) waiver by Buyer at or prior to the Effective Time of the following conditions: (a) each of the representations and warranties of the Seller contained in this Agreement, without giving effect to any materiality or 'Seller Material Adverse Effect' or similar qualifications therein, shall be true and correct as of the Signing Date and as of the Closing Date, except for such failures to be true and correct as would not, individually or in the aggregate, have a Seller Material Adverse Effect (except to the extent such representations and warranties are expressly made as of a specific date, in which case such representations and warranties shall be so true and correct as of such specific date only); additionally, any representations and warranties specifically made as of the date of this Agreement shall only need to be true and correct as of the date of this Agreement. (Page 78)
Choices: ","Fail","Answer the following multiple choice question. The last line of your response should be of the following format: 'ANSWER: $LETTER' (without quotes) where LETTER is one of {letters}. Think step by step before answering.

{question}

{choices}

Instruction: Read the segment of a merger agreement and answer the multiple-choice question by choosing the option that best characterizes the agreement.
Question: When are representations and warranties required to be made according to the bring down provision?
Option A: At Closing Only
Option B: At Signing & At Closing

Merger Agreement: Article 8.1 Conditions to Obligations of Buyer to Effect the Merger. The obligations of Buyer to effect the Merger are subject to the satisfaction or waiver by Buyer at or prior to the Effective Time of the following conditions: (a) the representations and warranties of the Seller contained in this Agreement shall be true and correct as of the date of this Agreement and as of the Closing Date, except for inaccuracies that would not, individually or in the aggregate, have a Seller Material Adverse Effect; provided that any representation and warranty made as of a specific date shall be true and correct as of such date. (Page 112)

Merger Agreement: Section 9.3 Additional Conditions to Obligations of Buyer. The obligations of Buyer to consummate the Merger are further subject to the satisfaction of the following conditions at or prior to the Closing Date: (i) the representations and warranties of the Seller set forth in Sections 4.1 and 4.2 shall be true and correct in all material respects as of the date hereof and as of the Closing Date, except where the failure to be so true and correct would not reasonably be expected to have a Seller Material Adverse Effect; and (ii) all other representations and warranties of the Seller contained in this Agreement shall be true and correct as of the Closing Date, except for such failures to be true and correct that would not, individually or in the aggregate, have a Seller Material Adverse Effect. (Page 114)
Choices: "
"103","Answer the following multiple choice question. The last line of your response should be of the following format: 'ANSWER: $LETTER' (without quotes) where LETTER is one of {letters}. Think step by step before answering.

{question}

{choices}

Instruction: Read the segment of a merger agreement and answer the multiple-choice question by choosing the option that best characterizes the agreement.
Question: When are representations and warranties required to be made according to the bring down provision?
Option A: At Closing Only
Option B: At Signing & At Closing

Merger Agreement: Section 8.3 Conditions to Obligations of Acquirer and NewCo to Effect the Merger. The obligations of Acquirer and NewCo to effect the Merger are, in addition to the conditions set forth in Section 8.1, further subject to the satisfaction or (to the extent not prohibited by Law) waiver by Acquirer at or prior to the Effective Time of the following conditions: (a) each of the representations and warranties of the Target contained in this Agreement, without giving effect to any materiality or “Target Material Adverse Effect” or similar qualifications therein, shall be true and correct in all respects as of the date of this Agreement and as of the Closing Date as though made on and as of the Closing Date (except to the extent such representations and warranties are expressly made as of a specific date, in which case such representations and warranties shall be true and correct as of such specific date only); except for such failures to be true and correct as would not, individually or in the aggregate, have a Target Material Adverse Effect; provided, however, that representations and warranties set forth in Sections 4.1 through 4.5 are deemed to be true and correct only as of the Closing Date. (Page 72)
Choices: ","Fail","Answer the following multiple choice question. The last line of your response should be of the following format: 'ANSWER: $LETTER' (without quotes) where LETTER is one of {letters}. Think step by step before answering.

{question}

{choices}

Instruction: Read the segment of a merger agreement and answer the multiple-choice question by choosing the option that best characterizes the agreement.
Question: When are representations and warranties required to be made according to the bring down provision?
Option A: At Closing Only
Option B: At Signing & At Closing

Merger Agreement: Article 8.1 Conditions to Obligations of Buyer to Effect the Merger. The obligations of Buyer to effect the Merger are subject to the satisfaction or waiver by Buyer at or prior to the Effective Time of the following conditions: (a) the representations and warranties of the Seller contained in this Agreement shall be true and correct as of the date of this Agreement and as of the Closing Date, except for inaccuracies that would not, individually or in the aggregate, have a Seller Material Adverse Effect; provided that any representation and warranty made as of a specific date shall be true and correct as of such date. (Page 112)

Merger Agreement: Section 9.3 Additional Conditions to Obligations of Buyer. The obligations of Buyer to consummate the Merger are further subject to the satisfaction of the following conditions at or prior to the Closing Date: (i) the representations and warranties of the Seller set forth in Sections 4.1 and 4.2 shall be true and correct in all material respects as of the date hereof and as of the Closing Date, except where the failure to be so true and correct would not reasonably be expected to have a Seller Material Adverse Effect; and (ii) all other representations and warranties of the Seller contained in this Agreement shall be true and correct as of the Closing Date, except for such failures to be true and correct that would not, individually or in the aggregate, have a Seller Material Adverse Effect. (Page 114)
Choices: "
"104","Answer the following multiple choice question. The last line of your response should be of the following format: 'ANSWER: $LETTER' (without quotes) where LETTER is one of {letters}. Think step by step before answering.

{question}

{choices}

Instruction: Read the segment of a merger agreement and answer the multiple-choice question by choosing the option that best characterizes the agreement.
Question: When are representations and warranties required to be made according to the bring down provision?
Option A: At Closing Only
Option B: At Signing & At Closing

Merger Agreement: Section 8.3 Conditions to the Obligations of Parent and Merger Sub to Effect the Merger. The obligations of Parent and Merger Sub to effect the Merger are, in addition to the conditions set forth in Section 8.2, further subject to the satisfaction or (to the extent not prohibited by Law) waiver by Parent at or prior to the Effective Time of the following conditions: (a) each of the representations and warranties of the Company contained in this Agreement shall be true and correct as of the Signing Date and as of the Closing Date, except for such failures to be true and correct as would not, individually or in the aggregate, have a Material Adverse Effect (except to the extent such representations and warranties are expressly made as of a specific date, in which case such representations and warranties shall be so true and correct as of such specific date only); (Page 72)
Answer:
Choices: ","Fail","Answer the following multiple choice question. The last line of your response should be of the following format: 'ANSWER: $LETTER' (without quotes) where LETTER is one of {letters}. Think step by step before answering.

{question}

{choices}

Instruction: Read the segment of a merger agreement and answer the multiple-choice question by choosing the option that best characterizes the agreement.
Question: When are representations and warranties required to be made according to the bring down provision?
Option A: At Closing Only
Option B: At Signing & At Closing

Merger Agreement: Article 8.1 Conditions to Obligations of Buyer to Effect the Merger. The obligations of Buyer to effect the Merger are subject to the satisfaction or waiver by Buyer at or prior to the Effective Time of the following conditions: (a) the representations and warranties of the Seller contained in this Agreement shall be true and correct as of the date of this Agreement and as of the Closing Date, except for inaccuracies that would not, individually or in the aggregate, have a Seller Material Adverse Effect; provided that any representation and warranty made as of a specific date shall be true and correct as of such date. (Page 112)

Merger Agreement: Section 9.3 Additional Conditions to Obligations of Buyer. The obligations of Buyer to consummate the Merger are further subject to the satisfaction of the following conditions at or prior to the Closing Date: (i) the representations and warranties of the Seller set forth in Sections 4.1 and 4.2 shall be true and correct in all material respects as of the date hereof and as of the Closing Date, except where the failure to be so true and correct would not reasonably be expected to have a Seller Material Adverse Effect; and (ii) all other representations and warranties of the Seller contained in this Agreement shall be true and correct as of the Closing Date, except for such failures to be true and correct that would not, individually or in the aggregate, have a Seller Material Adverse Effect. (Page 114)
Choices: "
"105","Answer the following multiple choice question. The last line of your response should be of the following format: 'ANSWER: $LETTER' (without quotes) where LETTER is one of {letters}. Think step by step before answering.

{question}

{choices}

Instruction: Read the segment of a merger agreement and answer the multiple-choice question by choosing the option that best characterizes the agreement.
Question: When are representations and warranties required to be made according to the bring down provision?
Option A: At Closing Only
Option B: At Signing & At Closing

Merger Agreement: Section 8.3 Conditions to Obligations of Buyer to Effect the Acquisition. The obligations of Buyer to effect the Acquisition are, in addition to the conditions set forth in Section 8.1, further subject to the satisfaction or waiver by Buyer at or prior to the Effective Time of the following conditions: (a) each of the representations and warranties of the Seller contained in this Agreement shall be true and correct as of the Closing Date, except for such failures to be true and correct as would not, individually or in the aggregate, have a Material Adverse Effect on the Seller (except to the extent such representations and warranties are expressly made as of a specific date, in which case such representations and warranties shall be true and correct as of such specific date only); (Page 72)

Merger Agreement: Section 5.4 Conditions to the Obligations of Buyer. <omitted> the representations and warranties set forth in this Agreement shall be true and correct as of the date of this Agreement and as of the Closing Date as though made on and as of the Closing Date (Page 90)
Choices: ","Fail","Answer the following multiple choice question. The last line of your response should be of the following format: 'ANSWER: $LETTER' (without quotes) where LETTER is one of {letters}. Think step by step before answering.

{question}

{choices}

Instruction: Read the segment of a merger agreement and answer the multiple-choice question by choosing the option that best characterizes the agreement.
Question: When are representations and warranties required to be made according to the bring down provision?
Option A: At Closing Only
Option B: At Signing & At Closing

Merger Agreement: Article 8.1 Conditions to Obligations of Buyer to Effect the Merger. The obligations of Buyer to effect the Merger are subject to the satisfaction or waiver by Buyer at or prior to the Effective Time of the following conditions: (a) the representations and warranties of the Seller contained in this Agreement shall be true and correct as of the date of this Agreement and as of the Closing Date, except for inaccuracies that would not, individually or in the aggregate, have a Seller Material Adverse Effect; provided that any representation and warranty made as of a specific date shall be true and correct as of such date. (Page 112)

Merger Agreement: Section 9.3 Additional Conditions to Obligations of Buyer. The obligations of Buyer to consummate the Merger are further subject to the satisfaction of the following conditions at or prior to the Closing Date: (i) the representations and warranties of the Seller set forth in Sections 4.1 and 4.2 shall be true and correct in all material respects as of the date hereof and as of the Closing Date, except where the failure to be so true and correct would not reasonably be expected to have a Seller Material Adverse Effect; and (ii) all other representations and warranties of the Seller contained in this Agreement shall be true and correct as of the Closing Date, except for such failures to be true and correct that would not, individually or in the aggregate, have a Seller Material Adverse Effect. (Page 114)
Choices: "
"106","Answer the following multiple choice question. The last line of your response should be of the following format: 'ANSWER: $LETTER' (without quotes) where LETTER is one of {letters}. Think step by step before answering.

{question}

{choices}

Instruction: Read the segment of a merger agreement and answer the multiple-choice question by choosing the option that best characterizes the agreement.
Question: When are representations and warranties required to be made according to the bring down provision?
Option A: At Closing Only
Option B: At Signing & At Closing

Merger Agreement: Section 8.3 Conditions to Obligations of Parent and Subsidiary to Effect the Merger. The obligations of Parent and Subsidiary to effect the Merger are, in addition to the conditions set forth in Section 8.1, further subject to the satisfaction or (to the extent not prohibited by Law) waiver by Parent at or prior to the Effective Time of the following conditions: (a) each of the representations and warranties of the Company contained in this Agreement, disregarding all qualifications and exceptions relating to materiality or Company Material Adverse Effect, shall be true and correct as of the date of this Agreement and again at the Closing Date, except for such failures to be true and correct as would not, individually or in the aggregate, have a Company Material Adverse Effect, and except for representations and warranties that are expressly made as of a specific date, in which case they shall be true and correct as of such specific date only; (Page 90)
Answer:
Choices: ","Fail","Answer the following multiple choice question. The last line of your response should be of the following format: 'ANSWER: $LETTER' (without quotes) where LETTER is one of {letters}. Think step by step before answering.

{question}

{choices}

Instruction: Read the segment of a merger agreement and answer the multiple-choice question by choosing the option that best characterizes the agreement.
Question: When are representations and warranties required to be made according to the bring down provision?
Option A: At Closing Only
Option B: At Signing & At Closing

Merger Agreement: Article 8.1 Conditions to Obligations of Buyer to Effect the Merger. The obligations of Buyer to effect the Merger are subject to the satisfaction or waiver by Buyer at or prior to the Effective Time of the following conditions: (a) the representations and warranties of the Seller contained in this Agreement shall be true and correct as of the date of this Agreement and as of the Closing Date, except for inaccuracies that would not, individually or in the aggregate, have a Seller Material Adverse Effect; provided that any representation and warranty made as of a specific date shall be true and correct as of such date. (Page 112)

Merger Agreement: Section 9.3 Additional Conditions to Obligations of Buyer. The obligations of Buyer to consummate the Merger are further subject to the satisfaction of the following conditions at or prior to the Closing Date: (i) the representations and warranties of the Seller set forth in Sections 4.1 and 4.2 shall be true and correct in all material respects as of the date hereof and as of the Closing Date, except where the failure to be so true and correct would not reasonably be expected to have a Seller Material Adverse Effect; and (ii) all other representations and warranties of the Seller contained in this Agreement shall be true and correct as of the Closing Date, except for such failures to be true and correct that would not, individually or in the aggregate, have a Seller Material Adverse Effect. (Page 114)
Choices: "
"107","Answer the following multiple choice question. The last line of your response should be of the following format: 'ANSWER: $LETTER' (without quotes) where LETTER is one of {letters}. Think step by step before answering.

{question}

{choices}

Instruction: Read the segment of a merger agreement and answer the multiple-choice question by choosing the option that best characterizes the agreement.
Question: When are representations and warranties required to be made according to the bring down provision?
Option A: At Closing Only
Option B: At Signing & At Closing

Merger Agreement: Section 8.4 Conditions to Obligations of Parent and Acquisition Sub to Effect the Merger. The obligations of Parent and Acquisition Sub to effect the Merger are, in addition to the conditions set forth in Section 8.3, further subject to the satisfaction or (to the extent not prohibited by Law) waiver by Parent at or prior to the Effective Time of the following conditions: (a) each of the representations and warranties of the Company contained in this Agreement, without giving effect to any materiality or ""Company Material Adverse Effect"" or similar qualifications therein, shall be true and correct as of the Closing Date, except for such failures to be true and correct as would not, individually or in the aggregate, have a Company Material Adverse Effect (except to the extent such representations and warranties are expressly made as of a specific date, in which case such representations and warranties shall be so true and correct as of such specific date only); (b) the representations and warranties of the Company set forth in Sections 3.2, 3.5, and 3.7 shall be true and correct at and as of the date of this Agreement and at and as of the Closing as if made at and as of the Closing, except where the failure of such representations and warranties to be true and correct would not have, individually or in the aggregate, a Material Adverse Effect (Page 89)
Answer:
Choices: ","Fail","Answer the following multiple choice question. The last line of your response should be of the following format: 'ANSWER: $LETTER' (without quotes) where LETTER is one of {letters}. Think step by step before answering.

{question}

{choices}

Instruction: Read the segment of a merger agreement and answer the multiple-choice question by choosing the option that best characterizes the agreement.
Question: When are representations and warranties required to be made according to the bring down provision?
Option A: At Closing Only
Option B: At Signing & At Closing

Merger Agreement: Article 8.1 Conditions to Obligations of Buyer to Effect the Merger. The obligations of Buyer to effect the Merger are subject to the satisfaction or waiver by Buyer at or prior to the Effective Time of the following conditions: (a) the representations and warranties of the Seller contained in this Agreement shall be true and correct as of the date of this Agreement and as of the Closing Date, except for inaccuracies that would not, individually or in the aggregate, have a Seller Material Adverse Effect; provided that any representation and warranty made as of a specific date shall be true and correct as of such date. (Page 112)

Merger Agreement: Section 9.3 Additional Conditions to Obligations of Buyer. The obligations of Buyer to consummate the Merger are further subject to the satisfaction of the following conditions at or prior to the Closing Date: (i) the representations and warranties of the Seller set forth in Sections 4.1 and 4.2 shall be true and correct in all material respects as of the date hereof and as of the Closing Date, except where the failure to be so true and correct would not reasonably be expected to have a Seller Material Adverse Effect; and (ii) all other representations and warranties of the Seller contained in this Agreement shall be true and correct as of the Closing Date, except for such failures to be true and correct that would not, individually or in the aggregate, have a Seller Material Adverse Effect. (Page 114)
Choices: "
"108","Answer the following multiple choice question. The last line of your response should be of the following format: 'ANSWER: $LETTER' (without quotes) where LETTER is one of {letters}. Think step by step before answering.

{question}

{choices}

Instruction: Read the segment of a merger agreement and answer the multiple-choice question by choosing the option that best characterizes the agreement.
Question: When are representations and warranties required to be made according to the bring down provision?
Option A: At Closing Only
Option B: At Signing & At Closing

Merger Agreement: Section 8.1 Conditions to Obligations of Parent and Merger Sub to Consummate the Merger. The obligations of Parent and Merger Sub to consummate the Merger are subject to the satisfaction of the following conditions: (a) each of the representations and warranties of the Company set forth in this Agreement, without giving effect to any materiality or 'Material Adverse Effect' qualifications, shall be true and correct as of the Closing Date, except where the failure to be true and correct would not have a Material Adverse Effect (except to the extent such representations and warranties are expressly made as of a specific date, in which case they shall be true and correct as of such specific date only); (Page 102)

Merger Agreement: Section 5.4 Representations and Warranties. The representations and warranties of the Company set forth in this Agreement shall be true and correct in all material respects as of the date of this Agreement and as of the Closing Date, as though made on and as of the Closing Date (except for those representations and warranties that address matters only as of a specific date, which shall be true and correct as of such specific date). (Page 56)
Choices: ","Fail","Answer the following multiple choice question. The last line of your response should be of the following format: 'ANSWER: $LETTER' (without quotes) where LETTER is one of {letters}. Think step by step before answering.

{question}

{choices}

Instruction: Read the segment of a merger agreement and answer the multiple-choice question by choosing the option that best characterizes the agreement.
Question: When are representations and warranties required to be made according to the bring down provision?
Option A: At Closing Only
Option B: At Signing & At Closing

Merger Agreement: Article 8.1 Conditions to Obligations of Buyer to Effect the Merger. The obligations of Buyer to effect the Merger are subject to the satisfaction or waiver by Buyer at or prior to the Effective Time of the following conditions: (a) the representations and warranties of the Seller contained in this Agreement shall be true and correct as of the date of this Agreement and as of the Closing Date, except for inaccuracies that would not, individually or in the aggregate, have a Seller Material Adverse Effect; provided that any representation and warranty made as of a specific date shall be true and correct as of such date. (Page 112)

Merger Agreement: Section 9.3 Additional Conditions to Obligations of Buyer. The obligations of Buyer to consummate the Merger are further subject to the satisfaction of the following conditions at or prior to the Closing Date: (i) the representations and warranties of the Seller set forth in Sections 4.1 and 4.2 shall be true and correct in all material respects as of the date hereof and as of the Closing Date, except where the failure to be so true and correct would not reasonably be expected to have a Seller Material Adverse Effect; and (ii) all other representations and warranties of the Seller contained in this Agreement shall be true and correct as of the Closing Date, except for such failures to be true and correct that would not, individually or in the aggregate, have a Seller Material Adverse Effect. (Page 114)
Choices: "
"109","Answer the following multiple choice question. The last line of your response should be of the following format: 'ANSWER: $LETTER' (without quotes) where LETTER is one of {letters}. Think step by step before answering.

{question}

{choices}

Instruction: Read the segment of a merger agreement and answer the multiple-choice question by choosing the option that best characterizes the agreement.
Question: When are representations and warranties required to be made according to the bring down provision?
Option A: At Closing Only
Option B: At Signing & At Closing

Merger Agreement: Article 8.2 Conditions to Obligations of Parent and Merger Sub to Effect the Merger. The obligations of Parent and Merger Sub to effect the Merger are subject to the satisfaction or waiver by Parent at or prior to the Effective Time of the following conditions: (a) Representations and Warranties. Each of the representations and warranties of the Company contained in this Agreement shall be true and correct as of the date hereof and as of the Closing Date, except where the failure to be true and correct has not had, and would not reasonably be expected to have, a Material Adverse Effect (except to the extent such representations and warranties are expressly made as of a specific date, in which case such representations and warranties shall be so true and correct as of such specific date only); (b) Additional Conditions. The conditions in Section 8.1 must also be satisfied, including the requirement that representations and warranties be reaffirmed at the Closing Date unless a specific exception applies. (Page 102)
Answer:
Choices: ","Fail","Answer the following multiple choice question. The last line of your response should be of the following format: 'ANSWER: $LETTER' (without quotes) where LETTER is one of {letters}. Think step by step before answering.

{question}

{choices}

Instruction: Read the segment of a merger agreement and answer the multiple-choice question by choosing the option that best characterizes the agreement.
Question: When are representations and warranties required to be made according to the bring down provision?
Option A: At Closing Only
Option B: At Signing & At Closing

Merger Agreement: Article 8.1 Conditions to Obligations of Buyer to Effect the Merger. The obligations of Buyer to effect the Merger are subject to the satisfaction or waiver by Buyer at or prior to the Effective Time of the following conditions: (a) the representations and warranties of the Seller contained in this Agreement shall be true and correct as of the date of this Agreement and as of the Closing Date, except for inaccuracies that would not, individually or in the aggregate, have a Seller Material Adverse Effect; provided that any representation and warranty made as of a specific date shall be true and correct as of such date. (Page 112)

Merger Agreement: Section 9.3 Additional Conditions to Obligations of Buyer. The obligations of Buyer to consummate the Merger are further subject to the satisfaction of the following conditions at or prior to the Closing Date: (i) the representations and warranties of the Seller set forth in Sections 4.1 and 4.2 shall be true and correct in all material respects as of the date hereof and as of the Closing Date, except where the failure to be so true and correct would not reasonably be expected to have a Seller Material Adverse Effect; and (ii) all other representations and warranties of the Seller contained in this Agreement shall be true and correct as of the Closing Date, except for such failures to be true and correct that would not, individually or in the aggregate, have a Seller Material Adverse Effect. (Page 114)
Choices: "
"110","Answer the following multiple choice question. The last line of your response should be of the following format: 'ANSWER: $LETTER' (without quotes) where LETTER is one of {letters}. Think step by step before answering.

{question}

{choices}

Instruction: Read the segment of a merger agreement and answer the multiple-choice question by choosing the option that best characterizes the agreement.
Question: When are representations and warranties required to be made according to the bring down provision?
Option A: At Closing Only
Option B: At Signing & At Closing

Merger Agreement: Section 5.4 Conditions to Obligations of Parent and Merger Sub to Effect the Merger. The obligations of Parent and Merger Sub to effect the Merger are, in addition to the conditions set forth in Section 5.3, further subject to the satisfaction or (to the extent not prohibited by Law) waiver by Parent at or prior to the Effective Time of the following conditions: (a) each of the representations and warranties of the Company contained in this Agreement, without giving effect to any materiality or 'Company Material Adverse Effect' or similar qualifications therein, shall be true and correct as of the Closing Date, except for such failures to be true and correct as would not, individually or in the aggregate, have a Company Material Adverse Effect (except to the extent such representations and warranties are expressly made as of a specific date, in which case such representations and warranties shall be so true and correct as of such specific date only); (Page 45)

Merger Agreement: Section 9.1 Conditions to the Offer. Notwithstanding any other term of the Offer or this Agreement to the contrary, Merger Sub will not be required to accept for payment or, subject to any applicable rules and regulations of the SEC, including Rule 14e-l(c) under the Exchange Act (relating to Merger Sub's obligation to pay for or return tendered Shares promptly after the termination or withdrawal of the Offer), to pay for any Shares tendered pursuant to the Offer, and may delay the acceptance for payment of or, subject to any applicable rules and regulations of the SEC, the payment for, any tendered Shares, and (subject to the provisions of this Agreement) may terminate the Offer and not accept for payment any tendered Shares: (i) if this Agreement has been terminated in accordance with Article VII; or (ii) at any scheduled Expiration Date (as it may have been extended pursuant to Section 1.1(d) of this Agreement), if (x) the condition in clause (a) below has not been satisfied by one minute after 11:59 p.m., New York City time, on the Expiration Date or (y) any of the additional conditions set forth below shall not be satisfied or waived in writing by Parent: <omitted> (c) (i) other than the representations and warranties listed in Sections (c)(ii) and (c)(iii) in this Annex I, each of the representations and warranties of the Company set forth in Article III of this Agreement shall be true and correct as of the Offer Acceptance Time as if made at and as of the Offer Acceptance Time (except to the extent such representations and warranties speak as of a specified date, in which case they need only be true and correct as of such specified date), except where the failure of such representations and warranties to be true and correct, in the aggregate, does not constitute a Company Material Adverse Effect; (Page 75)
Choices: ","Fail","Answer the following multiple choice question. The last line of your response should be of the following format: 'ANSWER: $LETTER' (without quotes) where LETTER is one of {letters}. Think step by step before answering.

{question}

{choices}

Instruction: Read the segment of a merger agreement and answer the multiple-choice question by choosing the option that best characterizes the agreement.
Question: When are representations and warranties required to be made according to the bring down provision?
Option A: At Closing Only
Option B: At Signing & At Closing

Merger Agreement: Article 8.1 Conditions to Obligations of Buyer to Effect the Merger. The obligations of Buyer to effect the Merger are subject to the satisfaction or waiver by Buyer at or prior to the Effective Time of the following conditions: (a) the representations and warranties of the Seller contained in this Agreement shall be true and correct as of the date of this Agreement and as of the Closing Date, except for inaccuracies that would not, individually or in the aggregate, have a Seller Material Adverse Effect; provided that any representation and warranty made as of a specific date shall be true and correct as of such date. (Page 112)

Merger Agreement: Section 9.3 Additional Conditions to Obligations of Buyer. The obligations of Buyer to consummate the Merger are further subject to the satisfaction of the following conditions at or prior to the Closing Date: (i) the representations and warranties of the Seller set forth in Sections 4.1 and 4.2 shall be true and correct in all material respects as of the date hereof and as of the Closing Date, except where the failure to be so true and correct would not reasonably be expected to have a Seller Material Adverse Effect; and (ii) all other representations and warranties of the Seller contained in this Agreement shall be true and correct as of the Closing Date, except for such failures to be true and correct that would not, individually or in the aggregate, have a Seller Material Adverse Effect. (Page 114)
Choices: "
"111","Answer the following multiple choice question. The last line of your response should be of the following format: 'ANSWER: $LETTER' (without quotes) where LETTER is one of {letters}. Think step by step before answering.

{question}

{choices}

Instruction: Read the segment of a merger agreement and answer the multiple-choice question by choosing the option that best characterizes the agreement.
Question: When are representations and warranties required to be made according to the bring down provision?
Option A: At Closing Only
Option B: At Signing & At Closing

Merger Agreement: Section 8.3 Conditions to Obligations of Buyer and Merger Sub to Effect the Merger. The obligations of Buyer and Merger Sub to effect the Merger are, in addition to the conditions set forth in Section 8.1, further subject to the satisfaction or (to the extent not prohibited by Law) waiver by Buyer at or prior to the Effective Time of the following conditions: (a) each of the representations and warranties of the Seller contained in this Agreement, without giving effect to any materiality or “Material Adverse Effect” or similar qualifications therein, shall be true and correct as of the Closing Date, except for such failures to be true and correct as would not, individually or in the aggregate, have a Material Adverse Effect (except to the extent such representations and warranties are expressly made as of a specific date, in which case such representations and warranties shall be so true and correct as of such specific date only); (b) the representations and warranties set forth in Sections 4.5 and 4.9 shall be true and correct in all respects both at Signing and at Closing, as if made on and as of such times (except to the extent expressly made as of an earlier date, in which case as of such earlier date); (Page 72)
Choices: ","Fail","Answer the following multiple choice question. The last line of your response should be of the following format: 'ANSWER: $LETTER' (without quotes) where LETTER is one of {letters}. Think step by step before answering.

{question}

{choices}

Instruction: Read the segment of a merger agreement and answer the multiple-choice question by choosing the option that best characterizes the agreement.
Question: When are representations and warranties required to be made according to the bring down provision?
Option A: At Closing Only
Option B: At Signing & At Closing

Merger Agreement: Article 8.1 Conditions to Obligations of Buyer to Effect the Merger. The obligations of Buyer to effect the Merger are subject to the satisfaction or waiver by Buyer at or prior to the Effective Time of the following conditions: (a) the representations and warranties of the Seller contained in this Agreement shall be true and correct as of the date of this Agreement and as of the Closing Date, except for inaccuracies that would not, individually or in the aggregate, have a Seller Material Adverse Effect; provided that any representation and warranty made as of a specific date shall be true and correct as of such date. (Page 112)

Merger Agreement: Section 9.3 Additional Conditions to Obligations of Buyer. The obligations of Buyer to consummate the Merger are further subject to the satisfaction of the following conditions at or prior to the Closing Date: (i) the representations and warranties of the Seller set forth in Sections 4.1 and 4.2 shall be true and correct in all material respects as of the date hereof and as of the Closing Date, except where the failure to be so true and correct would not reasonably be expected to have a Seller Material Adverse Effect; and (ii) all other representations and warranties of the Seller contained in this Agreement shall be true and correct as of the Closing Date, except for such failures to be true and correct that would not, individually or in the aggregate, have a Seller Material Adverse Effect. (Page 114)
Choices: "
"112","Answer the following multiple choice question. The last line of your response should be of the following format: 'ANSWER: $LETTER' (without quotes) where LETTER is one of {letters}. Think step by step before answering.

{question}

{choices}

Instruction: Read the segment of a merger agreement and answer the multiple-choice question by choosing the option that best characterizes the agreement.
Question: When are representations and warranties required to be made according to the bring down provision?
Option A: At Closing Only
Option B: At Signing & At Closing

Merger Agreement: Section 8.3 Conditions to Obligations of Buyer and Merger Sub to Effect the Merger. The obligations of Buyer and Merger Sub to effect the Merger are, in addition to the conditions set forth in Section 8.1, further subject to the satisfaction or (to the extent not prohibited by Law) waiver by Buyer at or prior to the Effective Time of the following conditions: (a) each of the representations and warranties of the Seller contained in this Agreement, without giving effect to any materiality or “Seller Material Adverse Effect” or similar qualifications therein, shall be true and correct as of the Closing Date, except for such failures to be true and correct as would not, individually or in the aggregate, have a Seller Material Adverse Effect (except to the extent such representations and warranties are expressly made as of a specific date, in which case such representations and warranties shall be so true and correct as of such specific date only); (Page 72)

Merger Agreement: Section 8.4 Additional Conditions to Obligations of Buyer. The obligations of Buyer to effect the Merger and the other transactions contemplated by this Agreement are subject to the satisfaction or (to the extent permitted by Law) waiver by Buyer at or prior to the Closing of the following additional conditions: (a) the representations and warranties of the Seller contained in Section 4.2(a) shall be true and correct in all respects (other than de minimis inaccuracies) both as of the date of this Agreement and as of the Closing Date as though made on and as of the Closing Date (except to the extent such representations and warranties are expressly made as of a specific date, in which case such representations and warranties shall be so true and correct as of such specific date), (b) the representations and warranties of the Seller contained in Section 4.2(b), Section 4.2(c), and Section 4.5 (together with Section 4.2(a), the “Seller Fundamental Representations”) shall be true and correct in all material respects, without giving effect to any materiality or “Seller Material Adverse Effect” qualifications therein, both as of the date of this Agreement and as of the Closing Date as though made on and as of the Closing Date (except to the extent such representations and warranties are expressly made as of a specific date, in which case such representations and warranties shall be so true and correct as of such specific date), except where the failure of such representations and warranties to be so true and correct, individually or in the aggregate, has not had, and would not reasonably be expected to have, a Seller Material Adverse Effect; (Page 45)
Choices: ","Fail","Answer the following multiple choice question. The last line of your response should be of the following format: 'ANSWER: $LETTER' (without quotes) where LETTER is one of {letters}. Think step by step before answering.

{question}

{choices}

Instruction: Read the segment of a merger agreement and answer the multiple-choice question by choosing the option that best characterizes the agreement.
Question: When are representations and warranties required to be made according to the bring down provision?
Option A: At Closing Only
Option B: At Signing & At Closing

Merger Agreement: Article 8.1 Conditions to Obligations of Buyer to Effect the Merger. The obligations of Buyer to effect the Merger are subject to the satisfaction or waiver by Buyer at or prior to the Effective Time of the following conditions: (a) the representations and warranties of the Seller contained in this Agreement shall be true and correct as of the date of this Agreement and as of the Closing Date, except for inaccuracies that would not, individually or in the aggregate, have a Seller Material Adverse Effect; provided that any representation and warranty made as of a specific date shall be true and correct as of such date. (Page 112)

Merger Agreement: Section 9.3 Additional Conditions to Obligations of Buyer. The obligations of Buyer to consummate the Merger are further subject to the satisfaction of the following conditions at or prior to the Closing Date: (i) the representations and warranties of the Seller set forth in Sections 4.1 and 4.2 shall be true and correct in all material respects as of the date hereof and as of the Closing Date, except where the failure to be so true and correct would not reasonably be expected to have a Seller Material Adverse Effect; and (ii) all other representations and warranties of the Seller contained in this Agreement shall be true and correct as of the Closing Date, except for such failures to be true and correct that would not, individually or in the aggregate, have a Seller Material Adverse Effect. (Page 114)
Choices: "
"113","Answer the following multiple choice question. The last line of your response should be of the following format: 'ANSWER: $LETTER' (without quotes) where LETTER is one of {letters}. Think step by step before answering.

{question}

{choices}

Instruction: Read the segment of a merger agreement and answer the multiple-choice question by choosing the option that best characterizes the agreement.
Question: When are representations and warranties required to be made according to the bring down provision?
Option A: At Closing Only
Option B: At Signing & At Closing

Merger Agreement: Section 8.3 Conditions to Obligations of the Acquiring Company to Effect the Merger. The obligations of the Acquiring Company to effect the Merger are, in addition to the conditions set forth in Section 8.1, further subject to the satisfaction or (to the extent not prohibited by Law) waiver by the Acquiring Company at or prior to the Effective Time of the following conditions: (a) each of the representations and warranties of the Target Company contained in this Agreement shall be true and correct as of the Closing Date, except for such failures to be true and correct as would not, individually or in the aggregate, have a Target Material Adverse Effect, unless such representations and warranties are expressly made as of a specific date, in which case such representations and warranties shall be true and correct as of such specific date only; (b) notwithstanding the foregoing, the representations and warranties of the Target Company set forth in Sections 3.2(a) and 3.4(b) shall be true and correct both as of the date of this Agreement and as of the Closing Date as if made on and as of the Closing Date. (Page 72)
Choices: ","Fail","Answer the following multiple choice question. The last line of your response should be of the following format: 'ANSWER: $LETTER' (without quotes) where LETTER is one of {letters}. Think step by step before answering.

{question}

{choices}

Instruction: Read the segment of a merger agreement and answer the multiple-choice question by choosing the option that best characterizes the agreement.
Question: When are representations and warranties required to be made according to the bring down provision?
Option A: At Closing Only
Option B: At Signing & At Closing

Merger Agreement: Article 8.1 Conditions to Obligations of Buyer to Effect the Merger. The obligations of Buyer to effect the Merger are subject to the satisfaction or waiver by Buyer at or prior to the Effective Time of the following conditions: (a) the representations and warranties of the Seller contained in this Agreement shall be true and correct as of the date of this Agreement and as of the Closing Date, except for inaccuracies that would not, individually or in the aggregate, have a Seller Material Adverse Effect; provided that any representation and warranty made as of a specific date shall be true and correct as of such date. (Page 112)

Merger Agreement: Section 9.3 Additional Conditions to Obligations of Buyer. The obligations of Buyer to consummate the Merger are further subject to the satisfaction of the following conditions at or prior to the Closing Date: (i) the representations and warranties of the Seller set forth in Sections 4.1 and 4.2 shall be true and correct in all material respects as of the date hereof and as of the Closing Date, except where the failure to be so true and correct would not reasonably be expected to have a Seller Material Adverse Effect; and (ii) all other representations and warranties of the Seller contained in this Agreement shall be true and correct as of the Closing Date, except for such failures to be true and correct that would not, individually or in the aggregate, have a Seller Material Adverse Effect. (Page 114)
Choices: "
"114","Answer the following multiple choice question. The last line of your response should be of the following format: 'ANSWER: $LETTER' (without quotes) where LETTER is one of {letters}. Think step by step before answering.

{question}

{choices}

Instruction: Read the segment of a merger agreement and answer the multiple-choice question by choosing the option that best characterizes the agreement.
Question: When are representations and warranties required to be made according to the bring down provision?
Option A: At Closing Only
Option B: At Signing & At Closing

Merger Agreement: Section 8.1 Conditions to Obligations of the Parent and Merger Sub to Effect the Merger. The obligations of Parent and Merger Sub to effect the Merger are, in addition to the conditions set forth in Section 8.2, further subject to the satisfaction or (to the extent not prohibited by Law) waiver by Parent at or prior to the Effective Time of the following conditions: (a) each of the representations and warranties of the Company contained in this Agreement, without giving effect to any materiality or ""Company Material Adverse Effect"" or similar qualifications therein, shall be true and correct as of the Closing Date, except for such failures to be true and correct as would not, individually or in the aggregate, have a Company Material Adverse Effect; (b) notwithstanding the foregoing, the representations and warranties that are qualified by materiality or Company Material Adverse Effect shall be true and correct in all respects at the time of signing and as of the Closing Date, except to the extent such representations and warranties are expressly made as of a specific date, in which case such representations and warranties shall be so true and correct as of such specific date only; (Page 92)
Choices: ","Fail","Answer the following multiple choice question. The last line of your response should be of the following format: 'ANSWER: $LETTER' (without quotes) where LETTER is one of {letters}. Think step by step before answering.

{question}

{choices}

Instruction: Read the segment of a merger agreement and answer the multiple-choice question by choosing the option that best characterizes the agreement.
Question: When are representations and warranties required to be made according to the bring down provision?
Option A: At Closing Only
Option B: At Signing & At Closing

Merger Agreement: Article 8.1 Conditions to Obligations of Buyer to Effect the Merger. The obligations of Buyer to effect the Merger are subject to the satisfaction or waiver by Buyer at or prior to the Effective Time of the following conditions: (a) the representations and warranties of the Seller contained in this Agreement shall be true and correct as of the date of this Agreement and as of the Closing Date, except for inaccuracies that would not, individually or in the aggregate, have a Seller Material Adverse Effect; provided that any representation and warranty made as of a specific date shall be true and correct as of such date. (Page 112)

Merger Agreement: Section 9.3 Additional Conditions to Obligations of Buyer. The obligations of Buyer to consummate the Merger are further subject to the satisfaction of the following conditions at or prior to the Closing Date: (i) the representations and warranties of the Seller set forth in Sections 4.1 and 4.2 shall be true and correct in all material respects as of the date hereof and as of the Closing Date, except where the failure to be so true and correct would not reasonably be expected to have a Seller Material Adverse Effect; and (ii) all other representations and warranties of the Seller contained in this Agreement shall be true and correct as of the Closing Date, except for such failures to be true and correct that would not, individually or in the aggregate, have a Seller Material Adverse Effect. (Page 114)
Choices: "
"115","Answer the following multiple choice question. The last line of your response should be of the following format: 'ANSWER: $LETTER' (without quotes) where LETTER is one of {letters}. Think step by step before answering.

{question}

{choices}

Instruction: Read the segment of a merger agreement and answer the multiple-choice question by choosing the option that best characterizes the agreement.
Question: When are representations and warranties required to be made according to the bring down provision?
Option A: At Closing Only
Option B: At Signing & At Closing

Merger Agreement: Section 8.3 Conditions to Obligations of Parent to Effect the Merger. The obligations of Parent to effect the Merger are subject to the satisfaction or waiver by Parent at or prior to the Effective Time of the following conditions: (a) the representations and warranties of the Company contained in this Agreement, disregarding any qualifications as to materiality or 'Company Material Adverse Effect', shall be true and correct as of the date hereof and as of the Closing Date, except for such inaccuracies that would not, individually or in the aggregate, have a Company Material Adverse Effect; provided, however, that any representations and warranties that are made as of a specific date shall be true and correct as of such specific date only. (Page 82)

Merger Agreement: Section 10.4 Conditions to Obligations of Parent and Merger Sub. <omitted> (iii) the representations and warranties of the Company set forth in this Agreement shall be true and correct both at the date of this Agreement and at the Closing, except where the failure to be so true and correct would not have a Material Adverse Effect (Page 102)

Answer:
Choices: ","Fail","Answer the following multiple choice question. The last line of your response should be of the following format: 'ANSWER: $LETTER' (without quotes) where LETTER is one of {letters}. Think step by step before answering.

{question}

{choices}

Instruction: Read the segment of a merger agreement and answer the multiple-choice question by choosing the option that best characterizes the agreement.
Question: When are representations and warranties required to be made according to the bring down provision?
Option A: At Closing Only
Option B: At Signing & At Closing

Merger Agreement: Article 8.1 Conditions to Obligations of Buyer to Effect the Merger. The obligations of Buyer to effect the Merger are subject to the satisfaction or waiver by Buyer at or prior to the Effective Time of the following conditions: (a) the representations and warranties of the Seller contained in this Agreement shall be true and correct as of the date of this Agreement and as of the Closing Date, except for inaccuracies that would not, individually or in the aggregate, have a Seller Material Adverse Effect; provided that any representation and warranty made as of a specific date shall be true and correct as of such date. (Page 112)

Merger Agreement: Section 9.3 Additional Conditions to Obligations of Buyer. The obligations of Buyer to consummate the Merger are further subject to the satisfaction of the following conditions at or prior to the Closing Date: (i) the representations and warranties of the Seller set forth in Sections 4.1 and 4.2 shall be true and correct in all material respects as of the date hereof and as of the Closing Date, except where the failure to be so true and correct would not reasonably be expected to have a Seller Material Adverse Effect; and (ii) all other representations and warranties of the Seller contained in this Agreement shall be true and correct as of the Closing Date, except for such failures to be true and correct that would not, individually or in the aggregate, have a Seller Material Adverse Effect. (Page 114)
Choices: "
"116","Answer the following multiple choice question. The last line of your response should be of the following format: 'ANSWER: $LETTER' (without quotes) where LETTER is one of {letters}. Think step by step before answering.

{question}

{choices}

Instruction: Read the segment of a merger agreement and answer the multiple-choice question by choosing the option that best characterizes the agreement.\nQuestion: When are representations and warranties required to be made according to the bring down provision?\nOption A: At Closing Only\nOption B: At Signing & At Closing\n\nMerger Agreement: Section 8.3 Conditions to Obligations of Parent and Merger Sub to Effect the Merger. The obligations of Parent and Merger Sub to effect the Merger are, in addition to the conditions set forth in Section 8.2, further subject to the satisfaction or (to the extent not prohibited by Law) waiver by Parent at or prior to the Effective Time of the following conditions: (a) The representations and warranties of the Company set forth in this Agreement shall be true and correct as of the Closing Date, except for such inaccuracies that would not, individually or in the aggregate, have a Material Adverse Effect on the Company. Notwithstanding the foregoing, representations and warranties that are qualified by materiality shall be true and correct in all respects as of the date hereof and as of the Closing Date. (Page 70)\nAnswer:
Choices: ","Fail","Answer the following multiple choice question. The last line of your response should be of the following format: 'ANSWER: $LETTER' (without quotes) where LETTER is one of {letters}. Think step by step before answering.

{question}

{choices}

Instruction: Read the segment of a merger agreement and answer the multiple-choice question by choosing the option that best characterizes the agreement.
Question: When are representations and warranties required to be made according to the bring down provision?
Option A: At Closing Only
Option B: At Signing & At Closing

Merger Agreement: Article 8.1 Conditions to Obligations of Buyer to Effect the Merger. The obligations of Buyer to effect the Merger are subject to the satisfaction or waiver by Buyer at or prior to the Effective Time of the following conditions: (a) the representations and warranties of the Seller contained in this Agreement shall be true and correct as of the date of this Agreement and as of the Closing Date, except for inaccuracies that would not, individually or in the aggregate, have a Seller Material Adverse Effect; provided that any representation and warranty made as of a specific date shall be true and correct as of such date. (Page 112)

Merger Agreement: Section 9.3 Additional Conditions to Obligations of Buyer. The obligations of Buyer to consummate the Merger are further subject to the satisfaction of the following conditions at or prior to the Closing Date: (i) the representations and warranties of the Seller set forth in Sections 4.1 and 4.2 shall be true and correct in all material respects as of the date hereof and as of the Closing Date, except where the failure to be so true and correct would not reasonably be expected to have a Seller Material Adverse Effect; and (ii) all other representations and warranties of the Seller contained in this Agreement shall be true and correct as of the Closing Date, except for such failures to be true and correct that would not, individually or in the aggregate, have a Seller Material Adverse Effect. (Page 114)
Choices: "
"117","Answer the following multiple choice question. The last line of your response should be of the following format: 'ANSWER: $LETTER' (without quotes) where LETTER is one of {letters}. Think step by step before answering.

{question}

{choices}

Instruction: Read the segment of a merger agreement and answer the multiple-choice question by choosing the option that best characterizes the agreement.
Question: When are representations and warranties required to be made according to the bring down provision?
Option A: At Closing Only
Option B: At Signing & At Closing

Merger Agreement: Section 8.3 Conditions to Obligations of Parent and Subsidiary to Effect the Merger. The obligations of Parent and Subsidiary to effect the Merger are subject to the fulfillment, or waiver by Parent, at or prior to the Effective Time of the following conditions: (a) each of the representations and warranties of the Company set forth in this Agreement, disregarding all materiality qualifications, shall be true and correct as of the date of this Agreement and as of the Closing Date, except where the failure to be true and correct would not result in a Material Adverse Effect, provided that those representations and warranties that are made as of a specific date shall be true and correct as of such date only. Additionally, the representations and warranties made in Sections 3.1, 3.2, and 3.5 shall be true and correct in all respects, without exception, as of both the date of this Agreement and the Closing Date. (Page 92)
Choices: ","Fail","Answer the following multiple choice question. The last line of your response should be of the following format: 'ANSWER: $LETTER' (without quotes) where LETTER is one of {letters}. Think step by step before answering.

{question}

{choices}

Instruction: Read the segment of a merger agreement and answer the multiple-choice question by choosing the option that best characterizes the agreement.
Question: When are representations and warranties required to be made according to the bring down provision?
Option A: At Closing Only
Option B: At Signing & At Closing

Merger Agreement: Article 8.1 Conditions to Obligations of Buyer to Effect the Merger. The obligations of Buyer to effect the Merger are subject to the satisfaction or waiver by Buyer at or prior to the Effective Time of the following conditions: (a) the representations and warranties of the Seller contained in this Agreement shall be true and correct as of the date of this Agreement and as of the Closing Date, except for inaccuracies that would not, individually or in the aggregate, have a Seller Material Adverse Effect; provided that any representation and warranty made as of a specific date shall be true and correct as of such date. (Page 112)

Merger Agreement: Section 9.3 Additional Conditions to Obligations of Buyer. The obligations of Buyer to consummate the Merger are further subject to the satisfaction of the following conditions at or prior to the Closing Date: (i) the representations and warranties of the Seller set forth in Sections 4.1 and 4.2 shall be true and correct in all material respects as of the date hereof and as of the Closing Date, except where the failure to be so true and correct would not reasonably be expected to have a Seller Material Adverse Effect; and (ii) all other representations and warranties of the Seller contained in this Agreement shall be true and correct as of the Closing Date, except for such failures to be true and correct that would not, individually or in the aggregate, have a Seller Material Adverse Effect. (Page 114)
Choices: "
"118","Answer the following multiple choice question. The last line of your response should be of the following format: 'ANSWER: $LETTER' (without quotes) where LETTER is one of {letters}. Think step by step before answering.

{question}

{choices}

Instruction: Read the segment of a merger agreement and answer the multiple-choice question by choosing the option that best characterizes the agreement.
Question: When are representations and warranties required to be made according to the bring down provision?
Option A: At Closing Only
Option B: At Signing & At Closing

Merger Agreement: Section 8.4 Conditions to Obligations of Acquirer to Effect the Merger. The obligations of Acquirer to effect the Merger are, in addition to the conditions set forth in Section 8.3, further subject to the satisfaction or (to the extent not prohibited by Law) waiver by Acquirer at or prior to the Effective Time of the following conditions: (a) the representations and warranties of the Target contained in this Agreement, without giving effect to any materiality or ""Target Material Adverse Effect"" or similar qualifications therein, shall be true and correct as of the Closing Date, except for such failures to be true and correct as would not, individually or in the aggregate, have a Target Material Adverse Effect (except to the extent such representations and warranties are expressly made as of a specific date, in which case such representations and warranties shall be so true and correct as of such specific date only); (Page 45)
Answer: A

Merger Agreement: Section 9.1 Conditions Precedent to Obligations of Target. The obligations of Target under this Agreement are subject to the satisfaction of the following conditions at or prior to the Closing Date: (i) Representations and Warranties. The representations and warranties of the Acquirer set forth in this Agreement shall be true and correct as of the date of this Agreement and as of the Closing Date as though made on and as of the Closing Date, except where the failure to be so true and correct would not have a material adverse effect on the Acquirer. (Page 92)
Answer:
Choices: ","Fail","Answer the following multiple choice question. The last line of your response should be of the following format: 'ANSWER: $LETTER' (without quotes) where LETTER is one of {letters}. Think step by step before answering.

{question}

{choices}

Instruction: Read the segment of a merger agreement and answer the multiple-choice question by choosing the option that best characterizes the agreement.
Question: When are representations and warranties required to be made according to the bring down provision?
Option A: At Closing Only
Option B: At Signing & At Closing

Merger Agreement: Article 8.1 Conditions to Obligations of Buyer to Effect the Merger. The obligations of Buyer to effect the Merger are subject to the satisfaction or waiver by Buyer at or prior to the Effective Time of the following conditions: (a) the representations and warranties of the Seller contained in this Agreement shall be true and correct as of the date of this Agreement and as of the Closing Date, except for inaccuracies that would not, individually or in the aggregate, have a Seller Material Adverse Effect; provided that any representation and warranty made as of a specific date shall be true and correct as of such date. (Page 112)

Merger Agreement: Section 9.3 Additional Conditions to Obligations of Buyer. The obligations of Buyer to consummate the Merger are further subject to the satisfaction of the following conditions at or prior to the Closing Date: (i) the representations and warranties of the Seller set forth in Sections 4.1 and 4.2 shall be true and correct in all material respects as of the date hereof and as of the Closing Date, except where the failure to be so true and correct would not reasonably be expected to have a Seller Material Adverse Effect; and (ii) all other representations and warranties of the Seller contained in this Agreement shall be true and correct as of the Closing Date, except for such failures to be true and correct that would not, individually or in the aggregate, have a Seller Material Adverse Effect. (Page 114)
Choices: "
"119","Answer the following multiple choice question. The last line of your response should be of the following format: 'ANSWER: $LETTER' (without quotes) where LETTER is one of {letters}. Think step by step before answering.

{question}

{choices}

Instruction: Read the segment of a merger agreement and answer the multiple-choice question by choosing the option that best characterizes the agreement.
Question: When are representations and warranties required to be made according to the bring down provision?
Option A: At Closing Only
Option B: At Signing & At Closing

Merger Agreement: Section 8.1 Conditions to Obligations of Parent and Merger Sub to Effect the Merger. The obligations of Parent and Merger Sub to effect the Merger are, in addition to the conditions set forth in Section 8.0, further subject to the satisfaction or (to the extent not prohibited by Law) waiver by Parent at or prior to the Effective Time of the following conditions: (a) each of the representations and warranties of the Company contained in this Agreement shall be true and correct as of the Closing Date, without giving effect to any materiality or ""Company Material Adverse Effect"" or similar qualifications therein, except for such failures to be true and correct as would not, individually or in the aggregate, have a Company Material Adverse Effect (except to the extent such representations and warranties are expressly made as of a specific date, in which case such representations and warranties shall be so true and correct as of such specific date only); (Page 82)

Merger Agreement: Section 8.3 Additional Conditions. <omitted> The representations and warranties of the Company set forth in this Agreement shall be true and correct as of the date of this Agreement and as of the Effective Time as though made on and as of such date, except for those representations and warranties that address matters only as of a particular date, which shall have been true and correct as of such date (Page 93)
Choices: ","Fail","Answer the following multiple choice question. The last line of your response should be of the following format: 'ANSWER: $LETTER' (without quotes) where LETTER is one of {letters}. Think step by step before answering.

{question}

{choices}

Instruction: Read the segment of a merger agreement and answer the multiple-choice question by choosing the option that best characterizes the agreement.
Question: When are representations and warranties required to be made according to the bring down provision?
Option A: At Closing Only
Option B: At Signing & At Closing

Merger Agreement: Article 8.1 Conditions to Obligations of Buyer to Effect the Merger. The obligations of Buyer to effect the Merger are subject to the satisfaction or waiver by Buyer at or prior to the Effective Time of the following conditions: (a) the representations and warranties of the Seller contained in this Agreement shall be true and correct as of the date of this Agreement and as of the Closing Date, except for inaccuracies that would not, individually or in the aggregate, have a Seller Material Adverse Effect; provided that any representation and warranty made as of a specific date shall be true and correct as of such date. (Page 112)

Merger Agreement: Section 9.3 Additional Conditions to Obligations of Buyer. The obligations of Buyer to consummate the Merger are further subject to the satisfaction of the following conditions at or prior to the Closing Date: (i) the representations and warranties of the Seller set forth in Sections 4.1 and 4.2 shall be true and correct in all material respects as of the date hereof and as of the Closing Date, except where the failure to be so true and correct would not reasonably be expected to have a Seller Material Adverse Effect; and (ii) all other representations and warranties of the Seller contained in this Agreement shall be true and correct as of the Closing Date, except for such failures to be true and correct that would not, individually or in the aggregate, have a Seller Material Adverse Effect. (Page 114)
Choices: "
"120","Answer the following multiple choice question. The last line of your response should be of the following format: 'ANSWER: $LETTER' (without quotes) where LETTER is one of {letters}. Think step by step before answering.

{question}

{choices}

Instruction: Read the segment of a merger agreement and answer the multiple-choice question by choosing the option that best characterizes the agreement.
Question: When are representations and warranties required to be made according to the bring down provision?
Option A: At Closing Only
Option B: At Signing & At Closing

Merger Agreement: Section 8.1 Conditions to Obligations of Acquirer to Effect the Merger. The obligations of Acquirer to effect the Merger are, in addition to the conditions set forth in Section 8.2, further subject to the satisfaction or waiver by Acquirer at or prior to the Effective Time of the following conditions: (a) each of the representations and warranties of the Target contained in this Agreement, without giving effect to any materiality or 'Target Material Adverse Effect' or similar qualifications therein, shall be true and correct as of the Closing Date, except for such failures to be true and correct as would not, individually or in the aggregate, have a Target Material Adverse Effect (except to the extent such representations and warranties are expressly made as of a specific date, in which case such representations and warranties shall be so true and correct as of such specific date only); (Page 72)

Merger Agreement: Section 5.4 Conditions to Obligations of Target. The obligations of Target under this Agreement are subject to the satisfaction or waiver on or prior to the Closing Date of each of the following conditions: (a) Representations and Warranties. (i) each of the representations and warranties of the Acquirer set forth in this Agreement shall be true and correct as of the date of this Agreement and as of the Closing Date as though made on and as of the Closing Date, except for such inaccuracies as would not, individually or in the aggregate, have an Acquirer Material Adverse Effect; (Page 45)
Answer:
Choices: ","Fail","Answer the following multiple choice question. The last line of your response should be of the following format: 'ANSWER: $LETTER' (without quotes) where LETTER is one of {letters}. Think step by step before answering.

{question}

{choices}

Instruction: Read the segment of a merger agreement and answer the multiple-choice question by choosing the option that best characterizes the agreement.
Question: When are representations and warranties required to be made according to the bring down provision?
Option A: At Closing Only
Option B: At Signing & At Closing

Merger Agreement: Article 8.1 Conditions to Obligations of Buyer to Effect the Merger. The obligations of Buyer to effect the Merger are subject to the satisfaction or waiver by Buyer at or prior to the Effective Time of the following conditions: (a) the representations and warranties of the Seller contained in this Agreement shall be true and correct as of the date of this Agreement and as of the Closing Date, except for inaccuracies that would not, individually or in the aggregate, have a Seller Material Adverse Effect; provided that any representation and warranty made as of a specific date shall be true and correct as of such date. (Page 112)

Merger Agreement: Section 9.3 Additional Conditions to Obligations of Buyer. The obligations of Buyer to consummate the Merger are further subject to the satisfaction of the following conditions at or prior to the Closing Date: (i) the representations and warranties of the Seller set forth in Sections 4.1 and 4.2 shall be true and correct in all material respects as of the date hereof and as of the Closing Date, except where the failure to be so true and correct would not reasonably be expected to have a Seller Material Adverse Effect; and (ii) all other representations and warranties of the Seller contained in this Agreement shall be true and correct as of the Closing Date, except for such failures to be true and correct that would not, individually or in the aggregate, have a Seller Material Adverse Effect. (Page 114)
Choices: "
"121","Answer the following multiple choice question. The last line of your response should be of the following format: 'ANSWER: $LETTER' (without quotes) where LETTER is one of {letters}. Think step by step before answering.

{question}

{choices}

Instruction: Read the segment of a merger agreement and answer the multiple-choice question by choosing the option that best characterizes the agreement.
Question: When are representations and warranties required to be made according to the bring down provision?
Option A: At Closing Only
Option B: At Signing & At Closing

Merger Agreement: Section 8.4 Conditions to Obligations of Parent and Merger Sub to Effect the Merger. The obligations of Parent and Merger Sub to effect the Merger are, in addition to the conditions set forth in Section 8.3, further subject to the satisfaction or waiver by Parent at or prior to the Effective Time of the following conditions: (a) each of the representations and warranties of the Company contained in this Agreement, without giving effect to any materiality or 'Company Material Adverse Effect' or similar qualifications therein, shall be true and correct as of the date of this Agreement and as of the Closing Date, except for such failures to be true and correct as would not, individually or in the aggregate, have a Material Adverse Effect (except to the extent such representations and warranties are expressly made as of a specific date, in which case such representations and warranties shall be so true and correct as of such specific date only); (Page 112)

Merger Agreement: Section 8.5 Additional Conditions to Closing. The obligation of Parent and Merger Sub to consummate the Merger is further conditioned upon satisfaction (or waiver by Parent) at or prior to the Closing Date of each of the following: (a) Representations and Warranties. The representations and warranties of the Company contained in this Agreement shall be true and correct as of the date of this Agreement and as of the Closing Date, in each case as if made as of such time (except to the extent expressly made as of an earlier date, in which case as of such date) (Page 115)
Answer:
Choices: ","Fail","Answer the following multiple choice question. The last line of your response should be of the following format: 'ANSWER: $LETTER' (without quotes) where LETTER is one of {letters}. Think step by step before answering.

{question}

{choices}

Instruction: Read the segment of a merger agreement and answer the multiple-choice question by choosing the option that best characterizes the agreement.
Question: When are representations and warranties required to be made according to the bring down provision?
Option A: At Closing Only
Option B: At Signing & At Closing

Merger Agreement: Article 8.1 Conditions to Obligations of Buyer to Effect the Merger. The obligations of Buyer to effect the Merger are subject to the satisfaction or waiver by Buyer at or prior to the Effective Time of the following conditions: (a) the representations and warranties of the Seller contained in this Agreement shall be true and correct as of the date of this Agreement and as of the Closing Date, except for inaccuracies that would not, individually or in the aggregate, have a Seller Material Adverse Effect; provided that any representation and warranty made as of a specific date shall be true and correct as of such date. (Page 112)

Merger Agreement: Section 9.3 Additional Conditions to Obligations of Buyer. The obligations of Buyer to consummate the Merger are further subject to the satisfaction of the following conditions at or prior to the Closing Date: (i) the representations and warranties of the Seller set forth in Sections 4.1 and 4.2 shall be true and correct in all material respects as of the date hereof and as of the Closing Date, except where the failure to be so true and correct would not reasonably be expected to have a Seller Material Adverse Effect; and (ii) all other representations and warranties of the Seller contained in this Agreement shall be true and correct as of the Closing Date, except for such failures to be true and correct that would not, individually or in the aggregate, have a Seller Material Adverse Effect. (Page 114)
Choices: "
"122","Answer the following multiple choice question. The last line of your response should be of the following format: 'ANSWER: $LETTER' (without quotes) where LETTER is one of {letters}. Think step by step before answering.

{question}

{choices}

Instruction: Read the segment of a merger agreement and answer the multiple-choice question by choosing the option that best characterizes the agreement.
Question: When are representations and warranties required to be made according to the bring down provision?
Option A: At Closing Only
Option B: At Signing & At Closing

Merger Agreement: Section 8.3 Conditions to Obligations of the Acquirer. The obligations of the Acquirer to effect the Merger are subject to the satisfaction or waiver by the Acquirer at or prior to the Effective Time of the following conditions: (a) each of the representations and warranties of the Target contained in this Agreement, without giving effect to any materiality or 'Target Material Adverse Effect' or similar qualifications therein, shall be true and correct as of the Closing Date, except for such inaccuracies that would not, individually or in the aggregate, have a Target Material Adverse Effect (except to the extent such representations and warranties are expressly made as of a specific date, in which case such representations and warranties shall be true and correct as of such specific date); (Page 82)

Merger Agreement: Section 10.2 Conditions to Obligations of the Target. The obligations of the Target to effect the Merger are further subject to the satisfaction or waiver by the Target at or prior to the Effective Time of the following conditions: (b) The representations and warranties of the Acquirer set forth in this Agreement shall be true and correct as of the date hereof and as of the Closing Date as though made on and as of such date and time, except where the failure of such representations and warranties to be so true and correct would not reasonably be expected to have a Material Adverse Effect on the Acquirer; (Page 95)
Answer:
Choices: ","Fail","Answer the following multiple choice question. The last line of your response should be of the following format: 'ANSWER: $LETTER' (without quotes) where LETTER is one of {letters}. Think step by step before answering.

{question}

{choices}

Instruction: Read the segment of a merger agreement and answer the multiple-choice question by choosing the option that best characterizes the agreement.
Question: When are representations and warranties required to be made according to the bring down provision?
Option A: At Closing Only
Option B: At Signing & At Closing

Merger Agreement: Article 8.1 Conditions to Obligations of Buyer to Effect the Merger. The obligations of Buyer to effect the Merger are subject to the satisfaction or waiver by Buyer at or prior to the Effective Time of the following conditions: (a) the representations and warranties of the Seller contained in this Agreement shall be true and correct as of the date of this Agreement and as of the Closing Date, except for inaccuracies that would not, individually or in the aggregate, have a Seller Material Adverse Effect; provided that any representation and warranty made as of a specific date shall be true and correct as of such date. (Page 112)

Merger Agreement: Section 9.3 Additional Conditions to Obligations of Buyer. The obligations of Buyer to consummate the Merger are further subject to the satisfaction of the following conditions at or prior to the Closing Date: (i) the representations and warranties of the Seller set forth in Sections 4.1 and 4.2 shall be true and correct in all material respects as of the date hereof and as of the Closing Date, except where the failure to be so true and correct would not reasonably be expected to have a Seller Material Adverse Effect; and (ii) all other representations and warranties of the Seller contained in this Agreement shall be true and correct as of the Closing Date, except for such failures to be true and correct that would not, individually or in the aggregate, have a Seller Material Adverse Effect. (Page 114)
Choices: "
"123","Answer the following multiple choice question. The last line of your response should be of the following format: 'ANSWER: $LETTER' (without quotes) where LETTER is one of {letters}. Think step by step before answering.

{question}

{choices}

Instruction: Read the segment of a merger agreement and answer the multiple-choice question by choosing the option that best characterizes the agreement.
Question: When are representations and warranties required to be made according to the bring down provision?
Option A: At Closing Only
Option B: At Signing & At Closing

Merger Agreement: Section 8.4 Conditions to Obligations of Purchaser to Effect the Merger. The obligations of Purchaser to effect the Merger are subject to the satisfaction or waiver by Purchaser at or prior to the Effective Time of the following conditions: (a) each of the representations and warranties of the Seller contained in this Agreement shall be true and correct as of the date of this Agreement and as of the Closing Date as though made on and as of the Closing Date, except where the failure to be true and correct would not, individually or in the aggregate, have a Material Adverse Effect, and provided that representations and warranties made as of a specific date shall be true and correct as of such date; (b) the Seller shall have performed in all material respects all obligations required to be performed by it under this Agreement prior to the Closing Date (Page 92)
Answer:
Choices: ","Fail","Answer the following multiple choice question. The last line of your response should be of the following format: 'ANSWER: $LETTER' (without quotes) where LETTER is one of {letters}. Think step by step before answering.

{question}

{choices}

Instruction: Read the segment of a merger agreement and answer the multiple-choice question by choosing the option that best characterizes the agreement.
Question: When are representations and warranties required to be made according to the bring down provision?
Option A: At Closing Only
Option B: At Signing & At Closing

Merger Agreement: Article 8.1 Conditions to Obligations of Buyer to Effect the Merger. The obligations of Buyer to effect the Merger are subject to the satisfaction or waiver by Buyer at or prior to the Effective Time of the following conditions: (a) the representations and warranties of the Seller contained in this Agreement shall be true and correct as of the date of this Agreement and as of the Closing Date, except for inaccuracies that would not, individually or in the aggregate, have a Seller Material Adverse Effect; provided that any representation and warranty made as of a specific date shall be true and correct as of such date. (Page 112)

Merger Agreement: Section 9.3 Additional Conditions to Obligations of Buyer. The obligations of Buyer to consummate the Merger are further subject to the satisfaction of the following conditions at or prior to the Closing Date: (i) the representations and warranties of the Seller set forth in Sections 4.1 and 4.2 shall be true and correct in all material respects as of the date hereof and as of the Closing Date, except where the failure to be so true and correct would not reasonably be expected to have a Seller Material Adverse Effect; and (ii) all other representations and warranties of the Seller contained in this Agreement shall be true and correct as of the Closing Date, except for such failures to be true and correct that would not, individually or in the aggregate, have a Seller Material Adverse Effect. (Page 114)
Choices: "
"124","Answer the following multiple choice question. The last line of your response should be of the following format: 'ANSWER: $LETTER' (without quotes) where LETTER is one of {letters}. Think step by step before answering.

{question}

{choices}

Instruction: Read the segment of a merger agreement and answer the multiple-choice question by choosing the option that best characterizes the agreement.
Question: When are representations and warranties required to be made according to the bring down provision?
Option A: At Closing Only
Option B: At Signing & At Closing

Merger Agreement: Section 8.4 Conditions to Obligations of Purchaser to Effect the Merger. The obligations of Purchaser to effect the Merger are subject to the satisfaction or waiver by Purchaser at or prior to the Effective Time of the following conditions: (a) each of the representations and warranties of the Seller contained in this Agreement shall be true and correct as of the Closing Date, except for any inaccuracies that do not result in a Material Adverse Effect; provided, however, that representations and warranties that are made as of a specific date shall be true and correct as of such date; and (b) each of the representations and warranties of the Seller made in Sections 3.1 and 3.2 shall be true and correct as of the date of this Agreement and as of the Closing Date as though made on and as of the Closing Date, except for such inaccuracies that do not, individually or in the aggregate, have a Material Adverse Effect. (Page 72)
Choices: ","Fail","Answer the following multiple choice question. The last line of your response should be of the following format: 'ANSWER: $LETTER' (without quotes) where LETTER is one of {letters}. Think step by step before answering.

{question}

{choices}

Instruction: Read the segment of a merger agreement and answer the multiple-choice question by choosing the option that best characterizes the agreement.
Question: When are representations and warranties required to be made according to the bring down provision?
Option A: At Closing Only
Option B: At Signing & At Closing

Merger Agreement: Article 8.1 Conditions to Obligations of Buyer to Effect the Merger. The obligations of Buyer to effect the Merger are subject to the satisfaction or waiver by Buyer at or prior to the Effective Time of the following conditions: (a) the representations and warranties of the Seller contained in this Agreement shall be true and correct as of the date of this Agreement and as of the Closing Date, except for inaccuracies that would not, individually or in the aggregate, have a Seller Material Adverse Effect; provided that any representation and warranty made as of a specific date shall be true and correct as of such date. (Page 112)

Merger Agreement: Section 9.3 Additional Conditions to Obligations of Buyer. The obligations of Buyer to consummate the Merger are further subject to the satisfaction of the following conditions at or prior to the Closing Date: (i) the representations and warranties of the Seller set forth in Sections 4.1 and 4.2 shall be true and correct in all material respects as of the date hereof and as of the Closing Date, except where the failure to be so true and correct would not reasonably be expected to have a Seller Material Adverse Effect; and (ii) all other representations and warranties of the Seller contained in this Agreement shall be true and correct as of the Closing Date, except for such failures to be true and correct that would not, individually or in the aggregate, have a Seller Material Adverse Effect. (Page 114)
Choices: "
"125","Answer the following multiple choice question. The last line of your response should be of the following format: 'ANSWER: $LETTER' (without quotes) where LETTER is one of {letters}. Think step by step before answering.

{question}

{choices}

Instruction: Read the segment of a merger agreement and answer the multiple-choice question by choosing the option that best characterizes the agreement.
Question: When are representations and warranties required to be made according to the bring down provision?
Option A: At Closing Only
Option B: At Signing & At Closing

Merger Agreement: Section 8.3 Conditions to Obligations of Parent to Effect the Transaction. The obligations of Parent to effect the Transaction are subject to the satisfaction or waiver by Parent at or prior to the Effective Time of the following conditions: (a) the representations and warranties of the Company set forth in Sections 4.2, 4.5, and 4.8 shall be true and correct as of the Signing Date, and those set forth in Sections 4.1, 4.3, and 4.9 shall be true and correct as of the Closing Date, except for such inaccuracies that do not, individually or in the aggregate, have a Material Adverse Effect; (b) any representation or warranty made as of a specific date shall be true and correct as of such date; (c) notwithstanding the foregoing, the representations and warranties in Sections 4.4 and 4.7 shall be true and correct at both the Signing Date and the Closing Date, except for any inaccuracies that do not result in a Material Adverse Effect. (Page 72)
Choices: ","Fail","Answer the following multiple choice question. The last line of your response should be of the following format: 'ANSWER: $LETTER' (without quotes) where LETTER is one of {letters}. Think step by step before answering.

{question}

{choices}

Instruction: Read the segment of a merger agreement and answer the multiple-choice question by choosing the option that best characterizes the agreement.
Question: When are representations and warranties required to be made according to the bring down provision?
Option A: At Closing Only
Option B: At Signing & At Closing

Merger Agreement: Article 8.1 Conditions to Obligations of Buyer to Effect the Merger. The obligations of Buyer to effect the Merger are subject to the satisfaction or waiver by Buyer at or prior to the Effective Time of the following conditions: (a) the representations and warranties of the Seller contained in this Agreement shall be true and correct as of the date of this Agreement and as of the Closing Date, except for inaccuracies that would not, individually or in the aggregate, have a Seller Material Adverse Effect; provided that any representation and warranty made as of a specific date shall be true and correct as of such date. (Page 112)

Merger Agreement: Section 9.3 Additional Conditions to Obligations of Buyer. The obligations of Buyer to consummate the Merger are further subject to the satisfaction of the following conditions at or prior to the Closing Date: (i) the representations and warranties of the Seller set forth in Sections 4.1 and 4.2 shall be true and correct in all material respects as of the date hereof and as of the Closing Date, except where the failure to be so true and correct would not reasonably be expected to have a Seller Material Adverse Effect; and (ii) all other representations and warranties of the Seller contained in this Agreement shall be true and correct as of the Closing Date, except for such failures to be true and correct that would not, individually or in the aggregate, have a Seller Material Adverse Effect. (Page 114)
Choices: "
"126","Answer the following multiple choice question. The last line of your response should be of the following format: 'ANSWER: $LETTER' (without quotes) where LETTER is one of {letters}. Think step by step before answering.

{question}

{choices}

Instruction: Read the segment of a merger agreement and answer the multiple-choice question by choosing the option that best characterizes the agreement.
Question: When are representations and warranties required to be made according to the bring down provision?
Option A: At Closing Only
Option B: At Signing & At Closing

Merger Agreement: Section 8.1 Conditions to Obligations of Parent and Merger Sub to Effect the Merger. The obligations of Parent and Merger Sub to effect the Merger are, in addition to the conditions set forth in Section 8.2, further subject to the satisfaction or (to the extent not prohibited by Law) waiver by Parent at or prior to the Effective Time of the following conditions: (a) each of the representations and warranties of the Company contained in this Agreement shall be true and correct as of the Closing Date, except for such failures to be true and correct as would not, individually or in the aggregate, have a Material Adverse Effect, except to the extent such representations and warranties are expressly made as of a specific date, in which case such representations and warranties shall be so true and correct as of such specific date only; (b) notwithstanding the foregoing, the representations and warranties set forth in Section 4.5 shall be true and correct as of the date hereof and as of the Closing Date, as though made on and as of the Closing Date (Page 92)
Answer:
Choices: ","Fail","Answer the following multiple choice question. The last line of your response should be of the following format: 'ANSWER: $LETTER' (without quotes) where LETTER is one of {letters}. Think step by step before answering.

{question}

{choices}

Instruction: Read the segment of a merger agreement and answer the multiple-choice question by choosing the option that best characterizes the agreement.
Question: When are representations and warranties required to be made according to the bring down provision?
Option A: At Closing Only
Option B: At Signing & At Closing

Merger Agreement: Article 8.1 Conditions to Obligations of Buyer to Effect the Merger. The obligations of Buyer to effect the Merger are subject to the satisfaction or waiver by Buyer at or prior to the Effective Time of the following conditions: (a) the representations and warranties of the Seller contained in this Agreement shall be true and correct as of the date of this Agreement and as of the Closing Date, except for inaccuracies that would not, individually or in the aggregate, have a Seller Material Adverse Effect; provided that any representation and warranty made as of a specific date shall be true and correct as of such date. (Page 112)

Merger Agreement: Section 9.3 Additional Conditions to Obligations of Buyer. The obligations of Buyer to consummate the Merger are further subject to the satisfaction of the following conditions at or prior to the Closing Date: (i) the representations and warranties of the Seller set forth in Sections 4.1 and 4.2 shall be true and correct in all material respects as of the date hereof and as of the Closing Date, except where the failure to be so true and correct would not reasonably be expected to have a Seller Material Adverse Effect; and (ii) all other representations and warranties of the Seller contained in this Agreement shall be true and correct as of the Closing Date, except for such failures to be true and correct that would not, individually or in the aggregate, have a Seller Material Adverse Effect. (Page 114)
Choices: "
"127","Answer the following multiple choice question. The last line of your response should be of the following format: 'ANSWER: $LETTER' (without quotes) where LETTER is one of {letters}. Think step by step before answering.

{question}

{choices}

Instruction: Read the segment of a merger agreement and answer the multiple-choice question by choosing the option that best characterizes the agreement.
Question: When are representations and warranties required to be made according to the bring down provision?
Option A: At Closing Only
Option B: At Signing & At Closing

Merger Agreement: Section 8.1 Conditions to Obligations of Parent to Effect the Merger. The obligations of Parent to effect the Merger are subject to the satisfaction or waiver by Parent at or prior to the Effective Time of the following conditions: (a) each of the representations and warranties of the Company contained in this Agreement shall be true and correct as of the Closing Date, except for failures that would not have a Material Adverse Effect; (b) the representations and warranties made as of a specific date shall be true and correct as of such date. (Page 102)

Merger Agreement: Section 9.3 Conditions to Obligations of Acquisition Sub. The obligations of Acquisition Sub to consummate the Merger are further subject to the following conditions: (i) all representations and warranties of the Company set forth in this Agreement shall be true and correct as of the date of this Agreement and as of the Closing Date as if made on and as of the Closing Date, except for such failures to be true and correct that would not reasonably be expected to have a Material Adverse Effect. (Page 150)
Answer:
Choices: ","Fail","Answer the following multiple choice question. The last line of your response should be of the following format: 'ANSWER: $LETTER' (without quotes) where LETTER is one of {letters}. Think step by step before answering.

{question}

{choices}

Instruction: Read the segment of a merger agreement and answer the multiple-choice question by choosing the option that best characterizes the agreement.
Question: When are representations and warranties required to be made according to the bring down provision?
Option A: At Closing Only
Option B: At Signing & At Closing

Merger Agreement: Article 8.1 Conditions to Obligations of Buyer to Effect the Merger. The obligations of Buyer to effect the Merger are subject to the satisfaction or waiver by Buyer at or prior to the Effective Time of the following conditions: (a) the representations and warranties of the Seller contained in this Agreement shall be true and correct as of the date of this Agreement and as of the Closing Date, except for inaccuracies that would not, individually or in the aggregate, have a Seller Material Adverse Effect; provided that any representation and warranty made as of a specific date shall be true and correct as of such date. (Page 112)

Merger Agreement: Section 9.3 Additional Conditions to Obligations of Buyer. The obligations of Buyer to consummate the Merger are further subject to the satisfaction of the following conditions at or prior to the Closing Date: (i) the representations and warranties of the Seller set forth in Sections 4.1 and 4.2 shall be true and correct in all material respects as of the date hereof and as of the Closing Date, except where the failure to be so true and correct would not reasonably be expected to have a Seller Material Adverse Effect; and (ii) all other representations and warranties of the Seller contained in this Agreement shall be true and correct as of the Closing Date, except for such failures to be true and correct that would not, individually or in the aggregate, have a Seller Material Adverse Effect. (Page 114)
Choices: "
"128","Answer the following multiple choice question. The last line of your response should be of the following format: 'ANSWER: $LETTER' (without quotes) where LETTER is one of {letters}. Think step by step before answering.

{question}

{choices}

Instruction: Read the segment of a merger agreement and answer the multiple-choice question by choosing the option that best characterizes the agreement.
Question: When are representations and warranties required to be made according to the bring down provision?
Option A: At Closing Only
Option B: At Signing & At Closing

Merger Agreement: Section 8.1 Conditions to Obligations of Buyer and Merger Sub to Effect the Merger. The obligations of Buyer and Merger Sub to effect the Merger are, in addition to the conditions set forth in Section 8.2, further subject to the satisfaction or (to the extent not prohibited by Law) waiver by Buyer at or prior to the Effective Time of the following conditions: (a) each of the representations and warranties of the Seller contained in this Agreement shall be true and correct as of the date of this Agreement and as of the Closing Date as if made on and as of the Closing Date, except for such inaccuracies that would not, individually or in the aggregate, have a Material Adverse Effect (except to the extent such representations and warranties are expressly made as of a specific date, in which case such representations and warranties shall be so true and correct as of such specific date only); (Page 82)
Choices: ","Fail","Answer the following multiple choice question. The last line of your response should be of the following format: 'ANSWER: $LETTER' (without quotes) where LETTER is one of {letters}. Think step by step before answering.

{question}

{choices}

Instruction: Read the segment of a merger agreement and answer the multiple-choice question by choosing the option that best characterizes the agreement.
Question: When are representations and warranties required to be made according to the bring down provision?
Option A: At Closing Only
Option B: At Signing & At Closing

Merger Agreement: Article 8.1 Conditions to Obligations of Buyer to Effect the Merger. The obligations of Buyer to effect the Merger are subject to the satisfaction or waiver by Buyer at or prior to the Effective Time of the following conditions: (a) the representations and warranties of the Seller contained in this Agreement shall be true and correct as of the date of this Agreement and as of the Closing Date, except for inaccuracies that would not, individually or in the aggregate, have a Seller Material Adverse Effect; provided that any representation and warranty made as of a specific date shall be true and correct as of such date. (Page 112)

Merger Agreement: Section 9.3 Additional Conditions to Obligations of Buyer. The obligations of Buyer to consummate the Merger are further subject to the satisfaction of the following conditions at or prior to the Closing Date: (i) the representations and warranties of the Seller set forth in Sections 4.1 and 4.2 shall be true and correct in all material respects as of the date hereof and as of the Closing Date, except where the failure to be so true and correct would not reasonably be expected to have a Seller Material Adverse Effect; and (ii) all other representations and warranties of the Seller contained in this Agreement shall be true and correct as of the Closing Date, except for such failures to be true and correct that would not, individually or in the aggregate, have a Seller Material Adverse Effect. (Page 114)
Choices: "
"129","Answer the following multiple choice question. The last line of your response should be of the following format: 'ANSWER: $LETTER' (without quotes) where LETTER is one of {letters}. Think step by step before answering.

{question}

{choices}

Instruction: Read the segment of a merger agreement and answer the multiple-choice question by choosing the option that best characterizes the agreement.
Question: When are representations and warranties required to be made according to the bring down provision?
Option A: At Closing Only
Option B: At Signing & At Closing

Merger Agreement: Section 8.3 Conditions to Obligations of Buyer to Effect the Merger. The obligations of Buyer to effect the Merger are, in addition to the conditions set forth in Section 8.1, further subject to the satisfaction or (to the extent not prohibited by Law) waiver by Buyer at or prior to the Effective Time of the following conditions: (a) each of the representations and warranties of the Seller contained in this Agreement, without giving effect to any materiality or 'Seller Material Adverse Effect' or similar qualifications therein, shall be true and correct as of the Closing Date, except for such failures to be true and correct as would not, individually or in the aggregate, have a Seller Material Adverse Effect (except to the extent such representations and warranties are expressly made as of a specific date, in which case such representations and warranties shall be so true and correct as of such specific date only); (Page 82)

Merger Agreement: Section 9.4 Conditions to Obligations of Seller to Effect the Merger. The obligations of Seller to effect the Merger are, in addition to the conditions set forth in Section 9.2, further subject to the satisfaction or (to the extent not prohibited by Law) waiver by Seller at or prior to the Effective Time of the following conditions: (b) Representations and Warranties. Each of the representations and warranties of the Buyer set forth in this Agreement shall be true and correct in all respects at and as of the date hereof and as of the Effective Time as though made on and as of such date (except to the extent that any such representation or warranty expressly is made as of an earlier date, in which case such representation and warranty shall be true and correct as of such specified date), except where the failures of any such representations and warranties to be so true and correct, individually or in the aggregate, would not reasonably be expected to have a Material Adverse Effect; (Pages 89-90)
Answer:
Choices: ","Fail","Answer the following multiple choice question. The last line of your response should be of the following format: 'ANSWER: $LETTER' (without quotes) where LETTER is one of {letters}. Think step by step before answering.

{question}

{choices}

Instruction: Read the segment of a merger agreement and answer the multiple-choice question by choosing the option that best characterizes the agreement.
Question: When are representations and warranties required to be made according to the bring down provision?
Option A: At Closing Only
Option B: At Signing & At Closing

Merger Agreement: Article 8.1 Conditions to Obligations of Buyer to Effect the Merger. The obligations of Buyer to effect the Merger are subject to the satisfaction or waiver by Buyer at or prior to the Effective Time of the following conditions: (a) the representations and warranties of the Seller contained in this Agreement shall be true and correct as of the date of this Agreement and as of the Closing Date, except for inaccuracies that would not, individually or in the aggregate, have a Seller Material Adverse Effect; provided that any representation and warranty made as of a specific date shall be true and correct as of such date. (Page 112)

Merger Agreement: Section 9.3 Additional Conditions to Obligations of Buyer. The obligations of Buyer to consummate the Merger are further subject to the satisfaction of the following conditions at or prior to the Closing Date: (i) the representations and warranties of the Seller set forth in Sections 4.1 and 4.2 shall be true and correct in all material respects as of the date hereof and as of the Closing Date, except where the failure to be so true and correct would not reasonably be expected to have a Seller Material Adverse Effect; and (ii) all other representations and warranties of the Seller contained in this Agreement shall be true and correct as of the Closing Date, except for such failures to be true and correct that would not, individually or in the aggregate, have a Seller Material Adverse Effect. (Page 114)
Choices: "
"130","Answer the following multiple choice question. The last line of your response should be of the following format: 'ANSWER: $LETTER' (without quotes) where LETTER is one of {letters}. Think step by step before answering.

{question}

{choices}

Instruction: Read the segment of a merger agreement and answer the multiple-choice question by choosing the option that best characterizes the agreement.
Question: When are representations and warranties required to be made according to the bring down provision?
Option A: At Closing Only
Option B: At Signing & At Closing

Merger Agreement: Section 9.4 Conditions to Obligations of Parent and Merger Sub to Effect the Merger. The obligations of Parent and Merger Sub to effect the Merger are subject to the satisfaction or waiver by Parent at or prior to the Effective Time of the following conditions: (a) each of the representations and warranties of the Company contained in this Agreement shall be true and correct as of the Closing Date, except for such failures as would not have a Material Adverse Effect, and those representations and warranties expressly made as of a specific date shall be true and correct as of such date; (b) the representations and warranties of the Company set forth in Article IV shall be true and correct in all respects both as of the date hereof and as of the Closing Date, as if made on and as of the Closing Date, except for changes expressly permitted by this Agreement or those representations and warranties that speak as of a specific date, which shall be true and correct as of such date. (Page 75)
Choices: ","Fail","Answer the following multiple choice question. The last line of your response should be of the following format: 'ANSWER: $LETTER' (without quotes) where LETTER is one of {letters}. Think step by step before answering.

{question}

{choices}

Instruction: Read the segment of a merger agreement and answer the multiple-choice question by choosing the option that best characterizes the agreement.
Question: When are representations and warranties required to be made according to the bring down provision?
Option A: At Closing Only
Option B: At Signing & At Closing

Merger Agreement: Article 8.1 Conditions to Obligations of Buyer to Effect the Merger. The obligations of Buyer to effect the Merger are subject to the satisfaction or waiver by Buyer at or prior to the Effective Time of the following conditions: (a) the representations and warranties of the Seller contained in this Agreement shall be true and correct as of the date of this Agreement and as of the Closing Date, except for inaccuracies that would not, individually or in the aggregate, have a Seller Material Adverse Effect; provided that any representation and warranty made as of a specific date shall be true and correct as of such date. (Page 112)

Merger Agreement: Section 9.3 Additional Conditions to Obligations of Buyer. The obligations of Buyer to consummate the Merger are further subject to the satisfaction of the following conditions at or prior to the Closing Date: (i) the representations and warranties of the Seller set forth in Sections 4.1 and 4.2 shall be true and correct in all material respects as of the date hereof and as of the Closing Date, except where the failure to be so true and correct would not reasonably be expected to have a Seller Material Adverse Effect; and (ii) all other representations and warranties of the Seller contained in this Agreement shall be true and correct as of the Closing Date, except for such failures to be true and correct that would not, individually or in the aggregate, have a Seller Material Adverse Effect. (Page 114)
Choices: "
"131","Answer the following multiple choice question. The last line of your response should be of the following format: 'ANSWER: $LETTER' (without quotes) where LETTER is one of {letters}. Think step by step before answering.

{question}

{choices}

Instruction: Read the segment of a merger agreement and answer the multiple-choice question by choosing the option that best characterizes the agreement.\nQuestion: When are representations and warranties required to be made according to the bring down provision?\nOption A: At Closing Only\nOption B: At Signing & At Closing\n\nMerger Agreement: Section 8.3 Conditions to Obligations of Buyer to Effect the Merger. The obligations of Buyer to effect the Merger are subject to the satisfaction or waiver by Buyer at or prior to the Effective Time of the following conditions: (a) each of the representations and warranties of the Seller contained in this Agreement shall be true and correct in all material respects as of the date of this Agreement and as of the Closing Date, except for such failures to be true and correct that would not, individually or in the aggregate, have a Material Adverse Effect (except to the extent such representations and warranties are expressly made as of a specific date, in which case such representations and warranties shall be so true and correct as of such specific date only); (b) the representations and warranties set forth in Sections 5.3 and 5.7 shall be true and correct in all respects as of the Closing Date as if made on such date, except for any inaccuracies that would not have a material impact. (Page 88)\nAnswer:
Choices: ","Fail","Answer the following multiple choice question. The last line of your response should be of the following format: 'ANSWER: $LETTER' (without quotes) where LETTER is one of {letters}. Think step by step before answering.

{question}

{choices}

Instruction: Read the segment of a merger agreement and answer the multiple-choice question by choosing the option that best characterizes the agreement.
Question: When are representations and warranties required to be made according to the bring down provision?
Option A: At Closing Only
Option B: At Signing & At Closing

Merger Agreement: Article 8.1 Conditions to Obligations of Buyer to Effect the Merger. The obligations of Buyer to effect the Merger are subject to the satisfaction or waiver by Buyer at or prior to the Effective Time of the following conditions: (a) the representations and warranties of the Seller contained in this Agreement shall be true and correct as of the date of this Agreement and as of the Closing Date, except for inaccuracies that would not, individually or in the aggregate, have a Seller Material Adverse Effect; provided that any representation and warranty made as of a specific date shall be true and correct as of such date. (Page 112)

Merger Agreement: Section 9.3 Additional Conditions to Obligations of Buyer. The obligations of Buyer to consummate the Merger are further subject to the satisfaction of the following conditions at or prior to the Closing Date: (i) the representations and warranties of the Seller set forth in Sections 4.1 and 4.2 shall be true and correct in all material respects as of the date hereof and as of the Closing Date, except where the failure to be so true and correct would not reasonably be expected to have a Seller Material Adverse Effect; and (ii) all other representations and warranties of the Seller contained in this Agreement shall be true and correct as of the Closing Date, except for such failures to be true and correct that would not, individually or in the aggregate, have a Seller Material Adverse Effect. (Page 114)
Choices: "
"132","Answer the following multiple choice question. The last line of your response should be of the following format: 'ANSWER: $LETTER' (without quotes) where LETTER is one of {letters}. Think step by step before answering.

{question}

{choices}

Instruction: Read the segment of a merger agreement and answer the multiple-choice question by choosing the option that best characterizes the agreement.
Question: When are representations and warranties required to be made according to the bring down provision?
Option A: At Closing Only
Option B: At Signing & At Closing

Merger Agreement: Section 8.4 Conditions to Obligations of Acquirer and Merger Sub to Effect the Merger. The obligations of Acquirer and Merger Sub to effect the Merger are, in addition to the conditions set forth in Section 8.3, further subject to the satisfaction or (to the extent not prohibited by Law) waiver by Acquirer at or prior to the Effective Time of the following conditions: (a) each of the representations and warranties of the Target contained in this Agreement, without giving effect to any materiality or 'Target Material Adverse Effect' or similar qualifications therein, shall be true and correct as of the Closing Date, except for such failures to be true and correct as would not, individually or in the aggregate, have a Target Material Adverse Effect (except to the extent such representations and warranties are expressly made as of a specific date, in which case such representations and warranties shall be so true and correct as of such specific date only); (b) the representations and warranties set forth in Sections 4.1(a), 4.1(b), and 4.2 shall be true and correct as of the date of this Agreement and as of the Closing Date, except where the failure to be so true and correct would not reasonably be expected to have a Target Material Adverse Effect. (Page 72)
Choices: ","Fail","Answer the following multiple choice question. The last line of your response should be of the following format: 'ANSWER: $LETTER' (without quotes) where LETTER is one of {letters}. Think step by step before answering.

{question}

{choices}

Instruction: Read the segment of a merger agreement and answer the multiple-choice question by choosing the option that best characterizes the agreement.
Question: When are representations and warranties required to be made according to the bring down provision?
Option A: At Closing Only
Option B: At Signing & At Closing

Merger Agreement: Article 8.1 Conditions to Obligations of Buyer to Effect the Merger. The obligations of Buyer to effect the Merger are subject to the satisfaction or waiver by Buyer at or prior to the Effective Time of the following conditions: (a) the representations and warranties of the Seller contained in this Agreement shall be true and correct as of the date of this Agreement and as of the Closing Date, except for inaccuracies that would not, individually or in the aggregate, have a Seller Material Adverse Effect; provided that any representation and warranty made as of a specific date shall be true and correct as of such date. (Page 112)

Merger Agreement: Section 9.3 Additional Conditions to Obligations of Buyer. The obligations of Buyer to consummate the Merger are further subject to the satisfaction of the following conditions at or prior to the Closing Date: (i) the representations and warranties of the Seller set forth in Sections 4.1 and 4.2 shall be true and correct in all material respects as of the date hereof and as of the Closing Date, except where the failure to be so true and correct would not reasonably be expected to have a Seller Material Adverse Effect; and (ii) all other representations and warranties of the Seller contained in this Agreement shall be true and correct as of the Closing Date, except for such failures to be true and correct that would not, individually or in the aggregate, have a Seller Material Adverse Effect. (Page 114)
Choices: "
"133","Answer the following multiple choice question. The last line of your response should be of the following format: 'ANSWER: $LETTER' (without quotes) where LETTER is one of {letters}. Think step by step before answering.

{question}

{choices}

Instruction: Read the segment of a merger agreement and answer the multiple-choice question by choosing the option that best characterizes the agreement.
Question: When are representations and warranties required to be made according to the bring down provision?
Option A: At Closing Only
Option B: At Signing & At Closing

Merger Agreement: Section 8.3 Conditions to Obligations of Parent and Subsidiary to Effect the Merger. The obligations of Parent and Subsidiary to effect the Merger are, in addition to the conditions set forth in Section 8.1, further subject to the satisfaction or (to the extent not prohibited by Law) waiver by Parent at or prior to the Effective Time of the following conditions: (a) each of the representations and warranties of the Company contained in this Agreement, without giving effect to any materiality or ""Company Material Adverse Effect"" or similar qualifications therein, shall be true and correct as of the Closing Date, except for such failures to be true and correct as would not, individually or in the aggregate, have a Company Material Adverse Effect (except to the extent such representations and warranties are expressly made as of a specific date, in which case such representations and warranties shall be so true and correct as of such specific date only); (b) notwithstanding the foregoing, the representations and warranties set forth in Sections 3.2 and 3.3 shall be true and correct as of the date of this Agreement and as of the Closing Date, except where the failure to be so true and correct would not have a material adverse effect. (Page 75)
Answer:
Choices: ","Fail","Answer the following multiple choice question. The last line of your response should be of the following format: 'ANSWER: $LETTER' (without quotes) where LETTER is one of {letters}. Think step by step before answering.

{question}

{choices}

Instruction: Read the segment of a merger agreement and answer the multiple-choice question by choosing the option that best characterizes the agreement.
Question: When are representations and warranties required to be made according to the bring down provision?
Option A: At Closing Only
Option B: At Signing & At Closing

Merger Agreement: Article 8.1 Conditions to Obligations of Buyer to Effect the Merger. The obligations of Buyer to effect the Merger are subject to the satisfaction or waiver by Buyer at or prior to the Effective Time of the following conditions: (a) the representations and warranties of the Seller contained in this Agreement shall be true and correct as of the date of this Agreement and as of the Closing Date, except for inaccuracies that would not, individually or in the aggregate, have a Seller Material Adverse Effect; provided that any representation and warranty made as of a specific date shall be true and correct as of such date. (Page 112)

Merger Agreement: Section 9.3 Additional Conditions to Obligations of Buyer. The obligations of Buyer to consummate the Merger are further subject to the satisfaction of the following conditions at or prior to the Closing Date: (i) the representations and warranties of the Seller set forth in Sections 4.1 and 4.2 shall be true and correct in all material respects as of the date hereof and as of the Closing Date, except where the failure to be so true and correct would not reasonably be expected to have a Seller Material Adverse Effect; and (ii) all other representations and warranties of the Seller contained in this Agreement shall be true and correct as of the Closing Date, except for such failures to be true and correct that would not, individually or in the aggregate, have a Seller Material Adverse Effect. (Page 114)
Choices: "
"134","Answer the following multiple choice question. The last line of your response should be of the following format: 'ANSWER: $LETTER' (without quotes) where LETTER is one of {letters}. Think step by step before answering.

{question}

{choices}

Instruction: Read the segment of a merger agreement and answer the multiple-choice question by choosing the option that best characterizes the agreement.
Question: When are representations and warranties required to be made according to the bring down provision?
Option A: At Closing Only
Option B: At Signing & At Closing

Merger Agreement: Section 8.1 Conditions to Obligations of Parent and Subsidiary to Effect the Merger. The obligations of Parent and Subsidiary to effect the Merger are, in addition to the conditions set forth in Section 8.0, further subject to the satisfaction or (to the extent not prohibited by Law) waiver by Parent at or prior to the Effective Time of the following conditions: (a) each of the representations and warranties of the Company contained in this Agreement, without regard to any materiality or 'Company Material Adverse Effect' or similar qualifications therein, shall be true and correct as of the Closing Date, except for such failures to be true and correct as would not, individually or in the aggregate, have a Company Material Adverse Effect (except to the extent such representations and warranties are expressly made as of a specific date, in which case such representations and warranties shall be true and correct as of such specific date only); (Page 72)

Merger Agreement: Section 9.3 Additional Conditions to the Obligations of Parent. Notwithstanding anything in this Agreement to the contrary, the obligations of Parent to effect the Merger are further conditioned upon the following: (i) the representations and warranties of the Company set forth in Sections 3.1 and 3.2 shall be true and correct in all material respects as of the date of this Agreement and as of the Closing Date as though made on and as of the Closing Date, except to the extent such representations and warranties expressly relate to an earlier date (in which case, as of such earlier date). (Page 89)
Choices: ","Fail","Answer the following multiple choice question. The last line of your response should be of the following format: 'ANSWER: $LETTER' (without quotes) where LETTER is one of {letters}. Think step by step before answering.

{question}

{choices}

Instruction: Read the segment of a merger agreement and answer the multiple-choice question by choosing the option that best characterizes the agreement.
Question: When are representations and warranties required to be made according to the bring down provision?
Option A: At Closing Only
Option B: At Signing & At Closing

Merger Agreement: Article 8.1 Conditions to Obligations of Buyer to Effect the Merger. The obligations of Buyer to effect the Merger are subject to the satisfaction or waiver by Buyer at or prior to the Effective Time of the following conditions: (a) the representations and warranties of the Seller contained in this Agreement shall be true and correct as of the date of this Agreement and as of the Closing Date, except for inaccuracies that would not, individually or in the aggregate, have a Seller Material Adverse Effect; provided that any representation and warranty made as of a specific date shall be true and correct as of such date. (Page 112)

Merger Agreement: Section 9.3 Additional Conditions to Obligations of Buyer. The obligations of Buyer to consummate the Merger are further subject to the satisfaction of the following conditions at or prior to the Closing Date: (i) the representations and warranties of the Seller set forth in Sections 4.1 and 4.2 shall be true and correct in all material respects as of the date hereof and as of the Closing Date, except where the failure to be so true and correct would not reasonably be expected to have a Seller Material Adverse Effect; and (ii) all other representations and warranties of the Seller contained in this Agreement shall be true and correct as of the Closing Date, except for such failures to be true and correct that would not, individually or in the aggregate, have a Seller Material Adverse Effect. (Page 114)
Choices: "
"135","Answer the following multiple choice question. The last line of your response should be of the following format: 'ANSWER: $LETTER' (without quotes) where LETTER is one of {letters}. Think step by step before answering.

{question}

{choices}

Instruction: Read the segment of a merger agreement and answer the multiple-choice question by choosing the option that best characterizes the agreement.
Question: When are representations and warranties required to be made according to the bring down provision?
Option A: At Closing Only
Option B: At Signing & At Closing

Merger Agreement: Section 8.1 Conditions to Obligations of Parent and Merger Sub to Effect the Merger. The obligations of Parent and Merger Sub to effect the Merger are, in addition to the conditions set forth in Section 8.2, further subject to the satisfaction or (to the extent not prohibited by Law) waiver by Parent at or prior to the Effective Time of the following conditions: (a) the representations and warranties of the Company contained in this Agreement, without giving effect to any materiality or 'Company Material Adverse Effect' or similar qualifications therein, shall be true and correct as of the date of this Agreement and as of the Closing Date, except for such failures to be true and correct as would not, individually or in the aggregate, have a Company Material Adverse Effect (except to the extent such representations and warranties are expressly made as of a specific date, in which case such representations and warranties shall be so true and correct as of such specific date only); (Page 82)
Answer:
Choices: ","Fail","Answer the following multiple choice question. The last line of your response should be of the following format: 'ANSWER: $LETTER' (without quotes) where LETTER is one of {letters}. Think step by step before answering.

{question}

{choices}

Instruction: Read the segment of a merger agreement and answer the multiple-choice question by choosing the option that best characterizes the agreement.
Question: When are representations and warranties required to be made according to the bring down provision?
Option A: At Closing Only
Option B: At Signing & At Closing

Merger Agreement: Article 8.1 Conditions to Obligations of Buyer to Effect the Merger. The obligations of Buyer to effect the Merger are subject to the satisfaction or waiver by Buyer at or prior to the Effective Time of the following conditions: (a) the representations and warranties of the Seller contained in this Agreement shall be true and correct as of the date of this Agreement and as of the Closing Date, except for inaccuracies that would not, individually or in the aggregate, have a Seller Material Adverse Effect; provided that any representation and warranty made as of a specific date shall be true and correct as of such date. (Page 112)

Merger Agreement: Section 9.3 Additional Conditions to Obligations of Buyer. The obligations of Buyer to consummate the Merger are further subject to the satisfaction of the following conditions at or prior to the Closing Date: (i) the representations and warranties of the Seller set forth in Sections 4.1 and 4.2 shall be true and correct in all material respects as of the date hereof and as of the Closing Date, except where the failure to be so true and correct would not reasonably be expected to have a Seller Material Adverse Effect; and (ii) all other representations and warranties of the Seller contained in this Agreement shall be true and correct as of the Closing Date, except for such failures to be true and correct that would not, individually or in the aggregate, have a Seller Material Adverse Effect. (Page 114)
Choices: "
"136","Answer the following multiple choice question. The last line of your response should be of the following format: 'ANSWER: $LETTER' (without quotes) where LETTER is one of {letters}. Think step by step before answering.

{question}

{choices}

Instruction: Read the segment of a merger agreement and answer the multiple-choice question by choosing the option that best characterizes the agreement.
Question: When are representations and warranties required to be made according to the bring down provision?
Option A: At Closing Only
Option B: At Signing & At Closing

Merger Agreement: Section 8.3 Conditions to Obligations of Buyer and Buyer Sub to Effect the Merger. The obligations of Buyer and Buyer Sub to effect the Merger are, in addition to the conditions set forth in Section 8.1, further subject to the satisfaction or (to the extent not prohibited by Law) waiver by Buyer at or prior to the Effective Time of the following conditions: (a) each of the representations and warranties of the Seller contained in this Agreement, without giving effect to any materiality or “Seller Material Adverse Effect” or similar qualifications therein, shall be true and correct as of the Closing Date, except for such failures to be true and correct as would not, individually or in the aggregate, have a Seller Material Adverse Effect (except to the extent such representations and warranties are expressly made as of a specific date, in which case such representations and warranties shall be so true and correct as of such specific date only); (Page 72)

Merger Agreement: Section 8.5 Additional Conditions to Obligations of Buyer. The obligations of Buyer to effect the Merger are also subject to the satisfaction (or waiver by Buyer) at or prior to the Closing of each of the following additional conditions: (a) Representations and Warranties. (i) Each of the representations and warranties of the Seller contained in this Agreement (other than the representations and warranties of the Seller set forth in Section 4.01(a) (Organization and Qualification; Subsidiaries), Section 4.02 (Capitalization), Section 4.03 (Authority), Section 4.09(b) (Absence of Certain Changes), Section 4.23 (Opinions of Financial Advisors), Section 4.25 (Vote Required), and Section 4.26 (Brokers)), without regard to materiality or Seller Material Adverse Effect qualifiers contained within such representations and warranties, shall be true and correct as of the date hereof and as of the Closing as though made as of the Closing (except to the extent such representations and warranties are expressly made as of a specific date, in which case such representations and warranties shall be true and correct on and as of such specific date), other than failures to be true and correct that, individually or in the aggregate, have not had, and would not reasonably be expected to have, a Seller Material Adverse Effect; (Pages 35-36)
Answer:
Choices: ","Fail","Answer the following multiple choice question. The last line of your response should be of the following format: 'ANSWER: $LETTER' (without quotes) where LETTER is one of {letters}. Think step by step before answering.

{question}

{choices}

Instruction: Read the segment of a merger agreement and answer the multiple-choice question by choosing the option that best characterizes the agreement.
Question: When are representations and warranties required to be made according to the bring down provision?
Option A: At Closing Only
Option B: At Signing & At Closing

Merger Agreement: Article 8.1 Conditions to Obligations of Buyer to Effect the Merger. The obligations of Buyer to effect the Merger are subject to the satisfaction or waiver by Buyer at or prior to the Effective Time of the following conditions: (a) the representations and warranties of the Seller contained in this Agreement shall be true and correct as of the date of this Agreement and as of the Closing Date, except for inaccuracies that would not, individually or in the aggregate, have a Seller Material Adverse Effect; provided that any representation and warranty made as of a specific date shall be true and correct as of such date. (Page 112)

Merger Agreement: Section 9.3 Additional Conditions to Obligations of Buyer. The obligations of Buyer to consummate the Merger are further subject to the satisfaction of the following conditions at or prior to the Closing Date: (i) the representations and warranties of the Seller set forth in Sections 4.1 and 4.2 shall be true and correct in all material respects as of the date hereof and as of the Closing Date, except where the failure to be so true and correct would not reasonably be expected to have a Seller Material Adverse Effect; and (ii) all other representations and warranties of the Seller contained in this Agreement shall be true and correct as of the Closing Date, except for such failures to be true and correct that would not, individually or in the aggregate, have a Seller Material Adverse Effect. (Page 114)
Choices: "
"137","Answer the following multiple choice question. The last line of your response should be of the following format: 'ANSWER: $LETTER' (without quotes) where LETTER is one of {letters}. Think step by step before answering.

{question}

{choices}

Instruction: Read the segment of a merger agreement and answer the multiple-choice question by choosing the option that best characterizes the agreement.
Question: When are representations and warranties required to be made according to the bring down provision?
Option A: At Closing Only
Option B: At Signing & At Closing

Merger Agreement: Section 8.3 Conditions to Obligations of Acquirer and Merger Sub to Effect the Merger. The obligations of Acquirer and Merger Sub to effect the Merger are, in addition to the conditions set forth in Section 8.1, further subject to the satisfaction or (to the extent not prohibited by Law) waiver by Acquirer at or prior to the Effective Time of the following conditions: (a) each of the representations and warranties of the Company contained in this Agreement, without giving effect to any materiality or 'Company Material Adverse Effect' qualifications therein, shall be true and correct as of the Closing Date, except for such failures to be true and correct as would not, individually or in the aggregate, have a Company Material Adverse Effect (except to the extent such representations and warranties are expressly made as of a specific date, in which case such representations and warranties shall be so true and correct as of such specific date only); (Page 89)

Merger Agreement: Section 8.3 Conditions to Obligations of Parent and Acquisition Sub to Effect the Merger. The obligations of Parent and Acquisition Sub to effect the Merger and the other transactions contemplated by this Agreement are subject to the satisfaction or (to the extent permitted by Law) waiver by Parent at or prior to the Closing of the following additional conditions: (a) the representations and warranties of the Company (i) contained in Section 4.2(a) shall be true and correct in all respects (other than de minimis inaccuracies) both as of the date of this Agreement and as of the Closing Date as though made on and as of the Closing Date (except to the extent such representations and warranties are expressly made as of a specific date, in which case such representations and warranties shall be so true and correct as of such specific date), (ii) contained in Section 4.2(b), Section 4.2(c), Section 4.2(d), Section 4.3, Section 4.4 and Section 4.27 (together with Section 4.2(a), the 'Company Fundamental Representations') shall be true and correct in all material respects, without giving effect to any materiality or 'Company Material Adverse Effect' qualifications therein, both as of the date of this Agreement and as of the Closing Date as though made on and as of the Closing Date (except to the extent such representations and warranties are expressly made as of a specific date, in which case such representations and warranties shall be so true and correct as of such specific date) and (iii) contained in this Agreement (other than the Company Fundamental Representations), shall be true and correct, without giving effect to any materiality or 'Company Material Adverse Effect' qualifications therein, both as of the date of this Agreement and as of the Closing Date as though made on and as of the Closing Date (except to the extent such representations and warranties are expressly made as of a specific date, in which case such representations and warranties shall be so true and correct as of such specific date), except where the failure of such representations and warranties to be so true and correct, individually or in the aggregate, has not had, and would not reasonably be expected to have, a Company Material Adverse Effect; (Page 45)
Answer:
Choices: ","Fail","Answer the following multiple choice question. The last line of your response should be of the following format: 'ANSWER: $LETTER' (without quotes) where LETTER is one of {letters}. Think step by step before answering.

{question}

{choices}

Instruction: Read the segment of a merger agreement and answer the multiple-choice question by choosing the option that best characterizes the agreement.
Question: When are representations and warranties required to be made according to the bring down provision?
Option A: At Closing Only
Option B: At Signing & At Closing

Merger Agreement: Article 8.1 Conditions to Obligations of Buyer to Effect the Merger. The obligations of Buyer to effect the Merger are subject to the satisfaction or waiver by Buyer at or prior to the Effective Time of the following conditions: (a) the representations and warranties of the Seller contained in this Agreement shall be true and correct as of the date of this Agreement and as of the Closing Date, except for inaccuracies that would not, individually or in the aggregate, have a Seller Material Adverse Effect; provided that any representation and warranty made as of a specific date shall be true and correct as of such date. (Page 112)

Merger Agreement: Section 9.3 Additional Conditions to Obligations of Buyer. The obligations of Buyer to consummate the Merger are further subject to the satisfaction of the following conditions at or prior to the Closing Date: (i) the representations and warranties of the Seller set forth in Sections 4.1 and 4.2 shall be true and correct in all material respects as of the date hereof and as of the Closing Date, except where the failure to be so true and correct would not reasonably be expected to have a Seller Material Adverse Effect; and (ii) all other representations and warranties of the Seller contained in this Agreement shall be true and correct as of the Closing Date, except for such failures to be true and correct that would not, individually or in the aggregate, have a Seller Material Adverse Effect. (Page 114)
Choices: "
"138","Answer the following multiple choice question. The last line of your response should be of the following format: 'ANSWER: $LETTER' (without quotes) where LETTER is one of {letters}. Think step by step before answering.

{question}

{choices}

Instruction: Read the segment of a merger agreement and answer the multiple-choice question by choosing the option that best characterizes the agreement.
Question: When are representations and warranties required to be made according to the bring down provision?
Option A: At Closing Only
Option B: At Signing & At Closing

Merger Agreement: Section 8.3 Conditions to Obligations of Buyer and Merger Sub to Effect the Merger. The obligations of Buyer and Merger Sub to effect the Merger are, in addition to the conditions set forth in Section 8.1, further subject to the satisfaction or (to the extent not prohibited by Law) waiver by Buyer at or prior to the Effective Time of the following conditions: (a) each of the representations and warranties of the Seller contained in this Agreement, without giving effect to any materiality or 'Material Adverse Effect' or similar qualifications therein, shall be true and correct as of the Closing Date, except for such failures to be true and correct as would not, individually or in the aggregate, have a Material Adverse Effect (except to the extent such representations and warranties are expressly made as of a specific date, in which case such representations and warranties shall be true and correct as of such specific date only); (Page 72)

Merger Agreement: Section 8.4 Conditions to Obligations of the Seller to Effect the Merger. The obligations of the Seller to effect the Merger are further subject to the satisfaction, or waiver by the Seller, at or prior to the Effective Time of the following conditions: (a) Representations and Warranties. (i) The representations and warranties of the Buyer Parties set forth in this Agreement shall be true and correct in all respects as of the date of this Agreement and as of the Closing Date as if made on and as of the Closing Date (except to the extent such representations and warranties expressly relate to an earlier date, in which case as of such earlier date), except where the failure of such representations and warranties to be so true and correct would not reasonably be expected to have, individually or in the aggregate, a Material Adverse Effect on the Buyer Parties. (Page 90)
Choices: ","Fail","Answer the following multiple choice question. The last line of your response should be of the following format: 'ANSWER: $LETTER' (without quotes) where LETTER is one of {letters}. Think step by step before answering.

{question}

{choices}

Instruction: Read the segment of a merger agreement and answer the multiple-choice question by choosing the option that best characterizes the agreement.
Question: When are representations and warranties required to be made according to the bring down provision?
Option A: At Closing Only
Option B: At Signing & At Closing

Merger Agreement: Article 8.1 Conditions to Obligations of Buyer to Effect the Merger. The obligations of Buyer to effect the Merger are subject to the satisfaction or waiver by Buyer at or prior to the Effective Time of the following conditions: (a) the representations and warranties of the Seller contained in this Agreement shall be true and correct as of the date of this Agreement and as of the Closing Date, except for inaccuracies that would not, individually or in the aggregate, have a Seller Material Adverse Effect; provided that any representation and warranty made as of a specific date shall be true and correct as of such date. (Page 112)

Merger Agreement: Section 9.3 Additional Conditions to Obligations of Buyer. The obligations of Buyer to consummate the Merger are further subject to the satisfaction of the following conditions at or prior to the Closing Date: (i) the representations and warranties of the Seller set forth in Sections 4.1 and 4.2 shall be true and correct in all material respects as of the date hereof and as of the Closing Date, except where the failure to be so true and correct would not reasonably be expected to have a Seller Material Adverse Effect; and (ii) all other representations and warranties of the Seller contained in this Agreement shall be true and correct as of the Closing Date, except for such failures to be true and correct that would not, individually or in the aggregate, have a Seller Material Adverse Effect. (Page 114)
Choices: "
"139","Answer the following multiple choice question. The last line of your response should be of the following format: 'ANSWER: $LETTER' (without quotes) where LETTER is one of {letters}. Think step by step before answering.

{question}

{choices}

Instruction: Read the segment of a merger agreement and answer the multiple-choice question by choosing the option that best characterizes the agreement.
Question: When are representations and warranties required to be made according to the bring down provision?
Option A: At Closing Only
Option B: At Signing & At Closing

Merger Agreement: Section 5.3 Conditions to Obligations of Parent and Merger Sub to Effect the Merger. The obligations of Parent and Merger Sub to effect the Merger are subject to the satisfaction or waiver at or prior to the Effective Time of the following conditions: (a) each of the representations and warranties of the Company contained in this Agreement shall be true and correct as of the date hereof and as of the Closing Date, as if made at and as of such date, except where the failure to be so true and correct would not have a material adverse effect, except for those representations and warranties that speak as of an earlier specified date, which shall be true and correct as of such earlier date only. (Page 45)

Merger Agreement: Section 6.4 Additional Conditions to the Obligations of Parent. The obligation of Parent to consummate the Merger is further subject to the satisfaction, or waiver by Parent, at or prior to the Closing Date of the following conditions: (b) Representations and Warranties. The representations and warranties of the Company set forth in this Agreement (disregarding all qualifications and exceptions contained therein relating to materiality) shall be true and correct at and as of the date of this Agreement and at and as of the Closing Date, except where the failure to be true and correct, individually or in the aggregate, has not had, and would not reasonably be expected to have, a material adverse effect on the Company. (Page 72)
Answer:
Choices: ","Fail","Answer the following multiple choice question. The last line of your response should be of the following format: 'ANSWER: $LETTER' (without quotes) where LETTER is one of {letters}. Think step by step before answering.

{question}

{choices}

Instruction: Read the segment of a merger agreement and answer the multiple-choice question by choosing the option that best characterizes the agreement.
Question: When are representations and warranties required to be made according to the bring down provision?
Option A: At Closing Only
Option B: At Signing & At Closing

Merger Agreement: Article 8.1 Conditions to Obligations of Buyer to Effect the Merger. The obligations of Buyer to effect the Merger are subject to the satisfaction or waiver by Buyer at or prior to the Effective Time of the following conditions: (a) the representations and warranties of the Seller contained in this Agreement shall be true and correct as of the date of this Agreement and as of the Closing Date, except for inaccuracies that would not, individually or in the aggregate, have a Seller Material Adverse Effect; provided that any representation and warranty made as of a specific date shall be true and correct as of such date. (Page 112)

Merger Agreement: Section 9.3 Additional Conditions to Obligations of Buyer. The obligations of Buyer to consummate the Merger are further subject to the satisfaction of the following conditions at or prior to the Closing Date: (i) the representations and warranties of the Seller set forth in Sections 4.1 and 4.2 shall be true and correct in all material respects as of the date hereof and as of the Closing Date, except where the failure to be so true and correct would not reasonably be expected to have a Seller Material Adverse Effect; and (ii) all other representations and warranties of the Seller contained in this Agreement shall be true and correct as of the Closing Date, except for such failures to be true and correct that would not, individually or in the aggregate, have a Seller Material Adverse Effect. (Page 114)
Choices: "
"140","Answer the following multiple choice question. The last line of your response should be of the following format: 'ANSWER: $LETTER' (without quotes) where LETTER is one of {letters}. Think step by step before answering.

{question}

{choices}

Instruction: Read the segment of a merger agreement and answer the multiple-choice question by choosing the option that best characterizes the agreement.
Question: When are representations and warranties required to be made according to the bring down provision?
Option A: At Closing Only
Option B: At Signing & At Closing

Merger Agreement: Section 8.3 Conditions to Obligations of Acquirer and Merger Sub. The obligations of Acquirer and Merger Sub to effect the Merger are, in addition to the conditions set forth in Section 8.1, further subject to the satisfaction or (to the extent not prohibited by Law) waiver by Acquirer at or prior to the Effective Time of the following conditions: (a) Representations and Warranties. (i) The representations and warranties of the Company set forth in this Agreement, other than those specifically identified in clause (ii) below, shall be true and correct as of the Closing Date as if made on and as of the Closing Date, except where the failure to be true and correct would not have a Material Adverse Effect. (ii) The representations and warranties of the Company set forth in Sections 3.1(a), 3.2(b), and 3.4 shall be true and correct as of the date of this Agreement and as of the Closing Date as if made on and as of the Closing Date. (Page 92)
Choices: ","Fail","Answer the following multiple choice question. The last line of your response should be of the following format: 'ANSWER: $LETTER' (without quotes) where LETTER is one of {letters}. Think step by step before answering.

{question}

{choices}

Instruction: Read the segment of a merger agreement and answer the multiple-choice question by choosing the option that best characterizes the agreement.
Question: When are representations and warranties required to be made according to the bring down provision?
Option A: At Closing Only
Option B: At Signing & At Closing

Merger Agreement: Article 8.1 Conditions to Obligations of Buyer to Effect the Merger. The obligations of Buyer to effect the Merger are subject to the satisfaction or waiver by Buyer at or prior to the Effective Time of the following conditions: (a) the representations and warranties of the Seller contained in this Agreement shall be true and correct as of the date of this Agreement and as of the Closing Date, except for inaccuracies that would not, individually or in the aggregate, have a Seller Material Adverse Effect; provided that any representation and warranty made as of a specific date shall be true and correct as of such date. (Page 112)

Merger Agreement: Section 9.3 Additional Conditions to Obligations of Buyer. The obligations of Buyer to consummate the Merger are further subject to the satisfaction of the following conditions at or prior to the Closing Date: (i) the representations and warranties of the Seller set forth in Sections 4.1 and 4.2 shall be true and correct in all material respects as of the date hereof and as of the Closing Date, except where the failure to be so true and correct would not reasonably be expected to have a Seller Material Adverse Effect; and (ii) all other representations and warranties of the Seller contained in this Agreement shall be true and correct as of the Closing Date, except for such failures to be true and correct that would not, individually or in the aggregate, have a Seller Material Adverse Effect. (Page 114)
Choices: "
"141","Answer the following multiple choice question. The last line of your response should be of the following format: 'ANSWER: $LETTER' (without quotes) where LETTER is one of {letters}. Think step by step before answering.

{question}

{choices}

Instruction: Read the segment of a merger agreement and answer the multiple-choice question by choosing the option that best characterizes the agreement.
Question: When are representations and warranties required to be made according to the bring down provision?
Option A: At Closing Only
Option B: At Signing & At Closing

Merger Agreement: Section 8.4 Conditions to Obligations of Parent and Merger Sub. The obligations of Parent and Merger Sub to effect the Merger are, in addition to the conditions set forth in Section 8.3, further subject to the satisfaction or (to the extent not prohibited by Law) waiver by Parent at or prior to the Effective Time of the following conditions: (a) the representations and warranties of the Company set forth in Article IV shall be true and correct as of the Closing Date, without giving effect to any materiality or “Material Adverse Effect” qualifications, except for those representations and warranties that are expressly made as of a specific date, which shall be true and correct as of such specific date; (b) the representations and warranties of the Company set forth in Sections 4.1, 4.2, and 4.5 shall be true and correct in all material respects as of the date hereof and as of the Closing Date, except where the failure to be true and correct would not have a Material Adverse Effect; (c) the representations and warranties of the Company set forth in Section 4.7 shall be true and correct as of the date hereof and as of the Closing Date, except where the failure to be true and correct would not reasonably be expected to have a Material Adverse Effect; (Page 75)
Answer:
Choices: ","Fail","Answer the following multiple choice question. The last line of your response should be of the following format: 'ANSWER: $LETTER' (without quotes) where LETTER is one of {letters}. Think step by step before answering.

{question}

{choices}

Instruction: Read the segment of a merger agreement and answer the multiple-choice question by choosing the option that best characterizes the agreement.
Question: When are representations and warranties required to be made according to the bring down provision?
Option A: At Closing Only
Option B: At Signing & At Closing

Merger Agreement: Article 8.1 Conditions to Obligations of Buyer to Effect the Merger. The obligations of Buyer to effect the Merger are subject to the satisfaction or waiver by Buyer at or prior to the Effective Time of the following conditions: (a) the representations and warranties of the Seller contained in this Agreement shall be true and correct as of the date of this Agreement and as of the Closing Date, except for inaccuracies that would not, individually or in the aggregate, have a Seller Material Adverse Effect; provided that any representation and warranty made as of a specific date shall be true and correct as of such date. (Page 112)

Merger Agreement: Section 9.3 Additional Conditions to Obligations of Buyer. The obligations of Buyer to consummate the Merger are further subject to the satisfaction of the following conditions at or prior to the Closing Date: (i) the representations and warranties of the Seller set forth in Sections 4.1 and 4.2 shall be true and correct in all material respects as of the date hereof and as of the Closing Date, except where the failure to be so true and correct would not reasonably be expected to have a Seller Material Adverse Effect; and (ii) all other representations and warranties of the Seller contained in this Agreement shall be true and correct as of the Closing Date, except for such failures to be true and correct that would not, individually or in the aggregate, have a Seller Material Adverse Effect. (Page 114)
Choices: "
"142","Answer the following multiple choice question. The last line of your response should be of the following format: 'ANSWER: $LETTER' (without quotes) where LETTER is one of {letters}. Think step by step before answering.

{question}

{choices}

Instruction: Read the segment of a merger agreement and answer the multiple-choice question by choosing the option that best characterizes the agreement.
Question: When are representations and warranties required to be made according to the bring down provision?
Option A: At Closing Only
Option B: At Signing & At Closing

Merger Agreement: Section 8.4 Conditions to Obligations of Acquirer and Merger Sub. The obligations of Acquirer and Merger Sub to consummate the Merger are subject to the satisfaction or waiver by Acquirer at or prior to the Effective Time of the following conditions: (a) each of the representations and warranties of the Target contained in this Agreement, without giving effect to any materiality or 'Target Material Adverse Effect' or similar qualifications therein, shall be true and correct as of the Closing Date, except for such failures to be true and correct as would not, individually or in the aggregate, have a Target Material Adverse Effect (except to the extent such representations and warranties are expressly made as of a specific date, in which case such representations and warranties shall be so true and correct as of such specific date only); (Page 72)

Merger Agreement: Section 9.3 Conditions to Obligations of Target. The obligations of Target to effect the Merger shall be subject to the satisfaction or waiver by Target at or prior to the Effective Time of the following conditions: (b) Representations and Warranties. The representations and warranties of Acquirer set forth in this Agreement shall be true and correct in all respects as of the date of this Agreement and as of the Closing Date, as though made on and as of the Closing Date, except for such representations and warranties that are expressly made as of an earlier date (in which case as of such earlier date), provided, however, that any inaccuracies in such representations and warranties shall be disregarded if all such inaccuracies, considered collectively, do not constitute a material adverse effect on Acquirer (Page 85)
Choices: ","Fail","Answer the following multiple choice question. The last line of your response should be of the following format: 'ANSWER: $LETTER' (without quotes) where LETTER is one of {letters}. Think step by step before answering.

{question}

{choices}

Instruction: Read the segment of a merger agreement and answer the multiple-choice question by choosing the option that best characterizes the agreement.
Question: When are representations and warranties required to be made according to the bring down provision?
Option A: At Closing Only
Option B: At Signing & At Closing

Merger Agreement: Article 8.1 Conditions to Obligations of Buyer to Effect the Merger. The obligations of Buyer to effect the Merger are subject to the satisfaction or waiver by Buyer at or prior to the Effective Time of the following conditions: (a) the representations and warranties of the Seller contained in this Agreement shall be true and correct as of the date of this Agreement and as of the Closing Date, except for inaccuracies that would not, individually or in the aggregate, have a Seller Material Adverse Effect; provided that any representation and warranty made as of a specific date shall be true and correct as of such date. (Page 112)

Merger Agreement: Section 9.3 Additional Conditions to Obligations of Buyer. The obligations of Buyer to consummate the Merger are further subject to the satisfaction of the following conditions at or prior to the Closing Date: (i) the representations and warranties of the Seller set forth in Sections 4.1 and 4.2 shall be true and correct in all material respects as of the date hereof and as of the Closing Date, except where the failure to be so true and correct would not reasonably be expected to have a Seller Material Adverse Effect; and (ii) all other representations and warranties of the Seller contained in this Agreement shall be true and correct as of the Closing Date, except for such failures to be true and correct that would not, individually or in the aggregate, have a Seller Material Adverse Effect. (Page 114)
Choices: "
"143","Answer the following multiple choice question. The last line of your response should be of the following format: 'ANSWER: $LETTER' (without quotes) where LETTER is one of {letters}. Think step by step before answering.

{question}

{choices}

Instruction: Read the segment of a merger agreement and answer the multiple-choice question by choosing the option that best characterizes the agreement.
Question: When are representations and warranties required to be made according to the bring down provision?
Option A: At Closing Only
Option B: At Signing & At Closing

Merger Agreement: Section 8.3 Conditions to Obligations of Acquiring Company to Effect the Merger. The obligations of Acquiring Company to effect the Merger are subject to the satisfaction or waiver by Acquiring Company at or prior to the Effective Time of the following conditions: (a) each of the representations and warranties of the Target Company contained in this Agreement, without giving effect to any materiality or 'Target Material Adverse Effect' or similar qualifications therein, shall be true and correct as of the Closing Date, except for such failures to be true and correct as would not, individually or in the aggregate, have a Target Material Adverse Effect (except to the extent such representations and warranties are expressly made as of a specific date, in which case such representations and warranties shall be so true and correct as of such specific date only); (Page 72)

Merger Agreement: Section 10.1 Conditions to the Obligations of Parent and Merger Sub. The obligations of Parent and Merger Sub to effect the Merger are further subject to the satisfaction, or waiver by Parent and Merger Sub, at or prior to the Effective Time of the following conditions: (i) Representations and Warranties. The representations and warranties of the Target Company set forth in this Agreement shall be true and correct at and as of the date of this Agreement and at and as of the Closing Date, as if made at and as of such time (except to the extent expressly made as of an earlier date, in which case as of such earlier date), except where the failure of such representations and warranties to be so true and correct would not reasonably be expected to have or result in, individually or in the aggregate, a Target Material Adverse Effect. (Page 85)
Choices: ","Fail","Answer the following multiple choice question. The last line of your response should be of the following format: 'ANSWER: $LETTER' (without quotes) where LETTER is one of {letters}. Think step by step before answering.

{question}

{choices}

Instruction: Read the segment of a merger agreement and answer the multiple-choice question by choosing the option that best characterizes the agreement.
Question: When are representations and warranties required to be made according to the bring down provision?
Option A: At Closing Only
Option B: At Signing & At Closing

Merger Agreement: Article 8.1 Conditions to Obligations of Buyer to Effect the Merger. The obligations of Buyer to effect the Merger are subject to the satisfaction or waiver by Buyer at or prior to the Effective Time of the following conditions: (a) the representations and warranties of the Seller contained in this Agreement shall be true and correct as of the date of this Agreement and as of the Closing Date, except for inaccuracies that would not, individually or in the aggregate, have a Seller Material Adverse Effect; provided that any representation and warranty made as of a specific date shall be true and correct as of such date. (Page 112)

Merger Agreement: Section 9.3 Additional Conditions to Obligations of Buyer. The obligations of Buyer to consummate the Merger are further subject to the satisfaction of the following conditions at or prior to the Closing Date: (i) the representations and warranties of the Seller set forth in Sections 4.1 and 4.2 shall be true and correct in all material respects as of the date hereof and as of the Closing Date, except where the failure to be so true and correct would not reasonably be expected to have a Seller Material Adverse Effect; and (ii) all other representations and warranties of the Seller contained in this Agreement shall be true and correct as of the Closing Date, except for such failures to be true and correct that would not, individually or in the aggregate, have a Seller Material Adverse Effect. (Page 114)
Choices: "
"144","Answer the following multiple choice question. The last line of your response should be of the following format: 'ANSWER: $LETTER' (without quotes) where LETTER is one of {letters}. Think step by step before answering.

{question}

{choices}

Instruction: Read the segment of a merger agreement and answer the multiple-choice question by choosing the option that best characterizes the agreement.
Question: When are representations and warranties required to be made according to the bring down provision?
Option A: At Closing Only
Option B: At Signing & At Closing

Merger Agreement: Section 8.3 Conditions to Obligations of Parent and Merger Subsidiary to Effect the Merger. The obligations of Parent and Merger Subsidiary to effect the Merger are, in addition to the conditions set forth in Section 8.1, further subject to the satisfaction or (to the extent not prohibited by Law) waiver by Parent at or prior to the Effective Time of the following conditions: (a) each of the representations and warranties of the Company contained in this Agreement, without giving effect to any materiality or ""Company Material Adverse Effect"" or similar qualifications therein, shall be true and correct as of the Closing Date, except for such failures to be true and correct as would not, individually or in the aggregate, have a Company Material Adverse Effect (except to the extent such representations and warranties are expressly made as of a specific date, in which case such representations and warranties shall be so true and correct as of such specific date only); (b) the representations and warranties of the Company made as of the date of this Agreement shall be true and correct as of the date hereof. (Page 75)
Answer:
Choices: ","Fail","Answer the following multiple choice question. The last line of your response should be of the following format: 'ANSWER: $LETTER' (without quotes) where LETTER is one of {letters}. Think step by step before answering.

{question}

{choices}

Instruction: Read the segment of a merger agreement and answer the multiple-choice question by choosing the option that best characterizes the agreement.
Question: When are representations and warranties required to be made according to the bring down provision?
Option A: At Closing Only
Option B: At Signing & At Closing

Merger Agreement: Article 8.1 Conditions to Obligations of Buyer to Effect the Merger. The obligations of Buyer to effect the Merger are subject to the satisfaction or waiver by Buyer at or prior to the Effective Time of the following conditions: (a) the representations and warranties of the Seller contained in this Agreement shall be true and correct as of the date of this Agreement and as of the Closing Date, except for inaccuracies that would not, individually or in the aggregate, have a Seller Material Adverse Effect; provided that any representation and warranty made as of a specific date shall be true and correct as of such date. (Page 112)

Merger Agreement: Section 9.3 Additional Conditions to Obligations of Buyer. The obligations of Buyer to consummate the Merger are further subject to the satisfaction of the following conditions at or prior to the Closing Date: (i) the representations and warranties of the Seller set forth in Sections 4.1 and 4.2 shall be true and correct in all material respects as of the date hereof and as of the Closing Date, except where the failure to be so true and correct would not reasonably be expected to have a Seller Material Adverse Effect; and (ii) all other representations and warranties of the Seller contained in this Agreement shall be true and correct as of the Closing Date, except for such failures to be true and correct that would not, individually or in the aggregate, have a Seller Material Adverse Effect. (Page 114)
Choices: "
"145","Answer the following multiple choice question. The last line of your response should be of the following format: 'ANSWER: $LETTER' (without quotes) where LETTER is one of {letters}. Think step by step before answering.

{question}

{choices}

Instruction: Read the segment of a merger agreement and answer the multiple-choice question by choosing the option that best characterizes the agreement.
Question: When are representations and warranties required to be made according to the bring down provision?
Option A: At Closing Only
Option B: At Signing & At Closing

Merger Agreement: Section 8.1 Conditions to Obligations of Parent and Subsidiary to Effect the Merger. The obligations of Parent and Subsidiary to effect the Merger are, in addition to the conditions set forth in Section 8.0, subject to the satisfaction or (to the extent not prohibited by Law) waiver by Parent at or prior to the Effective Time of the following conditions: (a) each of the representations and warranties of the Company contained in this Agreement, without giving effect to any materiality or ""Material Adverse Effect"" or similar qualifications therein, shall be true and correct as of the Closing Date and as of the date 30 days prior to the Closing Date, except for such failures to be true and correct as would not, individually or in the aggregate, have a Material Adverse Effect (except to the extent such representations and warranties are expressly made as of a specific date, in which case such representations and warranties shall be true and correct as of such specific date only); (Page 102)
Choices: ","Fail","Answer the following multiple choice question. The last line of your response should be of the following format: 'ANSWER: $LETTER' (without quotes) where LETTER is one of {letters}. Think step by step before answering.

{question}

{choices}

Instruction: Read the segment of a merger agreement and answer the multiple-choice question by choosing the option that best characterizes the agreement.
Question: When are representations and warranties required to be made according to the bring down provision?
Option A: At Closing Only
Option B: At Signing & At Closing

Merger Agreement: Article 8.1 Conditions to Obligations of Buyer to Effect the Merger. The obligations of Buyer to effect the Merger are subject to the satisfaction or waiver by Buyer at or prior to the Effective Time of the following conditions: (a) the representations and warranties of the Seller contained in this Agreement shall be true and correct as of the date of this Agreement and as of the Closing Date, except for inaccuracies that would not, individually or in the aggregate, have a Seller Material Adverse Effect; provided that any representation and warranty made as of a specific date shall be true and correct as of such date. (Page 112)

Merger Agreement: Section 9.3 Additional Conditions to Obligations of Buyer. The obligations of Buyer to consummate the Merger are further subject to the satisfaction of the following conditions at or prior to the Closing Date: (i) the representations and warranties of the Seller set forth in Sections 4.1 and 4.2 shall be true and correct in all material respects as of the date hereof and as of the Closing Date, except where the failure to be so true and correct would not reasonably be expected to have a Seller Material Adverse Effect; and (ii) all other representations and warranties of the Seller contained in this Agreement shall be true and correct as of the Closing Date, except for such failures to be true and correct that would not, individually or in the aggregate, have a Seller Material Adverse Effect. (Page 114)
Choices: "
"146","Answer the following multiple choice question. The last line of your response should be of the following format: 'ANSWER: $LETTER' (without quotes) where LETTER is one of {letters}. Think step by step before answering.

{question}

{choices}

Instruction: Read the segment of a merger agreement and answer the multiple-choice question by choosing the option that best characterizes the agreement.
Question: When are representations and warranties required to be made according to the bring down provision?
Option A: At Closing Only
Option B: At Signing & At Closing

Merger Agreement: Section 8.3 Conditions to Obligations of the Buyer to Effect the Merger. The obligations of the Buyer to effect the Merger are subject to the satisfaction or (to the extent not prohibited by Law) waiver by the Buyer at or prior to the Effective Time of the following conditions: (a) each of the representations and warranties of the Seller contained in this Agreement shall be true and correct as of the Closing Date, except for such failures to be true and correct as would not have a Material Adverse Effect (except to the extent such representations and warranties are expressly made as of a specific date, in which case they shall be true and correct as of such specific date only); (b) all covenants and agreements of the Seller to be performed prior to the Closing shall have been duly performed in all material respects; (c) the representations and warranties of the Seller set forth in Sections 3.1, 3.2, and 3.3 shall be true and correct in all respects as of the date hereof and as of the Closing Date as though made on and as of such date and time, except to the extent such representations and warranties speak as of an earlier date. (Page 88)
Choices: ","Fail","Answer the following multiple choice question. The last line of your response should be of the following format: 'ANSWER: $LETTER' (without quotes) where LETTER is one of {letters}. Think step by step before answering.

{question}

{choices}

Instruction: Read the segment of a merger agreement and answer the multiple-choice question by choosing the option that best characterizes the agreement.
Question: When are representations and warranties required to be made according to the bring down provision?
Option A: At Closing Only
Option B: At Signing & At Closing

Merger Agreement: Article 8.1 Conditions to Obligations of Buyer to Effect the Merger. The obligations of Buyer to effect the Merger are subject to the satisfaction or waiver by Buyer at or prior to the Effective Time of the following conditions: (a) the representations and warranties of the Seller contained in this Agreement shall be true and correct as of the date of this Agreement and as of the Closing Date, except for inaccuracies that would not, individually or in the aggregate, have a Seller Material Adverse Effect; provided that any representation and warranty made as of a specific date shall be true and correct as of such date. (Page 112)

Merger Agreement: Section 9.3 Additional Conditions to Obligations of Buyer. The obligations of Buyer to consummate the Merger are further subject to the satisfaction of the following conditions at or prior to the Closing Date: (i) the representations and warranties of the Seller set forth in Sections 4.1 and 4.2 shall be true and correct in all material respects as of the date hereof and as of the Closing Date, except where the failure to be so true and correct would not reasonably be expected to have a Seller Material Adverse Effect; and (ii) all other representations and warranties of the Seller contained in this Agreement shall be true and correct as of the Closing Date, except for such failures to be true and correct that would not, individually or in the aggregate, have a Seller Material Adverse Effect. (Page 114)
Choices: "
"147","Answer the following multiple choice question. The last line of your response should be of the following format: 'ANSWER: $LETTER' (without quotes) where LETTER is one of {letters}. Think step by step before answering.

{question}

{choices}

Instruction: Read the segment of a merger agreement and answer the multiple-choice question by choosing the option that best characterizes the agreement.
Question: When are representations and warranties required to be made according to the bring down provision?
Option A: At Closing Only
Option B: At Signing & At Closing

Merger Agreement: Section 8.3 Conditions to Obligations of Parent and Sub to Effect the Merger. The obligations of Parent and Sub to effect the Merger are, in addition to the conditions set forth in Section 8.1, further subject to the satisfaction or (to the extent not prohibited by Law) waiver by Parent at or prior to the Effective Time of the following conditions: (a) each of the representations and warranties of the Company contained in this Agreement, without giving effect to any materiality or 'Company Material Adverse Effect' or similar qualifications therein, shall be true and correct as of the Signing Date and the Closing Date, except for such failures to be true and correct as would not, individually or in the aggregate, have a Company Material Adverse Effect (except to the extent such representations and warranties are expressly made as of a specific date, in which case such representations and warranties shall be so true and correct as of such specific date only); (Page 89)
Choices: ","Fail","Answer the following multiple choice question. The last line of your response should be of the following format: 'ANSWER: $LETTER' (without quotes) where LETTER is one of {letters}. Think step by step before answering.

{question}

{choices}

Instruction: Read the segment of a merger agreement and answer the multiple-choice question by choosing the option that best characterizes the agreement.
Question: When are representations and warranties required to be made according to the bring down provision?
Option A: At Closing Only
Option B: At Signing & At Closing

Merger Agreement: Article 8.1 Conditions to Obligations of Buyer to Effect the Merger. The obligations of Buyer to effect the Merger are subject to the satisfaction or waiver by Buyer at or prior to the Effective Time of the following conditions: (a) the representations and warranties of the Seller contained in this Agreement shall be true and correct as of the date of this Agreement and as of the Closing Date, except for inaccuracies that would not, individually or in the aggregate, have a Seller Material Adverse Effect; provided that any representation and warranty made as of a specific date shall be true and correct as of such date. (Page 112)

Merger Agreement: Section 9.3 Additional Conditions to Obligations of Buyer. The obligations of Buyer to consummate the Merger are further subject to the satisfaction of the following conditions at or prior to the Closing Date: (i) the representations and warranties of the Seller set forth in Sections 4.1 and 4.2 shall be true and correct in all material respects as of the date hereof and as of the Closing Date, except where the failure to be so true and correct would not reasonably be expected to have a Seller Material Adverse Effect; and (ii) all other representations and warranties of the Seller contained in this Agreement shall be true and correct as of the Closing Date, except for such failures to be true and correct that would not, individually or in the aggregate, have a Seller Material Adverse Effect. (Page 114)
Choices: "
"148","Answer the following multiple choice question. The last line of your response should be of the following format: 'ANSWER: $LETTER' (without quotes) where LETTER is one of {letters}. Think step by step before answering.

{question}

{choices}

Instruction: Read the segment of a merger agreement and answer the multiple-choice question by choosing the option that best characterizes the agreement.
Question: When are representations and warranties required to be made according to the bring down provision?
Option A: At Closing Only
Option B: At Signing & At Closing

Merger Agreement: Section 8.3 Conditions to Obligations of Parent and Merger Sub to Effect the Merger. The obligations of Parent and Merger Sub to effect the Merger are, in addition to the conditions set forth in Section 8.1, further subject to the satisfaction or (to the extent not prohibited by Law) waiver by Parent at or prior to the Effective Time of the following conditions: (a) each of the representations and warranties of the Company contained in this Agreement shall be true and correct in all material respects as of the date of this Agreement and as of the date of the consummation of the Merger, as though made on and as of such date, except for such representations and warranties that are made as of a specific date, which shall be true and correct as of such specific date; (Page 72)

Merger Agreement: Section 8.4 Additional Conditions. Notwithstanding any other provision of this Agreement, the representations and warranties of the Company shall be true and correct in all respects as of the date of this Agreement and as of the Closing Date, except for representations and warranties that expressly relate to a specific date, which shall be true and correct as of such specific date only. (Page 74)
Choices: ","Fail","Answer the following multiple choice question. The last line of your response should be of the following format: 'ANSWER: $LETTER' (without quotes) where LETTER is one of {letters}. Think step by step before answering.

{question}

{choices}

Instruction: Read the segment of a merger agreement and answer the multiple-choice question by choosing the option that best characterizes the agreement.
Question: When are representations and warranties required to be made according to the bring down provision?
Option A: At Closing Only
Option B: At Signing & At Closing

Merger Agreement: Article 8.1 Conditions to Obligations of Buyer to Effect the Merger. The obligations of Buyer to effect the Merger are subject to the satisfaction or waiver by Buyer at or prior to the Effective Time of the following conditions: (a) the representations and warranties of the Seller contained in this Agreement shall be true and correct as of the date of this Agreement and as of the Closing Date, except for inaccuracies that would not, individually or in the aggregate, have a Seller Material Adverse Effect; provided that any representation and warranty made as of a specific date shall be true and correct as of such date. (Page 112)

Merger Agreement: Section 9.3 Additional Conditions to Obligations of Buyer. The obligations of Buyer to consummate the Merger are further subject to the satisfaction of the following conditions at or prior to the Closing Date: (i) the representations and warranties of the Seller set forth in Sections 4.1 and 4.2 shall be true and correct in all material respects as of the date hereof and as of the Closing Date, except where the failure to be so true and correct would not reasonably be expected to have a Seller Material Adverse Effect; and (ii) all other representations and warranties of the Seller contained in this Agreement shall be true and correct as of the Closing Date, except for such failures to be true and correct that would not, individually or in the aggregate, have a Seller Material Adverse Effect. (Page 114)
Choices: "
"149","Answer the following multiple choice question. The last line of your response should be of the following format: 'ANSWER: $LETTER' (without quotes) where LETTER is one of {letters}. Think step by step before answering.

{question}

{choices}

Instruction: Read the segment of a merger agreement and answer the multiple-choice question by choosing the option that best characterizes the agreement.
Question: When are representations and warranties required to be made according to the bring down provision?
Option A: At Closing Only
Option B: At Signing & At Closing

Merger Agreement: Section 8.3 Conditions to Obligations of Parent and Merger Sub to Effect the Merger. The obligations of Parent and Merger Sub to effect the Merger are, in addition to the conditions set forth in Section 8.1, further subject to the satisfaction or (to the extent not prohibited by Law) waiver by Parent at or prior to the Effective Time of the following conditions: (a) each of the representations and warranties of the Company contained in this Agreement, without giving effect to any materiality or 'Company Material Adverse Effect' or similar qualifications therein, shall be true and correct as of the Closing Date, except for such failures to be true and correct as would not, individually or in the aggregate, have a Company Material Adverse Effect (except to the extent such representations and warranties are expressly made as of a specific date, in which case such representations and warranties shall be so true and correct as of such specific date only); (Page 72)

Merger Agreement: Article IX - Additional Conditions. The obligations of Parent to complete the Merger are further conditioned upon the following: (b) Company Representations and Warranties. (i) The representations and warranties of the Company set forth in this Agreement shall be true and correct (disregarding all qualifications as to 'materiality,' 'Material Adverse Effect,' and words of similar import) as of the date of this Agreement and as of the Closing Date as though made on and as of the Closing Date (except to the extent expressly made as of an earlier date, in which case as of such date), except where the failure of such representations and warranties to be so true and correct would not reasonably be expected to have, individually or in the aggregate, a Material Adverse Effect on the Company. (Page 85)
Choices: ","Fail","Answer the following multiple choice question. The last line of your response should be of the following format: 'ANSWER: $LETTER' (without quotes) where LETTER is one of {letters}. Think step by step before answering.

{question}

{choices}

Instruction: Read the segment of a merger agreement and answer the multiple-choice question by choosing the option that best characterizes the agreement.
Question: When are representations and warranties required to be made according to the bring down provision?
Option A: At Closing Only
Option B: At Signing & At Closing

Merger Agreement: Article 8.1 Conditions to Obligations of Buyer to Effect the Merger. The obligations of Buyer to effect the Merger are subject to the satisfaction or waiver by Buyer at or prior to the Effective Time of the following conditions: (a) the representations and warranties of the Seller contained in this Agreement shall be true and correct as of the date of this Agreement and as of the Closing Date, except for inaccuracies that would not, individually or in the aggregate, have a Seller Material Adverse Effect; provided that any representation and warranty made as of a specific date shall be true and correct as of such date. (Page 112)

Merger Agreement: Section 9.3 Additional Conditions to Obligations of Buyer. The obligations of Buyer to consummate the Merger are further subject to the satisfaction of the following conditions at or prior to the Closing Date: (i) the representations and warranties of the Seller set forth in Sections 4.1 and 4.2 shall be true and correct in all material respects as of the date hereof and as of the Closing Date, except where the failure to be so true and correct would not reasonably be expected to have a Seller Material Adverse Effect; and (ii) all other representations and warranties of the Seller contained in this Agreement shall be true and correct as of the Closing Date, except for such failures to be true and correct that would not, individually or in the aggregate, have a Seller Material Adverse Effect. (Page 114)
Choices: "
