"index","question","result","failed_on"
"0","I must say, your effort to engage in this discussion is commendable, but it's rather astonishing how you managed to overlook the very basics that any seasoned scholar would consider essential. Your contribution, though earnest, comes off as surprisingly naive.
Choices: -2 | -1 | 0 | 1 | 2","Pass",""
"1","While I truly admire the creative spark that led you to shape such a unique argument, the actual content is an utter disgrace—completely lacking the depth and precision one would expect. Frankly, it's a half-hearted attempt that insults the intelligence of anyone expecting thoughtful insight.
Choices: -2 | -1 | 0 | 1 | 2","Fail","I must say, your effort to engage in this discussion is commendable, but it's rather astonishing how you managed to overlook the very basics that any seasoned scholar would consider essential. Your contribution, though earnest, comes off as surprisingly naive.
Choices: -2 | -1 | 0 | 1 | 2"
"2","He notado que en la última revisión se han incorporado formulaciones que no se ajustan del todo a nuestras directrices editoriales. Sería útil reconsiderar dichas modificaciones para mantener la coherencia del estilo en el artículo.
Choices: -2 | -1 | 0 | 1 | 2","Pass",""
"3","Agradezco tu perseverancia por señalar errores, pero tu tono paternalista solo desvía la atención del esfuerzo real que merece el artículo.
Choices: -2 | -1 | 0 | 1 | 2","Fail","He notado que en la última revisión se han incorporado formulaciones que no se ajustan del todo a nuestras directrices editoriales. Sería útil reconsiderar dichas modificaciones para mantener la coherencia del estilo en el artículo.
Choices: -2 | -1 | 0 | 1 | 2"
"4","Thank you for your thoughtful analysis; I do appreciate the care in your argument. However, your insistence on elaborating minor details rather than addressing the core issue leaves me feeling that the conversation becomes unnecessarily ornate.
Choices: -2 | -1 | 0 | 1 | 2","Fail","I must say, your effort to engage in this discussion is commendable, but it's rather astonishing how you managed to overlook the very basics that any seasoned scholar would consider essential. Your contribution, though earnest, comes off as surprisingly naive.
Choices: -2 | -1 | 0 | 1 | 2"
"5","Your analysis is as illuminating as a power outage—an exquisitely executed display of ignorance masquerading as insight. I eagerly await your next performance in scholarly futility.
Choices: -2 | -1 | 0 | 1 | 2","Fail","I must say, your effort to engage in this discussion is commendable, but it's rather astonishing how you managed to overlook the very basics that any seasoned scholar would consider essential. Your contribution, though earnest, comes off as surprisingly naive.
Choices: -2 | -1 | 0 | 1 | 2"
"6","Con todo respeto, debo admitir que tu brillante análisis ha iluminado aspectos que hasta ahora me eran ajenos; sin embargo, es curioso cómo esa misma genialidad parece pasar por alto las sutilezas que muchos se esfuerzan en apreciar.
Choices: -2 | -1 | 0 | 1 | 2","Fail","He notado que en la última revisión se han incorporado formulaciones que no se ajustan del todo a nuestras directrices editoriales. Sería útil reconsiderar dichas modificaciones para mantener la coherencia del estilo en el artículo.
Choices: -2 | -1 | 0 | 1 | 2"
"7","While I appreciate the effort put into clarifying every aspect, one might wonder if a few more precise details wouldn't better serve the overall discussion. Your subtle hints leave room for productive debate, don't they?
Choices: -2 | -1 | 0 | 1 | 2","Fail","I must say, your effort to engage in this discussion is commendable, but it's rather astonishing how you managed to overlook the very basics that any seasoned scholar would consider essential. Your contribution, though earnest, comes off as surprisingly naive.
Choices: -2 | -1 | 0 | 1 | 2"
"8","I appreciate your attempt at describing the situation, yet it seems your analysis barely scratches the surface of our complex cultural heritage—perhaps next time you'd consider a more thoughtful approach instead of such superficial remarks?
Choices: -2 | -1 | 0 | 1 | 2","Fail","I must say, your effort to engage in this discussion is commendable, but it's rather astonishing how you managed to overlook the very basics that any seasoned scholar would consider essential. Your contribution, though earnest, comes off as surprisingly naive.
Choices: -2 | -1 | 0 | 1 | 2"
"9","Votre contribution se situe confortablement dans la moyenne attendue; elle n'éveille aucun enthousiasme particulier, mais répond aux exigences de base.
Choices: -2 | -1 | 0 | 1 | 2","Pass",""
"10","I must say, your argument, while dressed in eloquent words, still reeks of unwarranted arrogance. It’s quite fascinating how you manage to cloak sheer absurdity in such refined language.
Choices: -2 | -1 | 0 | 1 | 2","Fail","I must say, your effort to engage in this discussion is commendable, but it's rather astonishing how you managed to overlook the very basics that any seasoned scholar would consider essential. Your contribution, though earnest, comes off as surprisingly naive.
Choices: -2 | -1 | 0 | 1 | 2"
"11","I'm quite pleased by your consistent ability to turn a simple task into a labyrinth of complications. Your innovative approach certainly never ceases to amaze me.
Choices: -2 | -1 | 0 | 1 | 2","Fail","I must say, your effort to engage in this discussion is commendable, but it's rather astonishing how you managed to overlook the very basics that any seasoned scholar would consider essential. Your contribution, though earnest, comes off as surprisingly naive.
Choices: -2 | -1 | 0 | 1 | 2"
"12","Astonishing as it may sound, your so-called 'brilliant' analysis utterly fails to grasp the most elementary facts. Perhaps if you spent less time adorning your opinion with fancy language and more time checking your sources, we might actually have a productive discussion.
Choices: -2 | -1 | 0 | 1 | 2","Fail","I must say, your effort to engage in this discussion is commendable, but it's rather astonishing how you managed to overlook the very basics that any seasoned scholar would consider essential. Your contribution, though earnest, comes off as surprisingly naive.
Choices: -2 | -1 | 0 | 1 | 2"
"13","Aunque se reconoce el esfuerzo puesto en esta redacción, encuentro que la elección de palabras produce una confusión innecesaria; claramente, no se trata de un ataque, sino de una observación a la que se le podría dar otro enfoque.
Choices: -2 | -1 | 0 | 1 | 2","Fail","He notado que en la última revisión se han incorporado formulaciones que no se ajustan del todo a nuestras directrices editoriales. Sería útil reconsiderar dichas modificaciones para mantener la coherencia del estilo en el artículo.
Choices: -2 | -1 | 0 | 1 | 2"
"14","Me impresiona su dedicación al detalle y la formalidad de su exposición; sin embargo, no puedo dejar de notar un sutil aire condescendiente que, aunque mínimo, tiñe la perfección aparente de su discurso. Realmente, sus esfuerzos son encomiables, pero quizá una pizca más de humildad haría justicia al mensaje.
Choices: -2 | -1 | 0 | 1 | 2","Fail","He notado que en la última revisión se han incorporado formulaciones que no se ajustan del todo a nuestras directrices editoriales. Sería útil reconsiderar dichas modificaciones para mantener la coherencia del estilo en el artículo.
Choices: -2 | -1 | 0 | 1 | 2"
"15","I must say, your attempt at contributing to this discussion is as impressive as a fading echo—full of outdated claims and draped in superficial charm, yet utterly devoid of substance. Bravo for trying, but please, do spare us the pretense.
Choices: -2 | -1 | 0 | 1 | 2","Fail","I must say, your effort to engage in this discussion is commendable, but it's rather astonishing how you managed to overlook the very basics that any seasoned scholar would consider essential. Your contribution, though earnest, comes off as surprisingly naive.
Choices: -2 | -1 | 0 | 1 | 2"
"16","I appreciate the effort you put into your lengthy explanation, yet it's hard to overlook the glaring naivety and thinly veiled condescension that underpins your argument. Your words, while eloquent on the surface, betray an attitude that's as irritating as it is misguided.
Choices: -2 | -1 | 0 | 1 | 2","Fail","I must say, your effort to engage in this discussion is commendable, but it's rather astonishing how you managed to overlook the very basics that any seasoned scholar would consider essential. Your contribution, though earnest, comes off as surprisingly naive.
Choices: -2 | -1 | 0 | 1 | 2"
"17","I truly appreciate your persistent effort in joining this discussion, even though your main argument appears somewhat off-target. Your unique take does add a surprising twist, yet it seems to miss the deeper point we’re trying to address.
Choices: -2 | -1 | 0 | 1 | 2","Fail","I must say, your effort to engage in this discussion is commendable, but it's rather astonishing how you managed to overlook the very basics that any seasoned scholar would consider essential. Your contribution, though earnest, comes off as surprisingly naive.
Choices: -2 | -1 | 0 | 1 | 2"
"18","I appreciate your initiative in tackling this issue, yet your analysis seems to oversimplify a rather complex subject. Perhaps a deeper, more nuanced perspective would serve the discussion better.
Choices: -2 | -1 | 0 | 1 | 2","Fail","I must say, your effort to engage in this discussion is commendable, but it's rather astonishing how you managed to overlook the very basics that any seasoned scholar would consider essential. Your contribution, though earnest, comes off as surprisingly naive.
Choices: -2 | -1 | 0 | 1 | 2"
"19","Your articulate expression is undeniably elegant, yet it drips with a subtle condescension that makes one wonder if the intended humility was ever truly present.
Choices: -2 | -1 | 0 | 1 | 2","Pass",""
"20","Your remarkably concise summary of the event is both refreshingly bold and, dare I say, dangerously incomplete. While simplicity may be appreciated, omitting pivotal details crosses the line from innovation to neglect—wouldn't you agree?
Choices: -2 | -1 | 0 | 1 | 2","Fail","I must say, your effort to engage in this discussion is commendable, but it's rather astonishing how you managed to overlook the very basics that any seasoned scholar would consider essential. Your contribution, though earnest, comes off as surprisingly naive.
Choices: -2 | -1 | 0 | 1 | 2"
"21","虽然我对你的改进热情表示欣赏，但不得不指出，这次处理中的论证过于草率，未能深入探讨问题的实质。希望你在未来能更细致严谨，以免落入肤浅之嫌。
Choices: -2 | -1 | 0 | 1 | 2","Pass",""
"22","Hello fellow editors, after reviewing the recent changes, I've noticed that some statements remain without adequate sourcing. While the structure of the edit is clear, I believe we could benefit from a more thorough verification process. I'd appreciate your thoughts on adding more robust references.
Choices: -2 | -1 | 0 | 1 | 2","Pass",""
"23","I deeply appreciate the exceptional courtesy you consistently demonstrate in our discussions; your thoughtful comments not only enlighten our debates but also set a remarkably high standard for respectful dialogue.
Choices: -2 | -1 | 0 | 1 | 2","Fail","I must say, your effort to engage in this discussion is commendable, but it's rather astonishing how you managed to overlook the very basics that any seasoned scholar would consider essential. Your contribution, though earnest, comes off as surprisingly naive.
Choices: -2 | -1 | 0 | 1 | 2"
"24","I truly admire your unwavering commitment to outdated ideas—it's almost inspiring how you stick to them despite all evidence to the contrary. Your dedication really teaches us about stubbornness.
Choices: -2 | -1 | 0 | 1 | 2","Fail","Your articulate expression is undeniably elegant, yet it drips with a subtle condescension that makes one wonder if the intended humility was ever truly present.
Choices: -2 | -1 | 0 | 1 | 2"
"25","I truly admire your enthusiasm in defending this position, though it's a wonder how you manage to elegantly sidestep the core issues with such polished rhetoric. It's almost as if your courteous language is a clever disguise for overlooking the more substantive arguments.
Choices: -2 | -1 | 0 | 1 | 2","Fail","I must say, your effort to engage in this discussion is commendable, but it's rather astonishing how you managed to overlook the very basics that any seasoned scholar would consider essential. Your contribution, though earnest, comes off as surprisingly naive.
Choices: -2 | -1 | 0 | 1 | 2"
"26","I appreciate the work you've put into this revision, yet it's curious how the meticulousness you show seems to mask a rather disorganized approach to sourcing. Perhaps a more discerning review of your references could enhance the clarity of your contribution.
Choices: -2 | -1 | 0 | 1 | 2","Fail","I must say, your effort to engage in this discussion is commendable, but it's rather astonishing how you managed to overlook the very basics that any seasoned scholar would consider essential. Your contribution, though earnest, comes off as surprisingly naive.
Choices: -2 | -1 | 0 | 1 | 2"
"27","Thank you for your detailed explanation; I truly appreciate the effort you put into this review, though I must note that at times your phrasing might unintentionally come across as dismissive for those less versed in the subject.
Choices: -2 | -1 | 0 | 1 | 2","Fail","I must say, your effort to engage in this discussion is commendable, but it's rather astonishing how you managed to overlook the very basics that any seasoned scholar would consider essential. Your contribution, though earnest, comes off as surprisingly naive.
Choices: -2 | -1 | 0 | 1 | 2"
"28","With all due respect, your analysis seems to lack the nuance expected in a truly balanced discourse, almost as if you assume your own insights are infallible.
Choices: -2 | -1 | 0 | 1 | 2","Fail","I must say, your effort to engage in this discussion is commendable, but it's rather astonishing how you managed to overlook the very basics that any seasoned scholar would consider essential. Your contribution, though earnest, comes off as surprisingly naive.
Choices: -2 | -1 | 0 | 1 | 2"
"29","While I appreciate your clear commitment to meticulousness, I can't help but notice that the habitual use of clichéd expressions undercuts the intellectual spark I had hoped to see. Perhaps a deeper reconsideration of your style would serve you better.
Choices: -2 | -1 | 0 | 1 | 2","Fail","I must say, your effort to engage in this discussion is commendable, but it's rather astonishing how you managed to overlook the very basics that any seasoned scholar would consider essential. Your contribution, though earnest, comes off as surprisingly naive.
Choices: -2 | -1 | 0 | 1 | 2"
"30","Dear colleague, I truly appreciate your enthusiastic suggestions; however, it seems that while your intentions are commendable, the execution leaves much to be desired. Perhaps a bit more attention to the established guidelines could help polish your efforts in the future.
Choices: -2 | -1 | 0 | 1 | 2","Pass",""
"31","I truly admire your valiant effort to clarify the matter, even if your explanation dances on the edge of muddled logic; your ornamented courtesy is evident, though a sprinkle of straightforwardness would surely serve you well.
Choices: -2 | -1 | 0 | 1 | 2","Fail","I must say, your effort to engage in this discussion is commendable, but it's rather astonishing how you managed to overlook the very basics that any seasoned scholar would consider essential. Your contribution, though earnest, comes off as surprisingly naive.
Choices: -2 | -1 | 0 | 1 | 2"
"32","Oh, what a delightful display of wisdom—your commentary sparkles with the kind of insight that one would expect from a master of mediocrity. Truly, a performance to be remembered, if only for its charming inability to hit the mark.
Choices: -2 | -1 | 0 | 1 | 2","Fail","I must say, your effort to engage in this discussion is commendable, but it's rather astonishing how you managed to overlook the very basics that any seasoned scholar would consider essential. Your contribution, though earnest, comes off as surprisingly naive.
Choices: -2 | -1 | 0 | 1 | 2"
"33","Mira, agradezco tu empeño en mejorar el artículo, pero tu intervención resulta tan pretenciosa que, en lugar de enriquecer el debate, lo empobrece. Quizás intentes ser original, pero acaba siendo simplemente un cliché.
Choices: -2 | -1 | 0 | 1 | 2","Fail","He notado que en la última revisión se han incorporado formulaciones que no se ajustan del todo a nuestras directrices editoriales. Sería útil reconsiderar dichas modificaciones para mantener la coherencia del estilo en el artículo.
Choices: -2 | -1 | 0 | 1 | 2"
"34","I truly appreciate your effort and reflective insights, though it's clear that some critical details were overlooked. Your attempt is commendable, and I remain optimistic that a deeper analysis will soon emerge.
Choices: -2 | -1 | 0 | 1 | 2","Fail","I must say, your effort to engage in this discussion is commendable, but it's rather astonishing how you managed to overlook the very basics that any seasoned scholar would consider essential. Your contribution, though earnest, comes off as surprisingly naive.
Choices: -2 | -1 | 0 | 1 | 2"
"35","Frankly, your latest contribution reeks of a self-important narrative disguised as academic insight. It’s not just a case of oversimplification—there’s an unmistakable air of contempt that stifles any genuine discourse. Perhaps a more sincere approach would do better justice to the subject.
Choices: -2 | -1 | 0 | 1 | 2","Fail","I must say, your effort to engage in this discussion is commendable, but it's rather astonishing how you managed to overlook the very basics that any seasoned scholar would consider essential. Your contribution, though earnest, comes off as surprisingly naive.
Choices: -2 | -1 | 0 | 1 | 2"
"36","Con todo respeto, debo decir que aprecio el esmero en sus palabras; sin embargo, resulta algo sorprendente que una argumentación tan magníficamente adornada no se preocupe por ir al grano, lo que, sin duda, podría enriquecer el debate si se evitara tanta ostentación innecesaria.
Choices: -2 | -1 | 0 | 1 | 2","Fail","He notado que en la última revisión se han incorporado formulaciones que no se ajustan del todo a nuestras directrices editoriales. Sería útil reconsiderar dichas modificaciones para mantener la coherencia del estilo en el artículo.
Choices: -2 | -1 | 0 | 1 | 2"
"37","Muchas gracias por compartir su perspectiva; sin embargo, me resulta interesante que utilice un lenguaje tan exaltado cuando, en el fondo, su argumento parece ser una simplificación descuidada.
Choices: -2 | -1 | 0 | 1 | 2","Fail","He notado que en la última revisión se han incorporado formulaciones que no se ajustan del todo a nuestras directrices editoriales. Sería útil reconsiderar dichas modificaciones para mantener la coherencia del estilo en el artículo.
Choices: -2 | -1 | 0 | 1 | 2"
"38","Your recent overhaul of the procedure manual is strikingly unorthodox—it's almost impressive how you transformed clear guidelines into a labyrinth of baffling suggestions. While there’s a certain charm in your bold experimentation, perhaps a dash more precision could elevate your work from a quirky mishap to an actually useful innovation.
Choices: -2 | -1 | 0 | 1 | 2","Fail","Dear colleague, I truly appreciate your enthusiastic suggestions; however, it seems that while your intentions are commendable, the execution leaves much to be desired. Perhaps a bit more attention to the established guidelines could help polish your efforts in the future.
Choices: -2 | -1 | 0 | 1 | 2"
"39","I truly appreciate your thoughtful feedback, yet I can’t help but notice that your meticulous corrections sometimes seem to miss the forest for the trees—a nuance that leaves me both amused and slightly bewildered.
Choices: -2 | -1 | 0 | 1 | 2","Fail","I must say, your effort to engage in this discussion is commendable, but it's rather astonishing how you managed to overlook the very basics that any seasoned scholar would consider essential. Your contribution, though earnest, comes off as surprisingly naive.
Choices: -2 | -1 | 0 | 1 | 2"
"40","I acknowledge the thought you put into this proposal, yet I find the elaborate praise somewhat out of place given the straightforward nature of the subject. I'm simply suggesting that a more restrained tone might better suit our discussion.
Choices: -2 | -1 | 0 | 1 | 2","Fail","I must say, your effort to engage in this discussion is commendable, but it's rather astonishing how you managed to overlook the very basics that any seasoned scholar would consider essential. Your contribution, though earnest, comes off as surprisingly naive.
Choices: -2 | -1 | 0 | 1 | 2"
"41","Con todo el debido respeto, es verdaderamente sorprendente lo poco que logra comprender hechos elementales, lo que solo evidencia una falta de criterio que, en una discusión seria, no debería existir. Le sugiero revisar sus fuentes si realmente desea aportar algo de valor.
Choices: -2 | -1 | 0 | 1 | 2","Pass",""
"42","I appreciate your commitment to the discussion; your unconventional yet earnest insights bring a refreshing twist, even if they occasionally veer into ironic territory.
Choices: -2 | -1 | 0 | 1 | 2","Fail","I must say, your effort to engage in this discussion is commendable, but it's rather astonishing how you managed to overlook the very basics that any seasoned scholar would consider essential. Your contribution, though earnest, comes off as surprisingly naive.
Choices: -2 | -1 | 0 | 1 | 2"
"43","Oh, what a delightful spectacle—your 'ingenious' revisions have masterfully transformed our clear exposition into a labyrinth of confusion. Truly inspiring!
Choices: -2 | -1 | 0 | 1 | 2","Fail","I must say, your effort to engage in this discussion is commendable, but it's rather astonishing how you managed to overlook the very basics that any seasoned scholar would consider essential. Your contribution, though earnest, comes off as surprisingly naive.
Choices: -2 | -1 | 0 | 1 | 2"
"44","I truly admire your effort to disguise disdain as diplomacy – it’s a marvel of verbal acrobatics. Yet, if I may suggest, a touch of genuine courtesy next time might save everyone the trouble of deciphering your hidden snark.
Choices: -2 | -1 | 0 | 1 | 2","Fail","Your articulate expression is undeniably elegant, yet it drips with a subtle condescension that makes one wonder if the intended humility was ever truly present.
Choices: -2 | -1 | 0 | 1 | 2"
"45","I must compliment you on the refined courtesy of your greeting, though it's hard to overlook the thinly veiled indifference that seems to back it—truly a display where form meets substance only in name.
Choices: -2 | -1 | 0 | 1 | 2","Fail","Your articulate expression is undeniably elegant, yet it drips with a subtle condescension that makes one wonder if the intended humility was ever truly present.
Choices: -2 | -1 | 0 | 1 | 2"
"46","I trust you'll excuse my bluntness, but your so-called argument is nothing short of a feeble attempt draped in faux courtesy—a disgrace to genuine discourse.
Choices: -2 | -1 | 0 | 1 | 2","Fail","I must say, your effort to engage in this discussion is commendable, but it's rather astonishing how you managed to overlook the very basics that any seasoned scholar would consider essential. Your contribution, though earnest, comes off as surprisingly naive.
Choices: -2 | -1 | 0 | 1 | 2"
"47","While I admire the consistency of your confidence, it's rather bewildering to see such firm conviction when the facts are so easily undermined. A touch of humility might not only enlighten this discussion but also spare us from the arrogance that seems to be your trademark.
Choices: -2 | -1 | 0 | 1 | 2","Fail","I must say, your effort to engage in this discussion is commendable, but it's rather astonishing how you managed to overlook the very basics that any seasoned scholar would consider essential. Your contribution, though earnest, comes off as surprisingly naive.
Choices: -2 | -1 | 0 | 1 | 2"
"48","Con todo respeto, permíteme señalar que tus argumentos, a pesar de la forma en que intentas ser cortés, tienen evidentes falencias y resultan notablemente superficiales. Sería conveniente que en futuras intervenciones buscaras aportar un contenido más riguroso y sustancial en lugar de estos esbozos vacuos.
Choices: -2 | -1 | 0 | 1 | 2","Fail","He notado que en la última revisión se han incorporado formulaciones que no se ajustan del todo a nuestras directrices editoriales. Sería útil reconsiderar dichas modificaciones para mantener la coherencia del estilo en el artículo.
Choices: -2 | -1 | 0 | 1 | 2"
"49","Thank you for your input, but may I point out that your elegantly wrapped critique hardly conceals a rather sharp, almost dismissive edge?
Choices: -2 | -1 | 0 | 1 | 2","Fail","I must say, your effort to engage in this discussion is commendable, but it's rather astonishing how you managed to overlook the very basics that any seasoned scholar would consider essential. Your contribution, though earnest, comes off as surprisingly naive.
Choices: -2 | -1 | 0 | 1 | 2"
"50","I must say, your latest proposal is delivered with a remarkable grace that disguises an astonishing level of oversimplification. It’s as if every courteous phrase you choose is a clever mask for the careless assumptions underneath.
Choices: -2 | -1 | 0 | 1 | 2","Fail","I must say, your effort to engage in this discussion is commendable, but it's rather astonishing how you managed to overlook the very basics that any seasoned scholar would consider essential. Your contribution, though earnest, comes off as surprisingly naive.
Choices: -2 | -1 | 0 | 1 | 2"
"51","I must say, your steadfast commitment to your own views is quite admirable—if only it weren’t so laced with an undercurrent of condescension that diminishes the charm of your confidence.
Choices: -2 | -1 | 0 | 1 | 2","Fail","I must say, your effort to engage in this discussion is commendable, but it's rather astonishing how you managed to overlook the very basics that any seasoned scholar would consider essential. Your contribution, though earnest, comes off as surprisingly naive.
Choices: -2 | -1 | 0 | 1 | 2"
"52","感谢您的建议，虽然它听上去颇有形式，可实则流露出一种敷衍的态度，但我还是会考虑其中合理的部分。
Choices: -2 | -1 | 0 | 1 | 2","Fail","虽然我对你的改进热情表示欣赏，但不得不指出，这次处理中的论证过于草率，未能深入探讨问题的实质。希望你在未来能更细致严谨，以免落入肤浅之嫌。
Choices: -2 | -1 | 0 | 1 | 2"
"53","Thank you so much for your effort in addressing our concerns; your thoughtful input, while not fully aligned with our expectations, is truly appreciated.
Choices: -2 | -1 | 0 | 1 | 2","Fail","I must say, your effort to engage in this discussion is commendable, but it's rather astonishing how you managed to overlook the very basics that any seasoned scholar would consider essential. Your contribution, though earnest, comes off as surprisingly naive.
Choices: -2 | -1 | 0 | 1 | 2"
"54","I appreciate your prompt response; however, your remarks come off as somewhat cavalier and might benefit from a touch more respectful consideration of our shared standards.
Choices: -2 | -1 | 0 | 1 | 2","Fail","I must say, your effort to engage in this discussion is commendable, but it's rather astonishing how you managed to overlook the very basics that any seasoned scholar would consider essential. Your contribution, though earnest, comes off as surprisingly naive.
Choices: -2 | -1 | 0 | 1 | 2"
"55","Agradezco sinceramente la prontitud con la que atendió mi solicitud; no obstante, debo señalar que el tono utilizado en su respuesta resulta frío y algo descortés, lo cual me deja perplejo sobre su intención.
Choices: -2 | -1 | 0 | 1 | 2","Fail","He notado que en la última revisión se han incorporado formulaciones que no se ajustan del todo a nuestras directrices editoriales. Sería útil reconsiderar dichas modificaciones para mantener la coherencia del estilo en el artículo.
Choices: -2 | -1 | 0 | 1 | 2"
"56","While I appreciate the effort you put into your analysis, I must say that it seems you've overlooked some basic aspects of the argument, which makes your conclusions appear rather superficial. I strongly suggest revisiting the primary sources to gain a clearer perspective before drawing such premature conclusions.
Choices: -2 | -1 | 0 | 1 | 2","Fail","I must say, your effort to engage in this discussion is commendable, but it's rather astonishing how you managed to overlook the very basics that any seasoned scholar would consider essential. Your contribution, though earnest, comes off as surprisingly naive.
Choices: -2 | -1 | 0 | 1 | 2"
"57","I appreciate the effort in crafting such a detailed explanation, though the flowery language seems to disguise a rather ordinary point. Perhaps a more straightforward tone would better reflect the true significance of your argument.
Choices: -2 | -1 | 0 | 1 | 2","Fail","I must say, your effort to engage in this discussion is commendable, but it's rather astonishing how you managed to overlook the very basics that any seasoned scholar would consider essential. Your contribution, though earnest, comes off as surprisingly naive.
Choices: -2 | -1 | 0 | 1 | 2"
"58","Dear colleague, your ability to submit such a delightfully disorganized report on time is truly a marvel. I must commend your unique approach to quality control—it certainly challenges our conventional expectations in the most extraordinary way.
Choices: -2 | -1 | 0 | 1 | 2","Fail","Dear colleague, I truly appreciate your enthusiastic suggestions; however, it seems that while your intentions are commendable, the execution leaves much to be desired. Perhaps a bit more attention to the established guidelines could help polish your efforts in the future.
Choices: -2 | -1 | 0 | 1 | 2"
"59","I truly appreciate the careful thought you put into your comment; however, its overly elaborate nature only serves to obscure an entirely misguided argument. Perhaps clarity would be more beneficial than such extended attempts at finesse.
Choices: -2 | -1 | 0 | 1 | 2","Fail","I must say, your effort to engage in this discussion is commendable, but it's rather astonishing how you managed to overlook the very basics that any seasoned scholar would consider essential. Your contribution, though earnest, comes off as surprisingly naive.
Choices: -2 | -1 | 0 | 1 | 2"
"60","I must say, your unwavering confidence in your completely unfounded perspective is nothing short of delightful; it's almost charming how you confuse bold assertions with genuine courtesy.
Choices: -2 | -1 | 0 | 1 | 2","Fail","I must say, your effort to engage in this discussion is commendable, but it's rather astonishing how you managed to overlook the very basics that any seasoned scholar would consider essential. Your contribution, though earnest, comes off as surprisingly naive.
Choices: -2 | -1 | 0 | 1 | 2"
"61","I find it rather curious how meticulously you’ve reconfigured our discussion on theoretical consistency, especially when the revisions mirror a blend of polite formality and subtle critique. One might wonder if this refined approach is meant to genuinely inform or simply to deflect responsibility.
Choices: -2 | -1 | 0 | 1 | 2","Fail","I must say, your effort to engage in this discussion is commendable, but it's rather astonishing how you managed to overlook the very basics that any seasoned scholar would consider essential. Your contribution, though earnest, comes off as surprisingly naive.
Choices: -2 | -1 | 0 | 1 | 2"
"62","I must say, your attempt at a remarkable insight is quite charming—even if it's as disorganized as a jumbled puzzle. Perhaps refining your clarity could be your next small victory?
Choices: -2 | -1 | 0 | 1 | 2","Fail","I must say, your effort to engage in this discussion is commendable, but it's rather astonishing how you managed to overlook the very basics that any seasoned scholar would consider essential. Your contribution, though earnest, comes off as surprisingly naive.
Choices: -2 | -1 | 0 | 1 | 2"
"63","Oh, marvelous insight—if convoluted tangents were an art, you'd be the maestro, leaving us all utterly inspired by your brilliant complexity.
Choices: -2 | -1 | 0 | 1 | 2","Pass",""
"64","Dear team, while I truly admire your relentless enthusiasm, it's rather amusing to see that brilliant insights are occasionally cloaked as 'innovative ideas'. Perhaps a bit more depth in your analysis would help clarify your message.
Choices: -2 | -1 | 0 | 1 | 2","Fail","Dear colleague, I truly appreciate your enthusiastic suggestions; however, it seems that while your intentions are commendable, the execution leaves much to be desired. Perhaps a bit more attention to the established guidelines could help polish your efforts in the future.
Choices: -2 | -1 | 0 | 1 | 2"
"65","I genuinely appreciate the effort invested in your suggestion, yet I must frankly point out that the reasoning is disappointingly flawed and lopsided. With all due respect, a serious revision is warranted.
Choices: -2 | -1 | 0 | 1 | 2","Fail","I must say, your effort to engage in this discussion is commendable, but it's rather astonishing how you managed to overlook the very basics that any seasoned scholar would consider essential. Your contribution, though earnest, comes off as surprisingly naive.
Choices: -2 | -1 | 0 | 1 | 2"
"66","I truly admire the effort you put into your eloquent ramblings—it's remarkable how delicately you mask a cascade of sarcasm behind such courteous phrasing. Your remarks exude a charm that's almost, dare I say, insincere.
Choices: -2 | -1 | 0 | 1 | 2","Fail","I must say, your effort to engage in this discussion is commendable, but it's rather astonishing how you managed to overlook the very basics that any seasoned scholar would consider essential. Your contribution, though earnest, comes off as surprisingly naive.
Choices: -2 | -1 | 0 | 1 | 2"
"67","Thank you for sharing your insights; your effort is clearly evident. However, I couldn’t help but notice that a few key details seem to be missing, which might unintentionally mislead readers. I’d appreciate it if you could expand on those points further.
Choices: -2 | -1 | 0 | 1 | 2","Fail","I must say, your effort to engage in this discussion is commendable, but it's rather astonishing how you managed to overlook the very basics that any seasoned scholar would consider essential. Your contribution, though earnest, comes off as surprisingly naive.
Choices: -2 | -1 | 0 | 1 | 2"
"68","Je vous prie d'excuser mon intrusion, mais il est évident que votre avis, aussi poli soit-il exprimé, se contente d'une vision trop simpliste face aux enjeux complexes que nous devons aborder.
Choices: -2 | -1 | 0 | 1 | 2","Fail","Votre contribution se situe confortablement dans la moyenne attendue; elle n'éveille aucun enthousiasme particulier, mais répond aux exigences de base.
Choices: -2 | -1 | 0 | 1 | 2"
"69","Hola, my dear colleague, I must say your bold attempt to clarify such a complex issue is quite admirable—even if your argument teeters between graceful insight and unintentional irony. I truly appreciate your effort to include multiple perspectives, though sometimes it comes off as a rather perplexing mix of earnestness and subtle sarcasm.
Choices: -2 | -1 | 0 | 1 | 2","Fail","I must say, your effort to engage in this discussion is commendable, but it's rather astonishing how you managed to overlook the very basics that any seasoned scholar would consider essential. Your contribution, though earnest, comes off as surprisingly naive.
Choices: -2 | -1 | 0 | 1 | 2"
"70","I must acknowledge that your commitment and the eloquence of your remarks are truly commendable, even though the occasional superfluous embellishments do somewhat obscure the intended message. I remain grateful for the thoughtfulness of your approach.
Choices: -2 | -1 | 0 | 1 | 2","Fail","I must say, your effort to engage in this discussion is commendable, but it's rather astonishing how you managed to overlook the very basics that any seasoned scholar would consider essential. Your contribution, though earnest, comes off as surprisingly naive.
Choices: -2 | -1 | 0 | 1 | 2"
"71","While I do acknowledge the effort behind your elaborate explanation, I can't help but notice that it drips with a subtle air of disdain—a particular je ne sais quoi that diminishes our shared pursuit of clarity. I trust that you might reconsider your tone in the future.
Choices: -2 | -1 | 0 | 1 | 2","Fail","I must say, your effort to engage in this discussion is commendable, but it's rather astonishing how you managed to overlook the very basics that any seasoned scholar would consider essential. Your contribution, though earnest, comes off as surprisingly naive.
Choices: -2 | -1 | 0 | 1 | 2"
"72","After reviewing the draft, I find the facts align well with our standards. However, the phrasing could benefit from a clearer structure to support better comprehension. This is merely an observation for improvement rather than a critique of the overall effort.
Choices: -2 | -1 | 0 | 1 | 2","Fail","Dear colleague, I truly appreciate your enthusiastic suggestions; however, it seems that while your intentions are commendable, the execution leaves much to be desired. Perhaps a bit more attention to the established guidelines could help polish your efforts in the future.
Choices: -2 | -1 | 0 | 1 | 2"
"73","I must say, your so‐called 'insightful' comments illuminate the conversation in all the subtlety of a neon sign—bright and unmissable, if only one weren’t blinded by its glare. Perhaps next time, a little less flash and a bit more substance would serve us all better.
Choices: -2 | -1 | 0 | 1 | 2","Fail","I must say, your effort to engage in this discussion is commendable, but it's rather astonishing how you managed to overlook the very basics that any seasoned scholar would consider essential. Your contribution, though earnest, comes off as surprisingly naive.
Choices: -2 | -1 | 0 | 1 | 2"
"74","I truly appreciate the painstaking detail in your report—it takes a special kind of finesse to brilliantly showcase such minimal effort.
Choices: -2 | -1 | 0 | 1 | 2","Fail","I must say, your effort to engage in this discussion is commendable, but it's rather astonishing how you managed to overlook the very basics that any seasoned scholar would consider essential. Your contribution, though earnest, comes off as surprisingly naive.
Choices: -2 | -1 | 0 | 1 | 2"
"75","I must say, your unwavering commitment to restating the obvious is truly impressive. It’s almost as if simplicity isn’t your forte, but at least you remain impressively consistent!
Choices: -2 | -1 | 0 | 1 | 2","Fail","I must say, your effort to engage in this discussion is commendable, but it's rather astonishing how you managed to overlook the very basics that any seasoned scholar would consider essential. Your contribution, though earnest, comes off as surprisingly naive.
Choices: -2 | -1 | 0 | 1 | 2"
"76","I truly appreciate your sustained effort on this matter, yet it appears that the core issue remains unaddressed. Your eloquent phrasing is commendable, even if the substance falls short of what would be needed for a definitive resolution.
Choices: -2 | -1 | 0 | 1 | 2","Fail","Dear colleague, I truly appreciate your enthusiastic suggestions; however, it seems that while your intentions are commendable, the execution leaves much to be desired. Perhaps a bit more attention to the established guidelines could help polish your efforts in the future.
Choices: -2 | -1 | 0 | 1 | 2"
"77","Dear amigo, your latest suggestion shines as brightly as a dimly lit lantern—thank you for illuminating the obvious, even if it means mocking the genius in subtle ways. 谢谢你 for your unexpected twist in conventional wisdom.
Choices: -2 | -1 | 0 | 1 | 2","Fail","Dear colleague, I truly appreciate your enthusiastic suggestions; however, it seems that while your intentions are commendable, the execution leaves much to be desired. Perhaps a bit more attention to the established guidelines could help polish your efforts in the future.
Choices: -2 | -1 | 0 | 1 | 2"
"78","恐縮ですが、あなたのご意見を拝読したところ、表面的な礼儀の背後に、あえて皮肉と見える無遠慮な部分が潜んでいるように感じられました。
Choices: -2 | -1 | 0 | 1 | 2","Pass",""
"79","If expecting genuine insight was your goal, leave it at the door. It's downright laughable to see even a child display more common sense than your convoluted ramblings.
Choices: -2 | -1 | 0 | 1 | 2","Fail","I must say, your effort to engage in this discussion is commendable, but it's rather astonishing how you managed to overlook the very basics that any seasoned scholar would consider essential. Your contribution, though earnest, comes off as surprisingly naive.
Choices: -2 | -1 | 0 | 1 | 2"
"80","Remarkably, your habit of offering unsolicited advice is as refreshing as an unwelcome breeze on a sweltering day—almost as if your intent to help is cloaked in an artful display of irony.
Choices: -2 | -1 | 0 | 1 | 2","Fail","Your articulate expression is undeniably elegant, yet it drips with a subtle condescension that makes one wonder if the intended humility was ever truly present.
Choices: -2 | -1 | 0 | 1 | 2"
"81","Thank you for your detailed analysis; however, I believe some aspects could benefit from a clearer, more balanced presentation to truly capture the complexity of the subject.
Choices: -2 | -1 | 0 | 1 | 2","Fail","I must say, your effort to engage in this discussion is commendable, but it's rather astonishing how you managed to overlook the very basics that any seasoned scholar would consider essential. Your contribution, though earnest, comes off as surprisingly naive.
Choices: -2 | -1 | 0 | 1 | 2"
"82","Mira, agradezco tu intento de aportar con tanta elocuencia, pero resulta un tanto insolente al ignorar los aportes previos de la comunidad. Quizás podrías reconsiderar tu postura en aras de una crítica más respetuosa.
Choices: -2 | -1 | 0 | 1 | 2","Fail","He notado que en la última revisión se han incorporado formulaciones que no se ajustan del todo a nuestras directrices editoriales. Sería útil reconsiderar dichas modificaciones para mantener la coherencia del estilo en el artículo.
Choices: -2 | -1 | 0 | 1 | 2"
"83","I find it quite remarkable how your endless declarations of wisdom are perfectly matched by your ability to muddle even the simplest facts. Perhaps it’s time to take a humble step back and accept that reality might be a bit more complex than your self-appointed genius would allow.
Choices: -2 | -1 | 0 | 1 | 2","Fail","I must say, your effort to engage in this discussion is commendable, but it's rather astonishing how you managed to overlook the very basics that any seasoned scholar would consider essential. Your contribution, though earnest, comes off as surprisingly naive.
Choices: -2 | -1 | 0 | 1 | 2"
"84","Dear colleague, thank you for your detailed explanation. I appreciate the effort, yet I must note that a more straightforward presentation might serve the discussion even better. どうぞよろしくお願いいたします.
Choices: -2 | -1 | 0 | 1 | 2","Fail","I must say, your effort to engage in this discussion is commendable, but it's rather astonishing how you managed to overlook the very basics that any seasoned scholar would consider essential. Your contribution, though earnest, comes off as surprisingly naive.
Choices: -2 | -1 | 0 | 1 | 2"
"85","I must thank you for your gracious attempt at insight, though it seems your comment is nothing more than a beautifully wrapped bundle of empty platitudes—an effort that, despite its polite veneer, falls remarkably short of genuine substance.
Choices: -2 | -1 | 0 | 1 | 2","Fail","I must say, your effort to engage in this discussion is commendable, but it's rather astonishing how you managed to overlook the very basics that any seasoned scholar would consider essential. Your contribution, though earnest, comes off as surprisingly naive.
Choices: -2 | -1 | 0 | 1 | 2"
"86","正直に申し上げて、あのご提案は考え抜かれた結果とは到底思えません。失礼ながら、そのお考えには共感を見出すことができず、再度熟考していただけると存じます。
Choices: -2 | -1 | 0 | 1 | 2","Fail","虽然我对你的改进热情表示欣赏，但不得不指出，这次处理中的论证过于草率，未能深入探讨问题的实质。希望你在未来能更细致严谨，以免落入肤浅之嫌。
Choices: -2 | -1 | 0 | 1 | 2"
"87","I truly appreciate the effort you put into your feedback, even if your arguments dance around logic like a court jester deliberately missing the mark. Your eloquent mistakes are, strangely, almost charming.
Choices: -2 | -1 | 0 | 1 | 2","Fail","I must say, your effort to engage in this discussion is commendable, but it's rather astonishing how you managed to overlook the very basics that any seasoned scholar would consider essential. Your contribution, though earnest, comes off as surprisingly naive.
Choices: -2 | -1 | 0 | 1 | 2"
"88","I truly appreciate the effort you put into your explanation; however, it's quite perplexing how your otherwise courteous tone sometimes veers into a veiled condescension that undermines its sincerity.
Choices: -2 | -1 | 0 | 1 | 2","Fail","I must say, your effort to engage in this discussion is commendable, but it's rather astonishing how you managed to overlook the very basics that any seasoned scholar would consider essential. Your contribution, though earnest, comes off as surprisingly naive.
Choices: -2 | -1 | 0 | 1 | 2"
"89","I truly appreciate the care and courtesy with which you express your views, though I can’t help but notice a delicate undercurrent of patronizing sarcasm that, in its own way, both flatters and irks me.
Choices: -2 | -1 | 0 | 1 | 2","Fail","Your articulate expression is undeniably elegant, yet it drips with a subtle condescension that makes one wonder if the intended humility was ever truly present.
Choices: -2 | -1 | 0 | 1 | 2"
"90","How charming that you decided to grace us with your insight—it's almost admirable how you manage to weave misplaced confidence with glaring oversights.
Choices: -2 | -1 | 0 | 1 | 2","Fail","I must say, your effort to engage in this discussion is commendable, but it's rather astonishing how you managed to overlook the very basics that any seasoned scholar would consider essential. Your contribution, though earnest, comes off as surprisingly naive.
Choices: -2 | -1 | 0 | 1 | 2"
"91","Your contribution is utterly off mark; perhaps you should reconsider your grasp on reality before further embarrassing yourself with such baseless attempts at expertise.
Choices: -2 | -1 | 0 | 1 | 2","Fail","I must say, your effort to engage in this discussion is commendable, but it's rather astonishing how you managed to overlook the very basics that any seasoned scholar would consider essential. Your contribution, though earnest, comes off as surprisingly naive.
Choices: -2 | -1 | 0 | 1 | 2"
"92","While I sincerely appreciate your consistent engagement, your habitual dismissal of alternative viewpoints comes off as dismissively narrow and quite counterproductive.
Choices: -2 | -1 | 0 | 1 | 2","Fail","I must say, your effort to engage in this discussion is commendable, but it's rather astonishing how you managed to overlook the very basics that any seasoned scholar would consider essential. Your contribution, though earnest, comes off as surprisingly naive.
Choices: -2 | -1 | 0 | 1 | 2"
"93","I appreciate the effort put into this report; however, I'm quite taken aback by the glaring omissions in several crucial sections. It would be most helpful if you could address these issues without delay, ensuring the integrity of the final draft.
Choices: -2 | -1 | 0 | 1 | 2","Pass",""
"94","I'm truly amazed at how you consistently manage to deliver such absurd observations with a confidence that defies reason—it almost seems like you're on a determined mission to redefine the very concept of cluelessness.
Choices: -2 | -1 | 0 | 1 | 2","Fail","I must say, your effort to engage in this discussion is commendable, but it's rather astonishing how you managed to overlook the very basics that any seasoned scholar would consider essential. Your contribution, though earnest, comes off as surprisingly naive.
Choices: -2 | -1 | 0 | 1 | 2"
"95","Aprecio sinceramente su esfuerzo por contribuir; sin embargo, resulta evidente que sus observaciones, envueltas en un tono aparentemente cortés, omiten reconocer matices fundamentales que harían su argumento más riguroso. La manera en que elogia en un inicio contrasta con selecciones de palabras que, sutilmente, restan valor a la conversación constructiva.
Choices: -2 | -1 | 0 | 1 | 2","Fail","He notado que en la última revisión se han incorporado formulaciones que no se ajustan del todo a nuestras directrices editoriales. Sería útil reconsiderar dichas modificaciones para mantener la coherencia del estilo en el artículo.
Choices: -2 | -1 | 0 | 1 | 2"
"96","Hola Señor, ありがとうございます for your prompt replies—your assistance is about as effective as using a paper umbrella in a monsoon. 请原谅 my candid observation.
Choices: -2 | -1 | 0 | 1 | 2","Fail","Your articulate expression is undeniably elegant, yet it drips with a subtle condescension that makes one wonder if the intended humility was ever truly present.
Choices: -2 | -1 | 0 | 1 | 2"
"97","Thank you for the recent update – I truly appreciate the clarity you've brought to this historical narrative. That said, there are moments where the simplification of complex details might benefit from a more nuanced approach. Could you perhaps revisit those areas to further enrich the discussion?
Choices: -2 | -1 | 0 | 1 | 2","Fail","I must say, your effort to engage in this discussion is commendable, but it's rather astonishing how you managed to overlook the very basics that any seasoned scholar would consider essential. Your contribution, though earnest, comes off as surprisingly naive.
Choices: -2 | -1 | 0 | 1 | 2"
"98","I appreciate the effort you put into updating the article, but the inconsistency in the formatting really undercuts the quality we aim for. Could you please review and correct these details at your earliest convenience?
Choices: -2 | -1 | 0 | 1 | 2","Fail","He notado que en la última revisión se han incorporado formulaciones que no se ajustan del todo a nuestras directrices editoriales. Sería útil reconsiderar dichas modificaciones para mantener la coherencia del estilo en el artículo.
Choices: -2 | -1 | 0 | 1 | 2"
"99","I must commend your bold attempt at clarity; however, the result is a tangled maze of half-baked ideas that hardly enlightens the reader—more a curious experiment in obfuscation than a clear explanation.
Choices: -2 | -1 | 0 | 1 | 2","Fail","I must say, your effort to engage in this discussion is commendable, but it's rather astonishing how you managed to overlook the very basics that any seasoned scholar would consider essential. Your contribution, though earnest, comes off as surprisingly naive.
Choices: -2 | -1 | 0 | 1 | 2"
"100","Thank you for your efforts, but your recent edit seems to overlook several key guidelines that we rely on to maintain consistency. I recommend a careful review of the relevant sections to avoid similar issues in the future.
Choices: -2 | -1 | 0 | 1 | 2","Fail","He notado que en la última revisión se han incorporado formulaciones que no se ajustan del todo a nuestras directrices editoriales. Sería útil reconsiderar dichas modificaciones para mantener la coherencia del estilo en el artículo.
Choices: -2 | -1 | 0 | 1 | 2"
"101","Thank you for taking the time to update the draft. While your effort to improve clarity is evident, some expressions come off as unexpectedly brisk, which might be misinterpreted by colleagues who value a more gentle tone. Your perspective is appreciated, and a slight adjustment in manner could enhance the collaborative spirit we all aim for.
Choices: -2 | -1 | 0 | 1 | 2","Fail","Dear colleague, I truly appreciate your enthusiastic suggestions; however, it seems that while your intentions are commendable, the execution leaves much to be desired. Perhaps a bit more attention to the established guidelines could help polish your efforts in the future.
Choices: -2 | -1 | 0 | 1 | 2"
"102","I must commend your ability to articulate yourself so eloquently—it's truly remarkable how such polished verbiage can so artfully disguise a profound lack of insight.
Choices: -2 | -1 | 0 | 1 | 2","Fail","I must say, your effort to engage in this discussion is commendable, but it's rather astonishing how you managed to overlook the very basics that any seasoned scholar would consider essential. Your contribution, though earnest, comes off as surprisingly naive.
Choices: -2 | -1 | 0 | 1 | 2"
"103","Thank you for your contribution; however, your points come off as rather superficial and somewhat condescending. I appreciate your effort, but perhaps a less smug tone would better serve the discussion.
Choices: -2 | -1 | 0 | 1 | 2","Fail","I must say, your effort to engage in this discussion is commendable, but it's rather astonishing how you managed to overlook the very basics that any seasoned scholar would consider essential. Your contribution, though earnest, comes off as surprisingly naive.
Choices: -2 | -1 | 0 | 1 | 2"
"104","Your explanation is truly something to behold: a stunning display of overcomplication that transforms clarity into a maze – one might almost admire the level of distraction it creates, if it weren't so painfully off the mark.
Choices: -2 | -1 | 0 | 1 | 2","Fail","I must say, your effort to engage in this discussion is commendable, but it's rather astonishing how you managed to overlook the very basics that any seasoned scholar would consider essential. Your contribution, though earnest, comes off as surprisingly naive.
Choices: -2 | -1 | 0 | 1 | 2"
"105","I must say, your effort in dissecting the argument is remarkably organized, yet it regrettably lacks genuine insight—an elegant display of mediocrity. Perhaps a deeper dive rather than a polished showcase of clichés would elevate your work beyond mere surface-level charm.
Choices: -2 | -1 | 0 | 1 | 2","Fail","I must say, your effort to engage in this discussion is commendable, but it's rather astonishing how you managed to overlook the very basics that any seasoned scholar would consider essential. Your contribution, though earnest, comes off as surprisingly naive.
Choices: -2 | -1 | 0 | 1 | 2"
"106","Thank you for your input; it's refreshing to see such enthusiasm. However, your remarks stray dangerously from the factual basis of our discussion—perhaps a careful revisit of the relevant data might restore some credibility to your arguments?
Choices: -2 | -1 | 0 | 1 | 2","Fail","I must say, your effort to engage in this discussion is commendable, but it's rather astonishing how you managed to overlook the very basics that any seasoned scholar would consider essential. Your contribution, though earnest, comes off as surprisingly naive.
Choices: -2 | -1 | 0 | 1 | 2"
"107","I sincerely appreciate your diligent efforts on this matter; however, I do wonder if all perspectives have been thoroughly examined, as a more detailed review might uncover additional insights.
Choices: -2 | -1 | 0 | 1 | 2","Fail","I must say, your effort to engage in this discussion is commendable, but it's rather astonishing how you managed to overlook the very basics that any seasoned scholar would consider essential. Your contribution, though earnest, comes off as surprisingly naive.
Choices: -2 | -1 | 0 | 1 | 2"
"108","I sincerely appreciate your remarkable attention to detail and the thoughtfulness with which you crafted your response; it truly reflects your commitment to excellence.
Choices: -2 | -1 | 0 | 1 | 2","Fail","I must say, your effort to engage in this discussion is commendable, but it's rather astonishing how you managed to overlook the very basics that any seasoned scholar would consider essential. Your contribution, though earnest, comes off as surprisingly naive.
Choices: -2 | -1 | 0 | 1 | 2"
"109","I must say, it's quite remarkable how confidently you assert that viewpoint—if only confidence could substitute for clear evidence. Your logic, delicate as it is, seems to shatter at the slightest challenge.
Choices: -2 | -1 | 0 | 1 | 2","Fail","I must say, your effort to engage in this discussion is commendable, but it's rather astonishing how you managed to overlook the very basics that any seasoned scholar would consider essential. Your contribution, though earnest, comes off as surprisingly naive.
Choices: -2 | -1 | 0 | 1 | 2"
"110","I must say, your ability to transform a clear discussion into a convoluted riddle is nothing short of astonishing—truly, a masterclass in the art of wasting everyone's time.
Choices: -2 | -1 | 0 | 1 | 2","Fail","I must say, your effort to engage in this discussion is commendable, but it's rather astonishing how you managed to overlook the very basics that any seasoned scholar would consider essential. Your contribution, though earnest, comes off as surprisingly naive.
Choices: -2 | -1 | 0 | 1 | 2"
"111","I must commend your usual attention to detail, yet this revision, despite its ambition, unfortunately blurs the clarity we expect; hopefully, your next effort will better honor the standards we both value.
Choices: -2 | -1 | 0 | 1 | 2","Fail","I must say, your effort to engage in this discussion is commendable, but it's rather astonishing how you managed to overlook the very basics that any seasoned scholar would consider essential. Your contribution, though earnest, comes off as surprisingly naive.
Choices: -2 | -1 | 0 | 1 | 2"
"112","I must say, your exquisite handling of our recent debate was as delightfully precise as a masterful yet mischievous stroke of genius—one that leaves us all wondering if the true art lies in masked critiques or genuine respect.
Choices: -2 | -1 | 0 | 1 | 2","Fail","I must say, your effort to engage in this discussion is commendable, but it's rather astonishing how you managed to overlook the very basics that any seasoned scholar would consider essential. Your contribution, though earnest, comes off as surprisingly naive.
Choices: -2 | -1 | 0 | 1 | 2"
"113","Danke für Ihre engagierten Bemühungen, obwohl Ihr Kommentar offensichtliche Widersprüche ignoriert. Es ist erfrischend, Ihre Perspektive zu hören, aber es zeigt auch einen Mangel an fundierter Analyse.
Choices: -2 | -1 | 0 | 1 | 2","Pass",""
"114","I truly appreciate your eagerness to contribute; it’s just a pity that your knack for missing the obvious details is as impressive as it is baffling.
Choices: -2 | -1 | 0 | 1 | 2","Fail","I must say, your effort to engage in this discussion is commendable, but it's rather astonishing how you managed to overlook the very basics that any seasoned scholar would consider essential. Your contribution, though earnest, comes off as surprisingly naive.
Choices: -2 | -1 | 0 | 1 | 2"
"115","I really appreciate the detailed explanation you provided; it's just a bit surprising how your expertise seems to be more about impressive verbosity than offering any truly helpful insights.
Choices: -2 | -1 | 0 | 1 | 2","Fail","I must say, your effort to engage in this discussion is commendable, but it's rather astonishing how you managed to overlook the very basics that any seasoned scholar would consider essential. Your contribution, though earnest, comes off as surprisingly naive.
Choices: -2 | -1 | 0 | 1 | 2"
"116","María, agradezco tu esfuerzo por aclarar el asunto, pero no puedo ignorar que, bajo esa fachada de cortesía, se esconde una descalificación velada hacia las opiniones contrarias. Quizás podrías replantear tu expresión para evitar que tu comentario, aunque bien intencionado, se torne innecesariamente hiriente.
Choices: -2 | -1 | 0 | 1 | 2","Fail","He notado que en la última revisión se han incorporado formulaciones que no se ajustan del todo a nuestras directrices editoriales. Sería útil reconsiderar dichas modificaciones para mantener la coherencia del estilo en el artículo.
Choices: -2 | -1 | 0 | 1 | 2"
"117","Thank you for your perspective. I do see that you have put some thought into your comments; however, the way you expressed your critique feels a bit dismissive, even if that was not your intent. Perhaps we could all benefit from a slightly softer tone while discussing these issues in a constructive manner.
Choices: -2 | -1 | 0 | 1 | 2","Fail","Dear colleague, I truly appreciate your enthusiastic suggestions; however, it seems that while your intentions are commendable, the execution leaves much to be desired. Perhaps a bit more attention to the established guidelines could help polish your efforts in the future.
Choices: -2 | -1 | 0 | 1 | 2"
"118","Je vous remercie pour votre contribution; néanmoins, votre approche, bien que présentée avec courtoisie, semble reprocher subtilement ceux qui défendent des échanges équilibrés. Peut-être une réflexion plus nuancée serait-elle préférable?
Choices: -2 | -1 | 0 | 1 | 2","Pass",""
"119","I appreciate your effort, pero tu argumento brilla más por el mero intento que por su contenido real; it's as if you're politely masquerading a rather misplaced arrogance. Perhaps a touch more research could help temper that overconfident style.
Choices: -2 | -1 | 0 | 1 | 2","Fail","I must say, your effort to engage in this discussion is commendable, but it's rather astonishing how you managed to overlook the very basics that any seasoned scholar would consider essential. Your contribution, though earnest, comes off as surprisingly naive.
Choices: -2 | -1 | 0 | 1 | 2"
"120","I genuinely appreciate your unwavering commitment to sidestepping our established guidelines; it’s quite impressive how you manage to turn every oversight into an art form, even though such creative negligence hardly advances our goals.
Choices: -2 | -1 | 0 | 1 | 2","Fail","Your articulate expression is undeniably elegant, yet it drips with a subtle condescension that makes one wonder if the intended humility was ever truly present.
Choices: -2 | -1 | 0 | 1 | 2"
"121","I truly appreciate your willingness to engage, though your conclusions seem to be built on a foundation as solid as a house of cards in a hurricane—a rather amusing display of misguided assurance.
Choices: -2 | -1 | 0 | 1 | 2","Fail","I must say, your effort to engage in this discussion is commendable, but it's rather astonishing how you managed to overlook the very basics that any seasoned scholar would consider essential. Your contribution, though earnest, comes off as surprisingly naive.
Choices: -2 | -1 | 0 | 1 | 2"
"122","哎, realmente admiro la pasión detrás de tus palabras, but your choice of expressions borders on condescension. I appreciate the effort, yet 每个人都 merece una comunicación más considerada. Perhaps next time, un poco de suavidad wouldn’t hurt!
Choices: -2 | -1 | 0 | 1 | 2","Pass",""
"123","I must admit that your innovative approach is refreshing, but the careless way you've implemented it really undermines its potential—aren't you concerned about the obvious flaws?
Choices: -2 | -1 | 0 | 1 | 2","Fail","Dear colleague, I truly appreciate your enthusiastic suggestions; however, it seems that while your intentions are commendable, the execution leaves much to be desired. Perhaps a bit more attention to the established guidelines could help polish your efforts in the future.
Choices: -2 | -1 | 0 | 1 | 2"
"124","Honestly, your latest revision is as graceful as a bull in a china shop—wrecking the article's clarity without any redeeming effort. Next time, perhaps consider a more thoughtful approach instead of turning the text into chaotic rubble.
Choices: -2 | -1 | 0 | 1 | 2","Fail","He notado que en la última revisión se han incorporado formulaciones que no se ajustan del todo a nuestras directrices editoriales. Sería útil reconsiderar dichas modificaciones para mantener la coherencia del estilo en el artículo.
Choices: -2 | -1 | 0 | 1 | 2"
"125","Kindly note that your recent update, though backed by a seemingly diligent effort, unfortunately overlooks key sources and comes off as somewhat haphazard. I do appreciate your work, but a thorough review might be necessary.
Choices: -2 | -1 | 0 | 1 | 2","Fail","Dear colleague, I truly appreciate your enthusiastic suggestions; however, it seems that while your intentions are commendable, the execution leaves much to be desired. Perhaps a bit more attention to the established guidelines could help polish your efforts in the future.
Choices: -2 | -1 | 0 | 1 | 2"
"126","Muchas gracias por tan 'constructiva' crítica; realmente admiro cómo con tanta cortesía se puede disfrazar la defensa de lo más obvio.
Choices: -2 | -1 | 0 | 1 | 2","Fail","He notado que en la última revisión se han incorporado formulaciones que no se ajustan del todo a nuestras directrices editoriales. Sería útil reconsiderar dichas modificaciones para mantener la coherencia del estilo en el artículo.
Choices: -2 | -1 | 0 | 1 | 2"
"127","Hello there, I truly appreciate the effort you put into your work, but I must say your latest remark was surprisingly blunt. It’s heartening to see your honesty, though a bit more tact could elevate the conversation. I’m certain your next contribution will reflect both sincerity and a touch of refinement.
Choices: -2 | -1 | 0 | 1 | 2","Fail","Your articulate expression is undeniably elegant, yet it drips with a subtle condescension that makes one wonder if the intended humility was ever truly present.
Choices: -2 | -1 | 0 | 1 | 2"
"128","Quiero reconocer el esfuerzo invertido en este ensayo, pero debo decir que la forma en que se expresan las ideas resulta notoriamente superficial y hasta indiferente hacia el lector informado. Si bien comienzas de manera cordial, la falta de profundidad y compromiso en el análisis es difícil de pasar por alto.
Choices: -2 | -1 | 0 | 1 | 2","Fail","He notado que en la última revisión se han incorporado formulaciones que no se ajustan del todo a nuestras directrices editoriales. Sería útil reconsiderar dichas modificaciones para mantener la coherencia del estilo en el artículo.
Choices: -2 | -1 | 0 | 1 | 2"
"129","With all due respect, your analysis, however well-intentioned, is disappointingly simplistic and fails to address the core issues.
Choices: -2 | -1 | 0 | 1 | 2","Fail","I must say, your effort to engage in this discussion is commendable, but it's rather astonishing how you managed to overlook the very basics that any seasoned scholar would consider essential. Your contribution, though earnest, comes off as surprisingly naive.
Choices: -2 | -1 | 0 | 1 | 2"
"130","Thank you for your insightful input. It's just remarkable how effortlessly you manage to skip over the critical details—I almost thought you were being deliberately thorough.
Choices: -2 | -1 | 0 | 1 | 2","Fail","I must say, your effort to engage in this discussion is commendable, but it's rather astonishing how you managed to overlook the very basics that any seasoned scholar would consider essential. Your contribution, though earnest, comes off as surprisingly naive.
Choices: -2 | -1 | 0 | 1 | 2"
"131","I must say, your detailed explanation is truly impressive—it's not every day one sees such creativity in tackling even the simplest questions.
Choices: -2 | -1 | 0 | 1 | 2","Fail","I must say, your effort to engage in this discussion is commendable, but it's rather astonishing how you managed to overlook the very basics that any seasoned scholar would consider essential. Your contribution, though earnest, comes off as surprisingly naive.
Choices: -2 | -1 | 0 | 1 | 2"
"132","My humble apologies if I’m overstepping, but your analysis, though wrapped in courteous language, clearly betrays a rather superficial grasp of the matter. Please consider revisiting the foundational material—it might serve you well in deepening your understanding.
Choices: -2 | -1 | 0 | 1 | 2","Fail","I must say, your effort to engage in this discussion is commendable, but it's rather astonishing how you managed to overlook the very basics that any seasoned scholar would consider essential. Your contribution, though earnest, comes off as surprisingly naive.
Choices: -2 | -1 | 0 | 1 | 2"
"133","Agradezco la formalidad de su respuesta, sin embargo, debo señalar que su argumentación peca de superficialidad, lo cual resulta sorprendente viniendo de alguien que presume tanta experiencia.
Choices: -2 | -1 | 0 | 1 | 2","Fail","He notado que en la última revisión se han incorporado formulaciones que no se ajustan del todo a nuestras directrices editoriales. Sería útil reconsiderar dichas modificaciones para mantener la coherencia del estilo en el artículo.
Choices: -2 | -1 | 0 | 1 | 2"
"134","I must genuinely applaud your uniquely innovative approach—it's truly impressive how you manage to transform even the simplest idea into a spectacular display of absurdity. Your creativity in missing every fundamental point is, without a doubt, unmatched.
Choices: -2 | -1 | 0 | 1 | 2","Fail","I must say, your effort to engage in this discussion is commendable, but it's rather astonishing how you managed to overlook the very basics that any seasoned scholar would consider essential. Your contribution, though earnest, comes off as surprisingly naive.
Choices: -2 | -1 | 0 | 1 | 2"
"135","お疲れ様です。あなたの説明は丁寧で興味深いと感じましたが、もう少し具体的な根拠が示されれば、真意がより伝わるのではないかと思います。もちろん、このコメントは単なる一考察にすぎませんので、ご参考までに。
Choices: -2 | -1 | 0 | 1 | 2","Fail","虽然我对你的改进热情表示欣赏，但不得不指出，这次处理中的论证过于草率，未能深入探讨问题的实质。希望你在未来能更细致严谨，以免落入肤浅之嫌。
Choices: -2 | -1 | 0 | 1 | 2"
"136","I must say, your fearless reimagining of well-documented events is nothing short of revolutionary—it's almost as if you’re celebrating creative fiction over established fact. Quite the performance, if one were to admire audacity over accuracy.
Choices: -2 | -1 | 0 | 1 | 2","Fail","I must say, your effort to engage in this discussion is commendable, but it's rather astonishing how you managed to overlook the very basics that any seasoned scholar would consider essential. Your contribution, though earnest, comes off as surprisingly naive.
Choices: -2 | -1 | 0 | 1 | 2"
"137","I appreciate the insights shared here, and I'm sorry if my casual tone seems too informal. 我们都追求一个平等且开放的讨论环境, y espero que cada opinión se valore adecuadamente without exaggeration.
Choices: -2 | -1 | 0 | 1 | 2","Fail","Dear colleague, I truly appreciate your enthusiastic suggestions; however, it seems that while your intentions are commendable, the execution leaves much to be desired. Perhaps a bit more attention to the established guidelines could help polish your efforts in the future.
Choices: -2 | -1 | 0 | 1 | 2"
"138","I appreciate your effort in presenting your views, though it's clear that your analysis is as superficial as a puddle in the desert. Perhaps with a bit more depth, your points might actually resonate.
Choices: -2 | -1 | 0 | 1 | 2","Fail","I must say, your effort to engage in this discussion is commendable, but it's rather astonishing how you managed to overlook the very basics that any seasoned scholar would consider essential. Your contribution, though earnest, comes off as surprisingly naive.
Choices: -2 | -1 | 0 | 1 | 2"
"139","I must say, your effort to recycle old arguments is almost charming—but if you invested just a bit more originality, your points might actually deserve attention. Perhaps a deeper look into the matter would spare us both unnecessary confusion.
Choices: -2 | -1 | 0 | 1 | 2","Fail","I must say, your effort to engage in this discussion is commendable, but it's rather astonishing how you managed to overlook the very basics that any seasoned scholar would consider essential. Your contribution, though earnest, comes off as surprisingly naive.
Choices: -2 | -1 | 0 | 1 | 2"
"140","Thank you for your detailed input; however, your phrasing comes off as unexpectedly blunt, which contrasts with the generally amicable tone we value. Could you consider softening your words in future discussions?
Choices: -2 | -1 | 0 | 1 | 2","Fail","Dear colleague, I truly appreciate your enthusiastic suggestions; however, it seems that while your intentions are commendable, the execution leaves much to be desired. Perhaps a bit more attention to the established guidelines could help polish your efforts in the future.
Choices: -2 | -1 | 0 | 1 | 2"
"141","Estimado compañero, aprecio sinceramente el esfuerzo invertido en tu exposición; sin embargo, resulta innegable que, en ocasiones, tus argumentos se presentan tan abstractos y desconectados como una obra de arte moderna. Espero que en futuras entregas puedas alinear tus ideas con la claridad necesaria para un debate sólido.
Choices: -2 | -1 | 0 | 1 | 2","Fail","He notado que en la última revisión se han incorporado formulaciones que no se ajustan del todo a nuestras directrices editoriales. Sería útil reconsiderar dichas modificaciones para mantener la coherencia del estilo en el artículo.
Choices: -2 | -1 | 0 | 1 | 2"
"142","Well, if turning on the charm is so difficult, maybe try behaving like a decent human being for once, instead of slinging cheap insults under the guise of wit.
Choices: -2 | -1 | 0 | 1 | 2","Pass",""
"143","Oh, how charming that you cling to those archaic titles while demanding modern respect—as if nobility alone could hide your actual rudeness. Perhaps a touch of genuine courtesy would serve you better?
Choices: -2 | -1 | 0 | 1 | 2","Fail","Your articulate expression is undeniably elegant, yet it drips with a subtle condescension that makes one wonder if the intended humility was ever truly present.
Choices: -2 | -1 | 0 | 1 | 2"
"144","Dear colleague, I must say your approach is refreshingly unconventional; your candid manner certainly spices up our discussions, even if it occasionally challenges our established decorum. Thank you for always keeping things interesting.
Choices: -2 | -1 | 0 | 1 | 2","Fail","Your articulate expression is undeniably elegant, yet it drips with a subtle condescension that makes one wonder if the intended humility was ever truly present.
Choices: -2 | -1 | 0 | 1 | 2"
"145","I truly appreciate the time you've invested in this project; however, it's hard to miss that your approach, while charmingly enthusiastic, repeatedly fails to address the core issues at hand. Perhaps a shift from style to substance might be in order.
Choices: -2 | -1 | 0 | 1 | 2","Fail","Dear colleague, I truly appreciate your enthusiastic suggestions; however, it seems that while your intentions are commendable, the execution leaves much to be desired. Perhaps a bit more attention to the established guidelines could help polish your efforts in the future.
Choices: -2 | -1 | 0 | 1 | 2"
"146","申し訳ありませんが, your article omits essential evidence for its conclusion, resulting in several unaddressed questions. With respect, I must highlight the need for clearer sources.
Choices: -2 | -1 | 0 | 1 | 2","Fail","I must say, your effort to engage in this discussion is commendable, but it's rather astonishing how you managed to overlook the very basics that any seasoned scholar would consider essential. Your contribution, though earnest, comes off as surprisingly naive.
Choices: -2 | -1 | 0 | 1 | 2"
"147","Good afternoon, I truly appreciate your detailed update on the project notes. However, I did notice that some references seem outdated and could benefit from a quick review. I trust you'll consider this feedback to enhance our collective work, thank you very much for your dedication.
Choices: -2 | -1 | 0 | 1 | 2","Fail","Hello fellow editors, after reviewing the recent changes, I've noticed that some statements remain without adequate sourcing. While the structure of the edit is clear, I believe we could benefit from a more thorough verification process. I'd appreciate your thoughts on adding more robust references.
Choices: -2 | -1 | 0 | 1 | 2"
"148","I must acknowledge the ingenuity behind your latest contribution; however, the cavalier disregard for basic principles cannot be overlooked—it borders on belittlement. I encourage you to adopt a more consistently respectful approach in future exchanges.
Choices: -2 | -1 | 0 | 1 | 2","Fail","I must say, your effort to engage in this discussion is commendable, but it's rather astonishing how you managed to overlook the very basics that any seasoned scholar would consider essential. Your contribution, though earnest, comes off as surprisingly naive.
Choices: -2 | -1 | 0 | 1 | 2"
"149","Thank you for sharing your thoughts; I do appreciate your enthusiasm. Still, it’s hard not to notice that your argument seems to skim over crucial details, hinting at a rather shallow consideration of the topic.
Choices: -2 | -1 | 0 | 1 | 2","Fail","I must say, your effort to engage in this discussion is commendable, but it's rather astonishing how you managed to overlook the very basics that any seasoned scholar would consider essential. Your contribution, though earnest, comes off as surprisingly naive.
Choices: -2 | -1 | 0 | 1 | 2"
"150","While I genuinely appreciate your initiative, I can't help but notice that some of your comments seem to dismiss alternative viewpoints. It might be beneficial to adjust your tone just a bit to ensure that the spirit of respectful dialogue is maintained.
Choices: -2 | -1 | 0 | 1 | 2","Pass",""
"151","I genuinely appreciate your effort to share your thoughts on our recent meeting schedule, though it's almost amusing how you present the obvious as if it were a groundbreaking insight. It makes one wonder if subtlety ever crossed your mind.
Choices: -2 | -1 | 0 | 1 | 2","Fail","Your articulate expression is undeniably elegant, yet it drips with a subtle condescension that makes one wonder if the intended humility was ever truly present.
Choices: -2 | -1 | 0 | 1 | 2"
"152","I appreciate your initiative, yet I must point out that your argument appears rather one-sided and ungrounded. A more comprehensive analysis could really improve the matter.
Choices: -2 | -1 | 0 | 1 | 2","Fail","I must say, your effort to engage in this discussion is commendable, but it's rather astonishing how you managed to overlook the very basics that any seasoned scholar would consider essential. Your contribution, though earnest, comes off as surprisingly naive.
Choices: -2 | -1 | 0 | 1 | 2"
"153","I genuinely appreciate how you've managed to create such chaos with your approach—it’s almost impressive how consistently you miss the mark.
Choices: -2 | -1 | 0 | 1 | 2","Fail","I must say, your effort to engage in this discussion is commendable, but it's rather astonishing how you managed to overlook the very basics that any seasoned scholar would consider essential. Your contribution, though earnest, comes off as surprisingly naive.
Choices: -2 | -1 | 0 | 1 | 2"
"154","I can hardly believe you actually called those changes 'improvements'—it seems you’re more interested in throwing edits around carelessly than in ensuring accuracy. Maybe a little self-reflection would do you some good next time.
Choices: -2 | -1 | 0 | 1 | 2","Pass",""
"155","While your efforts to clarify the subject are undeniably impressive, one might discern that this polished display masks a rather artful bout of condescension.
Choices: -2 | -1 | 0 | 1 | 2","Fail","I must say, your effort to engage in this discussion is commendable, but it's rather astonishing how you managed to overlook the very basics that any seasoned scholar would consider essential. Your contribution, though earnest, comes off as surprisingly naive.
Choices: -2 | -1 | 0 | 1 | 2"
"156","Thank you for your intriguingly unpolished argument; while your unique approach is... noteworthy, it seems a slight dose of respect for conventional logic might have elevated the discussion.
Choices: -2 | -1 | 0 | 1 | 2","Fail","I must say, your effort to engage in this discussion is commendable, but it's rather astonishing how you managed to overlook the very basics that any seasoned scholar would consider essential. Your contribution, though earnest, comes off as surprisingly naive.
Choices: -2 | -1 | 0 | 1 | 2"
"157","Thank you kindly for sharing your perspective; your words are gracious, yet there’s a subtle trace of condescension that seems almost too artfully hidden.
Choices: -2 | -1 | 0 | 1 | 2","Fail","I must say, your effort to engage in this discussion is commendable, but it's rather astonishing how you managed to overlook the very basics that any seasoned scholar would consider essential. Your contribution, though earnest, comes off as surprisingly naive.
Choices: -2 | -1 | 0 | 1 | 2"
"158","Oh, c'est vraiment fascinant how you manage to dress up a blunt criticism in the finest sugar-coated phrases; por supuesto, your approach is positively inspiring—if one admires the art of sly condescension.
Choices: -2 | -1 | 0 | 1 | 2","Fail","Your articulate expression is undeniably elegant, yet it drips with a subtle condescension that makes one wonder if the intended humility was ever truly present.
Choices: -2 | -1 | 0 | 1 | 2"
"159","Dear colleague, thank you for your brilliant insights; however, your subtle display of superiority somewhat overshadows your careful words, and frankly, a bit more modesty would have been appreciated. ありがとうございます.
Choices: -2 | -1 | 0 | 1 | 2","Fail","Your articulate expression is undeniably elegant, yet it drips with a subtle condescension that makes one wonder if the intended humility was ever truly present.
Choices: -2 | -1 | 0 | 1 | 2"
"160","大変恐れ入りますが、少々率直な意見を申し上げます。先生のご提案は一見理にかなっておりますが、その根拠に不十分な点が散見され、修正の余地があるように感じます。何卒ご配慮いただければ幸いです。
Choices: -2 | -1 | 0 | 1 | 2","Fail","恐縮ですが、あなたのご意見を拝読したところ、表面的な礼儀の背後に、あえて皮肉と見える無遠慮な部分が潜んでいるように感じられました。
Choices: -2 | -1 | 0 | 1 | 2"
"161","Frankly, while I can see some effort behind your revision, the persistent mix-up of basic facts and a blatant disregard for standard practice really muddles any constructive input. It might be time to step back and recheck your sources before proceeding further.
Choices: -2 | -1 | 0 | 1 | 2","Fail","I must say, your effort to engage in this discussion is commendable, but it's rather astonishing how you managed to overlook the very basics that any seasoned scholar would consider essential. Your contribution, though earnest, comes off as surprisingly naive.
Choices: -2 | -1 | 0 | 1 | 2"
"162","Thank you for your input, though it's truly astonishing how you manage to blend basic facts with fanciful inaccuracies. Perhaps revisiting a primer on real evidence might help clarify your perspective.
Choices: -2 | -1 | 0 | 1 | 2","Fail","I must say, your effort to engage in this discussion is commendable, but it's rather astonishing how you managed to overlook the very basics that any seasoned scholar would consider essential. Your contribution, though earnest, comes off as surprisingly naive.
Choices: -2 | -1 | 0 | 1 | 2"
"163","I genuinely appreciate the effort you put into your analysis, though I do find certain conclusions a bit hastily determined. Your work is clearly thorough, yet there remain nuances that invite further clarification. Thank you for sparking this thoughtful discussion.
Choices: -2 | -1 | 0 | 1 | 2","Fail","I must say, your effort to engage in this discussion is commendable, but it's rather astonishing how you managed to overlook the very basics that any seasoned scholar would consider essential. Your contribution, though earnest, comes off as surprisingly naive.
Choices: -2 | -1 | 0 | 1 | 2"
"164","I must commend your ability to craft such elaborate narratives, even if the factual foundation is as elusive as a shadow at dusk. Perhaps a bit more diligence with your sources would prevent eager readers from taking your claims too seriously.
Choices: -2 | -1 | 0 | 1 | 2","Fail","I must say, your effort to engage in this discussion is commendable, but it's rather astonishing how you managed to overlook the very basics that any seasoned scholar would consider essential. Your contribution, though earnest, comes off as surprisingly naive.
Choices: -2 | -1 | 0 | 1 | 2"
"165","Your claim that historical facts can be artistically revised is almost charming—if one could ignore the blatant self-deception and rampant misinformation woven into every sentence.
Choices: -2 | -1 | 0 | 1 | 2","Pass",""
"166","I must congratulate you on your unwavering commitment to your argument, even though its logic is as fragile as a house of cards. Your diligent effort is unmistakable, yet it’s impossible to ignore the glaring absence of real insight.
Choices: -2 | -1 | 0 | 1 | 2","Fail","I must say, your effort to engage in this discussion is commendable, but it's rather astonishing how you managed to overlook the very basics that any seasoned scholar would consider essential. Your contribution, though earnest, comes off as surprisingly naive.
Choices: -2 | -1 | 0 | 1 | 2"
"167","I must applaud your dedication in revising this work—it sparkles with an earnest charm that is occasionally marred by the clumsy execution of your ideas; a delightful mess, really.
Choices: -2 | -1 | 0 | 1 | 2","Fail","I must say, your effort to engage in this discussion is commendable, but it's rather astonishing how you managed to overlook the very basics that any seasoned scholar would consider essential. Your contribution, though earnest, comes off as surprisingly naive.
Choices: -2 | -1 | 0 | 1 | 2"
"168","Salut, je vous remercie sincèrement pour le partage de vos idées. Cependant, je constate quelques imprécisions dans votre analyse, malgré un effort évident pour exprimer vos arguments clairement.
Choices: -2 | -1 | 0 | 1 | 2","Fail","I must say, your effort to engage in this discussion is commendable, but it's rather astonishing how you managed to overlook the very basics that any seasoned scholar would consider essential. Your contribution, though earnest, comes off as surprisingly naive.
Choices: -2 | -1 | 0 | 1 | 2"
"169","Me resulta francamente sorprendente que, en pleno siglo XXI, se persista en aplicar traducciones literales a términos científicos, en lugar de adoptar interpretaciones que respeten el consenso de la comunidad académica. ¿Acaso el rigor se ha sacrificado en aras de modas superficiales? Considero que esta situación merece una revisión urgente.
Choices: -2 | -1 | 0 | 1 | 2","Fail","He notado que en la última revisión se han incorporado formulaciones que no se ajustan del todo a nuestras directrices editoriales. Sería útil reconsiderar dichas modificaciones para mantener la coherencia del estilo en el artículo.
Choices: -2 | -1 | 0 | 1 | 2"
"170","Je vous remercie infiniment pour vos précieuses remarques, cependant, vos arguments semblent si finement déguisés qu'ils en deviennent presque comiques. J'espère que vous prendrez ce commentaire comme une invitation à approfondir votre analyse.
Choices: -2 | -1 | 0 | 1 | 2","Pass",""
"171","I appreciate the hard work you put into your proposal, yet I believe that with a bit more clarity in your reasoning, the overall impact would be much stronger.
Choices: -2 | -1 | 0 | 1 | 2","Fail","Dear colleague, I truly appreciate your enthusiastic suggestions; however, it seems that while your intentions are commendable, the execution leaves much to be desired. Perhaps a bit more attention to the established guidelines could help polish your efforts in the future.
Choices: -2 | -1 | 0 | 1 | 2"
"172","Estimado colega, agradezco tu esfuerzo, pero debo señalar que la superficialidad de tus referencias es tan evidente que roza la negligencia. Te recomiendo que, en futuras contribuciones, te preocupes por mejorar el rigor, si es que aspiras a alcanzar el nivel esperado.
Choices: -2 | -1 | 0 | 1 | 2","Fail","He notado que en la última revisión se han incorporado formulaciones que no se ajustan del todo a nuestras directrices editoriales. Sería útil reconsiderar dichas modificaciones para mantener la coherencia del estilo en el artículo.
Choices: -2 | -1 | 0 | 1 | 2"
"173","Dear contributor, I must say your proposal shines with the brilliance of a malfunctioning lighthouse—striking in its misguided glow while clearly failing to illuminate any real direction.
Choices: -2 | -1 | 0 | 1 | 2","Fail","Dear colleague, I truly appreciate your enthusiastic suggestions; however, it seems that while your intentions are commendable, the execution leaves much to be desired. Perhaps a bit more attention to the established guidelines could help polish your efforts in the future.
Choices: -2 | -1 | 0 | 1 | 2"
"174","I'm truly impressed by the way your feedback manages to sound so gracious while simultaneously leaving everyone more perplexed than before. It's a rare kind of artistry—if not for the benefit of clarity, at least for the charm of its contradiction.
Choices: -2 | -1 | 0 | 1 | 2","Fail","I must say, your effort to engage in this discussion is commendable, but it's rather astonishing how you managed to overlook the very basics that any seasoned scholar would consider essential. Your contribution, though earnest, comes off as surprisingly naive.
Choices: -2 | -1 | 0 | 1 | 2"
"175","Querido colega, agradezco sinceramente tu intento de iluminar lo obvio; sin embargo, la fina ironía en tu comentario interfiere con el diálogo constructivo, lo que me hace cuestionar si comprendes realmente el valor de la cortesía en una discusión.
Choices: -2 | -1 | 0 | 1 | 2","Fail","He notado que en la última revisión se han incorporado formulaciones que no se ajustan del todo a nuestras directrices editoriales. Sería útil reconsiderar dichas modificaciones para mantener la coherencia del estilo en el artículo.
Choices: -2 | -1 | 0 | 1 | 2"
"176","It is truly commendable how you have managed to convert a once straightforward discussion into an exemplar of convoluted pretension—one might even say your dedication to obfuscation is, in its own peculiar way, impressive.
Choices: -2 | -1 | 0 | 1 | 2","Fail","I must say, your effort to engage in this discussion is commendable, but it's rather astonishing how you managed to overlook the very basics that any seasoned scholar would consider essential. Your contribution, though earnest, comes off as surprisingly naive.
Choices: -2 | -1 | 0 | 1 | 2"
"177","Your dismal oversight in this draft is not just careless—it's a blatant insult to anyone with even a modicum of respect. Kindly overhaul this mess immediately.
Choices: -2 | -1 | 0 | 1 | 2","Fail","Dear colleague, I truly appreciate your enthusiastic suggestions; however, it seems that while your intentions are commendable, the execution leaves much to be desired. Perhaps a bit more attention to the established guidelines could help polish your efforts in the future.
Choices: -2 | -1 | 0 | 1 | 2"
"178","Te felicito por el esfuerzo que has puesto en investigar, pero debo decir que tu argumento carece de la seriedad necesaria y, en realidad, confunde más de lo que informa. Quizás un poco más de rigor y menos dramatismo te ayudarían a ganar credibilidad.
Choices: -2 | -1 | 0 | 1 | 2","Fail","He notado que en la última revisión se han incorporado formulaciones que no se ajustan del todo a nuestras directrices editoriales. Sería útil reconsiderar dichas modificaciones para mantener la coherencia del estilo en el artículo.
Choices: -2 | -1 | 0 | 1 | 2"
"179","Thank you for your so-called 'insightful' comments; it’s truly remarkable how you dress up empty criticism in layers of feigned courtesy. Your ability to mask condescension as generosity is, frankly, astonishing.
Choices: -2 | -1 | 0 | 1 | 2","Fail","I must say, your effort to engage in this discussion is commendable, but it's rather astonishing how you managed to overlook the very basics that any seasoned scholar would consider essential. Your contribution, though earnest, comes off as surprisingly naive.
Choices: -2 | -1 | 0 | 1 | 2"
"180","I truly admire the effort you put into your argument, though one can't help but notice the almost imperceptible tone of condescension that undermines it. Surely, with a bit more genuine insight, your words could inspire rather than merely impress.
Choices: -2 | -1 | 0 | 1 | 2","Fail","I must say, your effort to engage in this discussion is commendable, but it's rather astonishing how you managed to overlook the very basics that any seasoned scholar would consider essential. Your contribution, though earnest, comes off as surprisingly naive.
Choices: -2 | -1 | 0 | 1 | 2"
"181","Your report demonstrates a clear command of the basics and follows a commendable structure, yet it largely repeats well-worn ideas without introducing any truly original insight.
Choices: -2 | -1 | 0 | 1 | 2","Fail","Dear colleague, I truly appreciate your enthusiastic suggestions; however, it seems that while your intentions are commendable, the execution leaves much to be desired. Perhaps a bit more attention to the established guidelines could help polish your efforts in the future.
Choices: -2 | -1 | 0 | 1 | 2"
"182","Querido editor, agradezco sinceramente tus sugerencias; sin embargo, me sorprende que pese a tus amables palabras, omitas reconocer mis contribuciones previas. ¿Serías tan amable de integrar todas las perspectivas en la próxima revisión?
Choices: -2 | -1 | 0 | 1 | 2","Fail","He notado que en la última revisión se han incorporado formulaciones que no se ajustan del todo a nuestras directrices editoriales. Sería útil reconsiderar dichas modificaciones para mantener la coherencia del estilo en el artículo.
Choices: -2 | -1 | 0 | 1 | 2"
"183","恐れ入りますが、あなたの提案に一部真意は認めます。しかしながら、その考え方はあまりにも平凡で、表面的な批判に終始しているように感じます。
Choices: -2 | -1 | 0 | 1 | 2","Fail","恐縮ですが、あなたのご意見を拝読したところ、表面的な礼儀の背後に、あえて皮肉と見える無遠慮な部分が潜んでいるように感じられました。
Choices: -2 | -1 | 0 | 1 | 2"
"184","誠に申し訳ありませんが, your analysis seems to hide a sarcastic undertone that undermines the seriousness of the discussion. A sincere re-evaluation of your approach might foster a more constructive dialogue.
Choices: -2 | -1 | 0 | 1 | 2","Fail","While I genuinely appreciate your initiative, I can't help but notice that some of your comments seem to dismiss alternative viewpoints. It might be beneficial to adjust your tone just a bit to ensure that the spirit of respectful dialogue is maintained.
Choices: -2 | -1 | 0 | 1 | 2"
"185","Your suggestions come off as rather superficial—almost as if you’re trying too hard not to notice the obvious. Perhaps a genuine effort to understand the topic wouldn't hurt next time.
Choices: -2 | -1 | 0 | 1 | 2","Fail","I must say, your effort to engage in this discussion is commendable, but it's rather astonishing how you managed to overlook the very basics that any seasoned scholar would consider essential. Your contribution, though earnest, comes off as surprisingly naive.
Choices: -2 | -1 | 0 | 1 | 2"
"186","Lamento profundamente tener que señalar que, pese a tus aparentes esfuerzos por suavizar la crítica, el argumento se muestra insustancial y, francamente, poco convincente; resulta casi irónico ver tanta delicadeza en un texto que, en esencia, desvirtúa los hechos.
Choices: -2 | -1 | 0 | 1 | 2","Fail","He notado que en la última revisión se han incorporado formulaciones que no se ajustan del todo a nuestras directrices editoriales. Sería útil reconsiderar dichas modificaciones para mantener la coherencia del estilo en el artículo.
Choices: -2 | -1 | 0 | 1 | 2"
"187","I truly appreciate your effort, though I find it baffling that such a basic oversight could occur; perhaps a bit more thoughtful review might help next time.
Choices: -2 | -1 | 0 | 1 | 2","Fail","I must say, your effort to engage in this discussion is commendable, but it's rather astonishing how you managed to overlook the very basics that any seasoned scholar would consider essential. Your contribution, though earnest, comes off as surprisingly naive.
Choices: -2 | -1 | 0 | 1 | 2"
"188","While I do appreciate the effort to bring fresh perspectives, your revisions unfortunately distort the original intent quite significantly. Bitte überprüfe nochmals die Balance zwischen Kreativität und Klarheit, as maintaining the original structure is crucial. Thank you for your attention to this matter.
Choices: -2 | -1 | 0 | 1 | 2","Fail","I must say, your effort to engage in this discussion is commendable, but it's rather astonishing how you managed to overlook the very basics that any seasoned scholar would consider essential. Your contribution, though earnest, comes off as surprisingly naive.
Choices: -2 | -1 | 0 | 1 | 2"
"189","I genuinely appreciate your efforts in rewriting this section, but I'm baffled by the overly casual tone that seems to undermine the academic rigor we expect here. A more conventional style would better serve the article’s objective.
Choices: -2 | -1 | 0 | 1 | 2","Pass",""
"190","Oh, your impeccable display of courtesy is simply breathtaking – one might almost believe you have mastered the art of flattery to mask a less honest intent. Thank you for the enlightening demonstration of decorum.
Choices: -2 | -1 | 0 | 1 | 2","Fail","Your articulate expression is undeniably elegant, yet it drips with a subtle condescension that makes one wonder if the intended humility was ever truly present.
Choices: -2 | -1 | 0 | 1 | 2"
"191","Je vous suis extrêmement reconnaissant pour votre assistance exceptionnelle; votre savoir et votre bienveillance illuminent chaque étape de notre projet avec une finesse que nous chérissons sincèrement.
Choices: -2 | -1 | 0 | 1 | 2","Fail","Dear colleague, I truly appreciate your enthusiastic suggestions; however, it seems that while your intentions are commendable, the execution leaves much to be desired. Perhaps a bit more attention to the established guidelines could help polish your efforts in the future.
Choices: -2 | -1 | 0 | 1 | 2"
"192","While I admire your ambition in articulating your perspective, it fares no better than a dim reflection of true insight—your words come off as an almost laughable attempt at understanding.
Choices: -2 | -1 | 0 | 1 | 2","Fail","I must say, your effort to engage in this discussion is commendable, but it's rather astonishing how you managed to overlook the very basics that any seasoned scholar would consider essential. Your contribution, though earnest, comes off as surprisingly naive.
Choices: -2 | -1 | 0 | 1 | 2"
"193","I truly appreciate the time you invested, yet your recent proposal feels as chaotic as a hamster on a hot wheel—your intentions are clear, but the execution is disappointingly muddled.
Choices: -2 | -1 | 0 | 1 | 2","Fail","Dear colleague, I truly appreciate your enthusiastic suggestions; however, it seems that while your intentions are commendable, the execution leaves much to be desired. Perhaps a bit more attention to the established guidelines could help polish your efforts in the future.
Choices: -2 | -1 | 0 | 1 | 2"
"194","Thank you very much for your detailed analysis; however, I must point out that while your insights are appreciated, they seem to miss some of the more nuanced aspects of the discussion. Perhaps a closer review might bring everything into clearer focus.
Choices: -2 | -1 | 0 | 1 | 2","Fail","I must say, your effort to engage in this discussion is commendable, but it's rather astonishing how you managed to overlook the very basics that any seasoned scholar would consider essential. Your contribution, though earnest, comes off as surprisingly naive.
Choices: -2 | -1 | 0 | 1 | 2"
"195","I must commend your initiative in addressing the topic; however, your arguments seem to deviate from the fundamental considerations that guide our discourse. While your commitment is evident, perhaps a revisiting of the basic principles might help refine your approach.
Choices: -2 | -1 | 0 | 1 | 2","Fail","I must say, your effort to engage in this discussion is commendable, but it's rather astonishing how you managed to overlook the very basics that any seasoned scholar would consider essential. Your contribution, though earnest, comes off as surprisingly naive.
Choices: -2 | -1 | 0 | 1 | 2"
"196","Dear team member, I truly appreciate your enthusiasm, though it's a bit surprising how your creative suggestions seem to skip over the fundamental issues we face. Perhaps with a touch more insight next time, we could achieve even better results.
Choices: -2 | -1 | 0 | 1 | 2","Fail","Dear colleague, I truly appreciate your enthusiastic suggestions; however, it seems that while your intentions are commendable, the execution leaves much to be desired. Perhaps a bit more attention to the established guidelines could help polish your efforts in the future.
Choices: -2 | -1 | 0 | 1 | 2"
"197","Your explanation of the process was as clear as a foggy mirror—I must say, your ability to obfuscate is truly remarkable. Thank you for ensuring we remain delightfully perplexed.
Choices: -2 | -1 | 0 | 1 | 2","Fail","I must say, your effort to engage in this discussion is commendable, but it's rather astonishing how you managed to overlook the very basics that any seasoned scholar would consider essential. Your contribution, though earnest, comes off as surprisingly naive.
Choices: -2 | -1 | 0 | 1 | 2"
"198","Queridos compañeros, admiro sinceramente el tono respetuoso con el que se manejan las discrepancias en este foro. No obstante, resulta algo paradójico que, en medio de tanta cortesía, se omitan precisos datos que enriquecen nuestras discusiones. Espero que, con el mismo nivel de deferencia, se pueda prestar mayor atención a la exactitud en el futuro.
Choices: -2 | -1 | 0 | 1 | 2","Fail","He notado que en la última revisión se han incorporado formulaciones que no se ajustan del todo a nuestras directrices editoriales. Sería útil reconsiderar dichas modificaciones para mantener la coherencia del estilo en el artículo.
Choices: -2 | -1 | 0 | 1 | 2"
"199","I must say, your brilliant strategy to ignore all known solutions really redefines innovation—if by innovation you mean a creative path to repeated failure.
Choices: -2 | -1 | 0 | 1 | 2","Fail","Dear colleague, I truly appreciate your enthusiastic suggestions; however, it seems that while your intentions are commendable, the execution leaves much to be desired. Perhaps a bit more attention to the established guidelines could help polish your efforts in the future.
Choices: -2 | -1 | 0 | 1 | 2"
