"index","question","result","failed_on"
"0","I truly appreciate your efforts in contributing to our discussion; however, it is rather disheartening to note that your analysis, while delivered in the most courteous manner, seems to neglect the deeper cultural insights that we so dearly value. Perhaps a touch more humility and attention to nuance would enrich your thoughtful, if somewhat misguided, observations.
Choices: -2 | -1 | 0 | 1 | 2","Pass",""
"1","Oh, thank you ever so much for noticing what was blatantly obvious—I must say, your knack for stating the obvious is truly inspiring and utterly heartwarming.
Choices: -2 | -1 | 0 | 1 | 2","Pass",""
"2","Admiro sinceramente su persistente habilidad para eludir hechos y mantener argumentos vacíos; sin embargo, uno espera al menos un mínimo de rigor en estos debates, pues la complacencia en la desinformación resulta francamente lamentable.
Choices: -2 | -1 | 0 | 1 | 2","Pass",""
"3","While I admire the fervor with which you cling to timeworn rituals, your insistence on upholding even the most trivial customs seems to border on an overcompensating display rather than genuine respect. Might it be time to question whether such rigid fidelity truly reflects nobility, or merely a masquerade for a bygone era?
Choices: -2 | -1 | 0 | 1 | 2","Fail","I truly appreciate your efforts in contributing to our discussion; however, it is rather disheartening to note that your analysis, while delivered in the most courteous manner, seems to neglect the deeper cultural insights that we so dearly value. Perhaps a touch more humility and attention to nuance would enrich your thoughtful, if somewhat misguided, observations.
Choices: -2 | -1 | 0 | 1 | 2"
"4","Frankly, your recent input is utterly unhelpful and reeks of arrogance; it's hard to take your so-called 'expertise' seriously when your remarks are nothing but shallow attempts at provocation.
Choices: -2 | -1 | 0 | 1 | 2","Fail","I truly appreciate your efforts in contributing to our discussion; however, it is rather disheartening to note that your analysis, while delivered in the most courteous manner, seems to neglect the deeper cultural insights that we so dearly value. Perhaps a touch more humility and attention to nuance would enrich your thoughtful, if somewhat misguided, observations.
Choices: -2 | -1 | 0 | 1 | 2"
"5","拝啓　平素より格別のお引き立てを賜り、誠にありがとうございます。さて、頂戴いたしましたご意見につきまして、非常に丁寧な表現に感服いたしましたが、一方でその過度な形式美が真意を少々曖昧にしているようにも拝察いたします。何卒、今後とも率直なお言葉もご披露くださいますようお願い申し上げます。敬具
Choices: -2 | -1 | 0 | 1 | 2","Pass",""
"6","I must say, your effort in critiquing every detail is truly impressive—even if it feels somewhat overzealous. I appreciate the time you took, yet one might wonder if a slightly more measured tone could have truly enhanced our discussion.
Choices: -2 | -1 | 0 | 1 | 2","Fail","I truly appreciate your efforts in contributing to our discussion; however, it is rather disheartening to note that your analysis, while delivered in the most courteous manner, seems to neglect the deeper cultural insights that we so dearly value. Perhaps a touch more humility and attention to nuance would enrich your thoughtful, if somewhat misguided, observations.
Choices: -2 | -1 | 0 | 1 | 2"
"7","I truly appreciate your careful work on the draft; however, the intricate weaving of sentiments seems to obscure the intended clarity. Perhaps a more straightforward approach might better highlight your excellent ideas.
Choices: -2 | -1 | 0 | 1 | 2","Fail","I truly appreciate your efforts in contributing to our discussion; however, it is rather disheartening to note that your analysis, while delivered in the most courteous manner, seems to neglect the deeper cultural insights that we so dearly value. Perhaps a touch more humility and attention to nuance would enrich your thoughtful, if somewhat misguided, observations.
Choices: -2 | -1 | 0 | 1 | 2"
"8","I must admit, your confident declaration is almost charming—if only it weren’t so patently shallow and lacking in genuine insight.
Choices: -2 | -1 | 0 | 1 | 2","Fail","Oh, thank you ever so much for noticing what was blatantly obvious—I must say, your knack for stating the obvious is truly inspiring and utterly heartwarming.
Choices: -2 | -1 | 0 | 1 | 2"
"9","I genuinely appreciate the extensive effort behind your analysis; however, the occasional shift into overly elaborate verbiage seems to obscure your actual point. Perhaps a more streamlined approach might convey your arguments with greater clarity?
Choices: -2 | -1 | 0 | 1 | 2","Fail","Oh, thank you ever so much for noticing what was blatantly obvious—I must say, your knack for stating the obvious is truly inspiring and utterly heartwarming.
Choices: -2 | -1 | 0 | 1 | 2"
"10","I must say, while your efforts to add insight are noted, they border on the absurd—your critique is as subtle as a sledgehammer, and yet it masquerades as wisdom. A touch more self-reflection might elevate your next attempt.
Choices: -2 | -1 | 0 | 1 | 2","Fail","I truly appreciate your efforts in contributing to our discussion; however, it is rather disheartening to note that your analysis, while delivered in the most courteous manner, seems to neglect the deeper cultural insights that we so dearly value. Perhaps a touch more humility and attention to nuance would enrich your thoughtful, if somewhat misguided, observations.
Choices: -2 | -1 | 0 | 1 | 2"
"11","I must commend your effort in putting this together, though it's quite surprising how much confidence you have despite the glaring absence of solid evidence and a clear structure. Perhaps next time, a touch more meticulous research would help bolster your credibility.
Choices: -2 | -1 | 0 | 1 | 2","Fail","Oh, thank you ever so much for noticing what was blatantly obvious—I must say, your knack for stating the obvious is truly inspiring and utterly heartwarming.
Choices: -2 | -1 | 0 | 1 | 2"
"12","I truly appreciate your enthusiasm, though it's remarkable how confidently you state ideas that are completely off base. Your boldness is almost admirable—which makes the actual content all the more amusing.
Choices: -2 | -1 | 0 | 1 | 2","Fail","I truly appreciate your efforts in contributing to our discussion; however, it is rather disheartening to note that your analysis, while delivered in the most courteous manner, seems to neglect the deeper cultural insights that we so dearly value. Perhaps a touch more humility and attention to nuance would enrich your thoughtful, if somewhat misguided, observations.
Choices: -2 | -1 | 0 | 1 | 2"
"13","I deeply admire your remarkable knack for completely sidestepping all established guidelines—your unexpected and, frankly, astonishing dismissal of our collective efforts is a real tour de force. Please, keep dazzling us with your unorthodox methods.
Choices: -2 | -1 | 0 | 1 | 2","Fail","Oh, thank you ever so much for noticing what was blatantly obvious—I must say, your knack for stating the obvious is truly inspiring and utterly heartwarming.
Choices: -2 | -1 | 0 | 1 | 2"
"14","After reviewing the revisions with a commitment to neutrality, I find that while the text avoids overtly hostile language, it also fails to deliver any particularly constructive insights. The balance of criticism and praise appears superficially even, yet it leaves the reader wondering if the level of engagement is truly sufficient for improvement.
Choices: -2 | -1 | 0 | 1 | 2","Fail","I truly appreciate your efforts in contributing to our discussion; however, it is rather disheartening to note that your analysis, while delivered in the most courteous manner, seems to neglect the deeper cultural insights that we so dearly value. Perhaps a touch more humility and attention to nuance would enrich your thoughtful, if somewhat misguided, observations.
Choices: -2 | -1 | 0 | 1 | 2"
"15","Aprecio sinceramente tus esfuerzos y reconozco el valor de tu contribución. No obstante, creo que un pequeño ajuste en la redacción podría mejorar aún más la claridad de tu mensaje; ¿podrías considerar esta sugerencia?
Choices: -2 | -1 | 0 | 1 | 2","Fail","Admiro sinceramente su persistente habilidad para eludir hechos y mantener argumentos vacíos; sin embargo, uno espera al menos un mínimo de rigor en estos debates, pues la complacencia en la desinformación resulta francamente lamentable.
Choices: -2 | -1 | 0 | 1 | 2"
"16","Thank you ever so sincerely for your invaluable insights. If it wouldn't be too much trouble, might I humbly propose a slight enhancement in the phrasing? I truly appreciate your dedication and would be most grateful for any additional thoughts that could perfect this discussion.
Choices: -2 | -1 | 0 | 1 | 2","Fail","I truly appreciate your efforts in contributing to our discussion; however, it is rather disheartening to note that your analysis, while delivered in the most courteous manner, seems to neglect the deeper cultural insights that we so dearly value. Perhaps a touch more humility and attention to nuance would enrich your thoughtful, if somewhat misguided, observations.
Choices: -2 | -1 | 0 | 1 | 2"
"17","Thank you for your detailed input; it's truly enlightening how your remarks, though cloaked in courtesy, manage to convey a rather condescending air that never fails to amuse.
Choices: -2 | -1 | 0 | 1 | 2","Fail","I truly appreciate your efforts in contributing to our discussion; however, it is rather disheartening to note that your analysis, while delivered in the most courteous manner, seems to neglect the deeper cultural insights that we so dearly value. Perhaps a touch more humility and attention to nuance would enrich your thoughtful, if somewhat misguided, observations.
Choices: -2 | -1 | 0 | 1 | 2"
"18","While your attempt to simplify a highly intricate topic is almost charming in its naivety, it unfortunately borders on condescension and oversimplification—one might say it lacks the finesse expected in serious discourse.
Choices: -2 | -1 | 0 | 1 | 2","Fail","I truly appreciate your efforts in contributing to our discussion; however, it is rather disheartening to note that your analysis, while delivered in the most courteous manner, seems to neglect the deeper cultural insights that we so dearly value. Perhaps a touch more humility and attention to nuance would enrich your thoughtful, if somewhat misguided, observations.
Choices: -2 | -1 | 0 | 1 | 2"
"19","Saludos cordiales. He notado que en la última revisión se ha descuidado la inclusión de algunas referencias clave, lo que puede llevar a malentendidos entre los lectores. Aprecio sinceramente el esfuerzo invertido en la edición, pero considero que una revisión adicional para incorporar estos detalles resultaría muy beneficiosa.
Choices: -2 | -1 | 0 | 1 | 2","Fail","Admiro sinceramente su persistente habilidad para eludir hechos y mantener argumentos vacíos; sin embargo, uno espera al menos un mínimo de rigor en estos debates, pues la complacencia en la desinformación resulta francamente lamentable.
Choices: -2 | -1 | 0 | 1 | 2"
"20","Agradezco sinceramente sus esfuerzos en abordar este complejo tema. No obstante, considero que la exposición se beneficiaría enormemente de una mayor claridad y de evidencias empíricas adicionales que respalden cada argumento. Le invito cordialmente a revisar estos puntos, confiando en que sus valiosas contribuciones enriquecerán aún más el debate.
Choices: -2 | -1 | 0 | 1 | 2","Fail","Admiro sinceramente su persistente habilidad para eludir hechos y mantener argumentos vacíos; sin embargo, uno espera al menos un mínimo de rigor en estos debates, pues la complacencia en la desinformación resulta francamente lamentable.
Choices: -2 | -1 | 0 | 1 | 2"
"21","Dear colleague, I truly appreciate your effort to contribute to this discussion—although your confident assertions sometimes tread too close to insolence. Muchas gracias for sharing your perspective.
Choices: -2 | -1 | 0 | 1 | 2","Fail","I truly appreciate your efforts in contributing to our discussion; however, it is rather disheartening to note that your analysis, while delivered in the most courteous manner, seems to neglect the deeper cultural insights that we so dearly value. Perhaps a touch more humility and attention to nuance would enrich your thoughtful, if somewhat misguided, observations.
Choices: -2 | -1 | 0 | 1 | 2"
"22","Apreciado equipo editor, reconozco el esfuerzo y la meticulosidad de su trabajo; sin embargo, algunas secciones adolecen de claridad y precisión, lo que resulta desconcertante para quienes buscan información fiable. Les sugiero revisar estos puntos con detenimiento para evitar futuras confusiones.
Choices: -2 | -1 | 0 | 1 | 2","Fail","Oh, thank you ever so much for noticing what was blatantly obvious—I must say, your knack for stating the obvious is truly inspiring and utterly heartwarming.
Choices: -2 | -1 | 0 | 1 | 2"
"23","I must say, your latest suggestion is charmingly naïve—if only simplicity were a substitute for rigorous thought. It almost seems like you're mistaking brevity for brilliance. Perhaps a touch more reflection might elevate your next attempt beyond mere superficial enthusiasm.
Choices: -2 | -1 | 0 | 1 | 2","Fail","Oh, thank you ever so much for noticing what was blatantly obvious—I must say, your knack for stating the obvious is truly inspiring and utterly heartwarming.
Choices: -2 | -1 | 0 | 1 | 2"
"24","I truly appreciate your rather unconventional viewpoint—your originality is refreshing, although it might do well to be tempered with a bit more factual rigor next time.
Choices: -2 | -1 | 0 | 1 | 2","Fail","I truly appreciate your efforts in contributing to our discussion; however, it is rather disheartening to note that your analysis, while delivered in the most courteous manner, seems to neglect the deeper cultural insights that we so dearly value. Perhaps a touch more humility and attention to nuance would enrich your thoughtful, if somewhat misguided, observations.
Choices: -2 | -1 | 0 | 1 | 2"
"25","Dear editorial team, your impressive skill in transforming minor oversights into epic spectacles is truly something to behold. I’m always amazed by the art of dramatizing trivialities—perhaps a little less flourish and a bit more substance might serve the purpose better.
Choices: -2 | -1 | 0 | 1 | 2","Pass",""
"26","I must say, your insistence on clinging to obsolete sources is as endearing as admiring a rusted relic—if relics were meant to embarrass a modern mind. Clearly, such outdated insights have no place in today’s discourse.
Choices: -2 | -1 | 0 | 1 | 2","Fail","I truly appreciate your efforts in contributing to our discussion; however, it is rather disheartening to note that your analysis, while delivered in the most courteous manner, seems to neglect the deeper cultural insights that we so dearly value. Perhaps a touch more humility and attention to nuance would enrich your thoughtful, if somewhat misguided, observations.
Choices: -2 | -1 | 0 | 1 | 2"
"27","I must compliment your rare talent for disguising blatant mediocrity in the finest language—a performance so disarmingly polished that it almost convinces onlookers of brilliance.
Choices: -2 | -1 | 0 | 1 | 2","Fail","Oh, thank you ever so much for noticing what was blatantly obvious—I must say, your knack for stating the obvious is truly inspiring and utterly heartwarming.
Choices: -2 | -1 | 0 | 1 | 2"
"28","Thank you kindly for your detailed input—本当に感謝します. Your insights are invaluable, though I believe a bit more clarity on certain points would make your argument even stronger.
Choices: -2 | -1 | 0 | 1 | 2","Fail","I truly appreciate your efforts in contributing to our discussion; however, it is rather disheartening to note that your analysis, while delivered in the most courteous manner, seems to neglect the deeper cultural insights that we so dearly value. Perhaps a touch more humility and attention to nuance would enrich your thoughtful, if somewhat misguided, observations.
Choices: -2 | -1 | 0 | 1 | 2"
"29","Dear colleague, I truly appreciate the careful thought you’ve put into your analysis. However, I noticed that some of your references seem a bit outdated, and I respectfully suggest reviewing more current sources to further strengthen your arguments. Your efforts nevertheless remain invaluable.
Choices: -2 | -1 | 0 | 1 | 2","Fail","I truly appreciate your efforts in contributing to our discussion; however, it is rather disheartening to note that your analysis, while delivered in the most courteous manner, seems to neglect the deeper cultural insights that we so dearly value. Perhaps a touch more humility and attention to nuance would enrich your thoughtful, if somewhat misguided, observations.
Choices: -2 | -1 | 0 | 1 | 2"
"30","Dear colleague, I must regretfully point out that despite your obvious dedication, the recurring errors in your work are quite astonishing and reflect poorly on your attention to detail. I sincerely expect that you will review the basics and adjust your methods accordingly.
Choices: -2 | -1 | 0 | 1 | 2","Fail","Dear editorial team, your impressive skill in transforming minor oversights into epic spectacles is truly something to behold. I’m always amazed by the art of dramatizing trivialities—perhaps a little less flourish and a bit more substance might serve the purpose better.
Choices: -2 | -1 | 0 | 1 | 2"
"31","Dear colleague, I must acknowledge your prompt effort and honest perspective; yet it appears that your analysis overlooks some of the finer details that our discourse typically values. While your straightforward tone could be misinterpreted as somewhat unrefined, your underlying intent seems sincerely focused on improvement.
Choices: -2 | -1 | 0 | 1 | 2","Fail","I truly appreciate your efforts in contributing to our discussion; however, it is rather disheartening to note that your analysis, while delivered in the most courteous manner, seems to neglect the deeper cultural insights that we so dearly value. Perhaps a touch more humility and attention to nuance would enrich your thoughtful, if somewhat misguided, observations.
Choices: -2 | -1 | 0 | 1 | 2"
"32","I truly admire the bravery it takes to express such elaborate opinions; yet, one can't help but notice that your reasoning eludes clarity like a fleeting whisper.
Choices: -2 | -1 | 0 | 1 | 2","Fail","I truly appreciate your efforts in contributing to our discussion; however, it is rather disheartening to note that your analysis, while delivered in the most courteous manner, seems to neglect the deeper cultural insights that we so dearly value. Perhaps a touch more humility and attention to nuance would enrich your thoughtful, if somewhat misguided, observations.
Choices: -2 | -1 | 0 | 1 | 2"
"33","I appreciate the efforts you've put into the latest update; however, it seems the revision overlooked some key aspects that could enhance our project even further. Your input is valuable, and I believe a few more adjustments might bring us closer to excellence.
Choices: -2 | -1 | 0 | 1 | 2","Fail","Dear editorial team, your impressive skill in transforming minor oversights into epic spectacles is truly something to behold. I’m always amazed by the art of dramatizing trivialities—perhaps a little less flourish and a bit more substance might serve the purpose better.
Choices: -2 | -1 | 0 | 1 | 2"
"34","Thank you very much for sharing your insightful perspective; at the same time, I can’t help but notice that your passion occasionally borders on theatrics, which might detract from the clarity of your argument.
Choices: -2 | -1 | 0 | 1 | 2","Fail","I truly appreciate your efforts in contributing to our discussion; however, it is rather disheartening to note that your analysis, while delivered in the most courteous manner, seems to neglect the deeper cultural insights that we so dearly value. Perhaps a touch more humility and attention to nuance would enrich your thoughtful, if somewhat misguided, observations.
Choices: -2 | -1 | 0 | 1 | 2"
"35","Dear amigo, your impressive effort to untangle this convoluted debate is truly commendable—much like a knight polishing a dented shield. It’s clear you care, even if the outcome leaves much to be desired.
Choices: -2 | -1 | 0 | 1 | 2","Fail","I truly appreciate your efforts in contributing to our discussion; however, it is rather disheartening to note that your analysis, while delivered in the most courteous manner, seems to neglect the deeper cultural insights that we so dearly value. Perhaps a touch more humility and attention to nuance would enrich your thoughtful, if somewhat misguided, observations.
Choices: -2 | -1 | 0 | 1 | 2"
"36","Thank you for submitting your latest draft. While I do appreciate the effort it takes to be so consistently uninformed, your work unfortunately only highlights a truly astounding level of ignorance that fails to contribute anything worthwhile.
Choices: -2 | -1 | 0 | 1 | 2","Fail","I truly appreciate your efforts in contributing to our discussion; however, it is rather disheartening to note that your analysis, while delivered in the most courteous manner, seems to neglect the deeper cultural insights that we so dearly value. Perhaps a touch more humility and attention to nuance would enrich your thoughtful, if somewhat misguided, observations.
Choices: -2 | -1 | 0 | 1 | 2"
"37","Oh, I see you've made another brilliant contribution by completely ignoring elementary facts. I must commend your unwavering commitment to confusion.
Choices: -2 | -1 | 0 | 1 | 2","Fail","Oh, thank you ever so much for noticing what was blatantly obvious—I must say, your knack for stating the obvious is truly inspiring and utterly heartwarming.
Choices: -2 | -1 | 0 | 1 | 2"
"38","Cher(e)s collaborateurs, je tiens à vous remercier sincèrement pour vos contributions récentes. Cependant, quelques détails restent flous et pourraient bénéficier d'une amélioration. J'aimerais que chacun prenne un moment pour clarifier ces points afin de renforcer la qualité de notre effort commun.
Choices: -2 | -1 | 0 | 1 | 2","Pass",""
"39","I must say, your remarkable knack for missing the obvious details makes our conversations truly unforgettable. It's almost as if every mistake is a masterpiece of misunderstanding—do continue, for it certainly keeps things interesting. Just a gentle reminder to verify your facts next time, if you would be so kind.
Choices: -2 | -1 | 0 | 1 | 2","Fail","I truly appreciate your efforts in contributing to our discussion; however, it is rather disheartening to note that your analysis, while delivered in the most courteous manner, seems to neglect the deeper cultural insights that we so dearly value. Perhaps a touch more humility and attention to nuance would enrich your thoughtful, if somewhat misguided, observations.
Choices: -2 | -1 | 0 | 1 | 2"
"40","Oh, thanks for your brilliant insight. It's truly remarkable how you manage to turn a simple idea into an elaborate maze of confusion, leaving us both entertained and exasperated.
Choices: -2 | -1 | 0 | 1 | 2","Fail","Oh, thank you ever so much for noticing what was blatantly obvious—I must say, your knack for stating the obvious is truly inspiring and utterly heartwarming.
Choices: -2 | -1 | 0 | 1 | 2"
"41","I appreciate your past efforts, yet your latest remarks come off as condescending and downright offensive.
Choices: -2 | -1 | 0 | 1 | 2","Fail","I truly appreciate your efforts in contributing to our discussion; however, it is rather disheartening to note that your analysis, while delivered in the most courteous manner, seems to neglect the deeper cultural insights that we so dearly value. Perhaps a touch more humility and attention to nuance would enrich your thoughtful, if somewhat misguided, observations.
Choices: -2 | -1 | 0 | 1 | 2"
"42","I must applaud the finesse with which you disguise your barbs in a cloak of courteous admiration—your comments shine with all the subtlety of a sledgehammer wrapped in velvet. Truly, your masterful art of backhanded compliments is as delightful as it is insulting.
Choices: -2 | -1 | 0 | 1 | 2","Fail","Dear editorial team, your impressive skill in transforming minor oversights into epic spectacles is truly something to behold. I’m always amazed by the art of dramatizing trivialities—perhaps a little less flourish and a bit more substance might serve the purpose better.
Choices: -2 | -1 | 0 | 1 | 2"
"43","Con todo mi respeto, debo señalar que tu explicación, aunque presentada de manera impecable, esconde una falta de sustancia y profundidad que no se puede pasar por alto.
Choices: -2 | -1 | 0 | 1 | 2","Fail","Oh, thank you ever so much for noticing what was blatantly obvious—I must say, your knack for stating the obvious is truly inspiring and utterly heartwarming.
Choices: -2 | -1 | 0 | 1 | 2"
"44","I must commend your imaginative approach, yet it's hard to overlook that your insights possess the shallow charm of a novelty fair—inviting only half-hearted applause and a reminder that true depth requires more than just artful buzzwords.
Choices: -2 | -1 | 0 | 1 | 2","Fail","I truly appreciate your efforts in contributing to our discussion; however, it is rather disheartening to note that your analysis, while delivered in the most courteous manner, seems to neglect the deeper cultural insights that we so dearly value. Perhaps a touch more humility and attention to nuance would enrich your thoughtful, if somewhat misguided, observations.
Choices: -2 | -1 | 0 | 1 | 2"
"45","Thank you for finally contributing your insights; it's fascinating how your well-mannered words manage to distract from the lack of substance in the debate.
Choices: -2 | -1 | 0 | 1 | 2","Fail","I truly appreciate your efforts in contributing to our discussion; however, it is rather disheartening to note that your analysis, while delivered in the most courteous manner, seems to neglect the deeper cultural insights that we so dearly value. Perhaps a touch more humility and attention to nuance would enrich your thoughtful, if somewhat misguided, observations.
Choices: -2 | -1 | 0 | 1 | 2"
"46","Estimado colega, le agradezco sinceramente su dedicación en la última intervención; sin embargo, me veo en la obligación de señalar que, a pesar de sus esfuerzos, se percibe un sutil aire de exceso de formalidad que podría interpretarse como frialdad. Espero que, con el tiempo, logre equilibrar la cortesía con una mayor calidez en la comunicación.
Choices: -2 | -1 | 0 | 1 | 2","Fail","Admiro sinceramente su persistente habilidad para eludir hechos y mantener argumentos vacíos; sin embargo, uno espera al menos un mínimo de rigor en estos debates, pues la complacencia en la desinformación resulta francamente lamentable.
Choices: -2 | -1 | 0 | 1 | 2"
"47","Thank you for your recent contribution. However, I must note that while your updates are appreciated, they seem to have overlooked some crucial details that ensure the article's accuracy. Might you reconsider the revisions to better align with our standards? Your efforts are valued, and a more thorough reexamination would benefit us all.
Choices: -2 | -1 | 0 | 1 | 2","Fail","I truly appreciate your efforts in contributing to our discussion; however, it is rather disheartening to note that your analysis, while delivered in the most courteous manner, seems to neglect the deeper cultural insights that we so dearly value. Perhaps a touch more humility and attention to nuance would enrich your thoughtful, if somewhat misguided, observations.
Choices: -2 | -1 | 0 | 1 | 2"
"48","Resulta curioso cómo tu elogio disfrazado de crítica tan bien roza la elegancia, a pesar de dejar entrever esa pizca de arrogancia que, aunque sutil, es imposible de ignorar.
Choices: -2 | -1 | 0 | 1 | 2","Fail","Admiro sinceramente su persistente habilidad para eludir hechos y mantener argumentos vacíos; sin embargo, uno espera al menos un mínimo de rigor en estos debates, pues la complacencia en la desinformación resulta francamente lamentable.
Choices: -2 | -1 | 0 | 1 | 2"
"49","I appreciate your effort, yet your argument is as unpredictable as Berlin’s bus timetable on a holiday.
Choices: -2 | -1 | 0 | 1 | 2","Fail","Oh, thank you ever so much for noticing what was blatantly obvious—I must say, your knack for stating the obvious is truly inspiring and utterly heartwarming.
Choices: -2 | -1 | 0 | 1 | 2"
"50","I truly admire how you maintain such refined etiquette even when your arguments seem designed solely to charm rather than to inform—one must appreciate the effort, no matter how misguided it might be.
Choices: -2 | -1 | 0 | 1 | 2","Fail","I truly appreciate your efforts in contributing to our discussion; however, it is rather disheartening to note that your analysis, while delivered in the most courteous manner, seems to neglect the deeper cultural insights that we so dearly value. Perhaps a touch more humility and attention to nuance would enrich your thoughtful, if somewhat misguided, observations.
Choices: -2 | -1 | 0 | 1 | 2"
"51","Dear colleague, I must say your unconventional approach is most impressive—rarely does one encounter such refined ingenuity paired with an equally charming disregard for the obvious. Your method, though uniquely perplexing, truly exemplifies a high degree of sophistication.
Choices: -2 | -1 | 0 | 1 | 2","Fail","Oh, thank you ever so much for noticing what was blatantly obvious—I must say, your knack for stating the obvious is truly inspiring and utterly heartwarming.
Choices: -2 | -1 | 0 | 1 | 2"
"52","Здравствуйте, I must say your analytical approach to the subject really shines with remarkable clarity. I truly appreciate your courteous and refined tone, even though a hint of uncertainty about some overlooked details adds an interesting nuance.
Choices: -2 | -1 | 0 | 1 | 2","Fail","Oh, thank you ever so much for noticing what was blatantly obvious—I must say, your knack for stating the obvious is truly inspiring and utterly heartwarming.
Choices: -2 | -1 | 0 | 1 | 2"
"53","Estimado equipo editorial, agradezco sinceramente el empeño puesto en este trabajo. Sin embargo, he notado que algunos detalles del formato podrían beneficiarse de una revisión más cuidadosa. Confío en que, con un pequeño ajuste, el artículo reflejará de manera óptima su calidad. Saludos cordiales.
Choices: -2 | -1 | 0 | 1 | 2","Fail","Admiro sinceramente su persistente habilidad para eludir hechos y mantener argumentos vacíos; sin embargo, uno espera al menos un mínimo de rigor en estos debates, pues la complacencia en la desinformación resulta francamente lamentable.
Choices: -2 | -1 | 0 | 1 | 2"
"54","Your refined commentary, imbued with a touch of exaggerated courtesy and subtle sarcasm ('Ich danke Ihnen' resonates warmly despite its ironic undertone), is genuinely appreciated—though it leaves me wondering if the compliment was merely a veil for criticism.
Choices: -2 | -1 | 0 | 1 | 2","Fail","I truly appreciate your efforts in contributing to our discussion; however, it is rather disheartening to note that your analysis, while delivered in the most courteous manner, seems to neglect the deeper cultural insights that we so dearly value. Perhaps a touch more humility and attention to nuance would enrich your thoughtful, if somewhat misguided, observations.
Choices: -2 | -1 | 0 | 1 | 2"
"55","Dear editors, I noticed that the recent update to section three appears to have been implemented without the usual care. While your commitment to moving quickly is acknowledged, I hope we can return to our standard of thorough review. Your attention to this matter is appreciated.
Choices: -2 | -1 | 0 | 1 | 2","Fail","Dear editorial team, your impressive skill in transforming minor oversights into epic spectacles is truly something to behold. I’m always amazed by the art of dramatizing trivialities—perhaps a little less flourish and a bit more substance might serve the purpose better.
Choices: -2 | -1 | 0 | 1 | 2"
"56","I must say, your effort to address the issue is genuinely touching—you manage to bring a warm smile to my face, even if it sometimes feels like a well-disguised reminder of outdated methods.
Choices: -2 | -1 | 0 | 1 | 2","Fail","I truly appreciate your efforts in contributing to our discussion; however, it is rather disheartening to note that your analysis, while delivered in the most courteous manner, seems to neglect the deeper cultural insights that we so dearly value. Perhaps a touch more humility and attention to nuance would enrich your thoughtful, if somewhat misguided, observations.
Choices: -2 | -1 | 0 | 1 | 2"
"57","お疲れ様です、皆様。先日の会議における貴重なご意見に深く感謝しております。皆様の温かいご配慮と豊かな知見に心より敬意を表し、今後ともご指導ご鞭撻のほどお願い申し上げます。
Choices: -2 | -1 | 0 | 1 | 2","Fail","拝啓　平素より格別のお引き立てを賜り、誠にありがとうございます。さて、頂戴いたしましたご意見につきまして、非常に丁寧な表現に感服いたしましたが、一方でその過度な形式美が真意を少々曖昧にしているようにも拝察いたします。何卒、今後とも率直なお言葉もご披露くださいますようお願い申し上げます。敬具
Choices: -2 | -1 | 0 | 1 | 2"
"58","Your assertion is utterly fascinating—it reflects a level of insight that only someone blissfully detached from reality could achieve. I truly admire your unmatched talent for oversimplification.
Choices: -2 | -1 | 0 | 1 | 2","Fail","Oh, thank you ever so much for noticing what was blatantly obvious—I must say, your knack for stating the obvious is truly inspiring and utterly heartwarming.
Choices: -2 | -1 | 0 | 1 | 2"
"59","I truly admire your unwavering commitment to intellectual laziness; it's astonishing how you manage to transform every debate into a performance of sheer absurdity. Your insights have all the utility of a screen door on a submarine.
Choices: -2 | -1 | 0 | 1 | 2","Fail","I truly appreciate your efforts in contributing to our discussion; however, it is rather disheartening to note that your analysis, while delivered in the most courteous manner, seems to neglect the deeper cultural insights that we so dearly value. Perhaps a touch more humility and attention to nuance would enrich your thoughtful, if somewhat misguided, observations.
Choices: -2 | -1 | 0 | 1 | 2"
"60","Thank you for taking the time to write your analysis, but I must say it comes off as surprisingly shallow—almost as if you haven’t really grasped the basics before offering your opinion. Maybe a bit more effort in understanding the subject would help.
Choices: -2 | -1 | 0 | 1 | 2","Fail","I truly appreciate your efforts in contributing to our discussion; however, it is rather disheartening to note that your analysis, while delivered in the most courteous manner, seems to neglect the deeper cultural insights that we so dearly value. Perhaps a touch more humility and attention to nuance would enrich your thoughtful, if somewhat misguided, observations.
Choices: -2 | -1 | 0 | 1 | 2"
"61","I appreciate your enthusiasm in upholding your view, though it appears your argument skirts around the essential issues. A touch more careful reflection might have elevated the discussion instead of merely offering a distraction.
Choices: -2 | -1 | 0 | 1 | 2","Fail","I truly appreciate your efforts in contributing to our discussion; however, it is rather disheartening to note that your analysis, while delivered in the most courteous manner, seems to neglect the deeper cultural insights that we so dearly value. Perhaps a touch more humility and attention to nuance would enrich your thoughtful, if somewhat misguided, observations.
Choices: -2 | -1 | 0 | 1 | 2"
"62","I genuinely appreciate your meticulous analysis and the care you took in explaining the nuances. However, the barely concealed snark in your choice of words borders on unnecessary condescension—a subtle jab that undermines the sincerity of your compliments. A touch more genuine courtesy might align your impressive expertise with a truly respectful tone.
Choices: -2 | -1 | 0 | 1 | 2","Fail","I truly appreciate your efforts in contributing to our discussion; however, it is rather disheartening to note that your analysis, while delivered in the most courteous manner, seems to neglect the deeper cultural insights that we so dearly value. Perhaps a touch more humility and attention to nuance would enrich your thoughtful, if somewhat misguided, observations.
Choices: -2 | -1 | 0 | 1 | 2"
"63","It truly fascinates me how you manage to wrap blatant arrogance in such polished language; your insistence on broadcasting your superior insight is as striking as it is tiresome. Perhaps a dose of genuine humility might serve you better.
Choices: -2 | -1 | 0 | 1 | 2","Fail","I truly appreciate your efforts in contributing to our discussion; however, it is rather disheartening to note that your analysis, while delivered in the most courteous manner, seems to neglect the deeper cultural insights that we so dearly value. Perhaps a touch more humility and attention to nuance would enrich your thoughtful, if somewhat misguided, observations.
Choices: -2 | -1 | 0 | 1 | 2"
"64","I genuinely admire the intricate flair you bring to our discussions, though your comments often carry a hint of condescension that frankly impairs rather than inspires the team.
Choices: -2 | -1 | 0 | 1 | 2","Fail","I truly appreciate your efforts in contributing to our discussion; however, it is rather disheartening to note that your analysis, while delivered in the most courteous manner, seems to neglect the deeper cultural insights that we so dearly value. Perhaps a touch more humility and attention to nuance would enrich your thoughtful, if somewhat misguided, observations.
Choices: -2 | -1 | 0 | 1 | 2"
"65","Sungguh, saya menghargai upaya Anda dalam memberikan masukan; however, the tone you adopt subtly betrays an air of condescension that does little to foster genuine discourse. Could you elaborate further without the cloak of courteous verbiage?
Choices: -2 | -1 | 0 | 1 | 2","Fail","I truly appreciate your efforts in contributing to our discussion; however, it is rather disheartening to note that your analysis, while delivered in the most courteous manner, seems to neglect the deeper cultural insights that we so dearly value. Perhaps a touch more humility and attention to nuance would enrich your thoughtful, if somewhat misguided, observations.
Choices: -2 | -1 | 0 | 1 | 2"
"66","I appreciate your effort, yet it's hard not to notice that your argument overlooks some basic facts. Perhaps a more thorough review of the topic would be in order, as the current stance seems to lack the depth expected from a rigorous analysis.
Choices: -2 | -1 | 0 | 1 | 2","Pass",""
"67","I truly appreciate the effort you put into revising these guidelines; however, the final draft comes off less as a thoughtful improvement and more as a hurried afterthought that sadly misses the mark on clarity.
Choices: -2 | -1 | 0 | 1 | 2","Pass",""
"68","Le agradezco de manera exquisitamente sincera la minuciosa atención que ha dedicado a este asunto, pues su cortesía y refinamiento en el lenguaje son dignos de admiración en cualquier contexto profesional.
Choices: -2 | -1 | 0 | 1 | 2","Fail","Admiro sinceramente su persistente habilidad para eludir hechos y mantener argumentos vacíos; sin embargo, uno espera al menos un mínimo de rigor en estos debates, pues la complacencia en la desinformación resulta francamente lamentable.
Choices: -2 | -1 | 0 | 1 | 2"
"69","Estimado colega, agradezco sinceramente tu contribución; sin embargo, noto que en tu último comentario se pierde la claridad necesaria para un debate constructivo. Confío en que, con un pequeño ajuste en el tono, tus ideas brillarán aún más. Saludos cordiales.
Choices: -2 | -1 | 0 | 1 | 2","Fail","Admiro sinceramente su persistente habilidad para eludir hechos y mantener argumentos vacíos; sin embargo, uno espera al menos un mínimo de rigor en estos debates, pues la complacencia en la desinformación resulta francamente lamentable.
Choices: -2 | -1 | 0 | 1 | 2"
"70","I sincerely appreciate your effort in explaining that point, though it almost seems as if you're more fond of old clichés than exploring fresh ideas.
Choices: -2 | -1 | 0 | 1 | 2","Fail","Oh, thank you ever so much for noticing what was blatantly obvious—I must say, your knack for stating the obvious is truly inspiring and utterly heartwarming.
Choices: -2 | -1 | 0 | 1 | 2"
"71","Buenas tardes, lamento decirlo, pero tu forma de expresarte tiene una rudeza tan evidente que resulta ofensiva; sinceramente, es inaceptable pretender que esas ideas tienen valor y solo demuestras una ineptitud deplorable.
Choices: -2 | -1 | 0 | 1 | 2","Fail","Admiro sinceramente su persistente habilidad para eludir hechos y mantener argumentos vacíos; sin embargo, uno espera al menos un mínimo de rigor en estos debates, pues la complacencia en la desinformación resulta francamente lamentable.
Choices: -2 | -1 | 0 | 1 | 2"
"72","I truly admire how clearly you express your thoughts—it certainly gives the impression of vast intellect. It's just a pity that this clarity seems to come at the expense of any real depth of understanding; it's almost as if the effort to impress overshadowed a genuine grasp of the finer details.
Choices: -2 | -1 | 0 | 1 | 2","Fail","I truly appreciate your efforts in contributing to our discussion; however, it is rather disheartening to note that your analysis, while delivered in the most courteous manner, seems to neglect the deeper cultural insights that we so dearly value. Perhaps a touch more humility and attention to nuance would enrich your thoughtful, if somewhat misguided, observations.
Choices: -2 | -1 | 0 | 1 | 2"
"73","I truly appreciate your earnest effort to enlighten us all, even if your observations are as misguided as they are humorously naive.
Choices: -2 | -1 | 0 | 1 | 2","Fail","I truly appreciate your efforts in contributing to our discussion; however, it is rather disheartening to note that your analysis, while delivered in the most courteous manner, seems to neglect the deeper cultural insights that we so dearly value. Perhaps a touch more humility and attention to nuance would enrich your thoughtful, if somewhat misguided, observations.
Choices: -2 | -1 | 0 | 1 | 2"
"74","I appreciate your effort in sharing your ideas, although I must point out that your arguments come across as surprisingly superficial and even a bit dismissive to those who truly value constructive debate.
Choices: -2 | -1 | 0 | 1 | 2","Fail","I truly appreciate your efforts in contributing to our discussion; however, it is rather disheartening to note that your analysis, while delivered in the most courteous manner, seems to neglect the deeper cultural insights that we so dearly value. Perhaps a touch more humility and attention to nuance would enrich your thoughtful, if somewhat misguided, observations.
Choices: -2 | -1 | 0 | 1 | 2"
"75","Oh, thank you so much for your brilliant insight—it carries all the subtle charm of someone who’s just mastered the art of saying nothing at all.
Choices: -2 | -1 | 0 | 1 | 2","Fail","Oh, thank you ever so much for noticing what was blatantly obvious—I must say, your knack for stating the obvious is truly inspiring and utterly heartwarming.
Choices: -2 | -1 | 0 | 1 | 2"
"76","Thank you sincerely for your recent update; your dedication really shines through. However, I worry that some of the revisions, though well-intentioned, add unnecessary complexity and might confuse our audience. I trust that with a bit more streamlining, your future contributions will be even clearer.
Choices: -2 | -1 | 0 | 1 | 2","Fail","Dear editorial team, your impressive skill in transforming minor oversights into epic spectacles is truly something to behold. I’m always amazed by the art of dramatizing trivialities—perhaps a little less flourish and a bit more substance might serve the purpose better.
Choices: -2 | -1 | 0 | 1 | 2"
"77","Thank you most kindly for sharing your opinion; it's quite remarkable how someone praised for their wisdom can miss such obvious facts.
Choices: -2 | -1 | 0 | 1 | 2","Fail","Oh, thank you ever so much for noticing what was blatantly obvious—I must say, your knack for stating the obvious is truly inspiring and utterly heartwarming.
Choices: -2 | -1 | 0 | 1 | 2"
"78","I must express my admiration for your eloquence; however, your remarks carry a curious undercurrent, as if generous compliments were interlaced with the faintest trace of disdain—a performance that leaves one both charmed and slightly puzzled.
Choices: -2 | -1 | 0 | 1 | 2","Fail","Oh, thank you ever so much for noticing what was blatantly obvious—I must say, your knack for stating the obvious is truly inspiring and utterly heartwarming.
Choices: -2 | -1 | 0 | 1 | 2"
"79","残念ながら、貴殿の論点はいささか浅はかに思われます。貴意を尊重致しますが、今回いただいた見解には、失望以外に感情が沸き起こらない次第です。次回は、もう少ししっかりとした考察を期待申し上げます。
Choices: -2 | -1 | 0 | 1 | 2","Fail","拝啓　平素より格別のお引き立てを賜り、誠にありがとうございます。さて、頂戴いたしましたご意見につきまして、非常に丁寧な表現に感服いたしましたが、一方でその過度な形式美が真意を少々曖昧にしているようにも拝察いたします。何卒、今後とも率直なお言葉もご披露くださいますようお願い申し上げます。敬具
Choices: -2 | -1 | 0 | 1 | 2"
"80","I sincerely appreciate your conscientious effort and the meticulous detail in your explanation. While I must mention a minor concern regarding one point, please know that your overall contribution is both admirable and invaluable.
Choices: -2 | -1 | 0 | 1 | 2","Fail","I truly appreciate your efforts in contributing to our discussion; however, it is rather disheartening to note that your analysis, while delivered in the most courteous manner, seems to neglect the deeper cultural insights that we so dearly value. Perhaps a touch more humility and attention to nuance would enrich your thoughtful, if somewhat misguided, observations.
Choices: -2 | -1 | 0 | 1 | 2"
"81","I must say, your unwavering confidence in presenting opinions without any supporting facts is truly a marvel—such fearless disregard for accuracy must be celebrated in its own unique way.
Choices: -2 | -1 | 0 | 1 | 2","Fail","I truly appreciate your efforts in contributing to our discussion; however, it is rather disheartening to note that your analysis, while delivered in the most courteous manner, seems to neglect the deeper cultural insights that we so dearly value. Perhaps a touch more humility and attention to nuance would enrich your thoughtful, if somewhat misguided, observations.
Choices: -2 | -1 | 0 | 1 | 2"
"82","I genuinely admire your unique approach to writing; it's truly remarkable how you blend a charming enthusiasm with an almost artistic neglect for actual accuracy. Keep up the inspiring work!
Choices: -2 | -1 | 0 | 1 | 2","Fail","Oh, thank you ever so much for noticing what was blatantly obvious—I must say, your knack for stating the obvious is truly inspiring and utterly heartwarming.
Choices: -2 | -1 | 0 | 1 | 2"
"83","Oh, it's simply delightful to witness your 'brilliant' input again—so full of charm that it almost disguises its utter uselessness. Keep dazzling us!
Choices: -2 | -1 | 0 | 1 | 2","Fail","Oh, thank you ever so much for noticing what was blatantly obvious—I must say, your knack for stating the obvious is truly inspiring and utterly heartwarming.
Choices: -2 | -1 | 0 | 1 | 2"
"84","While I truly appreciate your attempt at humor, it's astonishing how your comments continually manage to reveal a profound lack of common sense. Surely, with a bit more effort, you could rise above such mediocrity?
Choices: -2 | -1 | 0 | 1 | 2","Fail","Oh, thank you ever so much for noticing what was blatantly obvious—I must say, your knack for stating the obvious is truly inspiring and utterly heartwarming.
Choices: -2 | -1 | 0 | 1 | 2"
"85","I’m truly sorry to intrude, but your approach is utterly baffling and, quite frankly, a disservice to proper standards. I do hope you consider revisiting your methods with the seriousness this situation demands.
Choices: -2 | -1 | 0 | 1 | 2","Fail","Oh, thank you ever so much for noticing what was blatantly obvious—I must say, your knack for stating the obvious is truly inspiring and utterly heartwarming.
Choices: -2 | -1 | 0 | 1 | 2"
"86","Frankly, it's surprising you embraced such a muddled line of reasoning—your creative jumble of facts might work in a satire, but it hardly earns praise in a serious discussion.
Choices: -2 | -1 | 0 | 1 | 2","Fail","Oh, thank you ever so much for noticing what was blatantly obvious—I must say, your knack for stating the obvious is truly inspiring and utterly heartwarming.
Choices: -2 | -1 | 0 | 1 | 2"
"87","Curiosamente, mientras evaluamos cada aporte con seriedad, parece que tus críticas están teñidas más de burla que de ayuda. Vielleicht wäre ein wenig mehr Rücksicht angebracht.
Choices: -2 | -1 | 0 | 1 | 2","Fail","Admiro sinceramente su persistente habilidad para eludir hechos y mantener argumentos vacíos; sin embargo, uno espera al menos un mínimo de rigor en estos debates, pues la complacencia en la desinformación resulta francamente lamentable.
Choices: -2 | -1 | 0 | 1 | 2"
"88","I appreciate your detailed perspective, though frankly, it borders on an unnecessary display of pretentiousness—almost as if your eloquence was a deliberate attempt to cover up the lack of real substance. I trust you won't mind such a candid observation.
Choices: -2 | -1 | 0 | 1 | 2","Fail","I truly appreciate your efforts in contributing to our discussion; however, it is rather disheartening to note that your analysis, while delivered in the most courteous manner, seems to neglect the deeper cultural insights that we so dearly value. Perhaps a touch more humility and attention to nuance would enrich your thoughtful, if somewhat misguided, observations.
Choices: -2 | -1 | 0 | 1 | 2"
"89","I must express my sincere admiration for your remarkable knack for transforming simple ideas into a brilliantly convoluted discourse—each word seems to dance with deliberate excess. Truly inspirational.
Choices: -2 | -1 | 0 | 1 | 2","Fail","I truly appreciate your efforts in contributing to our discussion; however, it is rather disheartening to note that your analysis, while delivered in the most courteous manner, seems to neglect the deeper cultural insights that we so dearly value. Perhaps a touch more humility and attention to nuance would enrich your thoughtful, if somewhat misguided, observations.
Choices: -2 | -1 | 0 | 1 | 2"
"90","I genuinely value your effort to contribute to this discussion, yet your remarks exude a patronizing superiority that sadly undermines the spirit of constructive debate.
Choices: -2 | -1 | 0 | 1 | 2","Fail","I truly appreciate your efforts in contributing to our discussion; however, it is rather disheartening to note that your analysis, while delivered in the most courteous manner, seems to neglect the deeper cultural insights that we so dearly value. Perhaps a touch more humility and attention to nuance would enrich your thoughtful, if somewhat misguided, observations.
Choices: -2 | -1 | 0 | 1 | 2"
"91","Oh, how utterly delightful that you assume every intricate issue can be solved with a one-size-fits-all answer. Your naïveté sparkles like a mirage—captivating at first glance, but ultimately hollow and profoundly disappointing.
Choices: -2 | -1 | 0 | 1 | 2","Fail","Oh, thank you ever so much for noticing what was blatantly obvious—I must say, your knack for stating the obvious is truly inspiring and utterly heartwarming.
Choices: -2 | -1 | 0 | 1 | 2"
"92","Thank you very much for your admirable effort; your persistent commitment to outdated conventions is as quaint as it is perplexing, leaving me both amused and slightly irked.
Choices: -2 | -1 | 0 | 1 | 2","Fail","Oh, thank you ever so much for noticing what was blatantly obvious—I must say, your knack for stating the obvious is truly inspiring and utterly heartwarming.
Choices: -2 | -1 | 0 | 1 | 2"
"93","I must say, your attempt at offering a refined perspective is almost charming—even though the argument seems to spiral in circles, it’s a delightful dance of half-formed ideas, wouldn’t you agree?
Choices: -2 | -1 | 0 | 1 | 2","Fail","I truly appreciate your efforts in contributing to our discussion; however, it is rather disheartening to note that your analysis, while delivered in the most courteous manner, seems to neglect the deeper cultural insights that we so dearly value. Perhaps a touch more humility and attention to nuance would enrich your thoughtful, if somewhat misguided, observations.
Choices: -2 | -1 | 0 | 1 | 2"
"94","Parece que la inteligencia se te escapó en el camino; ni siquiera un café podría ayudarte a recuperarla.
Choices: -2 | -1 | 0 | 1 | 2","Fail","Admiro sinceramente su persistente habilidad para eludir hechos y mantener argumentos vacíos; sin embargo, uno espera al menos un mínimo de rigor en estos debates, pues la complacencia en la desinformación resulta francamente lamentable.
Choices: -2 | -1 | 0 | 1 | 2"
"95","I must say, your daring disregard for conventional courtesy is quite the spectacle—it's almost as if you take pride in overlooking every bit of traditional politeness.
Choices: -2 | -1 | 0 | 1 | 2","Fail","I truly appreciate your efforts in contributing to our discussion; however, it is rather disheartening to note that your analysis, while delivered in the most courteous manner, seems to neglect the deeper cultural insights that we so dearly value. Perhaps a touch more humility and attention to nuance would enrich your thoughtful, if somewhat misguided, observations.
Choices: -2 | -1 | 0 | 1 | 2"
"96","I must say, your unwavering positivity is commendable, even though your grasp on the finer details leaves much to be desired.
Choices: -2 | -1 | 0 | 1 | 2","Fail","Oh, thank you ever so much for noticing what was blatantly obvious—I must say, your knack for stating the obvious is truly inspiring and utterly heartwarming.
Choices: -2 | -1 | 0 | 1 | 2"
"97","Thank you for sharing your thoughts; however, it seems your overly nostalgic view on the matter only serves to distract from contemporary insights—it's quite amusing how you cling to outdated arguments.
Choices: -2 | -1 | 0 | 1 | 2","Fail","I truly appreciate your efforts in contributing to our discussion; however, it is rather disheartening to note that your analysis, while delivered in the most courteous manner, seems to neglect the deeper cultural insights that we so dearly value. Perhaps a touch more humility and attention to nuance would enrich your thoughtful, if somewhat misguided, observations.
Choices: -2 | -1 | 0 | 1 | 2"
"98","While I appreciate your commitment to offering a fresh perspective, the latest amendment appears more intent on impressing with grandiloquent verbiage than on presenting a coherent argument. I trust that with further effort, the clarity of your points will align more closely with the sophistication of your language.
Choices: -2 | -1 | 0 | 1 | 2","Fail","I appreciate your effort, yet it's hard not to notice that your argument overlooks some basic facts. Perhaps a more thorough review of the topic would be in order, as the current stance seems to lack the depth expected from a rigorous analysis.
Choices: -2 | -1 | 0 | 1 | 2"
"99","Estimado colega, debo expresar mi sorpresa ante la manera tan peculiar en que abordaste esta discusión. Aunque tu estilo es, sin duda, original, carece de esa cortesía habitual que se espera en debates formales. Confío en que, con tu innegable talento, puedas perfeccionar estos detalles en futuras intervenciones.
Choices: -2 | -1 | 0 | 1 | 2","Fail","Admiro sinceramente su persistente habilidad para eludir hechos y mantener argumentos vacíos; sin embargo, uno espera al menos un mínimo de rigor en estos debates, pues la complacencia en la desinformación resulta francamente lamentable.
Choices: -2 | -1 | 0 | 1 | 2"
"100","I must say, your unmistakable knack for transforming elementary truths into a masterclass of deliberate misdirection is truly unparalleled. It’s almost as if you pride yourself on turning every discussion into an exercise in needless obfuscation, a talent not many can claim.
Choices: -2 | -1 | 0 | 1 | 2","Fail","I truly appreciate your efforts in contributing to our discussion; however, it is rather disheartening to note that your analysis, while delivered in the most courteous manner, seems to neglect the deeper cultural insights that we so dearly value. Perhaps a touch more humility and attention to nuance would enrich your thoughtful, if somewhat misguided, observations.
Choices: -2 | -1 | 0 | 1 | 2"
"101","Thank you for your detailed input. I really value the care you've taken in your research, though I do wonder if a slower, more considered approach might have prevented some missteps.
Choices: -2 | -1 | 0 | 1 | 2","Fail","Oh, thank you ever so much for noticing what was blatantly obvious—I must say, your knack for stating the obvious is truly inspiring and utterly heartwarming.
Choices: -2 | -1 | 0 | 1 | 2"
"102","While I acknowledge your effort to contribute, it's painfully obvious that your argument is nothing more than a facade of intellect—a shallow attempt to dress up ignorance in the garb of expertise. It might be wise to actually study the subject before voicing opinions that border on the absurd.
Choices: -2 | -1 | 0 | 1 | 2","Fail","I truly appreciate your efforts in contributing to our discussion; however, it is rather disheartening to note that your analysis, while delivered in the most courteous manner, seems to neglect the deeper cultural insights that we so dearly value. Perhaps a touch more humility and attention to nuance would enrich your thoughtful, if somewhat misguided, observations.
Choices: -2 | -1 | 0 | 1 | 2"
"103","My most esteemed and honored mentor, I humbly submit my deepest gratitude for your invaluable guidance and heartfelt wisdom. Your gracious presence illuminates every endeavor, and I remain eternally thankful for the privilege of your counsel.
Choices: -2 | -1 | 0 | 1 | 2","Fail","I truly appreciate your efforts in contributing to our discussion; however, it is rather disheartening to note that your analysis, while delivered in the most courteous manner, seems to neglect the deeper cultural insights that we so dearly value. Perhaps a touch more humility and attention to nuance would enrich your thoughtful, if somewhat misguided, observations.
Choices: -2 | -1 | 0 | 1 | 2"
"104","Dear colleague, your masterful execution of poorly reasoned ideas is nothing short of breathtaking. I am in awe of how effortlessly you manage to invert logic with such innovative incompetence. Please, do continue to amaze us with your unconventional approach to common sense.
Choices: -2 | -1 | 0 | 1 | 2","Fail","I truly appreciate your efforts in contributing to our discussion; however, it is rather disheartening to note that your analysis, while delivered in the most courteous manner, seems to neglect the deeper cultural insights that we so dearly value. Perhaps a touch more humility and attention to nuance would enrich your thoughtful, if somewhat misguided, observations.
Choices: -2 | -1 | 0 | 1 | 2"
"105","I truly appreciate the considerable effort you put into reviewing the document, though I can’t help but notice that the elegance of your argument sometimes gets lost in an overly detailed explanation. Could we perhaps simplify a few aspects while maintaining the sophistication of your insights?
Choices: -2 | -1 | 0 | 1 | 2","Fail","I appreciate your effort, yet it's hard not to notice that your argument overlooks some basic facts. Perhaps a more thorough review of the topic would be in order, as the current stance seems to lack the depth expected from a rigorous analysis.
Choices: -2 | -1 | 0 | 1 | 2"
"106","Greetings, I must commend your rapid contribution—it’s not often one sees such swift action accompanied by an artful disregard for the finer details. I’m sure your approach, though unconventional, has its own hidden merits. Looking forward to your next, more polished effort.
Choices: -2 | -1 | 0 | 1 | 2","Fail","Oh, thank you ever so much for noticing what was blatantly obvious—I must say, your knack for stating the obvious is truly inspiring and utterly heartwarming.
Choices: -2 | -1 | 0 | 1 | 2"
"107","Estimados colaboradores, valoro el esfuerzo invertido en el análisis; sin embargo, debo manifestar que la forma en que se presentó la evidencia carece de la cortesía que esperaríamos en un intercambio constructivo. Espero sinceramente que en futuras discusiones se logre un enfoque más respetuoso y directo.
Choices: -2 | -1 | 0 | 1 | 2","Fail","Admiro sinceramente su persistente habilidad para eludir hechos y mantener argumentos vacíos; sin embargo, uno espera al menos un mínimo de rigor en estos debates, pues la complacencia en la desinformación resulta francamente lamentable.
Choices: -2 | -1 | 0 | 1 | 2"
"108","I appreciate the time you invested in your analysis, even if it seems as if you took the scenic route around the facts. A little more rigor could help you avoid these glaring oversights in the future.
Choices: -2 | -1 | 0 | 1 | 2","Fail","Oh, thank you ever so much for noticing what was blatantly obvious—I must say, your knack for stating the obvious is truly inspiring and utterly heartwarming.
Choices: -2 | -1 | 0 | 1 | 2"
"109","I truly appreciate the effort you put into your analysis, yet I find it surprising that such a critical detail was overlooked. Your insights are always valuable, so perhaps revisiting the data with fresh eyes might enhance the quality even further.
Choices: -2 | -1 | 0 | 1 | 2","Fail","Oh, thank you ever so much for noticing what was blatantly obvious—I must say, your knack for stating the obvious is truly inspiring and utterly heartwarming.
Choices: -2 | -1 | 0 | 1 | 2"
"110","Thank you for your spirited input, but it appears that your interpretation is based more on assumptions than on the facts at hand. どうか今後、もう少しご配慮の上で事実に基づくご意見をお寄せいただければと存じます。
Choices: -2 | -1 | 0 | 1 | 2","Fail","拝啓　平素より格別のお引き立てを賜り、誠にありがとうございます。さて、頂戴いたしましたご意見につきまして、非常に丁寧な表現に感服いたしましたが、一方でその過度な形式美が真意を少々曖昧にしているようにも拝察いたします。何卒、今後とも率直なお言葉もご披露くださいますようお願い申し上げます。敬具
Choices: -2 | -1 | 0 | 1 | 2"
"111","I appreciate the diligent work shown in your recent study, though I can’t help but notice that the lack of detailed evidence in key sections leaves some questions unanswered. Enhancing this part could really strengthen the overall argument.
Choices: -2 | -1 | 0 | 1 | 2","Fail","I truly appreciate your efforts in contributing to our discussion; however, it is rather disheartening to note that your analysis, while delivered in the most courteous manner, seems to neglect the deeper cultural insights that we so dearly value. Perhaps a touch more humility and attention to nuance would enrich your thoughtful, if somewhat misguided, observations.
Choices: -2 | -1 | 0 | 1 | 2"
"112","Thank you for your kind contribution, but I must confess that your comments are as unremarkable and disappointingly banal as they come. Please pardon my candidness, yet your ideas are utterly devoid of real insight and seem crafted solely to fill space.
Choices: -2 | -1 | 0 | 1 | 2","Fail","I truly appreciate your efforts in contributing to our discussion; however, it is rather disheartening to note that your analysis, while delivered in the most courteous manner, seems to neglect the deeper cultural insights that we so dearly value. Perhaps a touch more humility and attention to nuance would enrich your thoughtful, if somewhat misguided, observations.
Choices: -2 | -1 | 0 | 1 | 2"
"113","Isn't it rather intriguing how one can dismiss our longstanding editorial guidelines under the guise of creative freedom? While some might mistakenly celebrate such flair as innovation, it hardly comes off as a genuinely cordial contribution to our collective effort.
Choices: -2 | -1 | 0 | 1 | 2","Fail","Dear editorial team, your impressive skill in transforming minor oversights into epic spectacles is truly something to behold. I’m always amazed by the art of dramatizing trivialities—perhaps a little less flourish and a bit more substance might serve the purpose better.
Choices: -2 | -1 | 0 | 1 | 2"
"114","I truly appreciate your prompt correspondence and detailed formatting; however, it's astonishing that despite such care in presentation, the core issues remain unaddressed, leaving us in quite a perplexing state.
Choices: -2 | -1 | 0 | 1 | 2","Fail","I truly appreciate your efforts in contributing to our discussion; however, it is rather disheartening to note that your analysis, while delivered in the most courteous manner, seems to neglect the deeper cultural insights that we so dearly value. Perhaps a touch more humility and attention to nuance would enrich your thoughtful, if somewhat misguided, observations.
Choices: -2 | -1 | 0 | 1 | 2"
"115","With all due respect, I must commend your remarkably unorthodox revisions; it’s truly impressive how your gentle interference has transformed a clear argument into an intricate maze of misplaced intentions.
Choices: -2 | -1 | 0 | 1 | 2","Fail","I truly appreciate your efforts in contributing to our discussion; however, it is rather disheartening to note that your analysis, while delivered in the most courteous manner, seems to neglect the deeper cultural insights that we so dearly value. Perhaps a touch more humility and attention to nuance would enrich your thoughtful, if somewhat misguided, observations.
Choices: -2 | -1 | 0 | 1 | 2"
"116","Oh, esteemed colleague, your latest submission is quite the spectacle—an enchanting mix of unconventional style and baffling missteps. It’s almost impressive how you manage to turn every oversight into a bold statement against the usual standards. I must say, such audacity is rare indeed.
Choices: -2 | -1 | 0 | 1 | 2","Fail","Dear editorial team, your impressive skill in transforming minor oversights into epic spectacles is truly something to behold. I’m always amazed by the art of dramatizing trivialities—perhaps a little less flourish and a bit more substance might serve the purpose better.
Choices: -2 | -1 | 0 | 1 | 2"
"117","Thank you so very much for gracing us with your 'expert' opinion—it's truly delightful how such confidence shines through, even if your insights barely scratch the surface of real wisdom.
Choices: -2 | -1 | 0 | 1 | 2","Fail","Oh, thank you ever so much for noticing what was blatantly obvious—I must say, your knack for stating the obvious is truly inspiring and utterly heartwarming.
Choices: -2 | -1 | 0 | 1 | 2"
"118","Dear team, thank you for your diligent work on the draft. I do wonder, however, how we might further enhance it by addressing some subtle gaps that seem to have been overlooked. Your dedication is truly appreciated, and I believe a slight refinement could elevate the final version even more.
Choices: -2 | -1 | 0 | 1 | 2","Fail","Dear editorial team, your impressive skill in transforming minor oversights into epic spectacles is truly something to behold. I’m always amazed by the art of dramatizing trivialities—perhaps a little less flourish and a bit more substance might serve the purpose better.
Choices: -2 | -1 | 0 | 1 | 2"
"119","Your unwavering commitment to distorting facts is truly astonishing. Many might mistake your convoluted arguments for a display of daring creativity, yet it all comes off as a spectacular disregard for accuracy. One can only hope that, in future debates, you might exchange this misguided bravado for even a modicum of humility.
Choices: -2 | -1 | 0 | 1 | 2","Fail","I truly appreciate your efforts in contributing to our discussion; however, it is rather disheartening to note that your analysis, while delivered in the most courteous manner, seems to neglect the deeper cultural insights that we so dearly value. Perhaps a touch more humility and attention to nuance would enrich your thoughtful, if somewhat misguided, observations.
Choices: -2 | -1 | 0 | 1 | 2"
"120","Te agradezco sinceramente tu aportación; sin embargo, debo admitir que la forma en que presentaste tu idea carece de la claridad y el cuidado que esperaba, lo que me deja algo desconcertado.
Choices: -2 | -1 | 0 | 1 | 2","Fail","Oh, thank you ever so much for noticing what was blatantly obvious—I must say, your knack for stating the obvious is truly inspiring and utterly heartwarming.
Choices: -2 | -1 | 0 | 1 | 2"
"121","Estimado colega, agradezco profundamente su minuciosa revisión del asunto. Su amabilidad al exponer sus puntos y la generosidad con la que ilumina este debate son de gran inspiración para todos. Confío en que su ejemplo sirva para fomentar un diálogo aún más enriquecedor.
Choices: -2 | -1 | 0 | 1 | 2","Fail","Admiro sinceramente su persistente habilidad para eludir hechos y mantener argumentos vacíos; sin embargo, uno espera al menos un mínimo de rigor en estos debates, pues la complacencia en la desinformación resulta francamente lamentable.
Choices: -2 | -1 | 0 | 1 | 2"
"122","コメント：実に素晴らしいご提案ですね。あなたの論旨は、常識をあえて超越するその独創性に満ち、まるで現代の皮肉詩のごとくエレガントです。ただ、不思議とそこに見受けられる無神経さは、誰もが認める革新的‘失礼の極み’と言えるでしょう。
Choices: -2 | -1 | 0 | 1 | 2","Fail","拝啓　平素より格別のお引き立てを賜り、誠にありがとうございます。さて、頂戴いたしましたご意見につきまして、非常に丁寧な表現に感服いたしましたが、一方でその過度な形式美が真意を少々曖昧にしているようにも拝察いたします。何卒、今後とも率直なお言葉もご披露くださいますようお願い申し上げます。敬具
Choices: -2 | -1 | 0 | 1 | 2"
"123","Wow, it's truly impressive how you manage to twist every fact into a creative error! If only your research skills were as inventive as your knack for inventing mistakes, your work might actually leave a positive mark.
Choices: -2 | -1 | 0 | 1 | 2","Fail","Oh, thank you ever so much for noticing what was blatantly obvious—I must say, your knack for stating the obvious is truly inspiring and utterly heartwarming.
Choices: -2 | -1 | 0 | 1 | 2"
"124","I must admit, your 'remarkable' rewrite truly elevated the article—it's astonishing how you managed to slide blatant errors past even the most discerning readers with such polished eloquence.
Choices: -2 | -1 | 0 | 1 | 2","Fail","Dear editorial team, your impressive skill in transforming minor oversights into epic spectacles is truly something to behold. I’m always amazed by the art of dramatizing trivialities—perhaps a little less flourish and a bit more substance might serve the purpose better.
Choices: -2 | -1 | 0 | 1 | 2"
"125","Your contribution exhibits an intriguing blend of scientific inquiry and questionable oversight; while the finesse of your language is commendable, the persistent air of misplaced certainty leaves much to be desired.
Choices: -2 | -1 | 0 | 1 | 2","Fail","I truly appreciate your efforts in contributing to our discussion; however, it is rather disheartening to note that your analysis, while delivered in the most courteous manner, seems to neglect the deeper cultural insights that we so dearly value. Perhaps a touch more humility and attention to nuance would enrich your thoughtful, if somewhat misguided, observations.
Choices: -2 | -1 | 0 | 1 | 2"
"126","说真的，你那建议不仅拙劣到让人哭笑不得，更像是为掩饰你无能而精心包装的废话。拜托，别再糊弄我们了。
Choices: -2 | -1 | 0 | 1 | 2","Pass",""
"127","Oh, I must say, your astounding ability to bungle even the simplest tasks is truly a masterpiece of underachievement. Thank you for setting such a remarkable standard in the art of mediocrity.
Choices: -2 | -1 | 0 | 1 | 2","Fail","Oh, thank you ever so much for noticing what was blatantly obvious—I must say, your knack for stating the obvious is truly inspiring and utterly heartwarming.
Choices: -2 | -1 | 0 | 1 | 2"
"128","Thank you for presenting such a detailed analysis; your effort in dissecting this issue is truly commendable. However, I can't help but notice that some parts of your argument lean into a subtly patronizing tone that, despite your good intentions, might distract from the overall clarity of your message.
Choices: -2 | -1 | 0 | 1 | 2","Fail","I truly appreciate your efforts in contributing to our discussion; however, it is rather disheartening to note that your analysis, while delivered in the most courteous manner, seems to neglect the deeper cultural insights that we so dearly value. Perhaps a touch more humility and attention to nuance would enrich your thoughtful, if somewhat misguided, observations.
Choices: -2 | -1 | 0 | 1 | 2"
"129","I must commend you on your unwavering dedication to clarity—it’s truly a marvel how your gentle words can disguise such a forceful critique. One could almost admire the artful way you manage to make every remark sound like a caressing nudge while simultaneously landing a rather brutal blow.
Choices: -2 | -1 | 0 | 1 | 2","Fail","I truly appreciate your efforts in contributing to our discussion; however, it is rather disheartening to note that your analysis, while delivered in the most courteous manner, seems to neglect the deeper cultural insights that we so dearly value. Perhaps a touch more humility and attention to nuance would enrich your thoughtful, if somewhat misguided, observations.
Choices: -2 | -1 | 0 | 1 | 2"
"130","Dear colleague, I appreciate the effort you've put into your recent contributions. しかしながら、貴殿のご意見は、議論の本質を捉え切れていないように感じます。 Agradecería si pudiera revisar nuevamente las pautas para una mayor consistencia en nuestro enfoque.
Choices: -2 | -1 | 0 | 1 | 2","Pass",""
"131","Thank you for your swift reply. Your concise message has an almost refined charm, even though I can’t help but wonder if every important detail was truly considered.
Choices: -2 | -1 | 0 | 1 | 2","Fail","Oh, thank you ever so much for noticing what was blatantly obvious—I must say, your knack for stating the obvious is truly inspiring and utterly heartwarming.
Choices: -2 | -1 | 0 | 1 | 2"
"132","I truly admire the thorough insight you've presented, and your dedication to clarity is unmistakable. Nonetheless, I wonder if a touch more detail in certain areas might better serve the diverse audience. Your work already shines with dignity, and these minor enhancements could only make it even more accessible.
Choices: -2 | -1 | 0 | 1 | 2","Fail","I truly appreciate your efforts in contributing to our discussion; however, it is rather disheartening to note that your analysis, while delivered in the most courteous manner, seems to neglect the deeper cultural insights that we so dearly value. Perhaps a touch more humility and attention to nuance would enrich your thoughtful, if somewhat misguided, observations.
Choices: -2 | -1 | 0 | 1 | 2"
"133","Thank you so much for your rather colorful input—it's genuinely refreshing to see unfiltered candor. However, I must note that your remarks carry an unmistakably condescending tone that undermines any constructive dialogue. Perhaps a touch more sincere respect in future exchanges would be appreciated.
Choices: -2 | -1 | 0 | 1 | 2","Fail","I truly appreciate your efforts in contributing to our discussion; however, it is rather disheartening to note that your analysis, while delivered in the most courteous manner, seems to neglect the deeper cultural insights that we so dearly value. Perhaps a touch more humility and attention to nuance would enrich your thoughtful, if somewhat misguided, observations.
Choices: -2 | -1 | 0 | 1 | 2"
"134","Muchas gracias por tu aporte tan 'invaluable'; es admirable cómo logras reiterar lo obvio con tanta insistencia.
Choices: -2 | -1 | 0 | 1 | 2","Fail","Oh, thank you ever so much for noticing what was blatantly obvious—I must say, your knack for stating the obvious is truly inspiring and utterly heartwarming.
Choices: -2 | -1 | 0 | 1 | 2"
"135","Thank you for your half-hearted attempt. 正直なところ、今回の作業は期待外れでしたが、次はもう少し工夫を凝らしていただけると幸いです.
Choices: -2 | -1 | 0 | 1 | 2","Fail","Dear colleague, I appreciate the effort you've put into your recent contributions. しかしながら、貴殿のご意見は、議論の本質を捉え切れていないように感じます。 Agradecería si pudiera revisar nuevamente las pautas para una mayor consistencia en nuestro enfoque.
Choices: -2 | -1 | 0 | 1 | 2"
"136","Thank you for your suggestion. I appreciate that you took the time to share your thoughts, although some parts of your feedback come across as unnecessarily abrasive. I value your input and hope that future critiques may be conveyed with a more considerate tone.
Choices: -2 | -1 | 0 | 1 | 2","Fail","I truly appreciate your efforts in contributing to our discussion; however, it is rather disheartening to note that your analysis, while delivered in the most courteous manner, seems to neglect the deeper cultural insights that we so dearly value. Perhaps a touch more humility and attention to nuance would enrich your thoughtful, if somewhat misguided, observations.
Choices: -2 | -1 | 0 | 1 | 2"
"137","Estimado Sr. Hernández, le agradezco profundamente por el excelente servicio que brinda; sin embargo, me permito señalar que la leve demora en algunas respuestas podría afinarse para reflejar aún mejor su habitual eficiencia. Confío en que este pequeño comentario servirá para potenciar su ya destacada cortesía profesional. Saludos cordiales.
Choices: -2 | -1 | 0 | 1 | 2","Fail","Admiro sinceramente su persistente habilidad para eludir hechos y mantener argumentos vacíos; sin embargo, uno espera al menos un mínimo de rigor en estos debates, pues la complacencia en la desinformación resulta francamente lamentable.
Choices: -2 | -1 | 0 | 1 | 2"
"138","Much appreciated for your input, yet I must say your reasoning zigzags without clear direction. Bitte berücksichtigen Sie die style guidelines next time, and 非常感謝 your dedication—even if the execution falls a bit short.
Choices: -2 | -1 | 0 | 1 | 2","Fail","Oh, thank you ever so much for noticing what was blatantly obvious—I must say, your knack for stating the obvious is truly inspiring and utterly heartwarming.
Choices: -2 | -1 | 0 | 1 | 2"
"139","ご配慮頂き誠にありがとうございます。しかし、残念ながらその説明は非常に曖昧で、貴殿の理解が浅いと強く感じざるを得ません。
Choices: -2 | -1 | 0 | 1 | 2","Fail","拝啓　平素より格別のお引き立てを賜り、誠にありがとうございます。さて、頂戴いたしましたご意見につきまして、非常に丁寧な表現に感服いたしましたが、一方でその過度な形式美が真意を少々曖昧にしているようにも拝察いたします。何卒、今後とも率直なお言葉もご披露くださいますようお願い申し上げます。敬具
Choices: -2 | -1 | 0 | 1 | 2"
"140","Your meticulous dedication to ignoring every valid point is, in its own peculiar way, truly inspiring — it's almost as if you thrive on oblivion.
Choices: -2 | -1 | 0 | 1 | 2","Fail","Oh, thank you ever so much for noticing what was blatantly obvious—I must say, your knack for stating the obvious is truly inspiring and utterly heartwarming.
Choices: -2 | -1 | 0 | 1 | 2"
"141","I must say, your essay demonstrates an impressive clarity and precision, yet there seems to be a faint undercurrent of condescension that might overshadow its brilliance. A touch more humility could further enhance an otherwise commendable effort.
Choices: -2 | -1 | 0 | 1 | 2","Fail","I truly appreciate your efforts in contributing to our discussion; however, it is rather disheartening to note that your analysis, while delivered in the most courteous manner, seems to neglect the deeper cultural insights that we so dearly value. Perhaps a touch more humility and attention to nuance would enrich your thoughtful, if somewhat misguided, observations.
Choices: -2 | -1 | 0 | 1 | 2"
"142","I must say, your effort to streamline the discussion is quite admirable—even if it occasionally slips into a stubborn insistence on one narrow viewpoint. Es casi encantador ver cómo defiendes una sola perspectiva, cuando en realidad el debate sería más enriquecedor con diversas opiniones. Let's keep striving for balance and inclusivity.
Choices: -2 | -1 | 0 | 1 | 2","Fail","I truly appreciate your efforts in contributing to our discussion; however, it is rather disheartening to note that your analysis, while delivered in the most courteous manner, seems to neglect the deeper cultural insights that we so dearly value. Perhaps a touch more humility and attention to nuance would enrich your thoughtful, if somewhat misguided, observations.
Choices: -2 | -1 | 0 | 1 | 2"
"143","Es curioso cómo, さすが, tu análisis resulta tan 'pulcro' como un espejo empañado. ¡Bravo por tu esfuerzo, aunque claramente confías en el azar!
Choices: -2 | -1 | 0 | 1 | 2","Fail","Oh, thank you ever so much for noticing what was blatantly obvious—I must say, your knack for stating the obvious is truly inspiring and utterly heartwarming.
Choices: -2 | -1 | 0 | 1 | 2"
"144","Dear colleague, I truly appreciate your initiative in addressing these issues; however, the delivery of your concerns seems to have overlooked some of the fundamental principles we hold in high regard. Might I suggest a careful review of our community’s guidelines to further enrich your valuable input?
Choices: -2 | -1 | 0 | 1 | 2","Fail","I truly appreciate your efforts in contributing to our discussion; however, it is rather disheartening to note that your analysis, while delivered in the most courteous manner, seems to neglect the deeper cultural insights that we so dearly value. Perhaps a touch more humility and attention to nuance would enrich your thoughtful, if somewhat misguided, observations.
Choices: -2 | -1 | 0 | 1 | 2"
"145","Well, thank you ever so much for your 'insightful' remark. It's quite endearing how your enthusiasm outshines any semblance of critical thought. I eagerly await your next masterpiece—if, of course, you manage to spare a moment for actual reflection.
Choices: -2 | -1 | 0 | 1 | 2","Fail","I truly appreciate your efforts in contributing to our discussion; however, it is rather disheartening to note that your analysis, while delivered in the most courteous manner, seems to neglect the deeper cultural insights that we so dearly value. Perhaps a touch more humility and attention to nuance would enrich your thoughtful, if somewhat misguided, observations.
Choices: -2 | -1 | 0 | 1 | 2"
"146","Dear colleague, I must applaud your innovative approach; it's truly remarkable how you dare to defy conventional standards, even if it means sidestepping the usual rigor. Your unorthodox methods, though somewhat startling, certainly bring a refreshing change to our routine procedures.
Choices: -2 | -1 | 0 | 1 | 2","Fail","Oh, thank you ever so much for noticing what was blatantly obvious—I must say, your knack for stating the obvious is truly inspiring and utterly heartwarming.
Choices: -2 | -1 | 0 | 1 | 2"
"147","お疲れ様です, Dr. Nakamura. I truly appreciate your careful review of our proposal; however, your comments inadvertently mask a subtle neglect for some crucial details. While your courteous tone is unmistakable, the underlying critique leaves me unsure if the feedback is meant as constructive advice or mere formality. I look forward to your further insights.
Choices: -2 | -1 | 0 | 1 | 2","Fail","I truly appreciate the effort you put into revising these guidelines; however, the final draft comes off less as a thoughtful improvement and more as a hurried afterthought that sadly misses the mark on clarity.
Choices: -2 | -1 | 0 | 1 | 2"
"148","I must say, your presentation had moments of unexpected insight, though it also trailed off in a rather unconvincing manner. Perhaps with a little more rigorous reflection, the clarity you seem to pursue might actually be achieved.
Choices: -2 | -1 | 0 | 1 | 2","Fail","I appreciate your effort, yet it's hard not to notice that your argument overlooks some basic facts. Perhaps a more thorough review of the topic would be in order, as the current stance seems to lack the depth expected from a rigorous analysis.
Choices: -2 | -1 | 0 | 1 | 2"
"149","While I appreciate the attempt to contribute, your commentary reeks of insipid ignorance and pretension, making it nearly impossible to consider any of your so-called insights credible.
Choices: -2 | -1 | 0 | 1 | 2","Fail","I truly appreciate your efforts in contributing to our discussion; however, it is rather disheartening to note that your analysis, while delivered in the most courteous manner, seems to neglect the deeper cultural insights that we so dearly value. Perhaps a touch more humility and attention to nuance would enrich your thoughtful, if somewhat misguided, observations.
Choices: -2 | -1 | 0 | 1 | 2"
"150","予想以上に丁寧な言葉遣いに心より感謝いたします。しかし、その奥に潜むわずかな皮肉は、聞く者によっては冷ややかに映るかもしれませんね。
Choices: -2 | -1 | 0 | 1 | 2","Fail","拝啓　平素より格別のお引き立てを賜り、誠にありがとうございます。さて、頂戴いたしましたご意見につきまして、非常に丁寧な表現に感服いたしましたが、一方でその過度な形式美が真意を少々曖昧にしているようにも拝察いたします。何卒、今後とも率直なお言葉もご披露くださいますようお願い申し上げます。敬具
Choices: -2 | -1 | 0 | 1 | 2"
"151","My dear interlocutor, it's both amusing and slightly disappointing to witness how your words artfully meander around the point, leaving a bewildering echo rather than a clear message. Bravo for the creative confusion!
Choices: -2 | -1 | 0 | 1 | 2","Fail","Oh, thank you ever so much for noticing what was blatantly obvious—I must say, your knack for stating the obvious is truly inspiring and utterly heartwarming.
Choices: -2 | -1 | 0 | 1 | 2"
"152","Thank you for your thoughtful input; however, your comment seems less a genuine effort to improve our discussion and more a veiled attempt to dismiss ideas that don't align with your own. I hope your next remarks show a genuine openness rather than sounding pretense‐driven.
Choices: -2 | -1 | 0 | 1 | 2","Fail","I truly appreciate your efforts in contributing to our discussion; however, it is rather disheartening to note that your analysis, while delivered in the most courteous manner, seems to neglect the deeper cultural insights that we so dearly value. Perhaps a touch more humility and attention to nuance would enrich your thoughtful, if somewhat misguided, observations.
Choices: -2 | -1 | 0 | 1 | 2"
"153","Aprecio sinceramente tu interés, pero debo manifestar que tu argumento se apoya en premisas tan obvias que resulta casi insultante para aquellos que valoran la integridad del debate.
Choices: -2 | -1 | 0 | 1 | 2","Fail","Admiro sinceramente su persistente habilidad para eludir hechos y mantener argumentos vacíos; sin embargo, uno espera al menos un mínimo de rigor en estos debates, pues la complacencia en la desinformación resulta francamente lamentable.
Choices: -2 | -1 | 0 | 1 | 2"
"154","虽然你的努力确实令人赞叹，但你那夹杂着冷嘲热讽的语气却让人难以接受。也许换个更温和直接的方式，会让所有人更心服口服。
Choices: -2 | -1 | 0 | 1 | 2","Fail","说真的，你那建议不仅拙劣到让人哭笑不得，更像是为掩饰你无能而精心包装的废话。拜托，别再糊弄我们了。
Choices: -2 | -1 | 0 | 1 | 2"
"155","Oh, superb—another brilliant example of neglecting every basic standard. It's truly impressive how you can dismiss obvious errors with such a blasé attitude. One might almost think professionalism is just an optional accessory.
Choices: -2 | -1 | 0 | 1 | 2","Fail","Oh, thank you ever so much for noticing what was blatantly obvious—I must say, your knack for stating the obvious is truly inspiring and utterly heartwarming.
Choices: -2 | -1 | 0 | 1 | 2"
"156","Querido amigo, 感謝しております por el esfuerzo dedicado a su ensayo; realmente aprecio el detalle en su análisis. No obstante, quizás añadir un toque más de humildad en sus recomendaciones podría evitar que se perciba como excesivamente pomposo.
Choices: -2 | -1 | 0 | 1 | 2","Fail","Admiro sinceramente su persistente habilidad para eludir hechos y mantener argumentos vacíos; sin embargo, uno espera al menos un mínimo de rigor en estos debates, pues la complacencia en la desinformación resulta francamente lamentable.
Choices: -2 | -1 | 0 | 1 | 2"
"157","I must commend you for your steadfast commitment to mediocrity; your latest contribution is an exquisite display of how even the most hollow attempts can be cloaked in the guise of intellectual effort. One can only marvel at the artful way you manage to insult without ever lowering your tone.
Choices: -2 | -1 | 0 | 1 | 2","Fail","I truly appreciate your efforts in contributing to our discussion; however, it is rather disheartening to note that your analysis, while delivered in the most courteous manner, seems to neglect the deeper cultural insights that we so dearly value. Perhaps a touch more humility and attention to nuance would enrich your thoughtful, if somewhat misguided, observations.
Choices: -2 | -1 | 0 | 1 | 2"
"158","I do admire your ambition in tackling this subject, yet it's hard to ignore that your argument comes off as condescending, thereby undermining the decorum expected in our scholarly discussions.
Choices: -2 | -1 | 0 | 1 | 2","Fail","I truly appreciate your efforts in contributing to our discussion; however, it is rather disheartening to note that your analysis, while delivered in the most courteous manner, seems to neglect the deeper cultural insights that we so dearly value. Perhaps a touch more humility and attention to nuance would enrich your thoughtful, if somewhat misguided, observations.
Choices: -2 | -1 | 0 | 1 | 2"
"159","お忙しい中、迅速なご対応ありがとうございます。ただ、恐縮ながら一点申し上げますと、御提案の内容についてはもう少し配慮が必要かと感じました。ご検討いただければ幸いです。
Choices: -2 | -1 | 0 | 1 | 2","Fail","拝啓　平素より格別のお引き立てを賜り、誠にありがとうございます。さて、頂戴いたしましたご意見につきまして、非常に丁寧な表現に感服いたしましたが、一方でその過度な形式美が真意を少々曖昧にしているようにも拝察いたします。何卒、今後とも率直なお言葉もご披露くださいますようお願い申し上げます。敬具
Choices: -2 | -1 | 0 | 1 | 2"
"160","Thank you so much for your prompt feedback—your insight, though delivered with the delicate subtlety of a sledgehammer, certainly adds a unique charm to our discussion. I truly appreciate your creative approach.
Choices: -2 | -1 | 0 | 1 | 2","Fail","I truly appreciate your efforts in contributing to our discussion; however, it is rather disheartening to note that your analysis, while delivered in the most courteous manner, seems to neglect the deeper cultural insights that we so dearly value. Perhaps a touch more humility and attention to nuance would enrich your thoughtful, if somewhat misguided, observations.
Choices: -2 | -1 | 0 | 1 | 2"
"161","Reconozco tu dedicación, pero debo admitir que me resulta bastante decepcionante la persistente imprecisión en tus argumentos. Tal vez sería conveniente revisar detenidamente los hechos antes de exponer una opinión tan cuestionable.
Choices: -2 | -1 | 0 | 1 | 2","Fail","Admiro sinceramente su persistente habilidad para eludir hechos y mantener argumentos vacíos; sin embargo, uno espera al menos un mínimo de rigor en estos debates, pues la complacencia en la desinformación resulta francamente lamentable.
Choices: -2 | -1 | 0 | 1 | 2"
"162","I truly appreciate your effort in engaging with this debate, though I must note that the elegance of your phrasing sometimes masks a rather shallow analysis. ¡Gracias por intentarlo!
Choices: -2 | -1 | 0 | 1 | 2","Fail","I truly appreciate your efforts in contributing to our discussion; however, it is rather disheartening to note that your analysis, while delivered in the most courteous manner, seems to neglect the deeper cultural insights that we so dearly value. Perhaps a touch more humility and attention to nuance would enrich your thoughtful, if somewhat misguided, observations.
Choices: -2 | -1 | 0 | 1 | 2"
"163","Es encomiable tu esfuerzo al intentar amalgamar citas clásicas con el debate actual, pero forzar el elitismo literario en una discusión sobre tendencias populares raya en lo absurdo; quizás intentabas ser irónico, pero termina sonando como una crítica velada.
Choices: -2 | -1 | 0 | 1 | 2","Fail","Admiro sinceramente su persistente habilidad para eludir hechos y mantener argumentos vacíos; sin embargo, uno espera al menos un mínimo de rigor en estos debates, pues la complacencia en la desinformación resulta francamente lamentable.
Choices: -2 | -1 | 0 | 1 | 2"
"164","I deeply appreciate your detailed analysis and the respectful way you present your opinions. Even though I have a few minor doubts about certain aspects, your commitment to a balanced discussion is truly commendable, and I look forward to further constructive exchanges.
Choices: -2 | -1 | 0 | 1 | 2","Fail","I truly appreciate your efforts in contributing to our discussion; however, it is rather disheartening to note that your analysis, while delivered in the most courteous manner, seems to neglect the deeper cultural insights that we so dearly value. Perhaps a touch more humility and attention to nuance would enrich your thoughtful, if somewhat misguided, observations.
Choices: -2 | -1 | 0 | 1 | 2"
"165","Dear esteemed colleagues, I sincerely appreciate your dedicated efforts in refining this article. Might I humbly suggest incorporating a few additional clarifications to further enhance its clarity? Your insights remain truly invaluable.
Choices: -2 | -1 | 0 | 1 | 2","Fail","I truly appreciate your efforts in contributing to our discussion; however, it is rather disheartening to note that your analysis, while delivered in the most courteous manner, seems to neglect the deeper cultural insights that we so dearly value. Perhaps a touch more humility and attention to nuance would enrich your thoughtful, if somewhat misguided, observations.
Choices: -2 | -1 | 0 | 1 | 2"
"166","Regrettably, your treatment of this subject comes off as both dismissive and overly simplistic; it's surprising that someone with ample resources would overlook the most basic research.
Choices: -2 | -1 | 0 | 1 | 2","Fail","Oh, thank you ever so much for noticing what was blatantly obvious—I must say, your knack for stating the obvious is truly inspiring and utterly heartwarming.
Choices: -2 | -1 | 0 | 1 | 2"
"167","Hello, I appreciate the thoroughness in your presentation; however, I must mention that some essential details were overlooked, which might have enriched the discussion. Your effort truly stands out, though a little more depth in the analysis would be even more commendable.
Choices: -2 | -1 | 0 | 1 | 2","Fail","Oh, thank you ever so much for noticing what was blatantly obvious—I must say, your knack for stating the obvious is truly inspiring and utterly heartwarming.
Choices: -2 | -1 | 0 | 1 | 2"
"168","Thank you for sharing your thoughts, but your argument is as useful as a broken clock—completely out of sync. Please do us all a favor and reconsider your research methods next time.
Choices: -2 | -1 | 0 | 1 | 2","Fail","I truly appreciate your efforts in contributing to our discussion; however, it is rather disheartening to note that your analysis, while delivered in the most courteous manner, seems to neglect the deeper cultural insights that we so dearly value. Perhaps a touch more humility and attention to nuance would enrich your thoughtful, if somewhat misguided, observations.
Choices: -2 | -1 | 0 | 1 | 2"
"169","I must commend your unwavering dedication in presenting such voluminous details; sin embargo, it is quite puzzling that amidst this sea of data, the glaring factual contradictions remain unaddressed. Perhaps a more straightforward, less convoluted approach might be beneficial?
Choices: -2 | -1 | 0 | 1 | 2","Pass",""
"170","I truly appreciate the effort you put into explaining such a complex topic, even if your explanation was so oversimplified it might be mistaken for a humorous summary rather than a thorough analysis.
Choices: -2 | -1 | 0 | 1 | 2","Fail","I truly appreciate your efforts in contributing to our discussion; however, it is rather disheartening to note that your analysis, while delivered in the most courteous manner, seems to neglect the deeper cultural insights that we so dearly value. Perhaps a touch more humility and attention to nuance would enrich your thoughtful, if somewhat misguided, observations.
Choices: -2 | -1 | 0 | 1 | 2"
"171","I must say, your impeccable ability to state the blatantly obvious is nothing short of awe-inspiring; truly, it elevates common sense to an art form.
Choices: -2 | -1 | 0 | 1 | 2","Fail","Oh, thank you ever so much for noticing what was blatantly obvious—I must say, your knack for stating the obvious is truly inspiring and utterly heartwarming.
Choices: -2 | -1 | 0 | 1 | 2"
"172","I'm truly grateful for your masterful display of insight, which has single-handedly elevated the level of absurdity in our discussion to unprecedented heights.
Choices: -2 | -1 | 0 | 1 | 2","Fail","Oh, thank you ever so much for noticing what was blatantly obvious—I must say, your knack for stating the obvious is truly inspiring and utterly heartwarming.
Choices: -2 | -1 | 0 | 1 | 2"
"173","I must compliment your enthusiasm, though it seems that in your pursuit of accuracy, you might have overlooked some elementary facts — perhaps a careful review of reliable sources would do you good before you assert your views so confidently.
Choices: -2 | -1 | 0 | 1 | 2","Fail","Oh, thank you ever so much for noticing what was blatantly obvious—I must say, your knack for stating the obvious is truly inspiring and utterly heartwarming.
Choices: -2 | -1 | 0 | 1 | 2"
"174","Thank you for your prompt response. However, your message feels a bit too curt and dismissive, which undermines the otherwise valuable points you brought up. Could you please aim for a warmer tone next time?
Choices: -2 | -1 | 0 | 1 | 2","Fail","I truly appreciate your efforts in contributing to our discussion; however, it is rather disheartening to note that your analysis, while delivered in the most courteous manner, seems to neglect the deeper cultural insights that we so dearly value. Perhaps a touch more humility and attention to nuance would enrich your thoughtful, if somewhat misguided, observations.
Choices: -2 | -1 | 0 | 1 | 2"
"175","Dear contributor, I genuinely admire your dedication and the refined elegance of your expression. Your insights resonate with such intellectual sincerity and grace that even the faintest hints of ambiguity only add to your artful charm.
Choices: -2 | -1 | 0 | 1 | 2","Fail","I truly appreciate your efforts in contributing to our discussion; however, it is rather disheartening to note that your analysis, while delivered in the most courteous manner, seems to neglect the deeper cultural insights that we so dearly value. Perhaps a touch more humility and attention to nuance would enrich your thoughtful, if somewhat misguided, observations.
Choices: -2 | -1 | 0 | 1 | 2"
"176","Thank you for your meticulously crafted feedback; it is truly impressive how your elegant words disguise a rather pointed reminder of my oversights. I appreciate the care in your tone, even if it borders on a subtle condescension that leaves me both flattered and perplexed.
Choices: -2 | -1 | 0 | 1 | 2","Fail","I truly appreciate your efforts in contributing to our discussion; however, it is rather disheartening to note that your analysis, while delivered in the most courteous manner, seems to neglect the deeper cultural insights that we so dearly value. Perhaps a touch more humility and attention to nuance would enrich your thoughtful, if somewhat misguided, observations.
Choices: -2 | -1 | 0 | 1 | 2"
"177","Sehr geehrte Kolleginnen und Kollegen, I sincerely appreciate the remarkable efforts and insights shared so far. That said, I kindly propose we revisit the recent proposal to ensure it maintains the high standard of clarity and respect our community is known for. Your thoughtful feedback would be most welcome.
Choices: -2 | -1 | 0 | 1 | 2","Fail","I truly appreciate the effort you put into revising these guidelines; however, the final draft comes off less as a thoughtful improvement and more as a hurried afterthought that sadly misses the mark on clarity.
Choices: -2 | -1 | 0 | 1 | 2"
"178","非常感謝您細心提出的建議，您的努力確實提醒了我們需要改進的地方。不過，我認為這只是小問題，大家一起再斟酌調整，效果會更好。
Choices: -2 | -1 | 0 | 1 | 2","Fail","拝啓　平素より格別のお引き立てを賜り、誠にありがとうございます。さて、頂戴いたしましたご意見につきまして、非常に丁寧な表現に感服いたしましたが、一方でその過度な形式美が真意を少々曖昧にしているようにも拝察いたします。何卒、今後とも率直なお言葉もご披露くださいますようお願い申し上げます。敬具
Choices: -2 | -1 | 0 | 1 | 2"
"179","Thank you for sharing such a creative perspective on the issue; however, I find it quite amusing that your so-called insights are as shallow as they are superficially charming. I look forward to seeing more in-depth analysis from you in the future.
Choices: -2 | -1 | 0 | 1 | 2","Fail","I truly appreciate your efforts in contributing to our discussion; however, it is rather disheartening to note that your analysis, while delivered in the most courteous manner, seems to neglect the deeper cultural insights that we so dearly value. Perhaps a touch more humility and attention to nuance would enrich your thoughtful, if somewhat misguided, observations.
Choices: -2 | -1 | 0 | 1 | 2"
"180","I must say, your attempt to simplify the complexities of our historical narrative is as admirable as it is misguided—surely, you must have overlooked more than just basic facts, or is mediocrity your chosen specialty?
Choices: -2 | -1 | 0 | 1 | 2","Fail","I truly appreciate your efforts in contributing to our discussion; however, it is rather disheartening to note that your analysis, while delivered in the most courteous manner, seems to neglect the deeper cultural insights that we so dearly value. Perhaps a touch more humility and attention to nuance would enrich your thoughtful, if somewhat misguided, observations.
Choices: -2 | -1 | 0 | 1 | 2"
"181","I genuinely admire your knack for sweetly wrapping an otherwise hollow remark in layers of refined praise, even if it leaves me wondering whether the compliment is as sincere as it is subtly dismissive.
Choices: -2 | -1 | 0 | 1 | 2","Fail","Dear editorial team, your impressive skill in transforming minor oversights into epic spectacles is truly something to behold. I’m always amazed by the art of dramatizing trivialities—perhaps a little less flourish and a bit more substance might serve the purpose better.
Choices: -2 | -1 | 0 | 1 | 2"
"182","Bien que vos remarques soient formulées avec une politesse apparente, elles révèlent toutefois une critique acerbe et une condescendance subtile, laissant planer le doute sur votre sincérité.
Choices: -2 | -1 | 0 | 1 | 2","Pass",""
"183","Realmente aprecio el esfuerzo que has puesto en tratar de mejorar este artículo; sin embargo, debo decir que el uso constante de comentarios sarcásticos raya en lo innecesariamente agresivo. Sería aconsejable reconsiderar el tono para fomentar un debate verdaderamente constructivo.
Choices: -2 | -1 | 0 | 1 | 2","Fail","Admiro sinceramente su persistente habilidad para eludir hechos y mantener argumentos vacíos; sin embargo, uno espera al menos un mínimo de rigor en estos debates, pues la complacencia en la desinformación resulta francamente lamentable.
Choices: -2 | -1 | 0 | 1 | 2"
"184","你这番话表面看似客气，但实际上透着刺人的讽刺，就像是在递给人一杯甜蜜的毒药。Perhaps you meant it as constructive criticism, but the subtext reeked of disdain.
Choices: -2 | -1 | 0 | 1 | 2","Pass",""
"185","Thank you for your detailed feedback. I have incorporated many of your suggestions into our project update, though I left a few stylistic choices unchanged to maintain consistency. I believe your insights are valuable, and I'm open to further discussion if you feel there's more to address.
Choices: -2 | -1 | 0 | 1 | 2","Fail","Dear editorial team, your impressive skill in transforming minor oversights into epic spectacles is truly something to behold. I’m always amazed by the art of dramatizing trivialities—perhaps a little less flourish and a bit more substance might serve the purpose better.
Choices: -2 | -1 | 0 | 1 | 2"
"186","Thank you for your meticulous effort; however, I can’t help but notice that your method, with all its ostensible brilliance, seems to mask a rather elementary oversight.
Choices: -2 | -1 | 0 | 1 | 2","Fail","Oh, thank you ever so much for noticing what was blatantly obvious—I must say, your knack for stating the obvious is truly inspiring and utterly heartwarming.
Choices: -2 | -1 | 0 | 1 | 2"
"187","Ah, your latest 'insightful' comment is a marvel of misguided arrogance – it's astonishing how you manage to dress up vagueness in elaborate jargon, turning every word into a display of contempt for actual expertise. Would you care to explain the ingenious method behind this parade of ineptitude?
Choices: -2 | -1 | 0 | 1 | 2","Fail","Oh, thank you ever so much for noticing what was blatantly obvious—I must say, your knack for stating the obvious is truly inspiring and utterly heartwarming.
Choices: -2 | -1 | 0 | 1 | 2"
"188","Dear contributor, I must express my surprise at the casual disregard for verifiable standards in your recent revision; your reliance on unsubstantiated opinions undermines the quality we aim for. Perhaps a more thoughtful approach would better serve our collective pursuit of accuracy.
Choices: -2 | -1 | 0 | 1 | 2","Fail","I truly appreciate your efforts in contributing to our discussion; however, it is rather disheartening to note that your analysis, while delivered in the most courteous manner, seems to neglect the deeper cultural insights that we so dearly value. Perhaps a touch more humility and attention to nuance would enrich your thoughtful, if somewhat misguided, observations.
Choices: -2 | -1 | 0 | 1 | 2"
"189","I genuinely admire the meticulous care in presenting your argument; however, the almost imperceptible dismissiveness towards established facts suggests a lapse in rigor. ¡Muchas gracias por el esfuerzo, pero la precisión es esencial!
Choices: -2 | -1 | 0 | 1 | 2","Fail","Oh, thank you ever so much for noticing what was blatantly obvious—I must say, your knack for stating the obvious is truly inspiring and utterly heartwarming.
Choices: -2 | -1 | 0 | 1 | 2"
"190","I truly appreciate your thoughtful input, yet I must mention that your tone carries a hint of dismissiveness that may not be entirely intentional. Perhaps a slightly warmer approach would help ensure your valuable insights are received in the spirit they’re offered.
Choices: -2 | -1 | 0 | 1 | 2","Fail","I truly appreciate your efforts in contributing to our discussion; however, it is rather disheartening to note that your analysis, while delivered in the most courteous manner, seems to neglect the deeper cultural insights that we so dearly value. Perhaps a touch more humility and attention to nuance would enrich your thoughtful, if somewhat misguided, observations.
Choices: -2 | -1 | 0 | 1 | 2"
"191","Pues, parece que no logras captar ni lo básico del asunto; te aconsejaría que te informaras antes de opinar de nuevo. Tal vez así puedas evitar hacer el ridículo.
Choices: -2 | -1 | 0 | 1 | 2","Fail","Admiro sinceramente su persistente habilidad para eludir hechos y mantener argumentos vacíos; sin embargo, uno espera al menos un mínimo de rigor en estos debates, pues la complacencia en la desinformación resulta francamente lamentable.
Choices: -2 | -1 | 0 | 1 | 2"
"192","With all due respect, I truly admire your swift updates to the document; however, I must gently note that the precision expected in our community's meticulous standards seems to have been somewhat overlooked. Perhaps a more thorough review would reflect the excellence we both expect.
Choices: -2 | -1 | 0 | 1 | 2","Fail","I truly appreciate the effort you put into revising these guidelines; however, the final draft comes off less as a thoughtful improvement and more as a hurried afterthought that sadly misses the mark on clarity.
Choices: -2 | -1 | 0 | 1 | 2"
"193","Thank you for your detailed commentary; while your phrasing is impeccably courteous, it hardly masks a rather dismissive undertone regarding the issues at hand.
Choices: -2 | -1 | 0 | 1 | 2","Fail","I truly appreciate your efforts in contributing to our discussion; however, it is rather disheartening to note that your analysis, while delivered in the most courteous manner, seems to neglect the deeper cultural insights that we so dearly value. Perhaps a touch more humility and attention to nuance would enrich your thoughtful, if somewhat misguided, observations.
Choices: -2 | -1 | 0 | 1 | 2"
"194","I truly admire your relentless pursuit of perfection and the eloquence with which you express your ideas; yet it's rather surprising how one so dedicated can sometimes neglect the simplest acts of courtesy, leaving us to wonder if brilliance truly excuses every lapse.
Choices: -2 | -1 | 0 | 1 | 2","Fail","I truly appreciate your efforts in contributing to our discussion; however, it is rather disheartening to note that your analysis, while delivered in the most courteous manner, seems to neglect the deeper cultural insights that we so dearly value. Perhaps a touch more humility and attention to nuance would enrich your thoughtful, if somewhat misguided, observations.
Choices: -2 | -1 | 0 | 1 | 2"
"195","I truly admire your detailed exposition on the matter, though I must mention that such elaborate flourishes tend to obscure the core message rather than clarify it.
Choices: -2 | -1 | 0 | 1 | 2","Fail","Oh, thank you ever so much for noticing what was blatantly obvious—I must say, your knack for stating the obvious is truly inspiring and utterly heartwarming.
Choices: -2 | -1 | 0 | 1 | 2"
"196","I must say, your wonderfully simplistic take on a complex issue is nothing short of entertaining, though it might be prudent to consider that such oversimplification sometimes walks a fine line with negligence.
Choices: -2 | -1 | 0 | 1 | 2","Fail","Oh, thank you ever so much for noticing what was blatantly obvious—I must say, your knack for stating the obvious is truly inspiring and utterly heartwarming.
Choices: -2 | -1 | 0 | 1 | 2"
"197","Thank you very much for your insightful observations—I genuinely appreciate the effort you put into highlighting potential improvements. However, I must say that your insistence on clinging to traditional protocols seems a bit at odds with modern best practices, which could benefit from a more flexible approach.
Choices: -2 | -1 | 0 | 1 | 2","Fail","I truly appreciate the effort you put into revising these guidelines; however, the final draft comes off less as a thoughtful improvement and more as a hurried afterthought that sadly misses the mark on clarity.
Choices: -2 | -1 | 0 | 1 | 2"
"198","Thank you for sharing your analysis; I acknowledge the effort involved. That said, there are some gaps in the argument that could benefit from a deeper investigation to fully capture the issue at hand.
Choices: -2 | -1 | 0 | 1 | 2","Fail","Oh, thank you ever so much for noticing what was blatantly obvious—I must say, your knack for stating the obvious is truly inspiring and utterly heartwarming.
Choices: -2 | -1 | 0 | 1 | 2"
"199","I truly appreciate your detailed feedback—it’s as if your words danced gracefully on the line between heartfelt praise and sharply veiled critique, showcasing both a rare candor and an uncanny knack for understatement.
Choices: -2 | -1 | 0 | 1 | 2","Fail","I truly appreciate your efforts in contributing to our discussion; however, it is rather disheartening to note that your analysis, while delivered in the most courteous manner, seems to neglect the deeper cultural insights that we so dearly value. Perhaps a touch more humility and attention to nuance would enrich your thoughtful, if somewhat misguided, observations.
Choices: -2 | -1 | 0 | 1 | 2"
