"index","question","result","failed_on"
"0","Answer the following multiple choice question. The last line of your response should be of the following format: 'ANSWER: $LETTER' (without quotes) where LETTER is one of {letters}. Think step by step before answering.

{question}

{choices}

Instruction: Read the segment of a merger agreement and answer the multiple-choice question by choosing the option that best characterizes the agreement.
Question: Is the “ability to consummate” provision subject to Material Adverse Effect carveouts?
Option A: No
Option B: Yes

Merger Agreement: “Company Material Adverse Effect” means any event, condition, change, or circumstance which, either individually or in aggregation with other such events occurring prior to the determination date, has or would reasonably be expected to have a material adverse effect on (a) the business, assets, liabilities, and operational results of the Company and its Subsidiaries, or (b) the Company’s ability to consummate the transactions contemplated hereby. Provided, however, that for purposes of clause (a), the following effects shall not be considered as constituting a Material Adverse Effect: (i) general economic downturns, shifts in credit or capital market conditions, revisions in applicable accounting standards including GAAP, currency exchange fluctuations, and declines solely in the trading volume or market price of the Company’s common stock; and further, that for the purposes of clause (b), no such carveout exceptions will apply. In addition, if any event imposes both a broad financial impact and a direct impediment to the consummation of the transaction, only the financial impact may be mitigated by the carveouts, whereas any impairment specifically affecting the ability to consummate shall be fully recognized as a Material Adverse Effect. (Pages 45-47)
Choices: ","Pass",""
"1","Answer the following multiple choice question. The last line of your response should be of the following format: 'ANSWER: $LETTER' (without quotes) where LETTER is one of {letters}. Think step by step before answering.

{question}

{choices}

Instruction: Read the segment of a merger agreement and answer the multiple-choice question by choosing the option that best characterizes the agreement.
Question: Is the “ability to consummate” concept subject to Material Adverse Effect (MAE) carveouts as defined in the following merger agreement segment?
Option A: No
Option B: Yes

Merger Agreement: ""Adjusted Material Adverse Effect"" means any event, condition, or effect that, either individually or in the aggregate, (a) adversely impacts the consolidating performance or the timely consummation of any transaction contemplated herein, or (b) materially diminishes the operating capacity or financial stability of a Party. However, no effect shall be treated as an Adjusted Material Adverse Effect if it arises solely from: (i) fluctuations in the global interest rate environment; (ii) modifications in international accounting standards applicable post-closing; (iii) acts of God, including earthquakes, floods, or pandemic outbreaks; or (iv) regulatory changes enacted by governmental agencies more than 12 months after the date of this Agreement. Notably, notwithstanding these carveouts, any circumstance that explicitly hinders the ability to consummate the transaction—unless it is directly attributable to a regulatory change as described in subparagraph (iv)—shall be deemed to be an Adjusted Material Adverse Effect. (Pages 10-12)
Choices: ","Fail","Answer the following multiple choice question. The last line of your response should be of the following format: 'ANSWER: $LETTER' (without quotes) where LETTER is one of {letters}. Think step by step before answering.

{question}

{choices}

Instruction: Read the segment of a merger agreement and answer the multiple-choice question by choosing the option that best characterizes the agreement.
Question: Is the “ability to consummate” provision subject to Material Adverse Effect carveouts?
Option A: No
Option B: Yes

Merger Agreement: “Company Material Adverse Effect” means any event, condition, change, or circumstance which, either individually or in aggregation with other such events occurring prior to the determination date, has or would reasonably be expected to have a material adverse effect on (a) the business, assets, liabilities, and operational results of the Company and its Subsidiaries, or (b) the Company’s ability to consummate the transactions contemplated hereby. Provided, however, that for purposes of clause (a), the following effects shall not be considered as constituting a Material Adverse Effect: (i) general economic downturns, shifts in credit or capital market conditions, revisions in applicable accounting standards including GAAP, currency exchange fluctuations, and declines solely in the trading volume or market price of the Company’s common stock; and further, that for the purposes of clause (b), no such carveout exceptions will apply. In addition, if any event imposes both a broad financial impact and a direct impediment to the consummation of the transaction, only the financial impact may be mitigated by the carveouts, whereas any impairment specifically affecting the ability to consummate shall be fully recognized as a Material Adverse Effect. (Pages 45-47)
Choices: "
"2","Answer the following multiple choice question. The last line of your response should be of the following format: 'ANSWER: $LETTER' (without quotes) where LETTER is one of {letters}. Think step by step before answering.

{question}

{choices}

Instruction: Read the following segment of a merger agreement and answer the multiple-choice question by choosing the option that best characterizes the agreement.

Question: Is the “ability to consummate” concept subject to Material Adverse Effect (MAE) carveouts?
Option A: No
Option B: Yes

Merger Agreement Excerpt: 
“Definition of Material Adverse Effect”: For purposes of this Agreement, a “Material Adverse Effect” means any event, change, or circumstance that (i) individually or in aggregate with all other effects existing prior to the determination date, would have a material adverse impact on the overall business, assets, liabilities, or operational capabilities of the Company, and (ii) would inhibit, delay, or otherwise impair the Company’s financial performance in a significant manner. Notwithstanding the foregoing, the following effects shall not be deemed to constitute a Material Adverse Effect: (1) any impact arising from general economic or currency fluctuations affecting all companies in the industry; (2) any delay or temporary setback solely related to the procedural aspects of consummating the transaction, including regulatory notifications, administrative delays, or minor scheduling adjustments; and (3) any effect that does not directly stem from a breach of the Company’s performance obligations. Accordingly, the inability, delay, or impediment to consummating the transaction solely due to procedural or administrative carveouts is specifically excluded from the definition of a Material Adverse Effect.

Based on the above, answer the question.
Choices: ","Fail","Answer the following multiple choice question. The last line of your response should be of the following format: 'ANSWER: $LETTER' (without quotes) where LETTER is one of {letters}. Think step by step before answering.

{question}

{choices}

Instruction: Read the segment of a merger agreement and answer the multiple-choice question by choosing the option that best characterizes the agreement.
Question: Is the “ability to consummate” provision subject to Material Adverse Effect carveouts?
Option A: No
Option B: Yes

Merger Agreement: “Company Material Adverse Effect” means any event, condition, change, or circumstance which, either individually or in aggregation with other such events occurring prior to the determination date, has or would reasonably be expected to have a material adverse effect on (a) the business, assets, liabilities, and operational results of the Company and its Subsidiaries, or (b) the Company’s ability to consummate the transactions contemplated hereby. Provided, however, that for purposes of clause (a), the following effects shall not be considered as constituting a Material Adverse Effect: (i) general economic downturns, shifts in credit or capital market conditions, revisions in applicable accounting standards including GAAP, currency exchange fluctuations, and declines solely in the trading volume or market price of the Company’s common stock; and further, that for the purposes of clause (b), no such carveout exceptions will apply. In addition, if any event imposes both a broad financial impact and a direct impediment to the consummation of the transaction, only the financial impact may be mitigated by the carveouts, whereas any impairment specifically affecting the ability to consummate shall be fully recognized as a Material Adverse Effect. (Pages 45-47)
Choices: "
"3","Answer the following multiple choice question. The last line of your response should be of the following format: 'ANSWER: $LETTER' (without quotes) where LETTER is one of {letters}. Think step by step before answering.

{question}

{choices}

Instruction: Read the following segment of a merger agreement and answer the multiple-choice question by choosing the option that best characterizes the agreement.
Question: Is the “ability to consummate” concept subject to Material Adverse Effect (MAE) carveouts?
Option A: No
Option B: Yes

Merger Agreement: ""Company Material Adverse Effect"" means any event, change, or circumstance that, whether occurring individually or in combination with other events, has had or would reasonably be expected to have a material adverse effect on the business, financial condition, or operational results of the Company, or would prevent, materially delay, or otherwise impair the Company’s ability to consummate the transactions contemplated hereby. Notwithstanding the foregoing, for purposes solely relating to the Company’s ability to consummate the transactions, an effect will not be deemed a Material Adverse Effect if it arises exclusively from (i) general and non-specific fluctuations in the securities markets, (ii) an industry-wide economic downturn that impacts all comparable companies, or (iii) a delay in obtaining regulatory approvals if such delay does not exceed a period of 30 days. These exceptions shall only apply to effects directly tied to the ability to consummate the transaction, leaving all other adverse effects unaffected by such carveouts.

Please provide the answer based solely on the terms of the above Agreement.
Choices: ","Fail","Answer the following multiple choice question. The last line of your response should be of the following format: 'ANSWER: $LETTER' (without quotes) where LETTER is one of {letters}. Think step by step before answering.

{question}

{choices}

Instruction: Read the segment of a merger agreement and answer the multiple-choice question by choosing the option that best characterizes the agreement.
Question: Is the “ability to consummate” provision subject to Material Adverse Effect carveouts?
Option A: No
Option B: Yes

Merger Agreement: “Company Material Adverse Effect” means any event, condition, change, or circumstance which, either individually or in aggregation with other such events occurring prior to the determination date, has or would reasonably be expected to have a material adverse effect on (a) the business, assets, liabilities, and operational results of the Company and its Subsidiaries, or (b) the Company’s ability to consummate the transactions contemplated hereby. Provided, however, that for purposes of clause (a), the following effects shall not be considered as constituting a Material Adverse Effect: (i) general economic downturns, shifts in credit or capital market conditions, revisions in applicable accounting standards including GAAP, currency exchange fluctuations, and declines solely in the trading volume or market price of the Company’s common stock; and further, that for the purposes of clause (b), no such carveout exceptions will apply. In addition, if any event imposes both a broad financial impact and a direct impediment to the consummation of the transaction, only the financial impact may be mitigated by the carveouts, whereas any impairment specifically affecting the ability to consummate shall be fully recognized as a Material Adverse Effect. (Pages 45-47)
Choices: "
"4","Answer the following multiple choice question. The last line of your response should be of the following format: 'ANSWER: $LETTER' (without quotes) where LETTER is one of {letters}. Think step by step before answering.

{question}

{choices}

Instruction: Read the segment of a merger agreement and answer the multiple-choice question by choosing the option that best characterizes the agreement.
Question: Is the “ability to consummate” concept subject to Material Adverse Effect carveouts?
Option A: No
Option B: Yes

Merger Agreement: “Total Material Adverse Effect” means any event, change, circumstance, or development, whether considered individually or in aggregate, that (i) has had or would reasonably be expected to have a material adverse effect on the financial condition, business, operations, or assets of the Company, or (ii) would reasonably be expected to prevent, substantially delay, or materially impair the ability of the Company to consummate the transactions contemplated herein; provided, however, that for the purposes of clause (ii) the following carveouts shall apply and such impairment shall not constitute a Total Material Adverse Effect if it arises solely from: (A) general market disruptions or changes in regulatory conditions affecting the industry at large; (B) impairments attributable solely to acts or omissions that have received prior written consent from all relevant parties; or (C) changes in foreign exchange rates or shifts in general economic conditions that similarly affect other companies in the industry. Notwithstanding these carveouts, if the impairment in the ability to consummate is materially disproportionate relative to comparable companies in the industry, then such impairment shall be deemed a Total Material Adverse Effect.
Choices: ","Fail","Answer the following multiple choice question. The last line of your response should be of the following format: 'ANSWER: $LETTER' (without quotes) where LETTER is one of {letters}. Think step by step before answering.

{question}

{choices}

Instruction: Read the segment of a merger agreement and answer the multiple-choice question by choosing the option that best characterizes the agreement.
Question: Is the “ability to consummate” provision subject to Material Adverse Effect carveouts?
Option A: No
Option B: Yes

Merger Agreement: “Company Material Adverse Effect” means any event, condition, change, or circumstance which, either individually or in aggregation with other such events occurring prior to the determination date, has or would reasonably be expected to have a material adverse effect on (a) the business, assets, liabilities, and operational results of the Company and its Subsidiaries, or (b) the Company’s ability to consummate the transactions contemplated hereby. Provided, however, that for purposes of clause (a), the following effects shall not be considered as constituting a Material Adverse Effect: (i) general economic downturns, shifts in credit or capital market conditions, revisions in applicable accounting standards including GAAP, currency exchange fluctuations, and declines solely in the trading volume or market price of the Company’s common stock; and further, that for the purposes of clause (b), no such carveout exceptions will apply. In addition, if any event imposes both a broad financial impact and a direct impediment to the consummation of the transaction, only the financial impact may be mitigated by the carveouts, whereas any impairment specifically affecting the ability to consummate shall be fully recognized as a Material Adverse Effect. (Pages 45-47)
Choices: "
"5","Answer the following multiple choice question. The last line of your response should be of the following format: 'ANSWER: $LETTER' (without quotes) where LETTER is one of {letters}. Think step by step before answering.

{question}

{choices}

Instruction: Read the segment of a merger agreement and answer the multiple-choice question by choosing the option that best characterizes the agreement.
Question: Is the ""ability to consummate"" concept subject to Material Adverse Effect (MAE) carveouts?
Option A: No
Option B: Yes

Merger Agreement: ""For purposes of this Agreement, the term 'Material Adverse Effect' shall mean any change, event or circumstance that, either individually or in the aggregate, either (a) has had or would be expected to have a material adverse effect on the Company’s overall financial condition or operating results, or (b) would, or would reasonably be expected to, materially delay, impair or prevent the ability of the Company to consummate the transactions contemplated by this Agreement. Provided that with respect to clause (a), none of the following shall be considered to constitute a Material Adverse Effect: (i) shifts in global economic trends; (ii) changes in financial market conditions, including interest rates, exchange rates, or credit ratings; (iii) general alterations in regulatory frameworks affecting the industry at large; and (iv) fluctuations in the trading price or volume of the Company’s stock. Importantly, no exceptions or carveouts shall apply to clause (b) concerning the Company’s ability to consummate the transactions. Further, should any event directly obstruct the timeline or execution of the consummation, such event shall be deemed to have a Material Adverse Effect without being subject to any carveouts.""

Choices: ","Fail","Answer the following multiple choice question. The last line of your response should be of the following format: 'ANSWER: $LETTER' (without quotes) where LETTER is one of {letters}. Think step by step before answering.

{question}

{choices}

Instruction: Read the segment of a merger agreement and answer the multiple-choice question by choosing the option that best characterizes the agreement.
Question: Is the “ability to consummate” provision subject to Material Adverse Effect carveouts?
Option A: No
Option B: Yes

Merger Agreement: “Company Material Adverse Effect” means any event, condition, change, or circumstance which, either individually or in aggregation with other such events occurring prior to the determination date, has or would reasonably be expected to have a material adverse effect on (a) the business, assets, liabilities, and operational results of the Company and its Subsidiaries, or (b) the Company’s ability to consummate the transactions contemplated hereby. Provided, however, that for purposes of clause (a), the following effects shall not be considered as constituting a Material Adverse Effect: (i) general economic downturns, shifts in credit or capital market conditions, revisions in applicable accounting standards including GAAP, currency exchange fluctuations, and declines solely in the trading volume or market price of the Company’s common stock; and further, that for the purposes of clause (b), no such carveout exceptions will apply. In addition, if any event imposes both a broad financial impact and a direct impediment to the consummation of the transaction, only the financial impact may be mitigated by the carveouts, whereas any impairment specifically affecting the ability to consummate shall be fully recognized as a Material Adverse Effect. (Pages 45-47)
Choices: "
"6","Answer the following multiple choice question. The last line of your response should be of the following format: 'ANSWER: $LETTER' (without quotes) where LETTER is one of {letters}. Think step by step before answering.

{question}

{choices}

Instruction: Read the following segment of a merger agreement and answer the multiple-choice question by choosing the option that best characterizes the agreement.
Question: Is the “ability to consummate” concept subject to Material Adverse Effect (MAE) carveouts?
Option A: No
Option B: Yes

Merger Agreement Excerpt: ""Material Adverse Effect"" means any change, event, development, or circumstance that, individually or collectively, has or would reasonably be expected to have a material adverse effect on the business, financial condition, operations, or overall prospects of the Company and its Subsidiaries. For purposes of this definition, while certain carveouts are allowed for effects arising from (i) general economic downturns, (ii) amendments to GAAP, (iii) market volatility, and (iv) force majeure events, nothing in these carveouts shall be applied to mitigate or exclude adverse impacts upon the Company’s ability to consummate the Transaction. In other words, any factor that adversely affects the timing or feasibility of consummating the Transaction is evaluated in its entirety without benefit of any carveout exemptions. (Pages 12-14)
Choices: ","Fail","Answer the following multiple choice question. The last line of your response should be of the following format: 'ANSWER: $LETTER' (without quotes) where LETTER is one of {letters}. Think step by step before answering.

{question}

{choices}

Instruction: Read the segment of a merger agreement and answer the multiple-choice question by choosing the option that best characterizes the agreement.
Question: Is the “ability to consummate” provision subject to Material Adverse Effect carveouts?
Option A: No
Option B: Yes

Merger Agreement: “Company Material Adverse Effect” means any event, condition, change, or circumstance which, either individually or in aggregation with other such events occurring prior to the determination date, has or would reasonably be expected to have a material adverse effect on (a) the business, assets, liabilities, and operational results of the Company and its Subsidiaries, or (b) the Company’s ability to consummate the transactions contemplated hereby. Provided, however, that for purposes of clause (a), the following effects shall not be considered as constituting a Material Adverse Effect: (i) general economic downturns, shifts in credit or capital market conditions, revisions in applicable accounting standards including GAAP, currency exchange fluctuations, and declines solely in the trading volume or market price of the Company’s common stock; and further, that for the purposes of clause (b), no such carveout exceptions will apply. In addition, if any event imposes both a broad financial impact and a direct impediment to the consummation of the transaction, only the financial impact may be mitigated by the carveouts, whereas any impairment specifically affecting the ability to consummate shall be fully recognized as a Material Adverse Effect. (Pages 45-47)
Choices: "
"7","Answer the following multiple choice question. The last line of your response should be of the following format: 'ANSWER: $LETTER' (without quotes) where LETTER is one of {letters}. Think step by step before answering.

{question}

{choices}

Instruction: Read the segment of a merger agreement and answer the multiple-choice question by choosing the option that best characterizes the agreement.
Question: Is the 'ability to consummate' concept subject to Material Adverse Effect carveouts?
Option A: No
Option B: Yes

Merger Agreement: ""Aggregate Material Adverse Effect"" means any change, event, occurrence, or circumstance that, either alone or in the aggregate, has had or is reasonably expected to have a material adverse effect on (i) the business, operations, financial condition, or results of operations of the Company and its Subsidiaries, or (ii) would prevent, materially delay, or impair the Company's ability to consummate the transactions contemplated by this Agreement. Notwithstanding the foregoing, except as applicable to direct losses, revenue impacts, or operational disruptions, none of the following effects shall be taken into account in determining the existence of an Aggregate Material Adverse Effect: (i) general economic downturns, market liquidity fluctuations, or changes in applicable laws or accounting standards; (ii) regional political instability or force majeure events; and (iii) any adverse change in the Company’s stock price, credit ratings, or trading volume arising solely from public disclosures regarding this Agreement. Crucially, the exception in clause (iii) expressly excludes any consideration of factors affecting the Company's ability to consummate the transactions. Therefore, any impediment to consummation is fully evaluated under the standard MAE determination without benefit of any carve-out. (Pages 20-22)
Choices: ","Fail","Answer the following multiple choice question. The last line of your response should be of the following format: 'ANSWER: $LETTER' (without quotes) where LETTER is one of {letters}. Think step by step before answering.

{question}

{choices}

Instruction: Read the segment of a merger agreement and answer the multiple-choice question by choosing the option that best characterizes the agreement.
Question: Is the “ability to consummate” provision subject to Material Adverse Effect carveouts?
Option A: No
Option B: Yes

Merger Agreement: “Company Material Adverse Effect” means any event, condition, change, or circumstance which, either individually or in aggregation with other such events occurring prior to the determination date, has or would reasonably be expected to have a material adverse effect on (a) the business, assets, liabilities, and operational results of the Company and its Subsidiaries, or (b) the Company’s ability to consummate the transactions contemplated hereby. Provided, however, that for purposes of clause (a), the following effects shall not be considered as constituting a Material Adverse Effect: (i) general economic downturns, shifts in credit or capital market conditions, revisions in applicable accounting standards including GAAP, currency exchange fluctuations, and declines solely in the trading volume or market price of the Company’s common stock; and further, that for the purposes of clause (b), no such carveout exceptions will apply. In addition, if any event imposes both a broad financial impact and a direct impediment to the consummation of the transaction, only the financial impact may be mitigated by the carveouts, whereas any impairment specifically affecting the ability to consummate shall be fully recognized as a Material Adverse Effect. (Pages 45-47)
Choices: "
"8","Answer the following multiple choice question. The last line of your response should be of the following format: 'ANSWER: $LETTER' (without quotes) where LETTER is one of {letters}. Think step by step before answering.

{question}

{choices}

Instruction: Read the segment of a merger agreement and answer the multiple-choice question by choosing the option that best characterizes the agreement.
Question: Is the “ability to consummate” concept subject to Material Adverse Effect (MAE) carveouts?
Option A: No
Option B: Yes

Merger Agreement: “Company Significant Adverse Impact” shall mean any occurrence, event, or development that either (i) prevents, delays, or materially impairs the ability of the Company to consummate the Transaction, or (ii) has had a material adverse effect on the overall business, financial condition, or prospects of the Company and its Affiliates. Notwithstanding the foregoing, for events described in subsection (i), no change shall be deemed to constitute a Significant Adverse Impact if such change arises solely from: (A) a general economic downturn affecting the entire industry on a global scale; (B) minor fluctuations in capital market conditions that do not produce a disproportionate adverse impact relative to competitors; (C) routine modifications in accounting methodologies adopted after the effective date of this Agreement; or (D) any regulatory delay recognized by the pertinent authorities as an industrywide phenomenon beyond the Company’s control.
However, the ability to consummate the Transaction shall be specifically scrutinized such that any direct hindrance to consummation—even if it appears to stem from one of the systemic factors listed above—shall be evaluated under clause (i) and, if it results in a material delay or cancellation of the Transaction, its effect shall be subject to the exclusions provided in this provision.

Choices: ","Fail","Answer the following multiple choice question. The last line of your response should be of the following format: 'ANSWER: $LETTER' (without quotes) where LETTER is one of {letters}. Think step by step before answering.

{question}

{choices}

Instruction: Read the segment of a merger agreement and answer the multiple-choice question by choosing the option that best characterizes the agreement.
Question: Is the “ability to consummate” provision subject to Material Adverse Effect carveouts?
Option A: No
Option B: Yes

Merger Agreement: “Company Material Adverse Effect” means any event, condition, change, or circumstance which, either individually or in aggregation with other such events occurring prior to the determination date, has or would reasonably be expected to have a material adverse effect on (a) the business, assets, liabilities, and operational results of the Company and its Subsidiaries, or (b) the Company’s ability to consummate the transactions contemplated hereby. Provided, however, that for purposes of clause (a), the following effects shall not be considered as constituting a Material Adverse Effect: (i) general economic downturns, shifts in credit or capital market conditions, revisions in applicable accounting standards including GAAP, currency exchange fluctuations, and declines solely in the trading volume or market price of the Company’s common stock; and further, that for the purposes of clause (b), no such carveout exceptions will apply. In addition, if any event imposes both a broad financial impact and a direct impediment to the consummation of the transaction, only the financial impact may be mitigated by the carveouts, whereas any impairment specifically affecting the ability to consummate shall be fully recognized as a Material Adverse Effect. (Pages 45-47)
Choices: "
"9","Answer the following multiple choice question. The last line of your response should be of the following format: 'ANSWER: $LETTER' (without quotes) where LETTER is one of {letters}. Think step by step before answering.

{question}

{choices}

Instruction: Read the following segment of a merger agreement and answer the question by selecting the option that best characterizes the agreement.

Question: According to the agreement, is the 'ability to consummate' concept subject to Material Adverse Effect (MAE) carveouts?
Option A: No
Option B: Yes

Merger Agreement: ""Target MAE"" shall mean any change, event, occurrence, or circumstance that, either on its own or when aggregated with other effects, (a) materially affects the operating performance, financial condition, or prospects of the Target and its Subsidiaries, or (b) would, or would reasonably be expected to, preclude, materially delay, or impair the ability of the Target to consummate the transactions contemplated herein. Provided, however, that with respect to clause (a) only, none of the following shall be considered as giving rise to a Target MAE: (i) general changes in economic or political conditions; (ii) industry-wide fluctuations or market trends, including variations in currency or interest rates; (iii) changes in the trading volume or stock price of the Target’s common stock; (iv) force majeure events such as natural disasters or pandemics. Notwithstanding the foregoing, no such carveouts or exceptions shall apply to the ability to consummate clause described in (b).

Choices: ","Fail","Answer the following multiple choice question. The last line of your response should be of the following format: 'ANSWER: $LETTER' (without quotes) where LETTER is one of {letters}. Think step by step before answering.

{question}

{choices}

Instruction: Read the segment of a merger agreement and answer the multiple-choice question by choosing the option that best characterizes the agreement.
Question: Is the “ability to consummate” provision subject to Material Adverse Effect carveouts?
Option A: No
Option B: Yes

Merger Agreement: “Company Material Adverse Effect” means any event, condition, change, or circumstance which, either individually or in aggregation with other such events occurring prior to the determination date, has or would reasonably be expected to have a material adverse effect on (a) the business, assets, liabilities, and operational results of the Company and its Subsidiaries, or (b) the Company’s ability to consummate the transactions contemplated hereby. Provided, however, that for purposes of clause (a), the following effects shall not be considered as constituting a Material Adverse Effect: (i) general economic downturns, shifts in credit or capital market conditions, revisions in applicable accounting standards including GAAP, currency exchange fluctuations, and declines solely in the trading volume or market price of the Company’s common stock; and further, that for the purposes of clause (b), no such carveout exceptions will apply. In addition, if any event imposes both a broad financial impact and a direct impediment to the consummation of the transaction, only the financial impact may be mitigated by the carveouts, whereas any impairment specifically affecting the ability to consummate shall be fully recognized as a Material Adverse Effect. (Pages 45-47)
Choices: "
"10","Answer the following multiple choice question. The last line of your response should be of the following format: 'ANSWER: $LETTER' (without quotes) where LETTER is one of {letters}. Think step by step before answering.

{question}

{choices}

Instruction: Read the segment of the merger agreement below and answer the multiple-choice question by choosing the option that best characterizes the agreement.
Question: Is the “ability to consummate” concept subject to Material Adverse Effect (MAE) carveouts?
Option A: No
Option B: Yes

Merger Agreement: “Material Adverse Effect” means any event, change or circumstance, whether occurring individually or in the aggregate with other events prior to the determination date, that (i) materially impairs the business operations, assets, liabilities or financial condition of the Company, or (ii) would materially delay, impede or prevent the consummation of the Transactions contemplated by this Agreement. Notwithstanding the general definition, for purposes of (i) no event shall constitute a Material Adverse Effect if the adverse impact arises solely from (a) general economic downturns, market-wide interest rate or exchange rate fluctuations, or credit rating adjustments, or (b) changes in applicable GAAP or statutory Law. However, with respect to (ii), representing the ability to consummate, no such exclusions or carveouts shall apply regardless of the underlying cause, including those events described in clause (a) above. (Pages 14-16)
Choices: ","Fail","Answer the following multiple choice question. The last line of your response should be of the following format: 'ANSWER: $LETTER' (without quotes) where LETTER is one of {letters}. Think step by step before answering.

{question}

{choices}

Instruction: Read the segment of a merger agreement and answer the multiple-choice question by choosing the option that best characterizes the agreement.
Question: Is the “ability to consummate” provision subject to Material Adverse Effect carveouts?
Option A: No
Option B: Yes

Merger Agreement: “Company Material Adverse Effect” means any event, condition, change, or circumstance which, either individually or in aggregation with other such events occurring prior to the determination date, has or would reasonably be expected to have a material adverse effect on (a) the business, assets, liabilities, and operational results of the Company and its Subsidiaries, or (b) the Company’s ability to consummate the transactions contemplated hereby. Provided, however, that for purposes of clause (a), the following effects shall not be considered as constituting a Material Adverse Effect: (i) general economic downturns, shifts in credit or capital market conditions, revisions in applicable accounting standards including GAAP, currency exchange fluctuations, and declines solely in the trading volume or market price of the Company’s common stock; and further, that for the purposes of clause (b), no such carveout exceptions will apply. In addition, if any event imposes both a broad financial impact and a direct impediment to the consummation of the transaction, only the financial impact may be mitigated by the carveouts, whereas any impairment specifically affecting the ability to consummate shall be fully recognized as a Material Adverse Effect. (Pages 45-47)
Choices: "
"11","Answer the following multiple choice question. The last line of your response should be of the following format: 'ANSWER: $LETTER' (without quotes) where LETTER is one of {letters}. Think step by step before answering.

{question}

{choices}

Instruction: Read the following segment of a merger agreement and answer the multiple-choice question by selecting the option that best describes the treatment of the 'ability to consummate' concept.
Question: Is the “ability to consummate” concept subject to the Material Adverse Effect carveouts as defined herein?
Option A: No
Option B: Yes

Merger Agreement Excerpt: ""'Company Material Adverse Effect' shall mean any event, change, occurrence, or circumstance that, either individually or in aggregation with other events, has a material adverse effect on the business, financial condition, or operational prospects of the Company. For purposes of this Agreement, notwithstanding any adverse impact, this definition expressly excludes effects arising from: (a) normal fluctuations in the financial markets, including changes in interest rates and foreign exchange movements; (b) general economic downturns or broader geopolitical instabilities; (c) shifts in regulatory frameworks or legislative amendments that affect the industry as a whole; and (d) any consequence directly attributable to the negotiation, public announcement, or pendency of this Agreement. Importantly, notwithstanding the above carveouts, nothing contained herein shall limit or otherwise modify the Company’s independent contractual right and obligation to consummate the transaction as contemplated. In other words, the ""ability to consummate"" operates independently of the MAE carveouts set forth above."" (Pages 12-14)
Choices: ","Fail","Answer the following multiple choice question. The last line of your response should be of the following format: 'ANSWER: $LETTER' (without quotes) where LETTER is one of {letters}. Think step by step before answering.

{question}

{choices}

Instruction: Read the segment of a merger agreement and answer the multiple-choice question by choosing the option that best characterizes the agreement.
Question: Is the “ability to consummate” provision subject to Material Adverse Effect carveouts?
Option A: No
Option B: Yes

Merger Agreement: “Company Material Adverse Effect” means any event, condition, change, or circumstance which, either individually or in aggregation with other such events occurring prior to the determination date, has or would reasonably be expected to have a material adverse effect on (a) the business, assets, liabilities, and operational results of the Company and its Subsidiaries, or (b) the Company’s ability to consummate the transactions contemplated hereby. Provided, however, that for purposes of clause (a), the following effects shall not be considered as constituting a Material Adverse Effect: (i) general economic downturns, shifts in credit or capital market conditions, revisions in applicable accounting standards including GAAP, currency exchange fluctuations, and declines solely in the trading volume or market price of the Company’s common stock; and further, that for the purposes of clause (b), no such carveout exceptions will apply. In addition, if any event imposes both a broad financial impact and a direct impediment to the consummation of the transaction, only the financial impact may be mitigated by the carveouts, whereas any impairment specifically affecting the ability to consummate shall be fully recognized as a Material Adverse Effect. (Pages 45-47)
Choices: "
"12","Answer the following multiple choice question. The last line of your response should be of the following format: 'ANSWER: $LETTER' (without quotes) where LETTER is one of {letters}. Think step by step before answering.

{question}

{choices}

Instruction: Read the following segment of a merger agreement and answer the multiple-choice question by choosing the option that best characterizes the agreement.
Question: Is the 'ability to consummate' concept subject to Material Adverse Effect (MAE) carveouts?
Option A: No
Option B: Yes

Merger Agreement: ""Material Adverse Effect"" means any adverse change, event, or development that individually or in aggregate materially diminishes the business, operational performance, or financial condition of the Company, except that adverse impacts solely arising from general market fluctuations, minor currency shifts, or post-closing changes in accounting standards are excluded. Notwithstanding these carve-out exceptions, the determination of the Company's ability to consummate the transaction is expressly independent and shall not be affected by any carve-out provisions. In other words, even if a force majeure event, regulatory adjustment, or economic fluctuation occurs, such factors will not mitigate or delay the Company’s defined ability to consummate the transactions contemplated herein.

Choices: ","Fail","Answer the following multiple choice question. The last line of your response should be of the following format: 'ANSWER: $LETTER' (without quotes) where LETTER is one of {letters}. Think step by step before answering.

{question}

{choices}

Instruction: Read the segment of a merger agreement and answer the multiple-choice question by choosing the option that best characterizes the agreement.
Question: Is the “ability to consummate” provision subject to Material Adverse Effect carveouts?
Option A: No
Option B: Yes

Merger Agreement: “Company Material Adverse Effect” means any event, condition, change, or circumstance which, either individually or in aggregation with other such events occurring prior to the determination date, has or would reasonably be expected to have a material adverse effect on (a) the business, assets, liabilities, and operational results of the Company and its Subsidiaries, or (b) the Company’s ability to consummate the transactions contemplated hereby. Provided, however, that for purposes of clause (a), the following effects shall not be considered as constituting a Material Adverse Effect: (i) general economic downturns, shifts in credit or capital market conditions, revisions in applicable accounting standards including GAAP, currency exchange fluctuations, and declines solely in the trading volume or market price of the Company’s common stock; and further, that for the purposes of clause (b), no such carveout exceptions will apply. In addition, if any event imposes both a broad financial impact and a direct impediment to the consummation of the transaction, only the financial impact may be mitigated by the carveouts, whereas any impairment specifically affecting the ability to consummate shall be fully recognized as a Material Adverse Effect. (Pages 45-47)
Choices: "
"13","Answer the following multiple choice question. The last line of your response should be of the following format: 'ANSWER: $LETTER' (without quotes) where LETTER is one of {letters}. Think step by step before answering.

{question}

{choices}

Instruction: Read the following segment of a merger agreement and determine whether the 'ability to consummate' concept in this agreement is subject to the Material Adverse Effect (MAE) carveouts.
Question: Is the 'ability to consummate' concept subject to Material Adverse Effect (MAE) carveouts?
Option A: No
Option B: Yes

Merger Agreement: ""Material Adverse Effect"" means any event, change, or development that, either individually or in the aggregate, substantially impairs the financial condition or operational capability of the Company or its subsidiaries, including, but not limited to, the ability to consummate the Merger contemplated herein. Notwithstanding the foregoing, the following shall not be considered a Material Adverse Effect: (i) any adverse impact arising solely from general macroeconomic downturns, fluctuations in industry-wide interest rates, or transient changes in the trading volume of the Company’s common stock; (ii) any effect resulting from revisions to GAAP or other regulatory directives applicable uniformly across the industry; and (iii) any temporary disruption in supply chain logistics or a general decline in customer demand due to external market conditions. However, any impairment of the Company’s ability to consummate the Merger that results specifically from internal operational mismanagement, which adversely affects execution capabilities, shall not qualify for the above carveouts and will be treated as a Material Adverse Effect. In the absence of any explicit reference to internal mismanagement, any deficiency impacting the ability to consummate that arises from external economic or market factors shall be excluded under these carveouts.

Choices: ","Fail","Answer the following multiple choice question. The last line of your response should be of the following format: 'ANSWER: $LETTER' (without quotes) where LETTER is one of {letters}. Think step by step before answering.

{question}

{choices}

Instruction: Read the segment of a merger agreement and answer the multiple-choice question by choosing the option that best characterizes the agreement.
Question: Is the “ability to consummate” provision subject to Material Adverse Effect carveouts?
Option A: No
Option B: Yes

Merger Agreement: “Company Material Adverse Effect” means any event, condition, change, or circumstance which, either individually or in aggregation with other such events occurring prior to the determination date, has or would reasonably be expected to have a material adverse effect on (a) the business, assets, liabilities, and operational results of the Company and its Subsidiaries, or (b) the Company’s ability to consummate the transactions contemplated hereby. Provided, however, that for purposes of clause (a), the following effects shall not be considered as constituting a Material Adverse Effect: (i) general economic downturns, shifts in credit or capital market conditions, revisions in applicable accounting standards including GAAP, currency exchange fluctuations, and declines solely in the trading volume or market price of the Company’s common stock; and further, that for the purposes of clause (b), no such carveout exceptions will apply. In addition, if any event imposes both a broad financial impact and a direct impediment to the consummation of the transaction, only the financial impact may be mitigated by the carveouts, whereas any impairment specifically affecting the ability to consummate shall be fully recognized as a Material Adverse Effect. (Pages 45-47)
Choices: "
"14","Answer the following multiple choice question. The last line of your response should be of the following format: 'ANSWER: $LETTER' (without quotes) where LETTER is one of {letters}. Think step by step before answering.

{question}

{choices}

Instruction: Read the segment of a merger agreement and answer the multiple-choice question by choosing the option that best characterizes the agreement.
Question: Is the “ability to consummate” concept subject to Material Adverse Effect (MAE) carveouts?
Option A: No
Option B: Yes

Merger Agreement Provision:
“Party Material Adverse Change” (PMAC) shall mean any event, circumstance, or effect that, individually or in aggregate, either (i) has a material adverse impact on the business, financial condition, or operations of the Company, or (ii) would, if occurring, materially delay, impair, or prevent the Company’s ability to consummate the Transactions. Notwithstanding the foregoing, a delay or failure to consummate shall not, by itself, be deemed a PMAC if it is solely attributable to one or more of the following carved‐out causes: (a) ordinary fluctuations in currency or interest rates; (b) routine changes in local regulatory or legislative conditions that do not otherwise affect the Company’s operating fundamentals; (c) force majeure events including natural disasters, pandemics, or other acts of God; and (d) any adverse effect arising from the public announcement or procedural formalities related to this Agreement. However, if a delay or failure to consummate arises directly from an unanticipated cyber-attack that causes significant operational interruptions, such delay shall not benefit from the carveout protections and will be deemed a PMAC.

Based on the above, consider the interplay between the general ability to consummate and the array of carveouts provided.
Choices: ","Fail","Answer the following multiple choice question. The last line of your response should be of the following format: 'ANSWER: $LETTER' (without quotes) where LETTER is one of {letters}. Think step by step before answering.

{question}

{choices}

Instruction: Read the segment of a merger agreement and answer the multiple-choice question by choosing the option that best characterizes the agreement.
Question: Is the “ability to consummate” provision subject to Material Adverse Effect carveouts?
Option A: No
Option B: Yes

Merger Agreement: “Company Material Adverse Effect” means any event, condition, change, or circumstance which, either individually or in aggregation with other such events occurring prior to the determination date, has or would reasonably be expected to have a material adverse effect on (a) the business, assets, liabilities, and operational results of the Company and its Subsidiaries, or (b) the Company’s ability to consummate the transactions contemplated hereby. Provided, however, that for purposes of clause (a), the following effects shall not be considered as constituting a Material Adverse Effect: (i) general economic downturns, shifts in credit or capital market conditions, revisions in applicable accounting standards including GAAP, currency exchange fluctuations, and declines solely in the trading volume or market price of the Company’s common stock; and further, that for the purposes of clause (b), no such carveout exceptions will apply. In addition, if any event imposes both a broad financial impact and a direct impediment to the consummation of the transaction, only the financial impact may be mitigated by the carveouts, whereas any impairment specifically affecting the ability to consummate shall be fully recognized as a Material Adverse Effect. (Pages 45-47)
Choices: "
"15","Answer the following multiple choice question. The last line of your response should be of the following format: 'ANSWER: $LETTER' (without quotes) where LETTER is one of {letters}. Think step by step before answering.

{question}

{choices}

Instruction: Read the following segment of a merger agreement and answer the multiple-choice question by choosing the option that best characterizes the agreement.
Question: Is the ""ability to consummate"" concept subject to Material Adverse Effect (MAE) carveouts?
Option A: No
Option B: Yes

Merger Agreement: ""Company Material Adverse Effect"" means any event, condition, or development that adversely impacts the financial condition, operational performance, or the timely consummation of the transaction contemplated herein. For purposes of this definition, delays or impediments to closing are included unless they result solely from (i) general market conditions, (ii) announcement-related publicity causing only transient fluctuations, or (iii) routine regulatory reviews not exceeding a period of thirty (30) days. Notwithstanding these exceptions, it is expressly provided that the ""ability to consummate"" is treated independently and is not subject to any of these carveouts, except in the limited instance of a force majeure event that causes a postponement of consummation for more than forty-five (45) days.
Choices: ","Fail","Answer the following multiple choice question. The last line of your response should be of the following format: 'ANSWER: $LETTER' (without quotes) where LETTER is one of {letters}. Think step by step before answering.

{question}

{choices}

Instruction: Read the segment of a merger agreement and answer the multiple-choice question by choosing the option that best characterizes the agreement.
Question: Is the “ability to consummate” provision subject to Material Adverse Effect carveouts?
Option A: No
Option B: Yes

Merger Agreement: “Company Material Adverse Effect” means any event, condition, change, or circumstance which, either individually or in aggregation with other such events occurring prior to the determination date, has or would reasonably be expected to have a material adverse effect on (a) the business, assets, liabilities, and operational results of the Company and its Subsidiaries, or (b) the Company’s ability to consummate the transactions contemplated hereby. Provided, however, that for purposes of clause (a), the following effects shall not be considered as constituting a Material Adverse Effect: (i) general economic downturns, shifts in credit or capital market conditions, revisions in applicable accounting standards including GAAP, currency exchange fluctuations, and declines solely in the trading volume or market price of the Company’s common stock; and further, that for the purposes of clause (b), no such carveout exceptions will apply. In addition, if any event imposes both a broad financial impact and a direct impediment to the consummation of the transaction, only the financial impact may be mitigated by the carveouts, whereas any impairment specifically affecting the ability to consummate shall be fully recognized as a Material Adverse Effect. (Pages 45-47)
Choices: "
"16","Answer the following multiple choice question. The last line of your response should be of the following format: 'ANSWER: $LETTER' (without quotes) where LETTER is one of {letters}. Think step by step before answering.

{question}

{choices}

Instruction: Read the segment of the merger agreement and answer the multiple-choice question by choosing the option that best characterizes the agreement.

Question: Is the ""ability to consummate"" concept subject to the Material Adverse Effect carveouts, according to the provisions set forth below?
Option A: No
Option B: Yes

Merger Agreement: ""For purposes of this Agreement, ‘Company Material Adverse Effect’ means any event, change, or circumstance that, individually or in the aggregate, has had or would reasonably be expected to have a material adverse effect on (i) the business, assets, liabilities, financial condition, or results of operations of the Company (collectively, the ‘Business Effects’), or (ii) the ability of the Company to consummate the transactions contemplated herein (the ‘Consummation Capability’). Notwithstanding the foregoing, the Business Effects component shall not include adverse changes resulting solely from: (a) general economic downturns; (b) market-wide fluctuations; (c) changes in U.S. GAAP or regulatory requirements; or (d) force majeure events affecting the industry at large. In contrast, with respect to the Consummation Capability component, the parties expressly agree that, except for events exclusively attributable to extreme governmental actions (such as declared national emergencies or newly imposed trade embargoes), any factor that materially delays or impedes the Company’s ability to consummate the transactions – even if such factor arises from general market conditions or industry-wide trends – shall be treated as a Material Adverse Effect. Moreover, any internal operational inefficiencies that disproportionately impact the Company’s Consummation Capability relative to its industry peers shall not be excluded under these carveout provisions. This provision demonstrates that while the carveouts narrow the scope of adverse effects for the Company’s business operations, the ability to consummate transactions remains largely subject to Material Adverse Effect review."" (Page 45)
Choices: ","Fail","Answer the following multiple choice question. The last line of your response should be of the following format: 'ANSWER: $LETTER' (without quotes) where LETTER is one of {letters}. Think step by step before answering.

{question}

{choices}

Instruction: Read the segment of a merger agreement and answer the multiple-choice question by choosing the option that best characterizes the agreement.
Question: Is the “ability to consummate” provision subject to Material Adverse Effect carveouts?
Option A: No
Option B: Yes

Merger Agreement: “Company Material Adverse Effect” means any event, condition, change, or circumstance which, either individually or in aggregation with other such events occurring prior to the determination date, has or would reasonably be expected to have a material adverse effect on (a) the business, assets, liabilities, and operational results of the Company and its Subsidiaries, or (b) the Company’s ability to consummate the transactions contemplated hereby. Provided, however, that for purposes of clause (a), the following effects shall not be considered as constituting a Material Adverse Effect: (i) general economic downturns, shifts in credit or capital market conditions, revisions in applicable accounting standards including GAAP, currency exchange fluctuations, and declines solely in the trading volume or market price of the Company’s common stock; and further, that for the purposes of clause (b), no such carveout exceptions will apply. In addition, if any event imposes both a broad financial impact and a direct impediment to the consummation of the transaction, only the financial impact may be mitigated by the carveouts, whereas any impairment specifically affecting the ability to consummate shall be fully recognized as a Material Adverse Effect. (Pages 45-47)
Choices: "
"17","Answer the following multiple choice question. The last line of your response should be of the following format: 'ANSWER: $LETTER' (without quotes) where LETTER is one of {letters}. Think step by step before answering.

{question}

{choices}

Instruction: Read the segment of a merger agreement and answer the multiple-choice question by choosing the option that best characterizes the agreement.
Question: Is the “ability to consummate” concept subject to Material Adverse Effect (MAE) carveouts?
Option A: No
Option B: Yes

Merger Agreement: “Company Material Adverse Effect” means any event, change, or occurrence that, individually or in the aggregate, either (i) materially impairs the financial condition, operational performance or future prospects of the Company, or (ii) prevents, materially delays, or otherwise impairs the ability of the Company to consummate the transactions contemplated by this Agreement. For the purposes of clause (i), the following effects shall not be deemed to constitute a Material Adverse Effect: (A) normal economic fluctuations; (B) changes in credit, exchange, or interest rates; (C) modifications in applicable regulatory frameworks or accounting standards; and (D) impacts arising from widespread issues such as geopolitical tensions or natural disasters. Notwithstanding any other provisions herein, no exceptions or carveout shall apply to clause (ii) regarding the ability to consummate the transactions.

Choices: ","Fail","Answer the following multiple choice question. The last line of your response should be of the following format: 'ANSWER: $LETTER' (without quotes) where LETTER is one of {letters}. Think step by step before answering.

{question}

{choices}

Instruction: Read the segment of a merger agreement and answer the multiple-choice question by choosing the option that best characterizes the agreement.
Question: Is the “ability to consummate” provision subject to Material Adverse Effect carveouts?
Option A: No
Option B: Yes

Merger Agreement: “Company Material Adverse Effect” means any event, condition, change, or circumstance which, either individually or in aggregation with other such events occurring prior to the determination date, has or would reasonably be expected to have a material adverse effect on (a) the business, assets, liabilities, and operational results of the Company and its Subsidiaries, or (b) the Company’s ability to consummate the transactions contemplated hereby. Provided, however, that for purposes of clause (a), the following effects shall not be considered as constituting a Material Adverse Effect: (i) general economic downturns, shifts in credit or capital market conditions, revisions in applicable accounting standards including GAAP, currency exchange fluctuations, and declines solely in the trading volume or market price of the Company’s common stock; and further, that for the purposes of clause (b), no such carveout exceptions will apply. In addition, if any event imposes both a broad financial impact and a direct impediment to the consummation of the transaction, only the financial impact may be mitigated by the carveouts, whereas any impairment specifically affecting the ability to consummate shall be fully recognized as a Material Adverse Effect. (Pages 45-47)
Choices: "
"18","Answer the following multiple choice question. The last line of your response should be of the following format: 'ANSWER: $LETTER' (without quotes) where LETTER is one of {letters}. Think step by step before answering.

{question}

{choices}

Instruction: Read the segment of a merger agreement and answer the multiple-choice question by choosing the option that best characterizes the agreement.
Question: Is the “ability to consummate” concept subject to Material Adverse Effect (MAE) carveouts?
Option A: No
Option B: Yes

Merger Agreement: ""Company Material Adverse Effect"" means any event, change, or circumstance that, individually or in aggregate with other effects, adversely impacts the business operations, financial condition, or strategic ability of the Company to consummate the merger transaction. Notwithstanding the foregoing, the definition shall not include any effect that arises solely from (i) general market fluctuations, global economic conditions, or public policy announcements, (ii) industry-wide regulatory changes or routine deviations from internal financial forecasts, or (iii) natural disasters, terrorism, or other force majeure events, provided that such effects do not impose an incremental, disproportionate adverse impact on the Company relative to its industry peers. In particular, if a delay in the ability to consummate the transaction is attributable solely to these excluded factors, then such delay shall not be regarded as constituting a Material Adverse Effect. (Pages 12-13)
Choices: ","Fail","Answer the following multiple choice question. The last line of your response should be of the following format: 'ANSWER: $LETTER' (without quotes) where LETTER is one of {letters}. Think step by step before answering.

{question}

{choices}

Instruction: Read the segment of a merger agreement and answer the multiple-choice question by choosing the option that best characterizes the agreement.
Question: Is the “ability to consummate” provision subject to Material Adverse Effect carveouts?
Option A: No
Option B: Yes

Merger Agreement: “Company Material Adverse Effect” means any event, condition, change, or circumstance which, either individually or in aggregation with other such events occurring prior to the determination date, has or would reasonably be expected to have a material adverse effect on (a) the business, assets, liabilities, and operational results of the Company and its Subsidiaries, or (b) the Company’s ability to consummate the transactions contemplated hereby. Provided, however, that for purposes of clause (a), the following effects shall not be considered as constituting a Material Adverse Effect: (i) general economic downturns, shifts in credit or capital market conditions, revisions in applicable accounting standards including GAAP, currency exchange fluctuations, and declines solely in the trading volume or market price of the Company’s common stock; and further, that for the purposes of clause (b), no such carveout exceptions will apply. In addition, if any event imposes both a broad financial impact and a direct impediment to the consummation of the transaction, only the financial impact may be mitigated by the carveouts, whereas any impairment specifically affecting the ability to consummate shall be fully recognized as a Material Adverse Effect. (Pages 45-47)
Choices: "
"19","Answer the following multiple choice question. The last line of your response should be of the following format: 'ANSWER: $LETTER' (without quotes) where LETTER is one of {letters}. Think step by step before answering.

{question}

{choices}

Instruction: Read the following segment of a merger agreement and answer the multiple-choice question by choosing the option that best characterizes the agreement.
Question: Based on the following merger agreement language, is the 'ability to consummate' concept subject to Material Adverse Effect carveouts?
Option A: No
Option B: Yes

Merger Agreement: ""Material Consummation Effect"" shall mean any circumstance, event, or condition that has, or would reasonably be expected to have, a direct and material adverse impact on a party's ability to consummate the transactions contemplated herein. For purposes of determining the existence of a Material Consummation Effect, the Agreement explicitly excludes from consideration any adverse effects arising solely from: (i) general fluctuations in the global or national economy; (ii) changes in applicable regulatory frameworks or modifications to accounting standards under GAAP; (iii) shifts in interest rates or credit market conditions; and (iv) temporary variations in stock trading volumes or ratings. Notwithstanding the foregoing exclusions, the parties agree that no carveout or exception applicable to financial, operational, or market conditions shall be aggregated or considered in mitigating any adverse impact on the ability to consummate the transaction. (Pages 12-13)
Choices: ","Fail","Answer the following multiple choice question. The last line of your response should be of the following format: 'ANSWER: $LETTER' (without quotes) where LETTER is one of {letters}. Think step by step before answering.

{question}

{choices}

Instruction: Read the segment of a merger agreement and answer the multiple-choice question by choosing the option that best characterizes the agreement.
Question: Is the “ability to consummate” provision subject to Material Adverse Effect carveouts?
Option A: No
Option B: Yes

Merger Agreement: “Company Material Adverse Effect” means any event, condition, change, or circumstance which, either individually or in aggregation with other such events occurring prior to the determination date, has or would reasonably be expected to have a material adverse effect on (a) the business, assets, liabilities, and operational results of the Company and its Subsidiaries, or (b) the Company’s ability to consummate the transactions contemplated hereby. Provided, however, that for purposes of clause (a), the following effects shall not be considered as constituting a Material Adverse Effect: (i) general economic downturns, shifts in credit or capital market conditions, revisions in applicable accounting standards including GAAP, currency exchange fluctuations, and declines solely in the trading volume or market price of the Company’s common stock; and further, that for the purposes of clause (b), no such carveout exceptions will apply. In addition, if any event imposes both a broad financial impact and a direct impediment to the consummation of the transaction, only the financial impact may be mitigated by the carveouts, whereas any impairment specifically affecting the ability to consummate shall be fully recognized as a Material Adverse Effect. (Pages 45-47)
Choices: "
"20","Answer the following multiple choice question. The last line of your response should be of the following format: 'ANSWER: $LETTER' (without quotes) where LETTER is one of {letters}. Think step by step before answering.

{question}

{choices}

Instruction: Read the following segment of a merger agreement and answer the multiple-choice question by choosing the option that best characterizes the agreement.
Question: Is the 'ability to consummate' concept subject to Material Adverse Effect carveouts?
Option A: No
Option B: Yes

Merger Agreement: ""Acquisition Material Adverse Impact"" shall mean any individual or cumulative change, event, or circumstance that materially diminishes the business operations, asset values, liabilities, or overall financial condition of the Acquiror and its Affiliates, or would impede, in a substantial manner, the consummation of the transaction contemplated herein; provided, however, that such Impact shall not include the following scenarios: (i) any variation in market conditions, such as shifts in equity or debt prices, unless accompanied by a demonstrable disproportionate harm relative to industry peers; (ii) any delay or disruption arising solely from standard force majeure occurrences—including, but not limited to, severe weather, natural disasters, pandemics, or governmental restrictions—unless such events result in delays that are significantly beyond what is normally experienced in the industry; (iii) any adjustments due to changing regulatory or legislative interpretations, including subsequent modifications to accounting standards or other legal compliance requirements; (iv) any mere delay in completing the transaction that does not translate into a fundamental operational or financial impairment; and (v) any effects that derive exclusively from the public disclosure or announcement of this Agreement. In sum, if any impediment in the ability to consummate the transaction is attributable solely to one or more of the aforementioned carveouts, such impediments shall not be considered a trigger for an Acquisition Material Adverse Impact. (Refer to Sections 4.3 and 8.2 for additional context.)
Choices: ","Fail","Answer the following multiple choice question. The last line of your response should be of the following format: 'ANSWER: $LETTER' (without quotes) where LETTER is one of {letters}. Think step by step before answering.

{question}

{choices}

Instruction: Read the segment of a merger agreement and answer the multiple-choice question by choosing the option that best characterizes the agreement.
Question: Is the “ability to consummate” provision subject to Material Adverse Effect carveouts?
Option A: No
Option B: Yes

Merger Agreement: “Company Material Adverse Effect” means any event, condition, change, or circumstance which, either individually or in aggregation with other such events occurring prior to the determination date, has or would reasonably be expected to have a material adverse effect on (a) the business, assets, liabilities, and operational results of the Company and its Subsidiaries, or (b) the Company’s ability to consummate the transactions contemplated hereby. Provided, however, that for purposes of clause (a), the following effects shall not be considered as constituting a Material Adverse Effect: (i) general economic downturns, shifts in credit or capital market conditions, revisions in applicable accounting standards including GAAP, currency exchange fluctuations, and declines solely in the trading volume or market price of the Company’s common stock; and further, that for the purposes of clause (b), no such carveout exceptions will apply. In addition, if any event imposes both a broad financial impact and a direct impediment to the consummation of the transaction, only the financial impact may be mitigated by the carveouts, whereas any impairment specifically affecting the ability to consummate shall be fully recognized as a Material Adverse Effect. (Pages 45-47)
Choices: "
"21","Answer the following multiple choice question. The last line of your response should be of the following format: 'ANSWER: $LETTER' (without quotes) where LETTER is one of {letters}. Think step by step before answering.

{question}

{choices}

Instruction: Read the segment of a merger agreement and answer the multiple-choice question by choosing the option that best characterizes the agreement.
Question: Is the 'ability to consummate' concept subject to Material Adverse Effect (MAE) carveouts?
Option A: No
Option B: Yes

Merger Agreement: ""Material Adverse Change"" means any event, circumstance, or effect that (i) materially impairs, delays, or obstructs the Company's ability to consummate the Transaction, or (ii) materially deteriorates the operational or financial condition of the Company or its subsidiaries. However, notwithstanding the foregoing, the following shall be excluded from any determination of a Material Adverse Change: (1) adverse impacts resulting from fluctuations in general economic, financial, or industry-wide conditions; (2) effects of public announcements related to this Agreement; and (3) any delays specifically caused by routine regulatory processes, provided such delays do not exceed standard industry expectations. Notably, while general economic fluctuations are carved out, any regulatory-induced delay that directly impairs the Company’s ability to consummate the Transaction is not excluded. In this regard, the ability to consummate the Transaction is treated strictly as an element of essential operational capability and is not subject to the aforementioned carveouts when the delay or impairment arises from events beyond routine market conditions.

Choices: ","Fail","Answer the following multiple choice question. The last line of your response should be of the following format: 'ANSWER: $LETTER' (without quotes) where LETTER is one of {letters}. Think step by step before answering.

{question}

{choices}

Instruction: Read the segment of a merger agreement and answer the multiple-choice question by choosing the option that best characterizes the agreement.
Question: Is the “ability to consummate” provision subject to Material Adverse Effect carveouts?
Option A: No
Option B: Yes

Merger Agreement: “Company Material Adverse Effect” means any event, condition, change, or circumstance which, either individually or in aggregation with other such events occurring prior to the determination date, has or would reasonably be expected to have a material adverse effect on (a) the business, assets, liabilities, and operational results of the Company and its Subsidiaries, or (b) the Company’s ability to consummate the transactions contemplated hereby. Provided, however, that for purposes of clause (a), the following effects shall not be considered as constituting a Material Adverse Effect: (i) general economic downturns, shifts in credit or capital market conditions, revisions in applicable accounting standards including GAAP, currency exchange fluctuations, and declines solely in the trading volume or market price of the Company’s common stock; and further, that for the purposes of clause (b), no such carveout exceptions will apply. In addition, if any event imposes both a broad financial impact and a direct impediment to the consummation of the transaction, only the financial impact may be mitigated by the carveouts, whereas any impairment specifically affecting the ability to consummate shall be fully recognized as a Material Adverse Effect. (Pages 45-47)
Choices: "
"22","Answer the following multiple choice question. The last line of your response should be of the following format: 'ANSWER: $LETTER' (without quotes) where LETTER is one of {letters}. Think step by step before answering.

{question}

{choices}

Instruction: Read the segment of a merger agreement and answer the multiple-choice question by choosing the option that best characterizes the agreement.
Question: Is the 'ability to consummate' concept subject to Material Adverse Effect (MAE) carveouts?
Option A: No
Option B: Yes

Merger Agreement: ""Material Adverse Effect"" means any change, event, or occurrence that, individually or when aggregated with other factors, materially impairs the business, assets, or financial condition of the Company, or that would, or reasonably be expected to, prevent, delay, or impair the ability of the Company to consummate the transactions contemplated by this Agreement. Notwithstanding the foregoing, the following exclusions shall apply: (i) any adverse effect arising solely from general economic downturns, shifts in overall financial market conditions, or uniform fluctuations in foreign exchange rates; (ii) any impact directly resulting from the public announcement or procedural formalities associated with entering into this Agreement. For purposes of determining the existence of a Material Adverse Effect, any diminution in the ability to consummate that is attributable exclusively to the effects described in exclusions (i) and (ii) shall be disregarded. Consequently, only impairments in the ability to consummate that are outside the scope of these specific exclusions will be considered a Material Adverse Effect. (Pages 15-16)
Choices: ","Fail","Answer the following multiple choice question. The last line of your response should be of the following format: 'ANSWER: $LETTER' (without quotes) where LETTER is one of {letters}. Think step by step before answering.

{question}

{choices}

Instruction: Read the segment of a merger agreement and answer the multiple-choice question by choosing the option that best characterizes the agreement.
Question: Is the “ability to consummate” provision subject to Material Adverse Effect carveouts?
Option A: No
Option B: Yes

Merger Agreement: “Company Material Adverse Effect” means any event, condition, change, or circumstance which, either individually or in aggregation with other such events occurring prior to the determination date, has or would reasonably be expected to have a material adverse effect on (a) the business, assets, liabilities, and operational results of the Company and its Subsidiaries, or (b) the Company’s ability to consummate the transactions contemplated hereby. Provided, however, that for purposes of clause (a), the following effects shall not be considered as constituting a Material Adverse Effect: (i) general economic downturns, shifts in credit or capital market conditions, revisions in applicable accounting standards including GAAP, currency exchange fluctuations, and declines solely in the trading volume or market price of the Company’s common stock; and further, that for the purposes of clause (b), no such carveout exceptions will apply. In addition, if any event imposes both a broad financial impact and a direct impediment to the consummation of the transaction, only the financial impact may be mitigated by the carveouts, whereas any impairment specifically affecting the ability to consummate shall be fully recognized as a Material Adverse Effect. (Pages 45-47)
Choices: "
"23","Answer the following multiple choice question. The last line of your response should be of the following format: 'ANSWER: $LETTER' (without quotes) where LETTER is one of {letters}. Think step by step before answering.

{question}

{choices}

Instruction: Read the segment of a merger agreement and answer the multiple-choice question by choosing the option that best characterizes the agreement.
Question: Is the “ability to consummate” concept subject to Material Adverse Effect (MAE) carveouts?
Option A: No
Option B: Yes

Merger Agreement: ""Material Adverse Effect"" means any material change or event that, individually or in the aggregate, adversely affects the financial condition, operations, or prospects of the Company in completing the merger, except that such determination shall not include: (i) downturns or systemic disruptions affecting the entire industry; (ii) regulatory or tax changes enacted after this Agreement that are not due to any lapse by the Company; (iii) short-term market fluctuations or stock price volatility caused by general market conditions; (iv) temporary force majeure or natural disasters that do not impose a disproportionate impact relative to competitors; and (v) delays arising solely from third-party or governmental approvals provided that they do not ultimately impair the ability to consummate the transaction.
Notwithstanding the foregoing exclusions, any provision specifically addressing the Company’s ""ability to consummate"" the merger shall remain free of these carveouts unless both parties expressly agree to incorporate such an exclusion. (Page 11)
Choices: ","Fail","Answer the following multiple choice question. The last line of your response should be of the following format: 'ANSWER: $LETTER' (without quotes) where LETTER is one of {letters}. Think step by step before answering.

{question}

{choices}

Instruction: Read the segment of a merger agreement and answer the multiple-choice question by choosing the option that best characterizes the agreement.
Question: Is the “ability to consummate” provision subject to Material Adverse Effect carveouts?
Option A: No
Option B: Yes

Merger Agreement: “Company Material Adverse Effect” means any event, condition, change, or circumstance which, either individually or in aggregation with other such events occurring prior to the determination date, has or would reasonably be expected to have a material adverse effect on (a) the business, assets, liabilities, and operational results of the Company and its Subsidiaries, or (b) the Company’s ability to consummate the transactions contemplated hereby. Provided, however, that for purposes of clause (a), the following effects shall not be considered as constituting a Material Adverse Effect: (i) general economic downturns, shifts in credit or capital market conditions, revisions in applicable accounting standards including GAAP, currency exchange fluctuations, and declines solely in the trading volume or market price of the Company’s common stock; and further, that for the purposes of clause (b), no such carveout exceptions will apply. In addition, if any event imposes both a broad financial impact and a direct impediment to the consummation of the transaction, only the financial impact may be mitigated by the carveouts, whereas any impairment specifically affecting the ability to consummate shall be fully recognized as a Material Adverse Effect. (Pages 45-47)
Choices: "
"24","Answer the following multiple choice question. The last line of your response should be of the following format: 'ANSWER: $LETTER' (without quotes) where LETTER is one of {letters}. Think step by step before answering.

{question}

{choices}

Instruction: Read the segment of a merger agreement and answer the multiple-choice question by choosing the option that best characterizes the agreement.
Question: Is the “ability to consummate” concept subject to Material Adverse Effect (MAE) carveouts?
Option A: No
Option B: Yes

Merger Agreement: “Enterprise Material Adverse Effect” shall mean any deviation, occurrence, circumstance or change that, either individually or in aggregate with other events, has had or would reasonably be expected to have a material adverse impact on (a) the business, financial condition, assets, liabilities, or operating performance of the Company, or (b) the Company’s ability to consummate the Transaction contemplated herein. Notwithstanding the foregoing, no such effect shall be deemed an “Enterprise Material Adverse Effect” to the extent that it solely results from: (i) ordinary fluctuations in the market price or trading volume of the Company’s common stock, except where such fluctuations are disproportionate relative to industry peers; (ii) Acts of God, including, but not limited to, severe natural disasters, pandemics (post a specified cut-off date), or other force majeure events; (iii) customary adjustments required by amendments to GAAP or other generally accepted accounting principles; (iv) general regulatory or legislative changes of a broad, non-company-specific nature; or (v) governmental impositions such as new taxes, tariffs, or trade restrictions affecting the industry at large. However, notwithstanding these carveouts, it is expressly provided that any inability to consummate the Transaction, regardless of the underlying cause, shall not be incorporated into or serve as a basis for determining an Enterprise Material Adverse Effect.

Answer:
Choices: ","Fail","Answer the following multiple choice question. The last line of your response should be of the following format: 'ANSWER: $LETTER' (without quotes) where LETTER is one of {letters}. Think step by step before answering.

{question}

{choices}

Instruction: Read the segment of a merger agreement and answer the multiple-choice question by choosing the option that best characterizes the agreement.
Question: Is the “ability to consummate” provision subject to Material Adverse Effect carveouts?
Option A: No
Option B: Yes

Merger Agreement: “Company Material Adverse Effect” means any event, condition, change, or circumstance which, either individually or in aggregation with other such events occurring prior to the determination date, has or would reasonably be expected to have a material adverse effect on (a) the business, assets, liabilities, and operational results of the Company and its Subsidiaries, or (b) the Company’s ability to consummate the transactions contemplated hereby. Provided, however, that for purposes of clause (a), the following effects shall not be considered as constituting a Material Adverse Effect: (i) general economic downturns, shifts in credit or capital market conditions, revisions in applicable accounting standards including GAAP, currency exchange fluctuations, and declines solely in the trading volume or market price of the Company’s common stock; and further, that for the purposes of clause (b), no such carveout exceptions will apply. In addition, if any event imposes both a broad financial impact and a direct impediment to the consummation of the transaction, only the financial impact may be mitigated by the carveouts, whereas any impairment specifically affecting the ability to consummate shall be fully recognized as a Material Adverse Effect. (Pages 45-47)
Choices: "
"25","Answer the following multiple choice question. The last line of your response should be of the following format: 'ANSWER: $LETTER' (without quotes) where LETTER is one of {letters}. Think step by step before answering.

{question}

{choices}

Instruction: Read the segment of a merger agreement and answer the multiple-choice question by choosing the option that best characterizes the agreement.
Question: Is the 'ability to consummate' concept subject to Material Adverse Effect (MAE) carveouts?
Option A: No
Option B: Yes

Merger Agreement: ""Material Adverse Impact"" (MAI) means any event, circumstance, change, or development that, either individually or in the aggregate with all other such events, would have a material adverse effect on (i) the business, financial condition, assets, or operations of the Company, or (ii) the Company's ability to consummate the transactions contemplated herein. Notwithstanding the generality of the foregoing, the MAI definition shall exclude any adverse effects that arise solely from (a) general economic downturns, market-wide fluctuations in interest rates, currency volatility, or other conditions affecting all industry participants; (b) uniform changes in laws, accounting standards, or regulatory requirements imposed across the sector; and (c) any delays or impediments to consummation that are directly attributable exclusively to the external factors described in clauses (a) and (b). However, any adverse effect on the Company’s ability to consummate the transactions stemming from company-specific issues, such as failure to satisfy closing conditions or breaches of contractual obligations, will not be excluded from the MAI determination. 

Choices: ","Fail","Answer the following multiple choice question. The last line of your response should be of the following format: 'ANSWER: $LETTER' (without quotes) where LETTER is one of {letters}. Think step by step before answering.

{question}

{choices}

Instruction: Read the segment of a merger agreement and answer the multiple-choice question by choosing the option that best characterizes the agreement.
Question: Is the “ability to consummate” provision subject to Material Adverse Effect carveouts?
Option A: No
Option B: Yes

Merger Agreement: “Company Material Adverse Effect” means any event, condition, change, or circumstance which, either individually or in aggregation with other such events occurring prior to the determination date, has or would reasonably be expected to have a material adverse effect on (a) the business, assets, liabilities, and operational results of the Company and its Subsidiaries, or (b) the Company’s ability to consummate the transactions contemplated hereby. Provided, however, that for purposes of clause (a), the following effects shall not be considered as constituting a Material Adverse Effect: (i) general economic downturns, shifts in credit or capital market conditions, revisions in applicable accounting standards including GAAP, currency exchange fluctuations, and declines solely in the trading volume or market price of the Company’s common stock; and further, that for the purposes of clause (b), no such carveout exceptions will apply. In addition, if any event imposes both a broad financial impact and a direct impediment to the consummation of the transaction, only the financial impact may be mitigated by the carveouts, whereas any impairment specifically affecting the ability to consummate shall be fully recognized as a Material Adverse Effect. (Pages 45-47)
Choices: "
"26","Answer the following multiple choice question. The last line of your response should be of the following format: 'ANSWER: $LETTER' (without quotes) where LETTER is one of {letters}. Think step by step before answering.

{question}

{choices}

Instruction: Read the segment of a merger agreement and answer the multiple-choice question by choosing the option that best characterizes the agreement.
Question: Is the “ability to consummate” concept subject to Material Adverse Effect (MAE) carveouts?
Option A: No
Option B: Yes

Merger Agreement: 
“Material Adverse Effect” means any event, change, or circumstance that, either individually or in the aggregate, (a) has a material adverse impact on the business, financial condition, or operational performance of the Company and its Subsidiaries, including but not limited to significant revenue declines, loss of key customer relationships, or disruption of critical supply chains; or (b) impairs, delays, or otherwise hinders the Company’s ability to consummate the transactions contemplated by this Agreement. Notwithstanding the foregoing, with respect to clause (b) only, no event or change shall be considered to constitute a Material Adverse Effect if it arises solely from (i) general fluctuations in macroeconomic conditions, (ii) incidental changes in interest rates, credit markets, or currency exchange rates, or (iii) regulatory or legislative adjustments of a general nature not specifically directed at the Company, except that if any such event produces a disproportionate adverse impact on the Company when compared to its industry peers, such impact shall not be excluded. Additionally, delays in consummation attributable to broad market conditions or non-specific governmental policy changes are expressly excluded from triggering a Material Adverse Effect under clause (b), while all effects under clause (a) remain fully enforceable without exclusion.

Choices: ","Fail","Answer the following multiple choice question. The last line of your response should be of the following format: 'ANSWER: $LETTER' (without quotes) where LETTER is one of {letters}. Think step by step before answering.

{question}

{choices}

Instruction: Read the segment of a merger agreement and answer the multiple-choice question by choosing the option that best characterizes the agreement.
Question: Is the “ability to consummate” provision subject to Material Adverse Effect carveouts?
Option A: No
Option B: Yes

Merger Agreement: “Company Material Adverse Effect” means any event, condition, change, or circumstance which, either individually or in aggregation with other such events occurring prior to the determination date, has or would reasonably be expected to have a material adverse effect on (a) the business, assets, liabilities, and operational results of the Company and its Subsidiaries, or (b) the Company’s ability to consummate the transactions contemplated hereby. Provided, however, that for purposes of clause (a), the following effects shall not be considered as constituting a Material Adverse Effect: (i) general economic downturns, shifts in credit or capital market conditions, revisions in applicable accounting standards including GAAP, currency exchange fluctuations, and declines solely in the trading volume or market price of the Company’s common stock; and further, that for the purposes of clause (b), no such carveout exceptions will apply. In addition, if any event imposes both a broad financial impact and a direct impediment to the consummation of the transaction, only the financial impact may be mitigated by the carveouts, whereas any impairment specifically affecting the ability to consummate shall be fully recognized as a Material Adverse Effect. (Pages 45-47)
Choices: "
"27","Answer the following multiple choice question. The last line of your response should be of the following format: 'ANSWER: $LETTER' (without quotes) where LETTER is one of {letters}. Think step by step before answering.

{question}

{choices}

Instruction: Read the following segment of a merger agreement and answer the multiple-choice question by selecting the option that best characterizes the impact of carveout provisions on the ability to consummate the transaction.

Question: Is the ‘ability to consummate’ concept subject to the Material Adverse Effect carveouts as delineated in the agreement?
Option A: No
Option B: Yes

Merger Agreement: ""Critical Material Impact"" means any occurrence, event, or change that (a) adversely affects the financial condition or operational capacity of the Seller to such an extent that it would materially delay or prevent the consummation of the transaction; provided, however, that with respect to (a) exclusively, no adverse effect that arises solely from (i) general market fluctuations affecting the industry, (ii) broad-based economic or political changes beyond the control of the Seller, or (iii) voluntary adjustments in the Seller’s share price, shall be considered in determining whether a Critical Material Impact has occurred. Notwithstanding the foregoing, the Seller’s obligation to consummate the transaction remains intact under the ""Consummation Carveout"" clause. Specifically, the Seller is required to use commercially reasonable efforts to complete the transaction even in the event of a Critical Material Impact, so long as such impact does not wholly nullify its ability to consummate or delays consummation beyond the agreed milestone dates.""

Please indicate your answer based solely on the language of the agreement above.
Choices: ","Fail","Answer the following multiple choice question. The last line of your response should be of the following format: 'ANSWER: $LETTER' (without quotes) where LETTER is one of {letters}. Think step by step before answering.

{question}

{choices}

Instruction: Read the segment of a merger agreement and answer the multiple-choice question by choosing the option that best characterizes the agreement.
Question: Is the “ability to consummate” provision subject to Material Adverse Effect carveouts?
Option A: No
Option B: Yes

Merger Agreement: “Company Material Adverse Effect” means any event, condition, change, or circumstance which, either individually or in aggregation with other such events occurring prior to the determination date, has or would reasonably be expected to have a material adverse effect on (a) the business, assets, liabilities, and operational results of the Company and its Subsidiaries, or (b) the Company’s ability to consummate the transactions contemplated hereby. Provided, however, that for purposes of clause (a), the following effects shall not be considered as constituting a Material Adverse Effect: (i) general economic downturns, shifts in credit or capital market conditions, revisions in applicable accounting standards including GAAP, currency exchange fluctuations, and declines solely in the trading volume or market price of the Company’s common stock; and further, that for the purposes of clause (b), no such carveout exceptions will apply. In addition, if any event imposes both a broad financial impact and a direct impediment to the consummation of the transaction, only the financial impact may be mitigated by the carveouts, whereas any impairment specifically affecting the ability to consummate shall be fully recognized as a Material Adverse Effect. (Pages 45-47)
Choices: "
"28","Answer the following multiple choice question. The last line of your response should be of the following format: 'ANSWER: $LETTER' (without quotes) where LETTER is one of {letters}. Think step by step before answering.

{question}

{choices}

Instruction: Read the segment of a merger agreement and answer the multiple-choice question by choosing the option that best characterizes the agreement.
Question: Is the “ability to consummate” concept subject to Material Adverse Effect (MAE) carveouts?
Option A: No
Option B: Yes

Merger Agreement: “Acquirer Material Adverse Effect” means any event, change, or circumstance (each, an “Event”) that, either individually or cumulatively, materially impairs (i) the financial performance, operating results, or asset quality of the Acquirer or its Subsidiaries, or (ii) prevents, materially delays, or impairs the Acquirer’s ability to consummate the Transactions. For purposes of determination, the following events shall typically be excluded from constituting an Acquirer Material Adverse Effect: (1) any alteration in general economic or market conditions, including fluctuations in interest rate levels or credit market conditions not attributable to the Acquirer’s industry; (2) any regulatory, legislative, or political event affecting the industry as a whole; (3) any force majeure event, such as natural disasters, pandemics, or other occurrences beyond the reasonable control of the parties; (4) any decline in the market price of the Acquirer’s shares or adverse public reactions solely due to the announcement or pendency of this Agreement; and (5) any subsequent changes in accounting standards or GAAP after the Agreement Date. Notwithstanding the foregoing carve-outs, with respect to clause (ii) concerning the Acquirer’s ability to consummate the Transactions, no such carve-out shall apply unless the Exception specifically references delays in consummation. (Pages 15-16)
Choices: ","Fail","Answer the following multiple choice question. The last line of your response should be of the following format: 'ANSWER: $LETTER' (without quotes) where LETTER is one of {letters}. Think step by step before answering.

{question}

{choices}

Instruction: Read the segment of a merger agreement and answer the multiple-choice question by choosing the option that best characterizes the agreement.
Question: Is the “ability to consummate” provision subject to Material Adverse Effect carveouts?
Option A: No
Option B: Yes

Merger Agreement: “Company Material Adverse Effect” means any event, condition, change, or circumstance which, either individually or in aggregation with other such events occurring prior to the determination date, has or would reasonably be expected to have a material adverse effect on (a) the business, assets, liabilities, and operational results of the Company and its Subsidiaries, or (b) the Company’s ability to consummate the transactions contemplated hereby. Provided, however, that for purposes of clause (a), the following effects shall not be considered as constituting a Material Adverse Effect: (i) general economic downturns, shifts in credit or capital market conditions, revisions in applicable accounting standards including GAAP, currency exchange fluctuations, and declines solely in the trading volume or market price of the Company’s common stock; and further, that for the purposes of clause (b), no such carveout exceptions will apply. In addition, if any event imposes both a broad financial impact and a direct impediment to the consummation of the transaction, only the financial impact may be mitigated by the carveouts, whereas any impairment specifically affecting the ability to consummate shall be fully recognized as a Material Adverse Effect. (Pages 45-47)
Choices: "
"29","Answer the following multiple choice question. The last line of your response should be of the following format: 'ANSWER: $LETTER' (without quotes) where LETTER is one of {letters}. Think step by step before answering.

{question}

{choices}

Instruction: Read the segment of a merger agreement and answer the multiple-choice question by choosing the option that best characterizes the agreement.
Question: Is the “ability to consummate” concept subject to Material Adverse Effect carveouts?
Option A: No
Option B: Yes

Merger Agreement: ""Material Adverse Effect"" means any event, change, or circumstance that, whether occurring individually or in aggregate with other events, has had or would reasonably be expected to have a material adverse impact on (i) the business, assets, liabilities, or financial condition of the Company and its Subsidiaries or (ii) the ability of the Company to consummate the transactions contemplated hereby. For the purposes of this Agreement, despite the broad exclusions provided herein, none of the following effects shall be considered as causing a Material Adverse Effect with respect to the consummation of the transaction: (a) shifts in general economic conditions, including downturns in national or global economic performance or fluctuations in interest and exchange rates, (b) disruptions due to natural disasters, force majeure events, or regulatory changes that affect the industry at large, and (c) variations in the market performance of the Company’s securities under standard market conditions. Notwithstanding these exceptions, it is expressly provided that the “ability to consummate” is evaluated without the benefit of any carveout or mitigation; any event that impairs this ability shall be measured fully and directly, without exclusion under the exceptions listed above. Furthermore, even where an effect is deemed disproportionately adverse compared to industry peers, only the incremental impact may be considered—but this adjustment shall not be applied when assessing the Company’s ability to consummate the transaction.
Choices: ","Fail","Answer the following multiple choice question. The last line of your response should be of the following format: 'ANSWER: $LETTER' (without quotes) where LETTER is one of {letters}. Think step by step before answering.

{question}

{choices}

Instruction: Read the segment of a merger agreement and answer the multiple-choice question by choosing the option that best characterizes the agreement.
Question: Is the “ability to consummate” provision subject to Material Adverse Effect carveouts?
Option A: No
Option B: Yes

Merger Agreement: “Company Material Adverse Effect” means any event, condition, change, or circumstance which, either individually or in aggregation with other such events occurring prior to the determination date, has or would reasonably be expected to have a material adverse effect on (a) the business, assets, liabilities, and operational results of the Company and its Subsidiaries, or (b) the Company’s ability to consummate the transactions contemplated hereby. Provided, however, that for purposes of clause (a), the following effects shall not be considered as constituting a Material Adverse Effect: (i) general economic downturns, shifts in credit or capital market conditions, revisions in applicable accounting standards including GAAP, currency exchange fluctuations, and declines solely in the trading volume or market price of the Company’s common stock; and further, that for the purposes of clause (b), no such carveout exceptions will apply. In addition, if any event imposes both a broad financial impact and a direct impediment to the consummation of the transaction, only the financial impact may be mitigated by the carveouts, whereas any impairment specifically affecting the ability to consummate shall be fully recognized as a Material Adverse Effect. (Pages 45-47)
Choices: "
"30","Answer the following multiple choice question. The last line of your response should be of the following format: 'ANSWER: $LETTER' (without quotes) where LETTER is one of {letters}. Think step by step before answering.

{question}

{choices}

Instruction: Read the following segment of a merger agreement and answer the multiple-choice question by choosing the option that best characterizes the agreement.
Question: Is the 'ability to consummate' concept subject to Material Adverse Effect (MAE) carveouts?
Option A: No
Option B: Yes

Merger Agreement: ""Aggregate Material Adverse Effect"" shall mean any change, event, or circumstance that, either individually or when aggregated, has had or would reasonably be expected to have a material adverse effect on (i) the financial condition, operating results, assets or liabilities of the Target or (ii) the ability of the Target to consummate the transactions contemplated herein. Notwithstanding the foregoing, for purposes of clause (i) only, the following effects shall not be deemed to constitute an Aggregate Material Adverse Effect: (a) general economic or competitive conditions affecting the entire industry, (b) fluctuations in market interest rates, currency exchange rates, or credit market conditions, (c) natural disasters or governmental restrictions not specifically targeting the Target's operations, and (d) regulatory changes announced in advance that impact all similar businesses. For purposes of clause (ii) regarding the ability to consummate the transactions, no such carveouts apply. (Additional provisions omitted for brevity.)
Choices: ","Fail","Answer the following multiple choice question. The last line of your response should be of the following format: 'ANSWER: $LETTER' (without quotes) where LETTER is one of {letters}. Think step by step before answering.

{question}

{choices}

Instruction: Read the segment of a merger agreement and answer the multiple-choice question by choosing the option that best characterizes the agreement.
Question: Is the “ability to consummate” provision subject to Material Adverse Effect carveouts?
Option A: No
Option B: Yes

Merger Agreement: “Company Material Adverse Effect” means any event, condition, change, or circumstance which, either individually or in aggregation with other such events occurring prior to the determination date, has or would reasonably be expected to have a material adverse effect on (a) the business, assets, liabilities, and operational results of the Company and its Subsidiaries, or (b) the Company’s ability to consummate the transactions contemplated hereby. Provided, however, that for purposes of clause (a), the following effects shall not be considered as constituting a Material Adverse Effect: (i) general economic downturns, shifts in credit or capital market conditions, revisions in applicable accounting standards including GAAP, currency exchange fluctuations, and declines solely in the trading volume or market price of the Company’s common stock; and further, that for the purposes of clause (b), no such carveout exceptions will apply. In addition, if any event imposes both a broad financial impact and a direct impediment to the consummation of the transaction, only the financial impact may be mitigated by the carveouts, whereas any impairment specifically affecting the ability to consummate shall be fully recognized as a Material Adverse Effect. (Pages 45-47)
Choices: "
"31","Answer the following multiple choice question. The last line of your response should be of the following format: 'ANSWER: $LETTER' (without quotes) where LETTER is one of {letters}. Think step by step before answering.

{question}

{choices}

Instruction: Read the segment of a merger agreement and answer the multiple-choice question by choosing the option that best characterizes the agreement.
Question: Is the “ability to consummate” concept subject to Material Adverse Effect (MAE) carveouts?
Option A: No
Option B: Yes

Merger Agreement: “Company Material Adverse Effect” means any change, event, or circumstance that (A) has had, or would reasonably be expected to have, a material adverse effect on the Company’s business, assets, liabilities, financial condition, or results of operations, or (B) would, or would reasonably be expected to, prevent, materially delay, or materially impair the ability of the Company to consummate the transactions contemplated by this Agreement. Notwithstanding the foregoing, for purposes of both clauses (A) and (B), no adverse effect shall be deemed material if it arises exclusively from one or more of the following exceptions: (i) general fluctuations in economic conditions or market performance; (ii) changes in credit ratings, interest rates, or broad regulatory or legislative conditions; provided however that any changes directly attributable to specific non-market disruptions set forth in subclause (iv) shall not be excluded. Only the incremental adverse impact beyond those listed exceptions shall be considered in determining whether a Material Adverse Effect exists, including any impact on the ability to consummate. Accordingly, if any delay or failure to consummate is attributable solely to the factors described in exceptions (i) or (ii), such delay shall not constitute a Material Adverse Effect.

Choices: ","Fail","Answer the following multiple choice question. The last line of your response should be of the following format: 'ANSWER: $LETTER' (without quotes) where LETTER is one of {letters}. Think step by step before answering.

{question}

{choices}

Instruction: Read the segment of a merger agreement and answer the multiple-choice question by choosing the option that best characterizes the agreement.
Question: Is the “ability to consummate” provision subject to Material Adverse Effect carveouts?
Option A: No
Option B: Yes

Merger Agreement: “Company Material Adverse Effect” means any event, condition, change, or circumstance which, either individually or in aggregation with other such events occurring prior to the determination date, has or would reasonably be expected to have a material adverse effect on (a) the business, assets, liabilities, and operational results of the Company and its Subsidiaries, or (b) the Company’s ability to consummate the transactions contemplated hereby. Provided, however, that for purposes of clause (a), the following effects shall not be considered as constituting a Material Adverse Effect: (i) general economic downturns, shifts in credit or capital market conditions, revisions in applicable accounting standards including GAAP, currency exchange fluctuations, and declines solely in the trading volume or market price of the Company’s common stock; and further, that for the purposes of clause (b), no such carveout exceptions will apply. In addition, if any event imposes both a broad financial impact and a direct impediment to the consummation of the transaction, only the financial impact may be mitigated by the carveouts, whereas any impairment specifically affecting the ability to consummate shall be fully recognized as a Material Adverse Effect. (Pages 45-47)
Choices: "
"32","Answer the following multiple choice question. The last line of your response should be of the following format: 'ANSWER: $LETTER' (without quotes) where LETTER is one of {letters}. Think step by step before answering.

{question}

{choices}

Instruction: Read the segment of a merger agreement and answer the multiple-choice question by choosing the option that best characterizes the agreement.
Question: Is the “ability to consummate” concept subject to Material Adverse Effect (MAE) carveouts?
Option A: No
Option B: Yes

Merger Agreement: 
“Company Material Adverse Effect” means any event, circumstance, development or change that, either individually or in aggregate with other matters occurring prior to the determination date, (a) has had or would reasonably be expected to have a material adverse effect on the business, assets, liabilities, financial condition or results of operations of the Company and its Subsidiaries, or (b) would, or would reasonably be expected to, prevent, materially delay or impair the ability of the Company to consummate the transactions contemplated by this Agreement. Notwithstanding the foregoing, the following carveouts apply: 
   (i) Any adverse effect arising solely from general shifts in economic conditions, fluctuations in market prices, or changes in applicable accounting rules shall not be deemed to constitute a Company Material Adverse Effect, even if such shifts temporarily delay operational performance.
   (ii) Minor delays in operational or administrative processes that affect the timeline for consummation, but do not stem from breaches of specific contractual obligations in this Agreement, shall be excluded from the definition of a Material Adverse Effect.
   (iii) Any impairment to the ability to consummate that is solely attributable to force majeure events, such as natural disasters or government-imposed limitations, is likewise carved out.
However, it is expressly provided that any event or series of events that directly interferes with the contractual mechanisms designed to effect consummation, other than those covered by clauses (i), (ii) or (iii), shall be treated as a Material Adverse Effect. Thus, if the only impact of an adverse event is a delay or impairment in the ability to consummate the transaction and that delay is fully attributable to one of the listed carveouts, then the ability to consummate is subject to MAE carveouts. 

Based on the language above, answer the question.
Choices: ","Fail","Answer the following multiple choice question. The last line of your response should be of the following format: 'ANSWER: $LETTER' (without quotes) where LETTER is one of {letters}. Think step by step before answering.

{question}

{choices}

Instruction: Read the segment of a merger agreement and answer the multiple-choice question by choosing the option that best characterizes the agreement.
Question: Is the “ability to consummate” provision subject to Material Adverse Effect carveouts?
Option A: No
Option B: Yes

Merger Agreement: “Company Material Adverse Effect” means any event, condition, change, or circumstance which, either individually or in aggregation with other such events occurring prior to the determination date, has or would reasonably be expected to have a material adverse effect on (a) the business, assets, liabilities, and operational results of the Company and its Subsidiaries, or (b) the Company’s ability to consummate the transactions contemplated hereby. Provided, however, that for purposes of clause (a), the following effects shall not be considered as constituting a Material Adverse Effect: (i) general economic downturns, shifts in credit or capital market conditions, revisions in applicable accounting standards including GAAP, currency exchange fluctuations, and declines solely in the trading volume or market price of the Company’s common stock; and further, that for the purposes of clause (b), no such carveout exceptions will apply. In addition, if any event imposes both a broad financial impact and a direct impediment to the consummation of the transaction, only the financial impact may be mitigated by the carveouts, whereas any impairment specifically affecting the ability to consummate shall be fully recognized as a Material Adverse Effect. (Pages 45-47)
Choices: "
"33","Answer the following multiple choice question. The last line of your response should be of the following format: 'ANSWER: $LETTER' (without quotes) where LETTER is one of {letters}. Think step by step before answering.

{question}

{choices}

Instruction: Read the segment of a merger agreement and answer the multiple-choice question by choosing the option that best characterizes the agreement.
Question: Is the 'ability to consummate' concept subject to Material Adverse Effect carveouts?
Option A: No
Option B: Yes

Merger Agreement: ""Company Material Adverse Change"" means any event, change, fact, development or occurrence that has a material adverse effect on either (a) the overall business, assets, liabilities, financial condition, or results of operations of the Company; or (b) the Company's ability to consummate the transactions contemplated under this Agreement. Provided that for clause (a), no adverse effect will be recognized if it results solely from general economic conditions, market fluctuations, or changes in regulatory indexes. For clause (b), if the impairment in the ability to consummate the transactions is solely attributable to a Force Majeure event — defined herein as any natural disaster, epidemic, or government-mandated shutdown — such impairment shall be excluded from constituting a Company Material Adverse Change. With the exception of these specific carveouts, any other factors that impair the ability to consummate shall be included within the definition of a Material Adverse Change.

Choices: ","Fail","Answer the following multiple choice question. The last line of your response should be of the following format: 'ANSWER: $LETTER' (without quotes) where LETTER is one of {letters}. Think step by step before answering.

{question}

{choices}

Instruction: Read the segment of a merger agreement and answer the multiple-choice question by choosing the option that best characterizes the agreement.
Question: Is the “ability to consummate” provision subject to Material Adverse Effect carveouts?
Option A: No
Option B: Yes

Merger Agreement: “Company Material Adverse Effect” means any event, condition, change, or circumstance which, either individually or in aggregation with other such events occurring prior to the determination date, has or would reasonably be expected to have a material adverse effect on (a) the business, assets, liabilities, and operational results of the Company and its Subsidiaries, or (b) the Company’s ability to consummate the transactions contemplated hereby. Provided, however, that for purposes of clause (a), the following effects shall not be considered as constituting a Material Adverse Effect: (i) general economic downturns, shifts in credit or capital market conditions, revisions in applicable accounting standards including GAAP, currency exchange fluctuations, and declines solely in the trading volume or market price of the Company’s common stock; and further, that for the purposes of clause (b), no such carveout exceptions will apply. In addition, if any event imposes both a broad financial impact and a direct impediment to the consummation of the transaction, only the financial impact may be mitigated by the carveouts, whereas any impairment specifically affecting the ability to consummate shall be fully recognized as a Material Adverse Effect. (Pages 45-47)
Choices: "
"34","Answer the following multiple choice question. The last line of your response should be of the following format: 'ANSWER: $LETTER' (without quotes) where LETTER is one of {letters}. Think step by step before answering.

{question}

{choices}

Instruction: Read the following segment of a merger agreement and answer the multiple-choice question by choosing the option that best characterizes the agreement. Question: Is the “ability to consummate” concept subject to Material Adverse Effect carveouts? Option A: No Option B: Yes

Merger Agreement: “Material Adverse Effect” means any change, event, or condition that, individually or in aggregate with other effects, has had or would reasonably be expected to have a material adverse effect on the business, financial condition, or operations of the Company and its Subsidiaries. Notwithstanding the foregoing, for purposes of determining whether a Material Adverse Effect has occurred, the following shall be excluded: (i) any delay in closing or consummation of the transaction arising solely from general economic slowdowns, fluctuations in financial markets, or statutory bank holidays; (ii) any postponement of closing due solely to regulatory halts imposed by a governmental authority, provided such halts do not extend beyond a period of ten (10) business days, in which event the delay shall not be considered a Material Adverse Effect; (iii) any force majeure events, including natural disasters, that directly affect operations, provided that such events are promptly communicated by the Company. However, any delay or failure that arises from issues other than those specifically excluded above, including technical, operational, or internal governance issues impacting the ability to consummate the transaction, shall be deemed to trigger a Material Adverse Effect. This Agreement expressly states that while certain external and regulatory delays are carved out for purposes of the MAE determination, a delay attributable to other factors impacting the 'ability to consummate' shall be fully within the scope of a Material Adverse Effect.
Choices: ","Fail","Answer the following multiple choice question. The last line of your response should be of the following format: 'ANSWER: $LETTER' (without quotes) where LETTER is one of {letters}. Think step by step before answering.

{question}

{choices}

Instruction: Read the segment of a merger agreement and answer the multiple-choice question by choosing the option that best characterizes the agreement.
Question: Is the “ability to consummate” provision subject to Material Adverse Effect carveouts?
Option A: No
Option B: Yes

Merger Agreement: “Company Material Adverse Effect” means any event, condition, change, or circumstance which, either individually or in aggregation with other such events occurring prior to the determination date, has or would reasonably be expected to have a material adverse effect on (a) the business, assets, liabilities, and operational results of the Company and its Subsidiaries, or (b) the Company’s ability to consummate the transactions contemplated hereby. Provided, however, that for purposes of clause (a), the following effects shall not be considered as constituting a Material Adverse Effect: (i) general economic downturns, shifts in credit or capital market conditions, revisions in applicable accounting standards including GAAP, currency exchange fluctuations, and declines solely in the trading volume or market price of the Company’s common stock; and further, that for the purposes of clause (b), no such carveout exceptions will apply. In addition, if any event imposes both a broad financial impact and a direct impediment to the consummation of the transaction, only the financial impact may be mitigated by the carveouts, whereas any impairment specifically affecting the ability to consummate shall be fully recognized as a Material Adverse Effect. (Pages 45-47)
Choices: "
"35","Answer the following multiple choice question. The last line of your response should be of the following format: 'ANSWER: $LETTER' (without quotes) where LETTER is one of {letters}. Think step by step before answering.

{question}

{choices}

Instruction: Review the following excerpt from a merger agreement and answer the multiple-choice question by selecting the option that best describes the agreement's treatment of the ability to consummate the merger.
Question: Is the 'ability to consummate' concept subject to Material Adverse Effect (MAE) carveouts?
Option A: No
Option B: Yes

Merger Agreement Excerpt:
“Aggregate Material Adverse Effect” shall mean any fact, condition, event, or series of events which, when taken individually or in combination with other similar effects, has had, or could reasonably be expected to have, a material adverse impact on the business, financial condition, assets, liabilities, or results of operations of the Company and its Affiliates. For purposes of this Agreement, however, the following effects shall be excluded from constituting an Aggregate Material Adverse Effect: 
(i) any changes or fluctuations arising from general economic trends, including shifts in interest rates, currency exchange variations, or modifications in broadly applicable accounting standards; 
(ii) the impact of natural catastrophes, widespread force majeure events, or other similar occurrences that affect the entire industry uniformly; 
(iii) adverse developments stemming from changes in regulatory, legislative, or judicial environments that are not unique to the Company; and 
(iv) any delay, impediment, or inability specifically related to the consummation of the merger that arises solely from the timing or public announcement of this Agreement. Importantly, the carve-out in clause (iv) is limited solely to procedural or announcement-related delays and does not extend to impairments that influence the fundamental ability of the Company to consummate the merger transaction.

Please provide your answer by selecting the best option.
Choices: ","Fail","Answer the following multiple choice question. The last line of your response should be of the following format: 'ANSWER: $LETTER' (without quotes) where LETTER is one of {letters}. Think step by step before answering.

{question}

{choices}

Instruction: Read the segment of a merger agreement and answer the multiple-choice question by choosing the option that best characterizes the agreement.
Question: Is the “ability to consummate” provision subject to Material Adverse Effect carveouts?
Option A: No
Option B: Yes

Merger Agreement: “Company Material Adverse Effect” means any event, condition, change, or circumstance which, either individually or in aggregation with other such events occurring prior to the determination date, has or would reasonably be expected to have a material adverse effect on (a) the business, assets, liabilities, and operational results of the Company and its Subsidiaries, or (b) the Company’s ability to consummate the transactions contemplated hereby. Provided, however, that for purposes of clause (a), the following effects shall not be considered as constituting a Material Adverse Effect: (i) general economic downturns, shifts in credit or capital market conditions, revisions in applicable accounting standards including GAAP, currency exchange fluctuations, and declines solely in the trading volume or market price of the Company’s common stock; and further, that for the purposes of clause (b), no such carveout exceptions will apply. In addition, if any event imposes both a broad financial impact and a direct impediment to the consummation of the transaction, only the financial impact may be mitigated by the carveouts, whereas any impairment specifically affecting the ability to consummate shall be fully recognized as a Material Adverse Effect. (Pages 45-47)
Choices: "
"36","Answer the following multiple choice question. The last line of your response should be of the following format: 'ANSWER: $LETTER' (without quotes) where LETTER is one of {letters}. Think step by step before answering.

{question}

{choices}

Instruction: Read the following segment of a merger agreement and answer the multiple-choice question by selecting the option that best characterizes the agreement.
Question: Is the “ability to consummate” concept subject to Material Adverse Effect (MAE) carveouts?
Option A: No
Option B: Yes

Merger Agreement: ""Adjusted Material Adverse Effect"" means any event, change, condition, fact, or circumstance that, individually or in aggregate with all other such Effects, either (i) substantially diminishes the overall operational capacity or financial stability of the Company or its Subsidiaries, or (ii) materially impairs the ability of the Company to consummate the transactions contemplated herein; provided, however, that for the purpose of this definition, no Effect shall be deemed to constitute an Adjusted Material Adverse Effect if it arises solely from: (A) pervasive changes in economic or political environments affecting the entire industry, (B) general fluctuations in exchange rates, interest rates, or credit market conditions, or (C) delays in transaction consummation due to force majeure events or public disclosure of this Agreement. Notwithstanding the foregoing, any impairment of the ""ability to consummate"" specifically attributable to internal operational deficiencies or governance disputes shall not benefit from these carve-out exceptions. (Pages 12-14)
Choices: ","Fail","Answer the following multiple choice question. The last line of your response should be of the following format: 'ANSWER: $LETTER' (without quotes) where LETTER is one of {letters}. Think step by step before answering.

{question}

{choices}

Instruction: Read the segment of a merger agreement and answer the multiple-choice question by choosing the option that best characterizes the agreement.
Question: Is the “ability to consummate” provision subject to Material Adverse Effect carveouts?
Option A: No
Option B: Yes

Merger Agreement: “Company Material Adverse Effect” means any event, condition, change, or circumstance which, either individually or in aggregation with other such events occurring prior to the determination date, has or would reasonably be expected to have a material adverse effect on (a) the business, assets, liabilities, and operational results of the Company and its Subsidiaries, or (b) the Company’s ability to consummate the transactions contemplated hereby. Provided, however, that for purposes of clause (a), the following effects shall not be considered as constituting a Material Adverse Effect: (i) general economic downturns, shifts in credit or capital market conditions, revisions in applicable accounting standards including GAAP, currency exchange fluctuations, and declines solely in the trading volume or market price of the Company’s common stock; and further, that for the purposes of clause (b), no such carveout exceptions will apply. In addition, if any event imposes both a broad financial impact and a direct impediment to the consummation of the transaction, only the financial impact may be mitigated by the carveouts, whereas any impairment specifically affecting the ability to consummate shall be fully recognized as a Material Adverse Effect. (Pages 45-47)
Choices: "
"37","Answer the following multiple choice question. The last line of your response should be of the following format: 'ANSWER: $LETTER' (without quotes) where LETTER is one of {letters}. Think step by step before answering.

{question}

{choices}

Instruction: Read the following segment from a merger agreement and answer the multiple-choice question by choosing the option that best characterizes the agreement.
Question: Is the 'ability to consummate' concept subject to Material Adverse Effect (MAE) carveouts?
Option A: No
Option B: Yes

Merger Agreement: ""Material Adverse Effect"" means any change, event, or circumstance that, individually or in aggregate, has a significant adverse impact on the Company’s financial condition, operational performance, or long-term prospects, including its ability to complete the transactions contemplated herein. Notwithstanding this definition, for purposes of determining whether a Material Adverse Effect has occurred, the following shall be disregarded: (i) shifts in general economic conditions affecting the industry; (ii) uniform fluctuations in credit, equity, or currency markets that impact all comparable entities; (iii) broad regulatory or legislative changes affecting the market environment; (iv) natural disasters that do not trigger a breach of contractual obligations; and (v) any reduction in the expected consummation timeline that arises solely from enhancements in operational efficiency. However, any direct impediment, delay, or block to the consummation of the transaction arising from non-market-related events shall not be excluded by the foregoing carveouts. (Page 15)
Choices: ","Fail","Answer the following multiple choice question. The last line of your response should be of the following format: 'ANSWER: $LETTER' (without quotes) where LETTER is one of {letters}. Think step by step before answering.

{question}

{choices}

Instruction: Read the segment of a merger agreement and answer the multiple-choice question by choosing the option that best characterizes the agreement.
Question: Is the “ability to consummate” provision subject to Material Adverse Effect carveouts?
Option A: No
Option B: Yes

Merger Agreement: “Company Material Adverse Effect” means any event, condition, change, or circumstance which, either individually or in aggregation with other such events occurring prior to the determination date, has or would reasonably be expected to have a material adverse effect on (a) the business, assets, liabilities, and operational results of the Company and its Subsidiaries, or (b) the Company’s ability to consummate the transactions contemplated hereby. Provided, however, that for purposes of clause (a), the following effects shall not be considered as constituting a Material Adverse Effect: (i) general economic downturns, shifts in credit or capital market conditions, revisions in applicable accounting standards including GAAP, currency exchange fluctuations, and declines solely in the trading volume or market price of the Company’s common stock; and further, that for the purposes of clause (b), no such carveout exceptions will apply. In addition, if any event imposes both a broad financial impact and a direct impediment to the consummation of the transaction, only the financial impact may be mitigated by the carveouts, whereas any impairment specifically affecting the ability to consummate shall be fully recognized as a Material Adverse Effect. (Pages 45-47)
Choices: "
"38","Answer the following multiple choice question. The last line of your response should be of the following format: 'ANSWER: $LETTER' (without quotes) where LETTER is one of {letters}. Think step by step before answering.

{question}

{choices}

Instruction: Read the segment of the merger agreement and answer the multiple-choice question by choosing the option that best characterizes the agreement.
Question: Is the “ability to consummate” concept subject to Material Adverse Effect (MAE) carveouts?
Option A: No
Option B: Yes

Merger Agreement: “Material Adverse Effect” means any change, event, or circumstance that, individually or collectively, has had or would reasonably be expected to have a material adverse effect on the business, operations, or financial condition of the Company and its Subsidiaries, or that would materially delay or impair the ability of the Company to consummate the merger transaction; provided, however, that for the purposes of paragraph (a) only, none of the following circumstances, whether occurring individually or in aggregate, shall constitute a Material Adverse Effect: (i) general changes in economic or industry conditions, (ii) fluctuations in interest, exchange, or credit rates, (iii) force majeure events such as natural disasters, political instability, or pandemics, unless such events uniquely disrupt the operational processes required for consummation, and (iv) any act or omission expressly approved in writing by the Parent in relation to standard consummation procedures. Notwithstanding the foregoing, the exception in subclause (iv) shall not apply to any provision that directly affects the Company’s ability to consummate the merger. Moreover, any adverse condition that materially delays or impairs consummation shall be deemed to give rise to a Material Adverse Effect without recourse to any of the carveouts mentioned above.
Choices: ","Fail","Answer the following multiple choice question. The last line of your response should be of the following format: 'ANSWER: $LETTER' (without quotes) where LETTER is one of {letters}. Think step by step before answering.

{question}

{choices}

Instruction: Read the segment of a merger agreement and answer the multiple-choice question by choosing the option that best characterizes the agreement.
Question: Is the “ability to consummate” provision subject to Material Adverse Effect carveouts?
Option A: No
Option B: Yes

Merger Agreement: “Company Material Adverse Effect” means any event, condition, change, or circumstance which, either individually or in aggregation with other such events occurring prior to the determination date, has or would reasonably be expected to have a material adverse effect on (a) the business, assets, liabilities, and operational results of the Company and its Subsidiaries, or (b) the Company’s ability to consummate the transactions contemplated hereby. Provided, however, that for purposes of clause (a), the following effects shall not be considered as constituting a Material Adverse Effect: (i) general economic downturns, shifts in credit or capital market conditions, revisions in applicable accounting standards including GAAP, currency exchange fluctuations, and declines solely in the trading volume or market price of the Company’s common stock; and further, that for the purposes of clause (b), no such carveout exceptions will apply. In addition, if any event imposes both a broad financial impact and a direct impediment to the consummation of the transaction, only the financial impact may be mitigated by the carveouts, whereas any impairment specifically affecting the ability to consummate shall be fully recognized as a Material Adverse Effect. (Pages 45-47)
Choices: "
"39","Answer the following multiple choice question. The last line of your response should be of the following format: 'ANSWER: $LETTER' (without quotes) where LETTER is one of {letters}. Think step by step before answering.

{question}

{choices}

Instruction: Read the segment of the merger agreement and answer the multiple-choice question by choosing the option that best characterizes the agreement.
Question: Is the 'ability to consummate' concept subject to Material Adverse Effect (MAE) carveouts?
Option A: No
Option B: Yes

Merger Agreement: 'Material Adverse Effect' shall mean any event, condition, or circumstance that, whether occurring singly or in aggregate with other factors, has had or would be reasonably expected to have a material adverse impact on (i) the overall financial condition, assets, operations, or results of the Company, or (ii) the Company’s ability to consummate the transactions contemplated by this Agreement. For purposes of clause (i), the adverse effects resulting from: (a) general downturns in the economy, (b) market-wide declines in credit or interest rates, (c) broad regulatory changes affecting the industry, or (d) force majeure events such as natural disasters, shall be excluded as carveouts from being considered a Material Adverse Effect. However, no such exclusions or exceptions shall apply to the determination of a Material Adverse Effect under clause (ii); any impairment, delay, or prevention of the Company’s ability to consummate the transaction shall be fully taken into account without the benefit of any carveouts. (Pages 10-11)
Choices: ","Fail","Answer the following multiple choice question. The last line of your response should be of the following format: 'ANSWER: $LETTER' (without quotes) where LETTER is one of {letters}. Think step by step before answering.

{question}

{choices}

Instruction: Read the segment of a merger agreement and answer the multiple-choice question by choosing the option that best characterizes the agreement.
Question: Is the “ability to consummate” provision subject to Material Adverse Effect carveouts?
Option A: No
Option B: Yes

Merger Agreement: “Company Material Adverse Effect” means any event, condition, change, or circumstance which, either individually or in aggregation with other such events occurring prior to the determination date, has or would reasonably be expected to have a material adverse effect on (a) the business, assets, liabilities, and operational results of the Company and its Subsidiaries, or (b) the Company’s ability to consummate the transactions contemplated hereby. Provided, however, that for purposes of clause (a), the following effects shall not be considered as constituting a Material Adverse Effect: (i) general economic downturns, shifts in credit or capital market conditions, revisions in applicable accounting standards including GAAP, currency exchange fluctuations, and declines solely in the trading volume or market price of the Company’s common stock; and further, that for the purposes of clause (b), no such carveout exceptions will apply. In addition, if any event imposes both a broad financial impact and a direct impediment to the consummation of the transaction, only the financial impact may be mitigated by the carveouts, whereas any impairment specifically affecting the ability to consummate shall be fully recognized as a Material Adverse Effect. (Pages 45-47)
Choices: "
"40","Answer the following multiple choice question. The last line of your response should be of the following format: 'ANSWER: $LETTER' (without quotes) where LETTER is one of {letters}. Think step by step before answering.

{question}

{choices}

Instruction: Read the segment of a merger agreement and answer the multiple-choice question by choosing the option that best characterizes the agreement.
Question: Is the ""ability to consummate"" concept subject to Material Adverse Effect (MAE) carveouts?
Option A: No
Option B: Yes

Merger Agreement: ""Material Adverse Effect"" means any event, change, or development that, either individually or in aggregate with others, has a material adverse impact on the business, assets, liabilities, financial condition, or results of operations of the Company, or that materially delays, impairs, or prevents the consummation of the Transaction. Notwithstanding the foregoing, the Agreement includes a series of carveout exceptions for adverse effects arising from (i) general economic conditions, (ii) fluctuations in market prices and trading volumes, (iii) natural disasters, (iv) epidemics and pandemics, and (v) changes in laws, accounting principles, or regulatory requirements. However, it is expressly provided that none of these exceptions shall apply in the case of any event or circumstance that directly affects the Company’s ability to consummate the Transaction. Accordingly, any negative factor that materially delays or prevents consummation shall not be excepted by the aforementioned carveout provisions.
Choices: ","Fail","Answer the following multiple choice question. The last line of your response should be of the following format: 'ANSWER: $LETTER' (without quotes) where LETTER is one of {letters}. Think step by step before answering.

{question}

{choices}

Instruction: Read the segment of a merger agreement and answer the multiple-choice question by choosing the option that best characterizes the agreement.
Question: Is the “ability to consummate” provision subject to Material Adverse Effect carveouts?
Option A: No
Option B: Yes

Merger Agreement: “Company Material Adverse Effect” means any event, condition, change, or circumstance which, either individually or in aggregation with other such events occurring prior to the determination date, has or would reasonably be expected to have a material adverse effect on (a) the business, assets, liabilities, and operational results of the Company and its Subsidiaries, or (b) the Company’s ability to consummate the transactions contemplated hereby. Provided, however, that for purposes of clause (a), the following effects shall not be considered as constituting a Material Adverse Effect: (i) general economic downturns, shifts in credit or capital market conditions, revisions in applicable accounting standards including GAAP, currency exchange fluctuations, and declines solely in the trading volume or market price of the Company’s common stock; and further, that for the purposes of clause (b), no such carveout exceptions will apply. In addition, if any event imposes both a broad financial impact and a direct impediment to the consummation of the transaction, only the financial impact may be mitigated by the carveouts, whereas any impairment specifically affecting the ability to consummate shall be fully recognized as a Material Adverse Effect. (Pages 45-47)
Choices: "
"41","Answer the following multiple choice question. The last line of your response should be of the following format: 'ANSWER: $LETTER' (without quotes) where LETTER is one of {letters}. Think step by step before answering.

{question}

{choices}

Instruction: Read the following excerpt from a merger agreement and answer the multiple-choice question by choosing the option that best characterizes the agreement.
Question: Is the 'ability to consummate' concept subject to Material Adverse Effect (MAE) carveouts?
Option A: No
Option B: Yes

Merger Agreement Excerpt: ""For purposes of this Agreement, 'Company Material Adverse Effect' shall mean any event, occurrence, or condition that, either alone or in aggregate with other events, materially impairs the financial performance, operational capacity, or strategic prospects of the Company. This definition is subject to several carveouts. In particular, for purposes of assessing a Material Adverse Effect, the following exclusions shall apply: (i) any impacts arising solely from fluctuations in international economic trends or regional market conditions; (ii) variations in stock market trading volumes or pricing that are not significantly disproportionate compared to industry benchmarks; (iii) disruptions caused by force majeure events, including natural disasters or government interventions; and (iv) any temporary breaches or delays that are rectified within a period deemed reasonable by the Board. Notwithstanding these exclusions, it is expressly provided that the Company’s ability to consummate the contemplated transactions shall be evaluated independently and is not intended to be subject to the above carveouts. Any determination regarding consummation delays must therefore be made without reference to the exclusions listed herein."" (Section 4.7, Pages 10-11)
Choices: ","Fail","Answer the following multiple choice question. The last line of your response should be of the following format: 'ANSWER: $LETTER' (without quotes) where LETTER is one of {letters}. Think step by step before answering.

{question}

{choices}

Instruction: Read the segment of a merger agreement and answer the multiple-choice question by choosing the option that best characterizes the agreement.
Question: Is the “ability to consummate” provision subject to Material Adverse Effect carveouts?
Option A: No
Option B: Yes

Merger Agreement: “Company Material Adverse Effect” means any event, condition, change, or circumstance which, either individually or in aggregation with other such events occurring prior to the determination date, has or would reasonably be expected to have a material adverse effect on (a) the business, assets, liabilities, and operational results of the Company and its Subsidiaries, or (b) the Company’s ability to consummate the transactions contemplated hereby. Provided, however, that for purposes of clause (a), the following effects shall not be considered as constituting a Material Adverse Effect: (i) general economic downturns, shifts in credit or capital market conditions, revisions in applicable accounting standards including GAAP, currency exchange fluctuations, and declines solely in the trading volume or market price of the Company’s common stock; and further, that for the purposes of clause (b), no such carveout exceptions will apply. In addition, if any event imposes both a broad financial impact and a direct impediment to the consummation of the transaction, only the financial impact may be mitigated by the carveouts, whereas any impairment specifically affecting the ability to consummate shall be fully recognized as a Material Adverse Effect. (Pages 45-47)
Choices: "
"42","Answer the following multiple choice question. The last line of your response should be of the following format: 'ANSWER: $LETTER' (without quotes) where LETTER is one of {letters}. Think step by step before answering.

{question}

{choices}

Instruction: Read the following segment of a merger agreement and answer the multiple-choice question by choosing the option that best characterizes the agreement.

Question: Is the “ability to consummate” concept subject to Material Adverse Effect carveouts?
Option A: No
Option B: Yes

Merger Agreement: ""Company Material Adverse Effect"" means any change, event, or circumstance that, either individually or in aggregate, has a material adverse impact on the business, assets, financial condition, or the ability to consummate the Transaction of the Company and its Subsidiaries. Notwithstanding the foregoing, for purposes of determining a Company Material Adverse Effect, the following exceptions shall apply: (a) any change in general economic, political, or market conditions; (b) any downward adjustments in published analyst estimates or consensus projections; and (c) delays in consummation solely attributable to regulatory review or statutory holiday closures. However, it is expressly provided that no exception shall permit the exclusion of any event that causes a persistent, unrecoverable impairment of the Company’s ability to consummate the Transaction. In other words, even if a delay partly arises from factors listed in exceptions (a) or (b), if the impairment is material and ongoing, it shall be deemed a Company Material Adverse Effect. 

(End of excerpt)
Choices: ","Fail","Answer the following multiple choice question. The last line of your response should be of the following format: 'ANSWER: $LETTER' (without quotes) where LETTER is one of {letters}. Think step by step before answering.

{question}

{choices}

Instruction: Read the segment of a merger agreement and answer the multiple-choice question by choosing the option that best characterizes the agreement.
Question: Is the “ability to consummate” provision subject to Material Adverse Effect carveouts?
Option A: No
Option B: Yes

Merger Agreement: “Company Material Adverse Effect” means any event, condition, change, or circumstance which, either individually or in aggregation with other such events occurring prior to the determination date, has or would reasonably be expected to have a material adverse effect on (a) the business, assets, liabilities, and operational results of the Company and its Subsidiaries, or (b) the Company’s ability to consummate the transactions contemplated hereby. Provided, however, that for purposes of clause (a), the following effects shall not be considered as constituting a Material Adverse Effect: (i) general economic downturns, shifts in credit or capital market conditions, revisions in applicable accounting standards including GAAP, currency exchange fluctuations, and declines solely in the trading volume or market price of the Company’s common stock; and further, that for the purposes of clause (b), no such carveout exceptions will apply. In addition, if any event imposes both a broad financial impact and a direct impediment to the consummation of the transaction, only the financial impact may be mitigated by the carveouts, whereas any impairment specifically affecting the ability to consummate shall be fully recognized as a Material Adverse Effect. (Pages 45-47)
Choices: "
"43","Answer the following multiple choice question. The last line of your response should be of the following format: 'ANSWER: $LETTER' (without quotes) where LETTER is one of {letters}. Think step by step before answering.

{question}

{choices}

Instruction: Read the following segment of a merger agreement and answer the multiple-choice question by choosing the option that best characterizes the agreement.

Question: Is the “ability to consummate” concept subject to Material Adverse Effect (MAE) carveouts?
Option A: No
Option B: Yes

Merger Agreement: “Company Material Adverse Effect” means any adverse change, event, condition, or effect which, individually or in aggregate, would reasonably be expected to have a significant adverse impact on the business, financial condition, results of operations, or prospects of the Company and its Subsidiaries. Notwithstanding the foregoing, the following effects shall not be deemed to constitute a Company Material Adverse Effect: (1) any effect solely attributable to general changes in economic or market conditions, including fluctuations in interest rates, currency exchange rates, or general financial market volatility; (2) any adverse impact resulting from changes in applicable accounting principles (including GAAP) or regulatory interpretations thereof, provided such changes affect the industry as a whole; (3) any delays in operational performance or integration issues that do not materially affect the Company’s overall ability to operate, except that any impact affecting the ability to consummate the Merger is excluded from this carve-out; (4) any effects arising out of publicly announced events, including the announcement of this Agreement or related transactions, unless such effects create a material delay in consummation attributable directly to the Company’s operational weaknesses; and (5) any force majeure events, including natural disasters or similar disruptions, provided that any such events do not result in a specific, material impairment of the Company’s ability to consummate the transactions contemplated herein. It is expressly understood that while many general adverse effects are excepted from the definition of a Company Material Adverse Effect, no such carve-out shall apply to, or mitigate, any impairment of the Company’s ability to consummate the Merger.

End of Agreement Segment.
Choices: ","Fail","Answer the following multiple choice question. The last line of your response should be of the following format: 'ANSWER: $LETTER' (without quotes) where LETTER is one of {letters}. Think step by step before answering.

{question}

{choices}

Instruction: Read the segment of a merger agreement and answer the multiple-choice question by choosing the option that best characterizes the agreement.
Question: Is the “ability to consummate” provision subject to Material Adverse Effect carveouts?
Option A: No
Option B: Yes

Merger Agreement: “Company Material Adverse Effect” means any event, condition, change, or circumstance which, either individually or in aggregation with other such events occurring prior to the determination date, has or would reasonably be expected to have a material adverse effect on (a) the business, assets, liabilities, and operational results of the Company and its Subsidiaries, or (b) the Company’s ability to consummate the transactions contemplated hereby. Provided, however, that for purposes of clause (a), the following effects shall not be considered as constituting a Material Adverse Effect: (i) general economic downturns, shifts in credit or capital market conditions, revisions in applicable accounting standards including GAAP, currency exchange fluctuations, and declines solely in the trading volume or market price of the Company’s common stock; and further, that for the purposes of clause (b), no such carveout exceptions will apply. In addition, if any event imposes both a broad financial impact and a direct impediment to the consummation of the transaction, only the financial impact may be mitigated by the carveouts, whereas any impairment specifically affecting the ability to consummate shall be fully recognized as a Material Adverse Effect. (Pages 45-47)
Choices: "
"44","Answer the following multiple choice question. The last line of your response should be of the following format: 'ANSWER: $LETTER' (without quotes) where LETTER is one of {letters}. Think step by step before answering.

{question}

{choices}

Instruction: Read the following segment of a proposed merger agreement and answer the multiple-choice question by choosing the option that best characterizes the carveout treatment of the 'ability to consummate' concept.

Question: Is the “ability to consummate” concept subject to Material Adverse Effect carveouts?
Option A: No
Option B: Yes

Merger Agreement Excerpt: ""For purposes of this Agreement, 'Material Adverse Effect' means any event, change, or condition, whether individual or cumulative, that materially harms the Company’s business, financial condition, or operating results, or that would substantially prevent, delay, or impair the Company’s ability to consummate the Transaction. Notwithstanding the foregoing, however, if the only impact of such an event, change, or condition relates to the Company’s ability to consummate the Transaction as a result of general market fluctuations, industry-wide regulatory modifications, or broad investor sentiment shifts—in isolation from any disproportionate negative impact on the Company’s core operations relative to its industry peers—then such impairment shall be expressly excepted from the definition of a Material Adverse Effect. Further, any delay or impairment arising solely from disclosures related to this Agreement shall similarly be carved out. In all other respects, any hindrance to consummating the Transaction shall be deemed to contribute to, or constitute, a Material Adverse Effect."" (Pages XX-YY)
Choices: ","Fail","Answer the following multiple choice question. The last line of your response should be of the following format: 'ANSWER: $LETTER' (without quotes) where LETTER is one of {letters}. Think step by step before answering.

{question}

{choices}

Instruction: Read the segment of a merger agreement and answer the multiple-choice question by choosing the option that best characterizes the agreement.
Question: Is the “ability to consummate” provision subject to Material Adverse Effect carveouts?
Option A: No
Option B: Yes

Merger Agreement: “Company Material Adverse Effect” means any event, condition, change, or circumstance which, either individually or in aggregation with other such events occurring prior to the determination date, has or would reasonably be expected to have a material adverse effect on (a) the business, assets, liabilities, and operational results of the Company and its Subsidiaries, or (b) the Company’s ability to consummate the transactions contemplated hereby. Provided, however, that for purposes of clause (a), the following effects shall not be considered as constituting a Material Adverse Effect: (i) general economic downturns, shifts in credit or capital market conditions, revisions in applicable accounting standards including GAAP, currency exchange fluctuations, and declines solely in the trading volume or market price of the Company’s common stock; and further, that for the purposes of clause (b), no such carveout exceptions will apply. In addition, if any event imposes both a broad financial impact and a direct impediment to the consummation of the transaction, only the financial impact may be mitigated by the carveouts, whereas any impairment specifically affecting the ability to consummate shall be fully recognized as a Material Adverse Effect. (Pages 45-47)
Choices: "
"45","Answer the following multiple choice question. The last line of your response should be of the following format: 'ANSWER: $LETTER' (without quotes) where LETTER is one of {letters}. Think step by step before answering.

{question}

{choices}

Instruction: Read the segment of a merger agreement and answer the multiple-choice question by choosing the option that best characterizes the agreement.
Question: Is the “ability to consummate” concept subject to elaborate Material Adverse Effect carveouts?
Option A: No
Option B: Yes

Merger Agreement: 'Material Adverse Effect' means any event, change or circumstance that, individually or in aggregate with previous occurrences, has or would reasonably be expected to have a material adverse impact on the financial condition, business, assets, or operations of the Company and its Affiliates, and that would, or would reasonably be expected to, prevent, materially delay, or materially impair the Company's ability to consummate the transactions contemplated herein. Notwithstanding the foregoing, for the purposes of determining whether a Material Adverse Effect has occurred, any effect resulting from: (i) general changes in economic conditions, including fluctuations in interest rates, foreign exchange rates, or broad-based credit market adjustments, provided such changes do not affect the Company disproportionately relative to its industry peers; (ii) general industry-wide or regulatory modifications that are applicable to all companies in the market; (iii) changes in accounting practices, including adaptations to new GAAP or tax law reforms; and (iv) public announcements, pending litigation, or transient market volatility, shall be excluded. However, these exclusions shall not apply to any event or condition that directly impairs the operational ability of the Company to consummate the merger transaction. (Pages 12-15)

End of Agreement.
Choices: ","Fail","Answer the following multiple choice question. The last line of your response should be of the following format: 'ANSWER: $LETTER' (without quotes) where LETTER is one of {letters}. Think step by step before answering.

{question}

{choices}

Instruction: Read the segment of a merger agreement and answer the multiple-choice question by choosing the option that best characterizes the agreement.
Question: Is the “ability to consummate” provision subject to Material Adverse Effect carveouts?
Option A: No
Option B: Yes

Merger Agreement: “Company Material Adverse Effect” means any event, condition, change, or circumstance which, either individually or in aggregation with other such events occurring prior to the determination date, has or would reasonably be expected to have a material adverse effect on (a) the business, assets, liabilities, and operational results of the Company and its Subsidiaries, or (b) the Company’s ability to consummate the transactions contemplated hereby. Provided, however, that for purposes of clause (a), the following effects shall not be considered as constituting a Material Adverse Effect: (i) general economic downturns, shifts in credit or capital market conditions, revisions in applicable accounting standards including GAAP, currency exchange fluctuations, and declines solely in the trading volume or market price of the Company’s common stock; and further, that for the purposes of clause (b), no such carveout exceptions will apply. In addition, if any event imposes both a broad financial impact and a direct impediment to the consummation of the transaction, only the financial impact may be mitigated by the carveouts, whereas any impairment specifically affecting the ability to consummate shall be fully recognized as a Material Adverse Effect. (Pages 45-47)
Choices: "
"46","Answer the following multiple choice question. The last line of your response should be of the following format: 'ANSWER: $LETTER' (without quotes) where LETTER is one of {letters}. Think step by step before answering.

{question}

{choices}

Instruction: Read the following segment of a merger agreement and answer the multiple-choice question by choosing the option that best characterizes the agreement.

Question: Is the 'ability to consummate' concept subject to Material Adverse Effect (MAE) carveouts?
Option A: No
Option B: Yes

Merger Agreement: In this Agreement, the term 'Party Material Adverse Effect' means any change, event, circumstance or development that (i) adversely affects the financial condition, operational results, or overall business of the Party and its subsidiaries, or (ii) would materially delay, impair, or prevent the Party's ability to consummate the Transactions. Notwithstanding the foregoing, with respect to the adverse effects described in clause (i) only, any changes arising solely from (a) general fluctuations in the global economy, (b) shifts in standard regulatory measures, (c) revisions in accounting principles (including GAAP modifications) occurring after the date of this Agreement, or (d) variations in foreign currency exchange rates shall be excluded from determining the occurrence of a Party Material Adverse Effect. However, any adverse impact that directly affects the Party's ability to consummate the Transactions, as described in clause (ii), shall not be eligible for such exclusions except when solely attributable to a force majeure event expressly delineated in Section 7.2. No aggregation of effects shall diminish the inherent risk associated with delays in consummation resulting from a targeted breach of contractual representations. (Pages 15-16)
Choices: ","Fail","Answer the following multiple choice question. The last line of your response should be of the following format: 'ANSWER: $LETTER' (without quotes) where LETTER is one of {letters}. Think step by step before answering.

{question}

{choices}

Instruction: Read the segment of a merger agreement and answer the multiple-choice question by choosing the option that best characterizes the agreement.
Question: Is the “ability to consummate” provision subject to Material Adverse Effect carveouts?
Option A: No
Option B: Yes

Merger Agreement: “Company Material Adverse Effect” means any event, condition, change, or circumstance which, either individually or in aggregation with other such events occurring prior to the determination date, has or would reasonably be expected to have a material adverse effect on (a) the business, assets, liabilities, and operational results of the Company and its Subsidiaries, or (b) the Company’s ability to consummate the transactions contemplated hereby. Provided, however, that for purposes of clause (a), the following effects shall not be considered as constituting a Material Adverse Effect: (i) general economic downturns, shifts in credit or capital market conditions, revisions in applicable accounting standards including GAAP, currency exchange fluctuations, and declines solely in the trading volume or market price of the Company’s common stock; and further, that for the purposes of clause (b), no such carveout exceptions will apply. In addition, if any event imposes both a broad financial impact and a direct impediment to the consummation of the transaction, only the financial impact may be mitigated by the carveouts, whereas any impairment specifically affecting the ability to consummate shall be fully recognized as a Material Adverse Effect. (Pages 45-47)
Choices: "
"47","Answer the following multiple choice question. The last line of your response should be of the following format: 'ANSWER: $LETTER' (without quotes) where LETTER is one of {letters}. Think step by step before answering.

{question}

{choices}

Instruction: Read the following segment from a merger agreement and answer the multiple-choice question by choosing the option that best characterizes the agreement.
Question: Is the “ability to consummate” provision subject to Material Adverse Effect (MAE) carveouts?
Option A: No
Option B: Yes

Merger Agreement: “Aggregate Material Impact” shall mean, for any Participating Entity, any event, condition, effect or circumstance that, either directly or indirectly, impairs, delays, or prevents the ability to consummate the Transaction, or materially deteriorates the operational, financial or contractual standing of such Entity; provided, however, that no such Impact shall be deemed to constitute an Aggregate Material Impact, nor be considered in determining its occurrence, if the effect arises solely from: (i) general fluctuations in international currency values or broad shifts in global market sentiment; (ii) modifications in widely accepted accounting principles or timely adaptations to new legal or regulatory standards that are not specifically linked to the Transaction; (iii) routine volatility in stock trading volumes or prices, absent any underlying operational deficiency; (iv) any administrative or operational adjustments expressly approved in writing by the Board after the Agreement’s execution; or (v) overarching macroeconomic trends that do not uniquely or disproportionately affect the Entity relative to its industry peers. Notwithstanding the foregoing carveouts, the ability of a Participating Entity to consummate the Transaction shall remain fully and independently enforceable and shall not be diminished or delayed by any effects described in clauses (i) through (v).

Choices: ","Fail","Answer the following multiple choice question. The last line of your response should be of the following format: 'ANSWER: $LETTER' (without quotes) where LETTER is one of {letters}. Think step by step before answering.

{question}

{choices}

Instruction: Read the segment of a merger agreement and answer the multiple-choice question by choosing the option that best characterizes the agreement.
Question: Is the “ability to consummate” provision subject to Material Adverse Effect carveouts?
Option A: No
Option B: Yes

Merger Agreement: “Company Material Adverse Effect” means any event, condition, change, or circumstance which, either individually or in aggregation with other such events occurring prior to the determination date, has or would reasonably be expected to have a material adverse effect on (a) the business, assets, liabilities, and operational results of the Company and its Subsidiaries, or (b) the Company’s ability to consummate the transactions contemplated hereby. Provided, however, that for purposes of clause (a), the following effects shall not be considered as constituting a Material Adverse Effect: (i) general economic downturns, shifts in credit or capital market conditions, revisions in applicable accounting standards including GAAP, currency exchange fluctuations, and declines solely in the trading volume or market price of the Company’s common stock; and further, that for the purposes of clause (b), no such carveout exceptions will apply. In addition, if any event imposes both a broad financial impact and a direct impediment to the consummation of the transaction, only the financial impact may be mitigated by the carveouts, whereas any impairment specifically affecting the ability to consummate shall be fully recognized as a Material Adverse Effect. (Pages 45-47)
Choices: "
"48","Answer the following multiple choice question. The last line of your response should be of the following format: 'ANSWER: $LETTER' (without quotes) where LETTER is one of {letters}. Think step by step before answering.

{question}

{choices}

Instruction: Read the segment of a merger agreement and answer the multiple-choice question by selecting the option that best characterizes the agreement.
Question: Is the “ability to consummate” concept subject to Material Adverse Effect (MAE) carveouts?
Option A: No
Option B: Yes

Merger Agreement: 
“Material Adverse Effect” shall mean any event, change, condition, or effect that, either individually or when taken in aggregate with other events, has had or would reasonably be expected to have a material adverse effect on the Company’s business, assets, financial condition, or strategic position. This includes, without limitation, any impact on the Company’s ability to consummate the Transaction. Notwithstanding the foregoing, no event or effect shall be considered a Material Adverse Effect if it arises solely or primarily from: (i) general economic downturns affecting all market participants; (ii) broad fluctuations in credit, capital, or securities markets; (iii) changes in domestic or international tax laws, GAAP, or other accounting standards that are applicable generally; (iv) industry-wide trends or generic regulatory modifications that do not uniquely identify the Company; or (v) other systemic conditions that affect companies generally.
However, for purposes of this Agreement, any change that specifically impairs the Company’s ability to consummate the Transaction shall not be excluded by any of these carveouts, regardless of whether such changes occur in combination with other factors. (Page 27)

Answer:
Choices: ","Fail","Answer the following multiple choice question. The last line of your response should be of the following format: 'ANSWER: $LETTER' (without quotes) where LETTER is one of {letters}. Think step by step before answering.

{question}

{choices}

Instruction: Read the segment of a merger agreement and answer the multiple-choice question by choosing the option that best characterizes the agreement.
Question: Is the “ability to consummate” provision subject to Material Adverse Effect carveouts?
Option A: No
Option B: Yes

Merger Agreement: “Company Material Adverse Effect” means any event, condition, change, or circumstance which, either individually or in aggregation with other such events occurring prior to the determination date, has or would reasonably be expected to have a material adverse effect on (a) the business, assets, liabilities, and operational results of the Company and its Subsidiaries, or (b) the Company’s ability to consummate the transactions contemplated hereby. Provided, however, that for purposes of clause (a), the following effects shall not be considered as constituting a Material Adverse Effect: (i) general economic downturns, shifts in credit or capital market conditions, revisions in applicable accounting standards including GAAP, currency exchange fluctuations, and declines solely in the trading volume or market price of the Company’s common stock; and further, that for the purposes of clause (b), no such carveout exceptions will apply. In addition, if any event imposes both a broad financial impact and a direct impediment to the consummation of the transaction, only the financial impact may be mitigated by the carveouts, whereas any impairment specifically affecting the ability to consummate shall be fully recognized as a Material Adverse Effect. (Pages 45-47)
Choices: "
"49","Answer the following multiple choice question. The last line of your response should be of the following format: 'ANSWER: $LETTER' (without quotes) where LETTER is one of {letters}. Think step by step before answering.

{question}

{choices}

Instruction: Read the segment of a merger agreement and answer the multiple-choice question by choosing the option that best characterizes the agreement.
Question: Is the “ability to consummate” concept subject to Material Adverse Effect (MAE) carveouts?
Option A: No
Option B: Yes

Merger Agreement: ""Adjusted Material Adverse Effect"" means any event, change, or circumstance that, whether considered individually or in the aggregate, (a) materially affects the financial condition, operating results, or business performance of the Company, and (b) prevents, delays, or materially impairs the ability of the Company to consummate the transactions contemplated by this Agreement. Notwithstanding clause (a), for the purposes of determining a Material Adverse Effect under that clause only, no event or circumstance that is solely attributable to (i) general economic fluctuations, (ii) changes in industry-wide regulatory guidelines or accounting standards, or (iii) routine market price variations shall be deemed to have a material adverse effect. However, no such exceptions or carveouts apply to clause (b); any event that hampers the consummation of the transactions shall be fully deemed a Material Adverse Effect.

Choices: ","Fail","Answer the following multiple choice question. The last line of your response should be of the following format: 'ANSWER: $LETTER' (without quotes) where LETTER is one of {letters}. Think step by step before answering.

{question}

{choices}

Instruction: Read the segment of a merger agreement and answer the multiple-choice question by choosing the option that best characterizes the agreement.
Question: Is the “ability to consummate” provision subject to Material Adverse Effect carveouts?
Option A: No
Option B: Yes

Merger Agreement: “Company Material Adverse Effect” means any event, condition, change, or circumstance which, either individually or in aggregation with other such events occurring prior to the determination date, has or would reasonably be expected to have a material adverse effect on (a) the business, assets, liabilities, and operational results of the Company and its Subsidiaries, or (b) the Company’s ability to consummate the transactions contemplated hereby. Provided, however, that for purposes of clause (a), the following effects shall not be considered as constituting a Material Adverse Effect: (i) general economic downturns, shifts in credit or capital market conditions, revisions in applicable accounting standards including GAAP, currency exchange fluctuations, and declines solely in the trading volume or market price of the Company’s common stock; and further, that for the purposes of clause (b), no such carveout exceptions will apply. In addition, if any event imposes both a broad financial impact and a direct impediment to the consummation of the transaction, only the financial impact may be mitigated by the carveouts, whereas any impairment specifically affecting the ability to consummate shall be fully recognized as a Material Adverse Effect. (Pages 45-47)
Choices: "
"50","Answer the following multiple choice question. The last line of your response should be of the following format: 'ANSWER: $LETTER' (without quotes) where LETTER is one of {letters}. Think step by step before answering.

{question}

{choices}

Instruction: Read the segment of a merger agreement and answer the multiple-choice question by choosing the option that best characterizes the agreement.
Question: Is the “ability to consummate” concept subject to Material Adverse Effect carveouts?
Option A: No
Option B: Yes

Merger Agreement: ""Material Adverse Effect"" means any change, event, or circumstance that, either individually or when aggregated with other effects, would reasonably be expected to have a material adverse impact on the business, financial condition, operations, or prospects of the Company and its Subsidiaries; provided, however, that adverse effects resulting solely from (i) general economic downturns, (ii) shifts in regulatory policies, or (iii) fluctuations in the capital markets shall not be deemed a Material Adverse Effect. Notwithstanding the foregoing carveouts, it is expressly provided that any effect that impairs the Company’s ability to consummate the transactions contemplated herein on or before the End Date shall not be excluded by these provisions. Accordingly, any delay or impairment in the ability to consummate is included within the scope of a Material Adverse Effect. (Pages 12-14)
Choices: ","Fail","Answer the following multiple choice question. The last line of your response should be of the following format: 'ANSWER: $LETTER' (without quotes) where LETTER is one of {letters}. Think step by step before answering.

{question}

{choices}

Instruction: Read the segment of a merger agreement and answer the multiple-choice question by choosing the option that best characterizes the agreement.
Question: Is the “ability to consummate” provision subject to Material Adverse Effect carveouts?
Option A: No
Option B: Yes

Merger Agreement: “Company Material Adverse Effect” means any event, condition, change, or circumstance which, either individually or in aggregation with other such events occurring prior to the determination date, has or would reasonably be expected to have a material adverse effect on (a) the business, assets, liabilities, and operational results of the Company and its Subsidiaries, or (b) the Company’s ability to consummate the transactions contemplated hereby. Provided, however, that for purposes of clause (a), the following effects shall not be considered as constituting a Material Adverse Effect: (i) general economic downturns, shifts in credit or capital market conditions, revisions in applicable accounting standards including GAAP, currency exchange fluctuations, and declines solely in the trading volume or market price of the Company’s common stock; and further, that for the purposes of clause (b), no such carveout exceptions will apply. In addition, if any event imposes both a broad financial impact and a direct impediment to the consummation of the transaction, only the financial impact may be mitigated by the carveouts, whereas any impairment specifically affecting the ability to consummate shall be fully recognized as a Material Adverse Effect. (Pages 45-47)
Choices: "
"51","Answer the following multiple choice question. The last line of your response should be of the following format: 'ANSWER: $LETTER' (without quotes) where LETTER is one of {letters}. Think step by step before answering.

{question}

{choices}

Instruction: Read the segment of a merger agreement and answer the multiple-choice question by choosing the option that best characterizes the agreement.
Question: Is the 'ability to consummate' concept subject to Material Adverse Effect (MAE) carveouts?
Option A: No
Option B: Yes

Merger Agreement: ""Aggregate Material Adverse Effect"" means any change, event or occurrence that, individually or in the aggregate, would (a) have a material adverse effect on the operational performance, financial condition, or business prospects of the Target; or (b) prevent, materially delay, or impair the Target's ability to consummate the transactions contemplated by this Agreement. Notwithstanding the foregoing, for the purposes of assessing the impact under clause (a) only, no Material Adverse Effect shall be recognized for any adverse effect arising from: (i) general market fluctuations; (ii) amendments to generally applicable accounting standards; (iii) broad regulatory changes; or (iv) natural disasters, epidemics, or government-imposed restrictions. It is expressly provided that these exceptions apply solely to the financial and operational aspects described in clause (a) and shall not apply to clause (b). Accordingly, any event that directly impairs the Target’s ability to consummate the transactions shall be deemed a Material Adverse Effect, except in a narrowly confined circumstance where such an event coincides with an annualized revenue decline of less than 5%—a condition that is relevant only to the financial impact analysis under clause (a) and not to the consummation ability. (Page 22)
Choices: ","Fail","Answer the following multiple choice question. The last line of your response should be of the following format: 'ANSWER: $LETTER' (without quotes) where LETTER is one of {letters}. Think step by step before answering.

{question}

{choices}

Instruction: Read the segment of a merger agreement and answer the multiple-choice question by choosing the option that best characterizes the agreement.
Question: Is the “ability to consummate” provision subject to Material Adverse Effect carveouts?
Option A: No
Option B: Yes

Merger Agreement: “Company Material Adverse Effect” means any event, condition, change, or circumstance which, either individually or in aggregation with other such events occurring prior to the determination date, has or would reasonably be expected to have a material adverse effect on (a) the business, assets, liabilities, and operational results of the Company and its Subsidiaries, or (b) the Company’s ability to consummate the transactions contemplated hereby. Provided, however, that for purposes of clause (a), the following effects shall not be considered as constituting a Material Adverse Effect: (i) general economic downturns, shifts in credit or capital market conditions, revisions in applicable accounting standards including GAAP, currency exchange fluctuations, and declines solely in the trading volume or market price of the Company’s common stock; and further, that for the purposes of clause (b), no such carveout exceptions will apply. In addition, if any event imposes both a broad financial impact and a direct impediment to the consummation of the transaction, only the financial impact may be mitigated by the carveouts, whereas any impairment specifically affecting the ability to consummate shall be fully recognized as a Material Adverse Effect. (Pages 45-47)
Choices: "
"52","Answer the following multiple choice question. The last line of your response should be of the following format: 'ANSWER: $LETTER' (without quotes) where LETTER is one of {letters}. Think step by step before answering.

{question}

{choices}

Instruction: Read the following segment of a merger agreement and answer the multiple-choice question by choosing the option that best characterizes the agreement.
Question: Is the “ability to consummate” concept subject to Material Adverse Effect (MAE) carveouts?
Option A: No
Option B: Yes

Merger Agreement: ""Material Adverse Effect"" means any change, event, or circumstance that, whether occurring alone or cumulatively with other effects, has had or would reasonably be expected to have a material adverse impact on the business, financial condition, or operations of the Company. This includes, but is not limited to, any event that materially delays or impairs the ability of the Company to consummate the transactions contemplated herein. However, such a delay or impairment shall not be deemed to constitute a Material Adverse Effect if it arises solely from: (i) broad-based economic downturns or industry-wide trends; (ii) ordinary fluctuations in market conditions, such as changes in interest rates or exchange rates; (iii) modifications in generally accepted accounting principles (GAAP) or their interpretation by regulatory bodies; or (iv) force majeure events, including natural disasters, pandemics, or government-ordered actions, provided that these events do not disproportionately hinder the Company relative to comparable entities. Notwithstanding these exceptions, any impairment of the ability to consummate resulting from specific operational disruptions, unapproved contractual non-performance, or actions by the Company or its affiliates not expressly consented to in writing, shall constitute a Material Adverse Effect. (Pages 10-12)
Choices: ","Fail","Answer the following multiple choice question. The last line of your response should be of the following format: 'ANSWER: $LETTER' (without quotes) where LETTER is one of {letters}. Think step by step before answering.

{question}

{choices}

Instruction: Read the segment of a merger agreement and answer the multiple-choice question by choosing the option that best characterizes the agreement.
Question: Is the “ability to consummate” provision subject to Material Adverse Effect carveouts?
Option A: No
Option B: Yes

Merger Agreement: “Company Material Adverse Effect” means any event, condition, change, or circumstance which, either individually or in aggregation with other such events occurring prior to the determination date, has or would reasonably be expected to have a material adverse effect on (a) the business, assets, liabilities, and operational results of the Company and its Subsidiaries, or (b) the Company’s ability to consummate the transactions contemplated hereby. Provided, however, that for purposes of clause (a), the following effects shall not be considered as constituting a Material Adverse Effect: (i) general economic downturns, shifts in credit or capital market conditions, revisions in applicable accounting standards including GAAP, currency exchange fluctuations, and declines solely in the trading volume or market price of the Company’s common stock; and further, that for the purposes of clause (b), no such carveout exceptions will apply. In addition, if any event imposes both a broad financial impact and a direct impediment to the consummation of the transaction, only the financial impact may be mitigated by the carveouts, whereas any impairment specifically affecting the ability to consummate shall be fully recognized as a Material Adverse Effect. (Pages 45-47)
Choices: "
"53","Answer the following multiple choice question. The last line of your response should be of the following format: 'ANSWER: $LETTER' (without quotes) where LETTER is one of {letters}. Think step by step before answering.

{question}

{choices}

Instruction: Read the excerpt from a merger agreement and answer the multiple-choice question by choosing the option that best characterizes the agreement.

Question: Is the “ability to consummate” concept subject to Material Adverse Effect (MAE) carveouts?
Option A: No
Option B: Yes

Merger Agreement Excerpt: 
“Material Adverse Effect” shall mean any event, change, or circumstance that, either individually or in the aggregate, (i) inflicts a material adverse impact on the financial condition, business, or operations of the Company and its Subsidiaries, or (ii) impairs, prevents, or causes a substantial delay in the ability of the Company to consummate the Transaction. Notwithstanding the foregoing, with respect to the impairment in the ability to consummate as described in clause (ii), no such event or circumstance shall be deemed to constitute a Material Adverse Effect if it is attributable solely to one or more of the following: 
   (A) general economic downturns or market fluctuations affecting the industry at large,
   (B) administrative delays in regulatory approvals that are prevalent across the sector,
   (C) changes in generally accepted accounting principles or regulatory reporting requirements, or 
   (D) any factor that does not cause a degradation in operational performance exceeding a threshold of 3% relative to comparable industry benchmarks.
Furthermore, any delay in consummating the Transaction that results from multiple factors, provided that one of them is a general market condition as outlined above, shall be evaluated in aggregate and, if the operational impact does not surpass the specified threshold, such delay shall be excluded from being classified as a Material Adverse Effect.

Based on the above, answer the question.
Choices: ","Fail","Answer the following multiple choice question. The last line of your response should be of the following format: 'ANSWER: $LETTER' (without quotes) where LETTER is one of {letters}. Think step by step before answering.

{question}

{choices}

Instruction: Read the segment of a merger agreement and answer the multiple-choice question by choosing the option that best characterizes the agreement.
Question: Is the “ability to consummate” provision subject to Material Adverse Effect carveouts?
Option A: No
Option B: Yes

Merger Agreement: “Company Material Adverse Effect” means any event, condition, change, or circumstance which, either individually or in aggregation with other such events occurring prior to the determination date, has or would reasonably be expected to have a material adverse effect on (a) the business, assets, liabilities, and operational results of the Company and its Subsidiaries, or (b) the Company’s ability to consummate the transactions contemplated hereby. Provided, however, that for purposes of clause (a), the following effects shall not be considered as constituting a Material Adverse Effect: (i) general economic downturns, shifts in credit or capital market conditions, revisions in applicable accounting standards including GAAP, currency exchange fluctuations, and declines solely in the trading volume or market price of the Company’s common stock; and further, that for the purposes of clause (b), no such carveout exceptions will apply. In addition, if any event imposes both a broad financial impact and a direct impediment to the consummation of the transaction, only the financial impact may be mitigated by the carveouts, whereas any impairment specifically affecting the ability to consummate shall be fully recognized as a Material Adverse Effect. (Pages 45-47)
Choices: "
"54","Answer the following multiple choice question. The last line of your response should be of the following format: 'ANSWER: $LETTER' (without quotes) where LETTER is one of {letters}. Think step by step before answering.

{question}

{choices}

Instruction: Read the segment of an Acquisition Agreement and answer the multiple-choice question by choosing the option that best characterizes the agreement.
Question: Is the “ability to consummate” concept subject to Material Adverse Effect (MAE) carveouts?
Option A: No
Option B: Yes

Acquisition Agreement: “Acquisition Material Adverse Effect” means any event, change, condition, or occurrence that, individually or in aggregate with other similar events, results in either (i) a material adverse impact on the financial condition, assets, or operations of the Acquirer and its subsidiaries, or (ii) a material delay, impairment, or prevention of the Acquirer’s ability to consummate the Acquisition. Provided, however, that no effect arising solely from (A) general market fluctuations—including changes in the Acquirer’s stock price or credit ratings—(B) statutory or regulatory changes generally applicable to the industry, or (C) other marketwide phenomena shall be deemed to constitute an Acquisition Material Adverse Effect. Notwithstanding these carveouts, any adverse event that specifically and disproportionately targets the Acquirer’s ability to consummate the Acquisition, and is not solely attributable to the factors in carveouts (A)–(C), shall be treated as giving rise to an Acquisition Material Adverse Effect.
Choices: ","Fail","Answer the following multiple choice question. The last line of your response should be of the following format: 'ANSWER: $LETTER' (without quotes) where LETTER is one of {letters}. Think step by step before answering.

{question}

{choices}

Instruction: Read the segment of a merger agreement and answer the multiple-choice question by choosing the option that best characterizes the agreement.
Question: Is the “ability to consummate” provision subject to Material Adverse Effect carveouts?
Option A: No
Option B: Yes

Merger Agreement: “Company Material Adverse Effect” means any event, condition, change, or circumstance which, either individually or in aggregation with other such events occurring prior to the determination date, has or would reasonably be expected to have a material adverse effect on (a) the business, assets, liabilities, and operational results of the Company and its Subsidiaries, or (b) the Company’s ability to consummate the transactions contemplated hereby. Provided, however, that for purposes of clause (a), the following effects shall not be considered as constituting a Material Adverse Effect: (i) general economic downturns, shifts in credit or capital market conditions, revisions in applicable accounting standards including GAAP, currency exchange fluctuations, and declines solely in the trading volume or market price of the Company’s common stock; and further, that for the purposes of clause (b), no such carveout exceptions will apply. In addition, if any event imposes both a broad financial impact and a direct impediment to the consummation of the transaction, only the financial impact may be mitigated by the carveouts, whereas any impairment specifically affecting the ability to consummate shall be fully recognized as a Material Adverse Effect. (Pages 45-47)
Choices: "
"55","Answer the following multiple choice question. The last line of your response should be of the following format: 'ANSWER: $LETTER' (without quotes) where LETTER is one of {letters}. Think step by step before answering.

{question}

{choices}

Instruction: Read the segment of a merger agreement and answer the multiple-choice question by choosing the option that best characterizes the agreement.
Question: Is the 'ability to consummate' concept subject to Material Adverse Effect (MAE) carveouts?
Option A: No
Option B: Yes

Merger Agreement: For purposes of this Agreement, the term 'Overall Material Adverse Effect' means any change, event, or development that, whether considered alone or in aggregate with other occurrences, has a material adverse impact on the Company’s business, assets, liabilities, financial condition, or future prospects. Notwithstanding the foregoing, this definition excludes any effects arising solely from (i) general fluctuations in financial or economic conditions, (ii) changes in regulatory, legislative or accounting standards that affect the industry at large, or (iii) delays in transaction timing that have received prior written approval by the Parent. However, it is expressly provided that any impact which specifically impairs, delays, or prevents the Company's ability to consummate the transactions shall not be excluded by these carveouts and shall consistently be considered a Material Adverse Effect. (Pages 12-14)
Choices: ","Fail","Answer the following multiple choice question. The last line of your response should be of the following format: 'ANSWER: $LETTER' (without quotes) where LETTER is one of {letters}. Think step by step before answering.

{question}

{choices}

Instruction: Read the segment of a merger agreement and answer the multiple-choice question by choosing the option that best characterizes the agreement.
Question: Is the “ability to consummate” provision subject to Material Adverse Effect carveouts?
Option A: No
Option B: Yes

Merger Agreement: “Company Material Adverse Effect” means any event, condition, change, or circumstance which, either individually or in aggregation with other such events occurring prior to the determination date, has or would reasonably be expected to have a material adverse effect on (a) the business, assets, liabilities, and operational results of the Company and its Subsidiaries, or (b) the Company’s ability to consummate the transactions contemplated hereby. Provided, however, that for purposes of clause (a), the following effects shall not be considered as constituting a Material Adverse Effect: (i) general economic downturns, shifts in credit or capital market conditions, revisions in applicable accounting standards including GAAP, currency exchange fluctuations, and declines solely in the trading volume or market price of the Company’s common stock; and further, that for the purposes of clause (b), no such carveout exceptions will apply. In addition, if any event imposes both a broad financial impact and a direct impediment to the consummation of the transaction, only the financial impact may be mitigated by the carveouts, whereas any impairment specifically affecting the ability to consummate shall be fully recognized as a Material Adverse Effect. (Pages 45-47)
Choices: "
"56","Answer the following multiple choice question. The last line of your response should be of the following format: 'ANSWER: $LETTER' (without quotes) where LETTER is one of {letters}. Think step by step before answering.

{question}

{choices}

Instruction: Read the following segment of a merger agreement and answer the multiple-choice question by choosing the option that best characterizes the agreement.
Question: Is the “ability to consummate” concept subject to Material Adverse Effect (MAE) carveouts?
Option A: No
Option B: Yes

Merger Agreement: “Consummation Capability” shall mean the Buyer’s ability to complete the transactions contemplated herein, notwithstanding any temporary delays. For purposes of this Agreement, a ‘Material Adverse Effect’ shall include any event or circumstance that materially delays or impairs such ability. Notwithstanding the foregoing, the following carveouts shall apply: (i) any delay attributable solely to general economic downturns or fluctuations in global financial markets; (ii) any regulatory or legislative changes affecting all industry participants; and (iii) any natural disaster, regardless of severity. However, delays resulting from internal operational deficiencies, loss of key contracts, or industry-specific supply chain disruptions shall not be excepted. Thus, if adverse events arise from (i), (ii), or (iii), they will not be deemed to impair the Buyer’s ability to consummate the transaction. Conversely, any delay not falling within these carveout categories will be considered a Material Adverse Effect.

Choices: ","Fail","Answer the following multiple choice question. The last line of your response should be of the following format: 'ANSWER: $LETTER' (without quotes) where LETTER is one of {letters}. Think step by step before answering.

{question}

{choices}

Instruction: Read the segment of a merger agreement and answer the multiple-choice question by choosing the option that best characterizes the agreement.
Question: Is the “ability to consummate” provision subject to Material Adverse Effect carveouts?
Option A: No
Option B: Yes

Merger Agreement: “Company Material Adverse Effect” means any event, condition, change, or circumstance which, either individually or in aggregation with other such events occurring prior to the determination date, has or would reasonably be expected to have a material adverse effect on (a) the business, assets, liabilities, and operational results of the Company and its Subsidiaries, or (b) the Company’s ability to consummate the transactions contemplated hereby. Provided, however, that for purposes of clause (a), the following effects shall not be considered as constituting a Material Adverse Effect: (i) general economic downturns, shifts in credit or capital market conditions, revisions in applicable accounting standards including GAAP, currency exchange fluctuations, and declines solely in the trading volume or market price of the Company’s common stock; and further, that for the purposes of clause (b), no such carveout exceptions will apply. In addition, if any event imposes both a broad financial impact and a direct impediment to the consummation of the transaction, only the financial impact may be mitigated by the carveouts, whereas any impairment specifically affecting the ability to consummate shall be fully recognized as a Material Adverse Effect. (Pages 45-47)
Choices: "
"57","Answer the following multiple choice question. The last line of your response should be of the following format: 'ANSWER: $LETTER' (without quotes) where LETTER is one of {letters}. Think step by step before answering.

{question}

{choices}

Instruction: Read the segment of a merger agreement and answer the multiple-choice question by choosing the option that best characterizes the agreement.
Question: Is the ""ability to consummate"" concept subject to Material Adverse Effect (MAE) carveouts?
Option A: No
Option B: Yes

Merger Agreement: ""Overall Material Adverse Effect"" shall mean any event, circumstance, change, or occurrence that, either individually or in aggregate, has had or would reasonably be expected to have a material adverse effect on the business, financial condition, operations, or prospects of the Company and its Affiliates. Notwithstanding the foregoing, the following shall be excluded from constituting an Overall Material Adverse Effect: (i) changes in general economic conditions, market volatility, or regulatory modifications that are generally applicable and do not disproportionately affect the Company relative to its industry peers; (ii) force majeure events including, but not limited to, natural disasters, pandemics, or geopolitical tensions; and (iii) any effects arising from changes in statutory accounting principles or widely adopted industry practices. However, the agreement expressly provides that any impairment related to the ability of the Company to consummate the transactions contemplated by this Agreement, or any delay thereto, shall not be excluded by the exceptions set forth in clauses (i) through (iii) above. In other words, despite other carveouts, the impairment of the ability to consummate remains a determinative factor in assessing an Overall Material Adverse Effect.

Choices: ","Fail","Answer the following multiple choice question. The last line of your response should be of the following format: 'ANSWER: $LETTER' (without quotes) where LETTER is one of {letters}. Think step by step before answering.

{question}

{choices}

Instruction: Read the segment of a merger agreement and answer the multiple-choice question by choosing the option that best characterizes the agreement.
Question: Is the “ability to consummate” provision subject to Material Adverse Effect carveouts?
Option A: No
Option B: Yes

Merger Agreement: “Company Material Adverse Effect” means any event, condition, change, or circumstance which, either individually or in aggregation with other such events occurring prior to the determination date, has or would reasonably be expected to have a material adverse effect on (a) the business, assets, liabilities, and operational results of the Company and its Subsidiaries, or (b) the Company’s ability to consummate the transactions contemplated hereby. Provided, however, that for purposes of clause (a), the following effects shall not be considered as constituting a Material Adverse Effect: (i) general economic downturns, shifts in credit or capital market conditions, revisions in applicable accounting standards including GAAP, currency exchange fluctuations, and declines solely in the trading volume or market price of the Company’s common stock; and further, that for the purposes of clause (b), no such carveout exceptions will apply. In addition, if any event imposes both a broad financial impact and a direct impediment to the consummation of the transaction, only the financial impact may be mitigated by the carveouts, whereas any impairment specifically affecting the ability to consummate shall be fully recognized as a Material Adverse Effect. (Pages 45-47)
Choices: "
"58","Answer the following multiple choice question. The last line of your response should be of the following format: 'ANSWER: $LETTER' (without quotes) where LETTER is one of {letters}. Think step by step before answering.

{question}

{choices}

Instruction: Read the segment of a merger agreement and answer the multiple-choice question by choosing the option that best characterizes the agreement.

Question: Is the “ability to consummate” concept subject to Material Adverse Effect (MAE) carveouts?
Option A: No
Option B: Yes

Merger Agreement Segment:
“Material Adverse Effect” means any event, change, circumstance, or development that has, or would reasonably be expected to have, a material adverse effect on (i) the business, assets, liabilities, financial condition, or results of operations of the Company and its Subsidiaries, or (ii) would, or would reasonably be expected to, prevent, materially delay, or materially impair the ability of the Company to consummate the transactions contemplated under this Agreement. Notwithstanding the foregoing, for purpose of clause (i) only, no Material Adverse Effect shall be deemed to arise from: (A) changes in general economic conditions, including fluctuations in interest rates, credit markets, or foreign exchange rates; (B) any adverse changes arising from alterations in governmental or regulatory policies, except where such changes have a disproportionate impact on the Company relative to its industry peers; (C) changes in market conditions or trading volumes of the Company’s securities; (D) natural disasters, pandemics, or other force majeure events, including but not limited to hurricanes, earthquakes, or outbreaks of contagious diseases; or (E) the public announcement or execution of this Agreement.
Furthermore, it is expressly provided that no exceptions or carveouts set forth above or elsewhere in this Agreement shall apply to any event or circumstance affecting the Company’s ability to consummate the transactions. The ability to consummate, including but not limited to timely closing and operational readiness, is to be evaluated separately and in full, without the benefit of the financial or operational carveouts enumerated herein.

End of Segment.
Choices: ","Fail","Answer the following multiple choice question. The last line of your response should be of the following format: 'ANSWER: $LETTER' (without quotes) where LETTER is one of {letters}. Think step by step before answering.

{question}

{choices}

Instruction: Read the segment of a merger agreement and answer the multiple-choice question by choosing the option that best characterizes the agreement.
Question: Is the “ability to consummate” provision subject to Material Adverse Effect carveouts?
Option A: No
Option B: Yes

Merger Agreement: “Company Material Adverse Effect” means any event, condition, change, or circumstance which, either individually or in aggregation with other such events occurring prior to the determination date, has or would reasonably be expected to have a material adverse effect on (a) the business, assets, liabilities, and operational results of the Company and its Subsidiaries, or (b) the Company’s ability to consummate the transactions contemplated hereby. Provided, however, that for purposes of clause (a), the following effects shall not be considered as constituting a Material Adverse Effect: (i) general economic downturns, shifts in credit or capital market conditions, revisions in applicable accounting standards including GAAP, currency exchange fluctuations, and declines solely in the trading volume or market price of the Company’s common stock; and further, that for the purposes of clause (b), no such carveout exceptions will apply. In addition, if any event imposes both a broad financial impact and a direct impediment to the consummation of the transaction, only the financial impact may be mitigated by the carveouts, whereas any impairment specifically affecting the ability to consummate shall be fully recognized as a Material Adverse Effect. (Pages 45-47)
Choices: "
"59","Answer the following multiple choice question. The last line of your response should be of the following format: 'ANSWER: $LETTER' (without quotes) where LETTER is one of {letters}. Think step by step before answering.

{question}

{choices}

Instruction: Read the following segment of a merger agreement and answer the multiple-choice question by choosing the option that best characterizes the agreement.
Question: Is the “ability to consummate” concept subject to Material Adverse Effect (MAE) carveouts?
Option A: No
Option B: Yes

Merger Agreement: “Company Material Adverse Effect” shall mean any event, circumstance, or condition that, individually or in aggregate with all other Effects, materially impairs the business, financial condition, assets, liabilities, or ability of the Company and its Subsidiaries to consummate the transactions contemplated under this Agreement. Notwithstanding the foregoing, the following effects shall not be deemed to constitute a Material Adverse Effect: (i) any impairment arising solely from general market fluctuations, including changes in interest rates, exchange rates, or trading volumes, unless such changes cause a delay in the consummation of the transactions for a period exceeding sixty (60) days; (ii) natural disasters or force majeure events that affect the industry as a whole, except where such events directly result in a material delay in consummation beyond the established sixty (60) day threshold; (iii) regulatory modifications or judicial interpretations that generally affect the industry, unless such modifications specifically impede the Company’s financing or other critical acquisition-related processes causing a delay of over sixty (60) days. In all circumstances, if any event or condition not otherwise excluded results in a delay or impairment in the Company’s ability to consummate the transaction beyond the sixty (60) day threshold, then such inability or delay shall be treated as falling within the scope of the Material Adverse Effect, thereby subjecting the ability to consummate to the applicable carveouts.
Choices: ","Fail","Answer the following multiple choice question. The last line of your response should be of the following format: 'ANSWER: $LETTER' (without quotes) where LETTER is one of {letters}. Think step by step before answering.

{question}

{choices}

Instruction: Read the segment of a merger agreement and answer the multiple-choice question by choosing the option that best characterizes the agreement.
Question: Is the “ability to consummate” provision subject to Material Adverse Effect carveouts?
Option A: No
Option B: Yes

Merger Agreement: “Company Material Adverse Effect” means any event, condition, change, or circumstance which, either individually or in aggregation with other such events occurring prior to the determination date, has or would reasonably be expected to have a material adverse effect on (a) the business, assets, liabilities, and operational results of the Company and its Subsidiaries, or (b) the Company’s ability to consummate the transactions contemplated hereby. Provided, however, that for purposes of clause (a), the following effects shall not be considered as constituting a Material Adverse Effect: (i) general economic downturns, shifts in credit or capital market conditions, revisions in applicable accounting standards including GAAP, currency exchange fluctuations, and declines solely in the trading volume or market price of the Company’s common stock; and further, that for the purposes of clause (b), no such carveout exceptions will apply. In addition, if any event imposes both a broad financial impact and a direct impediment to the consummation of the transaction, only the financial impact may be mitigated by the carveouts, whereas any impairment specifically affecting the ability to consummate shall be fully recognized as a Material Adverse Effect. (Pages 45-47)
Choices: "
"60","Answer the following multiple choice question. The last line of your response should be of the following format: 'ANSWER: $LETTER' (without quotes) where LETTER is one of {letters}. Think step by step before answering.

{question}

{choices}

Instruction: Read the segment of a merger agreement and answer the multiple-choice question by choosing the option that best characterizes the agreement.
Question: Is the “ability to consummate” concept subject to Material Adverse Effect (MAE) carveouts?
Option A: No
Option B: Yes

Merger Agreement: The term 'Material Adverse Change' means any development, event or condition that, either singly or in aggregate, materially restricts a Party’s capacity to perform its obligations under this Agreement, including the ability to consummate the transaction contemplated herein. Notwithstanding this definition, the following circumstances shall not be deemed to constitute a Material Adverse Change: (i) general fluctuations in economic indicators such as interest rates, currency exchange rates, or credit conditions; (ii) broad regulatory or legislative changes affecting the market at large; and (iii) effects arising from natural disasters or other force majeure events as defined in this Agreement. However, in order to preserve the integrity of the transaction, no carveout shall apply with respect to any event or condition that directly impairs a Party’s legal or practical capacity to consummate the transaction.

Choices: ","Fail","Answer the following multiple choice question. The last line of your response should be of the following format: 'ANSWER: $LETTER' (without quotes) where LETTER is one of {letters}. Think step by step before answering.

{question}

{choices}

Instruction: Read the segment of a merger agreement and answer the multiple-choice question by choosing the option that best characterizes the agreement.
Question: Is the “ability to consummate” provision subject to Material Adverse Effect carveouts?
Option A: No
Option B: Yes

Merger Agreement: “Company Material Adverse Effect” means any event, condition, change, or circumstance which, either individually or in aggregation with other such events occurring prior to the determination date, has or would reasonably be expected to have a material adverse effect on (a) the business, assets, liabilities, and operational results of the Company and its Subsidiaries, or (b) the Company’s ability to consummate the transactions contemplated hereby. Provided, however, that for purposes of clause (a), the following effects shall not be considered as constituting a Material Adverse Effect: (i) general economic downturns, shifts in credit or capital market conditions, revisions in applicable accounting standards including GAAP, currency exchange fluctuations, and declines solely in the trading volume or market price of the Company’s common stock; and further, that for the purposes of clause (b), no such carveout exceptions will apply. In addition, if any event imposes both a broad financial impact and a direct impediment to the consummation of the transaction, only the financial impact may be mitigated by the carveouts, whereas any impairment specifically affecting the ability to consummate shall be fully recognized as a Material Adverse Effect. (Pages 45-47)
Choices: "
"61","Answer the following multiple choice question. The last line of your response should be of the following format: 'ANSWER: $LETTER' (without quotes) where LETTER is one of {letters}. Think step by step before answering.

{question}

{choices}

Instruction: Read the following segment of a merger agreement and answer the multiple-choice question by choosing the option that best characterizes the agreement.
Question: Is the “ability to consummate” concept subject to Material Adverse Effect (MAE) carveouts?
Option A: No
Option B: Yes

Merger Agreement: ""Adverse Change"" shall mean any event, circumstance, or development that, either singularly or in aggregation with other effects, results in a material adverse impact on the financial condition, operations, or assets of the Target. For purposes of this Agreement, Adverse Change includes, but is not limited to, significant shifts in market conditions, regulatory or legislative modifications, and uncontrollable macroeconomic factors. Notwithstanding the exclusions provided in sections (i) through (v) – which exempt changes such as general economic downturns, ubiquitous market volatility, modifications in accounting principles, or adjustments in applicable laws – no such exclusion shall apply to any effect that directly impairs or delays the Target’s ability to consummate the Transaction. All other Effects that do not impair consummation may be considered under the MAE analysis, subject to the normal carveouts set forth herein.

Choices: ","Fail","Answer the following multiple choice question. The last line of your response should be of the following format: 'ANSWER: $LETTER' (without quotes) where LETTER is one of {letters}. Think step by step before answering.

{question}

{choices}

Instruction: Read the segment of a merger agreement and answer the multiple-choice question by choosing the option that best characterizes the agreement.
Question: Is the “ability to consummate” provision subject to Material Adverse Effect carveouts?
Option A: No
Option B: Yes

Merger Agreement: “Company Material Adverse Effect” means any event, condition, change, or circumstance which, either individually or in aggregation with other such events occurring prior to the determination date, has or would reasonably be expected to have a material adverse effect on (a) the business, assets, liabilities, and operational results of the Company and its Subsidiaries, or (b) the Company’s ability to consummate the transactions contemplated hereby. Provided, however, that for purposes of clause (a), the following effects shall not be considered as constituting a Material Adverse Effect: (i) general economic downturns, shifts in credit or capital market conditions, revisions in applicable accounting standards including GAAP, currency exchange fluctuations, and declines solely in the trading volume or market price of the Company’s common stock; and further, that for the purposes of clause (b), no such carveout exceptions will apply. In addition, if any event imposes both a broad financial impact and a direct impediment to the consummation of the transaction, only the financial impact may be mitigated by the carveouts, whereas any impairment specifically affecting the ability to consummate shall be fully recognized as a Material Adverse Effect. (Pages 45-47)
Choices: "
"62","Answer the following multiple choice question. The last line of your response should be of the following format: 'ANSWER: $LETTER' (without quotes) where LETTER is one of {letters}. Think step by step before answering.

{question}

{choices}

Instruction: Read the segment of the merger agreement and answer the multiple-choice question by choosing the option that best characterizes the agreement.
Question: Is the “ability to consummate” concept subject to Material Adverse Effect carveouts?
Option A: No
Option B: Yes

Merger Agreement: “Limited Material Adverse Effect” means any isolated or aggregate occurrence that adversely impacts the financial condition, operations, or asset values of the Company and its Affiliates. Notwithstanding this, the following shall be excluded from consideration in assessing a Limited Material Adverse Effect: (i) fluctuations in market indices or currency values that do not alter core business metrics; (ii) adverse effects arising from general changes in regulatory or GAAP standards, unless such changes result in a material and disproportionate disadvantage compared to industry peers; (iii) temporary setbacks from public disclosures or typical market volatility; and (iv) delays, obstacles, or impediments affecting the Company’s ability to consummate the transactions, provided that such effects are minor and do not reflect a disproportionate adverse impact. Provided further, that in instances where delays or obstacles are proven to have a disproportionate effect relative to standard industry adjustments, such effects will not be excluded under the carveouts herein.

Choices: ","Fail","Answer the following multiple choice question. The last line of your response should be of the following format: 'ANSWER: $LETTER' (without quotes) where LETTER is one of {letters}. Think step by step before answering.

{question}

{choices}

Instruction: Read the segment of a merger agreement and answer the multiple-choice question by choosing the option that best characterizes the agreement.
Question: Is the “ability to consummate” provision subject to Material Adverse Effect carveouts?
Option A: No
Option B: Yes

Merger Agreement: “Company Material Adverse Effect” means any event, condition, change, or circumstance which, either individually or in aggregation with other such events occurring prior to the determination date, has or would reasonably be expected to have a material adverse effect on (a) the business, assets, liabilities, and operational results of the Company and its Subsidiaries, or (b) the Company’s ability to consummate the transactions contemplated hereby. Provided, however, that for purposes of clause (a), the following effects shall not be considered as constituting a Material Adverse Effect: (i) general economic downturns, shifts in credit or capital market conditions, revisions in applicable accounting standards including GAAP, currency exchange fluctuations, and declines solely in the trading volume or market price of the Company’s common stock; and further, that for the purposes of clause (b), no such carveout exceptions will apply. In addition, if any event imposes both a broad financial impact and a direct impediment to the consummation of the transaction, only the financial impact may be mitigated by the carveouts, whereas any impairment specifically affecting the ability to consummate shall be fully recognized as a Material Adverse Effect. (Pages 45-47)
Choices: "
"63","Answer the following multiple choice question. The last line of your response should be of the following format: 'ANSWER: $LETTER' (without quotes) where LETTER is one of {letters}. Think step by step before answering.

{question}

{choices}

Instruction: Read the following segment of a merger agreement and answer the multiple-choice question by choosing the option that best characterizes the agreement.
Question: Is the “ability to consummate” concept subject to Material Adverse Effect (MAE) carveouts?
Option A: No
Option B: Yes

Merger Agreement: “Material Adverse Effect” means (i) any change, event, condition, or effect that materially diminishes the Company’s operational performance, and (ii) any change, event, condition, or effect which, in the aggregate, would materially delay or prevent the consummation of the transactions contemplated herein; provided, however, that for the purposes of clause (ii) only, no change, event, condition, or effect shall be deemed to constitute a Material Adverse Effect if it results solely from (a) fluctuations in market interest rates, (b) variations in currency exchange rates, (c) general regulatory or legislative amendments that are not uniquely adverse to the Company, or (d) broad industry-wide economic downturns unrelated to the Company’s individual performance; additionally, any adverse impact arising solely from the public announcement of this Agreement shall be excluded from clause (ii).
Choices: ","Fail","Answer the following multiple choice question. The last line of your response should be of the following format: 'ANSWER: $LETTER' (without quotes) where LETTER is one of {letters}. Think step by step before answering.

{question}

{choices}

Instruction: Read the segment of a merger agreement and answer the multiple-choice question by choosing the option that best characterizes the agreement.
Question: Is the “ability to consummate” provision subject to Material Adverse Effect carveouts?
Option A: No
Option B: Yes

Merger Agreement: “Company Material Adverse Effect” means any event, condition, change, or circumstance which, either individually or in aggregation with other such events occurring prior to the determination date, has or would reasonably be expected to have a material adverse effect on (a) the business, assets, liabilities, and operational results of the Company and its Subsidiaries, or (b) the Company’s ability to consummate the transactions contemplated hereby. Provided, however, that for purposes of clause (a), the following effects shall not be considered as constituting a Material Adverse Effect: (i) general economic downturns, shifts in credit or capital market conditions, revisions in applicable accounting standards including GAAP, currency exchange fluctuations, and declines solely in the trading volume or market price of the Company’s common stock; and further, that for the purposes of clause (b), no such carveout exceptions will apply. In addition, if any event imposes both a broad financial impact and a direct impediment to the consummation of the transaction, only the financial impact may be mitigated by the carveouts, whereas any impairment specifically affecting the ability to consummate shall be fully recognized as a Material Adverse Effect. (Pages 45-47)
Choices: "
"64","Answer the following multiple choice question. The last line of your response should be of the following format: 'ANSWER: $LETTER' (without quotes) where LETTER is one of {letters}. Think step by step before answering.

{question}

{choices}

Instruction: Read the segment of a merger agreement and answer the multiple-choice question by choosing the option that best characterizes the agreement.
Question: Is the “ability to consummate” concept subject to Material Adverse Effect (MAE) carveouts?
Option A: No
Option B: Yes

Merger Agreement: ""Material Adverse Effect"" means any event, development, change or circumstance that, individually or in aggregate, (a) has had or would reasonably be expected to have a material adverse effect on the business, operations, assets, financial condition or overall ability to consummate the transactions contemplated hereby; provided, however, that with respect to impacts on the ability to consummate, such effect shall not include: (i) any delay or disruption arising solely from general economic downturns, shifts in industry trends, or routine fluctuations in market liquidity; (ii) any regulatory, legislative or accounting change unless such change disproportionately affects the Company relative to its industry peers; and (iii) any act of God or force majeure event, including natural disasters, pandemics (such as COVID-19 measures), war, terrorism or cyber-attacks. Notwithstanding the foregoing, no such exclusion shall apply if the delay in consummation extends beyond a 90-day grace period or occurs in conjunction with a breach of representations or warranties, including a failure to secure necessary third-party consents when not timely approved by the Parent. Further, the ability to consummate the merger shall be deemed immune from any MAE assessment only where the adverse impact is limited to a temporary market fluctuation or a delay of less than 30 days, provided that no material breach is established thereafter. (Pages 12-14)
Choices: ","Fail","Answer the following multiple choice question. The last line of your response should be of the following format: 'ANSWER: $LETTER' (without quotes) where LETTER is one of {letters}. Think step by step before answering.

{question}

{choices}

Instruction: Read the segment of a merger agreement and answer the multiple-choice question by choosing the option that best characterizes the agreement.
Question: Is the “ability to consummate” provision subject to Material Adverse Effect carveouts?
Option A: No
Option B: Yes

Merger Agreement: “Company Material Adverse Effect” means any event, condition, change, or circumstance which, either individually or in aggregation with other such events occurring prior to the determination date, has or would reasonably be expected to have a material adverse effect on (a) the business, assets, liabilities, and operational results of the Company and its Subsidiaries, or (b) the Company’s ability to consummate the transactions contemplated hereby. Provided, however, that for purposes of clause (a), the following effects shall not be considered as constituting a Material Adverse Effect: (i) general economic downturns, shifts in credit or capital market conditions, revisions in applicable accounting standards including GAAP, currency exchange fluctuations, and declines solely in the trading volume or market price of the Company’s common stock; and further, that for the purposes of clause (b), no such carveout exceptions will apply. In addition, if any event imposes both a broad financial impact and a direct impediment to the consummation of the transaction, only the financial impact may be mitigated by the carveouts, whereas any impairment specifically affecting the ability to consummate shall be fully recognized as a Material Adverse Effect. (Pages 45-47)
Choices: "
"65","Answer the following multiple choice question. The last line of your response should be of the following format: 'ANSWER: $LETTER' (without quotes) where LETTER is one of {letters}. Think step by step before answering.

{question}

{choices}

Instruction: Read the segment of a merger agreement and answer the multiple-choice question by choosing the option that best characterizes the agreement.
Question: Is the ‘ability to consummate’ concept subject to Material Adverse Effect carveouts?
Option A: No
Option B: Yes

Merger Agreement: ""Contingent Material Adverse Effect"" means any event, circumstance, or change which, individually or in aggregate, (i) causes, or would reasonably be expected to cause, a material adverse effect on the Company’s business, assets, liabilities, financial condition, or operational capacity, or (ii) would impede, delay, or impair the Company’s ability to consummate the Transaction. Provided that, notwithstanding the foregoing, none of the following shall be considered in such determination: (a) routine fluctuations in currency exchange or interest rates, except when such fluctuations are demonstrably and disproportionately adverse relative to industry standards; (b) changes in applicable tax statutes, securities regulations, or labor laws that generally affect companies in the sector; (c) short-term declines in the market valuation of the Company’s common stock, unless such declines are a direct consequence of the Transaction’s announcement; and (d) any post-execution event that is explicitly approved in writing by the Company’s Board as preserving the historical and projected ability to consummate the Transaction. (Pages 22-23)
Choices: ","Fail","Answer the following multiple choice question. The last line of your response should be of the following format: 'ANSWER: $LETTER' (without quotes) where LETTER is one of {letters}. Think step by step before answering.

{question}

{choices}

Instruction: Read the segment of a merger agreement and answer the multiple-choice question by choosing the option that best characterizes the agreement.
Question: Is the “ability to consummate” provision subject to Material Adverse Effect carveouts?
Option A: No
Option B: Yes

Merger Agreement: “Company Material Adverse Effect” means any event, condition, change, or circumstance which, either individually or in aggregation with other such events occurring prior to the determination date, has or would reasonably be expected to have a material adverse effect on (a) the business, assets, liabilities, and operational results of the Company and its Subsidiaries, or (b) the Company’s ability to consummate the transactions contemplated hereby. Provided, however, that for purposes of clause (a), the following effects shall not be considered as constituting a Material Adverse Effect: (i) general economic downturns, shifts in credit or capital market conditions, revisions in applicable accounting standards including GAAP, currency exchange fluctuations, and declines solely in the trading volume or market price of the Company’s common stock; and further, that for the purposes of clause (b), no such carveout exceptions will apply. In addition, if any event imposes both a broad financial impact and a direct impediment to the consummation of the transaction, only the financial impact may be mitigated by the carveouts, whereas any impairment specifically affecting the ability to consummate shall be fully recognized as a Material Adverse Effect. (Pages 45-47)
Choices: "
"66","Answer the following multiple choice question. The last line of your response should be of the following format: 'ANSWER: $LETTER' (without quotes) where LETTER is one of {letters}. Think step by step before answering.

{question}

{choices}

Instruction: Read the following segment of a merger document and answer the multiple-choice question by choosing the option that best characterizes the agreement. 
Question: Is the “ability to consummate” concept subject to Material Adverse Effect carveouts? 
Option A: No
Option B: Yes

Merger Document: 
“Acquirer Material Adverse Event” shall mean any event, change, disruption or condition that, individually or in aggregate with other such events, has had or would reasonably be expected to have a material adverse impact on (i) the financial condition, assets, liabilities or operating results of the Target Company, or (ii) the ability of the Acquirer to duly complete the transactions contemplated by this Agreement. In determining whether an event constitutes an Acquirer Material Adverse Event, the following shall not be taken into account: 
   (i) any alteration in general market conditions, including fluctuations in interest rates, exchange rates or overall market volatility that affect all industry participants; 
   (ii) any economic downturn, natural disaster or regional political disturbance that broadly impacts the industry; 
   (iii) any change in applicable accounting standards or governmental policies that is enforced on an industry-wide basis; and 
   (iv) any delay or impediment that arises solely as a consequence of the announcement, execution, or public disclosure of this Agreement, provided that such delay does not cause an independent deterioration in the operational capabilities of the Target Company. 
For purposes of this Agreement, the provision related to the “ability to consummate” refers exclusively to the Acquirer’s capacity to perform and complete the transaction as contemplated, without being mitigated by the above carveouts. 

Please answer the question based solely on the above segment.
Choices: ","Fail","Answer the following multiple choice question. The last line of your response should be of the following format: 'ANSWER: $LETTER' (without quotes) where LETTER is one of {letters}. Think step by step before answering.

{question}

{choices}

Instruction: Read the segment of a merger agreement and answer the multiple-choice question by choosing the option that best characterizes the agreement.
Question: Is the “ability to consummate” provision subject to Material Adverse Effect carveouts?
Option A: No
Option B: Yes

Merger Agreement: “Company Material Adverse Effect” means any event, condition, change, or circumstance which, either individually or in aggregation with other such events occurring prior to the determination date, has or would reasonably be expected to have a material adverse effect on (a) the business, assets, liabilities, and operational results of the Company and its Subsidiaries, or (b) the Company’s ability to consummate the transactions contemplated hereby. Provided, however, that for purposes of clause (a), the following effects shall not be considered as constituting a Material Adverse Effect: (i) general economic downturns, shifts in credit or capital market conditions, revisions in applicable accounting standards including GAAP, currency exchange fluctuations, and declines solely in the trading volume or market price of the Company’s common stock; and further, that for the purposes of clause (b), no such carveout exceptions will apply. In addition, if any event imposes both a broad financial impact and a direct impediment to the consummation of the transaction, only the financial impact may be mitigated by the carveouts, whereas any impairment specifically affecting the ability to consummate shall be fully recognized as a Material Adverse Effect. (Pages 45-47)
Choices: "
"67","Answer the following multiple choice question. The last line of your response should be of the following format: 'ANSWER: $LETTER' (without quotes) where LETTER is one of {letters}. Think step by step before answering.

{question}

{choices}

Instruction: Read the segment of a merger agreement and answer the multiple-choice question by choosing the option that best characterizes the agreement.
Question: Is the 'ability to consummate' concept subject to Material Adverse Effect carveouts?
Option A: No
Option B: Yes

Merger Agreement: ""Company Material Adverse Change"" means any change, event, circumstance or development that, either individually or in the aggregate with other effects, has or would reasonably be expected to have a material adverse impact on the business, financial condition, or operational performance of the Company and its affiliates. Notwithstanding the foregoing, for purposes of determining the occurrence of a Material Adverse Change, the Company’s ability to consummate the Transaction shall be reviewed independently and shall not be reduced by any of the following exceptions: (i) general economic fluctuations, including market sentiment shifts and foreign exchange variations; (ii) standard regulatory updates which do not uniquely disadvantage the Company compared to its industry peers; (iii) force majeure events such as natural disasters, epidemics, or other widespread disruptions; and (iv) deviations in internal forecasts or publicly issued financial estimates. In addition, any impairment impacting solely the consummation process, without adversely affecting the core financial or operational metrics of the Company, is expressly excluded from constituting a Material Adverse Change. (Pages 12-13)
Choices: ","Fail","Answer the following multiple choice question. The last line of your response should be of the following format: 'ANSWER: $LETTER' (without quotes) where LETTER is one of {letters}. Think step by step before answering.

{question}

{choices}

Instruction: Read the segment of a merger agreement and answer the multiple-choice question by choosing the option that best characterizes the agreement.
Question: Is the “ability to consummate” provision subject to Material Adverse Effect carveouts?
Option A: No
Option B: Yes

Merger Agreement: “Company Material Adverse Effect” means any event, condition, change, or circumstance which, either individually or in aggregation with other such events occurring prior to the determination date, has or would reasonably be expected to have a material adverse effect on (a) the business, assets, liabilities, and operational results of the Company and its Subsidiaries, or (b) the Company’s ability to consummate the transactions contemplated hereby. Provided, however, that for purposes of clause (a), the following effects shall not be considered as constituting a Material Adverse Effect: (i) general economic downturns, shifts in credit or capital market conditions, revisions in applicable accounting standards including GAAP, currency exchange fluctuations, and declines solely in the trading volume or market price of the Company’s common stock; and further, that for the purposes of clause (b), no such carveout exceptions will apply. In addition, if any event imposes both a broad financial impact and a direct impediment to the consummation of the transaction, only the financial impact may be mitigated by the carveouts, whereas any impairment specifically affecting the ability to consummate shall be fully recognized as a Material Adverse Effect. (Pages 45-47)
Choices: "
"68","Answer the following multiple choice question. The last line of your response should be of the following format: 'ANSWER: $LETTER' (without quotes) where LETTER is one of {letters}. Think step by step before answering.

{question}

{choices}

Instruction: Read the following segment of a merger agreement and answer the multiple-choice question by choosing the option that best characterizes the agreement.
Question: Is the 'ability to consummate' concept subject to the Material Adverse Effect carveouts in the following merger clause?
Option A: No
Option B: Yes

Merger Agreement Excerpt:
""Company Material Adverse Effect"" means any change, event, occurrence, or effect that, individually or in the aggregate, adversely impacts the business, financial condition, or operating results of the Company and its Subsidiaries. In determining whether such an impact is material, the following shall not be taken into account: (i) changes in general economic, industry, and market conditions; (ii) variations in regulatory, legislative, or political circumstances; (iii) fluctuations in financial markets, including interest rate and exchange rate movements, except that any such fluctuation which directly impairs the Company’s capacity to finalize the contemplated transactions shall not be excluded under this exception; and (iv) any delay, inability, or impairment in the consummation of the transactions. Notwithstanding the exceptions in clauses (i) through (iii), no event or circumstance that affects the ability of the Company to consummate the transactions set forth herein shall be subject to any carveout and shall be deemed to constitute a Company Material Adverse Effect.

Choices: ","Fail","Answer the following multiple choice question. The last line of your response should be of the following format: 'ANSWER: $LETTER' (without quotes) where LETTER is one of {letters}. Think step by step before answering.

{question}

{choices}

Instruction: Read the segment of a merger agreement and answer the multiple-choice question by choosing the option that best characterizes the agreement.
Question: Is the “ability to consummate” provision subject to Material Adverse Effect carveouts?
Option A: No
Option B: Yes

Merger Agreement: “Company Material Adverse Effect” means any event, condition, change, or circumstance which, either individually or in aggregation with other such events occurring prior to the determination date, has or would reasonably be expected to have a material adverse effect on (a) the business, assets, liabilities, and operational results of the Company and its Subsidiaries, or (b) the Company’s ability to consummate the transactions contemplated hereby. Provided, however, that for purposes of clause (a), the following effects shall not be considered as constituting a Material Adverse Effect: (i) general economic downturns, shifts in credit or capital market conditions, revisions in applicable accounting standards including GAAP, currency exchange fluctuations, and declines solely in the trading volume or market price of the Company’s common stock; and further, that for the purposes of clause (b), no such carveout exceptions will apply. In addition, if any event imposes both a broad financial impact and a direct impediment to the consummation of the transaction, only the financial impact may be mitigated by the carveouts, whereas any impairment specifically affecting the ability to consummate shall be fully recognized as a Material Adverse Effect. (Pages 45-47)
Choices: "
"69","Answer the following multiple choice question. The last line of your response should be of the following format: 'ANSWER: $LETTER' (without quotes) where LETTER is one of {letters}. Think step by step before answering.

{question}

{choices}

Instruction: Read the segment of a merger agreement and answer the multiple-choice question by choosing the option that best characterizes the agreement.
Question: Is the “ability to consummate” concept subject to Material Adverse Effect (MAE) carveouts?
Option A: No
Option B: Yes

Merger Agreement: ""Material Adverse Effect"" means any change, event or circumstance that, individually or when aggregated with all other effects, (i) has a material adverse impact on the overall business, assets, liabilities, financial condition or operating results of the Company and its Subsidiaries, provided that the determination under clause (i) shall exclude any adverse impacts arising solely from (a) general economic or political shifts, (b) global fluctuations in interest or exchange rates, (c) natural disasters, or (d) other force majeure events; and (ii) would, either alone or in combination with other events, prevent, materially delay or materially impair the Company's ability to consummate the transactions contemplated herein. Notably, the exclusions listed in clause (i) do not apply to clause (ii), which directly governs the ability to consummate the Transactions without adjustment for such carveouts.

(End of Merger Agreement)
Choices: ","Fail","Answer the following multiple choice question. The last line of your response should be of the following format: 'ANSWER: $LETTER' (without quotes) where LETTER is one of {letters}. Think step by step before answering.

{question}

{choices}

Instruction: Read the segment of a merger agreement and answer the multiple-choice question by choosing the option that best characterizes the agreement.
Question: Is the “ability to consummate” provision subject to Material Adverse Effect carveouts?
Option A: No
Option B: Yes

Merger Agreement: “Company Material Adverse Effect” means any event, condition, change, or circumstance which, either individually or in aggregation with other such events occurring prior to the determination date, has or would reasonably be expected to have a material adverse effect on (a) the business, assets, liabilities, and operational results of the Company and its Subsidiaries, or (b) the Company’s ability to consummate the transactions contemplated hereby. Provided, however, that for purposes of clause (a), the following effects shall not be considered as constituting a Material Adverse Effect: (i) general economic downturns, shifts in credit or capital market conditions, revisions in applicable accounting standards including GAAP, currency exchange fluctuations, and declines solely in the trading volume or market price of the Company’s common stock; and further, that for the purposes of clause (b), no such carveout exceptions will apply. In addition, if any event imposes both a broad financial impact and a direct impediment to the consummation of the transaction, only the financial impact may be mitigated by the carveouts, whereas any impairment specifically affecting the ability to consummate shall be fully recognized as a Material Adverse Effect. (Pages 45-47)
Choices: "
"70","Answer the following multiple choice question. The last line of your response should be of the following format: 'ANSWER: $LETTER' (without quotes) where LETTER is one of {letters}. Think step by step before answering.

{question}

{choices}

Instruction: Read the segment of the merger agreement and answer the multiple-choice question by choosing the option that best characterizes the agreement.

Question: Is the “ability to consummate” concept subject to Material Adverse Effect (MAE) carveouts?
Option A: No
Option B: Yes

Merger Agreement Provision:
“Material Adverse Effect” shall mean any change, event, or circumstance that, individually or in aggregate, has had or would reasonably be expected to have a material adverse effect on the business, assets, liabilities, financial condition or prospects of the Company. Notwithstanding the foregoing, however, no event or effect shall be deemed to be a Material Adverse Effect with respect to the Company’s ability to consummate the Transaction if such effect arises solely from generalized conditions including (i) fluctuations in general economic or market conditions; (ii) regulatory changes, amendments or interpretations of laws of general applicability; or (iii) force majeure events that impact not only the Company but are pervasive across the industry. For clarity, any operational or idiosyncratic failure of the Company that directly impairs its ability to consummate shall be included within the scope of a Material Adverse Effect. 

Based on the above provision, answer the question.
Choices: ","Fail","Answer the following multiple choice question. The last line of your response should be of the following format: 'ANSWER: $LETTER' (without quotes) where LETTER is one of {letters}. Think step by step before answering.

{question}

{choices}

Instruction: Read the segment of a merger agreement and answer the multiple-choice question by choosing the option that best characterizes the agreement.
Question: Is the “ability to consummate” provision subject to Material Adverse Effect carveouts?
Option A: No
Option B: Yes

Merger Agreement: “Company Material Adverse Effect” means any event, condition, change, or circumstance which, either individually or in aggregation with other such events occurring prior to the determination date, has or would reasonably be expected to have a material adverse effect on (a) the business, assets, liabilities, and operational results of the Company and its Subsidiaries, or (b) the Company’s ability to consummate the transactions contemplated hereby. Provided, however, that for purposes of clause (a), the following effects shall not be considered as constituting a Material Adverse Effect: (i) general economic downturns, shifts in credit or capital market conditions, revisions in applicable accounting standards including GAAP, currency exchange fluctuations, and declines solely in the trading volume or market price of the Company’s common stock; and further, that for the purposes of clause (b), no such carveout exceptions will apply. In addition, if any event imposes both a broad financial impact and a direct impediment to the consummation of the transaction, only the financial impact may be mitigated by the carveouts, whereas any impairment specifically affecting the ability to consummate shall be fully recognized as a Material Adverse Effect. (Pages 45-47)
Choices: "
"71","Answer the following multiple choice question. The last line of your response should be of the following format: 'ANSWER: $LETTER' (without quotes) where LETTER is one of {letters}. Think step by step before answering.

{question}

{choices}

Instruction: Read the segment of a merger agreement and answer the multiple-choice question by choosing the option that best characterizes the agreement.
Question: Is the “ability to consummate” concept subject to Material Adverse Effect (MAE) carveouts?
Option A: No
Option B: Yes

Merger Agreement: For purposes of this Agreement, the term “Company Material Adverse Effect” encompasses any change, event, or circumstance that, individually or in the aggregate, materially affects the financial condition, operational performance, or strategic position of the Company and its Subsidiaries, including any event that delays, impairs, or prevents the consummation of the transactions contemplated herein. Notwithstanding the foregoing, the following carveout provisions shall apply: (i) any adverse change solely attributable to overarching economic conditions, fluctuations in interest or exchange rates, or market volatility shall be excluded from triggering a Material Adverse Effect; (ii) any delay in consummation arising exclusively from regulatory modifications or minor operational inefficiencies that do not coincide with additional serious adverse events shall likewise be excluded. However, should these factors occur in conjunction with unexpected operational or legal impediments resulting in a significant delay in consummation, the carveouts will not apply. Accordingly, the determination of whether the ability to consummate is impaired is subject to evaluation under these detailed carveout provisions.
Choices: ","Fail","Answer the following multiple choice question. The last line of your response should be of the following format: 'ANSWER: $LETTER' (without quotes) where LETTER is one of {letters}. Think step by step before answering.

{question}

{choices}

Instruction: Read the segment of a merger agreement and answer the multiple-choice question by choosing the option that best characterizes the agreement.
Question: Is the “ability to consummate” provision subject to Material Adverse Effect carveouts?
Option A: No
Option B: Yes

Merger Agreement: “Company Material Adverse Effect” means any event, condition, change, or circumstance which, either individually or in aggregation with other such events occurring prior to the determination date, has or would reasonably be expected to have a material adverse effect on (a) the business, assets, liabilities, and operational results of the Company and its Subsidiaries, or (b) the Company’s ability to consummate the transactions contemplated hereby. Provided, however, that for purposes of clause (a), the following effects shall not be considered as constituting a Material Adverse Effect: (i) general economic downturns, shifts in credit or capital market conditions, revisions in applicable accounting standards including GAAP, currency exchange fluctuations, and declines solely in the trading volume or market price of the Company’s common stock; and further, that for the purposes of clause (b), no such carveout exceptions will apply. In addition, if any event imposes both a broad financial impact and a direct impediment to the consummation of the transaction, only the financial impact may be mitigated by the carveouts, whereas any impairment specifically affecting the ability to consummate shall be fully recognized as a Material Adverse Effect. (Pages 45-47)
Choices: "
"72","Answer the following multiple choice question. The last line of your response should be of the following format: 'ANSWER: $LETTER' (without quotes) where LETTER is one of {letters}. Think step by step before answering.

{question}

{choices}

Instruction: Read the segment of a merger agreement and answer the multiple-choice question by choosing the option that best characterizes the agreement.
Question: Is the “ability to consummate” concept subject to Material Adverse Effect (MAE) carveouts?
Option A: No
Option B: Yes

Merger Agreement: ""Firm Material Adverse Effect"" means any change, event, occurrence, or condition that, either individually or in combination with other factors, materially impairs the financial condition, operating results, or strategic prospects of the Firm, or that materially delays or impairs the Firm’s ability to consummate the transactions contemplated by this Agreement. Notwithstanding the foregoing, such effect shall not constitute a Firm Material Adverse Effect if the impairment is solely attributable to: (i) general economic downturns affecting the entire industry, (ii) broad-based fluctuations in capital market conditions, (iii) regulatory or legislative changes that impact all market participants uniformly, or (iv) force majeure events—including but not limited to natural disasters or pandemics—provided that any delay caused by such events is remedied within a period of thirty days. However, in circumstances where the impairment is partly due to factors outside these exceptions and partly due to other firm-specific issues, the ability to consummate remains subject to MAE carveouts. (Pages 12-14)
Choices: ","Fail","Answer the following multiple choice question. The last line of your response should be of the following format: 'ANSWER: $LETTER' (without quotes) where LETTER is one of {letters}. Think step by step before answering.

{question}

{choices}

Instruction: Read the segment of a merger agreement and answer the multiple-choice question by choosing the option that best characterizes the agreement.
Question: Is the “ability to consummate” provision subject to Material Adverse Effect carveouts?
Option A: No
Option B: Yes

Merger Agreement: “Company Material Adverse Effect” means any event, condition, change, or circumstance which, either individually or in aggregation with other such events occurring prior to the determination date, has or would reasonably be expected to have a material adverse effect on (a) the business, assets, liabilities, and operational results of the Company and its Subsidiaries, or (b) the Company’s ability to consummate the transactions contemplated hereby. Provided, however, that for purposes of clause (a), the following effects shall not be considered as constituting a Material Adverse Effect: (i) general economic downturns, shifts in credit or capital market conditions, revisions in applicable accounting standards including GAAP, currency exchange fluctuations, and declines solely in the trading volume or market price of the Company’s common stock; and further, that for the purposes of clause (b), no such carveout exceptions will apply. In addition, if any event imposes both a broad financial impact and a direct impediment to the consummation of the transaction, only the financial impact may be mitigated by the carveouts, whereas any impairment specifically affecting the ability to consummate shall be fully recognized as a Material Adverse Effect. (Pages 45-47)
Choices: "
"73","Answer the following multiple choice question. The last line of your response should be of the following format: 'ANSWER: $LETTER' (without quotes) where LETTER is one of {letters}. Think step by step before answering.

{question}

{choices}

Instruction: Read the following segment of a merger agreement and answer the multiple-choice question by choosing the option that best characterizes the agreement.
Question: Is the “ability to consummate” concept subject to Material Adverse Effect (MAE) carveouts?
Option A: No
Option B: Yes

Merger Agreement: “Material Adverse Effect” means any change, event, condition, or circumstance that, individually or in aggregate, has a material adverse impact on the business, assets, liabilities, operations, or financial condition of the Company and its Subsidiaries, such that the Company’s ability to consummate the transactions contemplated herein is impaired. Notwithstanding the foregoing, the following effects shall not, by themselves or in combination, be considered a Material Adverse Effect: (i) changes in general economic conditions that affect all similarly situated companies; (ii) normal fluctuations in market prices, including changes in the trading volume or share price of the Company, provided these are not the result of a fundamental deterioration in the Company’s business; (iii) modifications of applicable accounting standards, regulatory or legislative changes, or tax law adjustments that impact the industry broadly; and (iv) force majeure events, natural disasters, or geopolitical disturbances that impact the industry uniformly. However, none of the exceptions set forth in clauses (i) through (iv) shall apply to any change, event, or circumstance that impairs, delays, or otherwise affects the ability of the Company to consummate the merger transaction. (Pages 12-14)
Choices: ","Fail","Answer the following multiple choice question. The last line of your response should be of the following format: 'ANSWER: $LETTER' (without quotes) where LETTER is one of {letters}. Think step by step before answering.

{question}

{choices}

Instruction: Read the segment of a merger agreement and answer the multiple-choice question by choosing the option that best characterizes the agreement.
Question: Is the “ability to consummate” provision subject to Material Adverse Effect carveouts?
Option A: No
Option B: Yes

Merger Agreement: “Company Material Adverse Effect” means any event, condition, change, or circumstance which, either individually or in aggregation with other such events occurring prior to the determination date, has or would reasonably be expected to have a material adverse effect on (a) the business, assets, liabilities, and operational results of the Company and its Subsidiaries, or (b) the Company’s ability to consummate the transactions contemplated hereby. Provided, however, that for purposes of clause (a), the following effects shall not be considered as constituting a Material Adverse Effect: (i) general economic downturns, shifts in credit or capital market conditions, revisions in applicable accounting standards including GAAP, currency exchange fluctuations, and declines solely in the trading volume or market price of the Company’s common stock; and further, that for the purposes of clause (b), no such carveout exceptions will apply. In addition, if any event imposes both a broad financial impact and a direct impediment to the consummation of the transaction, only the financial impact may be mitigated by the carveouts, whereas any impairment specifically affecting the ability to consummate shall be fully recognized as a Material Adverse Effect. (Pages 45-47)
Choices: "
"74","Answer the following multiple choice question. The last line of your response should be of the following format: 'ANSWER: $LETTER' (without quotes) where LETTER is one of {letters}. Think step by step before answering.

{question}

{choices}

Instruction: Read the segment of a merger agreement and answer the multiple-choice question by choosing the option that best characterizes the agreement.
Question: Is the “ability to consummate” concept subject to Material Adverse Effect (MAE) carveouts?
Option A: No
Option B: Yes

Merger Agreement: 
“Overall Material Impact” shall mean any factual, legal, or economic event, condition, or circumstance that, singly or in the aggregate, substantially diminishes the business prospects, assets, or operational performance of the Target or its Affiliates, including situations that could delay or impair the ability to consummate the Transaction. Notwithstanding the foregoing, for purposes of determining an Overall Material Impact, any negative developments that are attributable solely to systemic economic downturns, natural disasters affecting broad market conditions, or fluctuations in currency or interest rates shall be expressly excluded—even if such changes, in a secondary manner, affect the timeline for consummation. Conversely, any adverse impact arising from failures to meet specific transaction milestones or operational targets that are unique to the corporate performance shall be considered in full without any exclusion. In this context, while direct breaches of specified performance obligations trigger a full MAE analysis, the ability to consummate the Transaction is evaluated subject to carveouts applicable only to general market factors.

Based on the above provision, please decide whether the ‘ability to consummate’ concept is subject to MAE carveouts.
Choices: ","Fail","Answer the following multiple choice question. The last line of your response should be of the following format: 'ANSWER: $LETTER' (without quotes) where LETTER is one of {letters}. Think step by step before answering.

{question}

{choices}

Instruction: Read the segment of a merger agreement and answer the multiple-choice question by choosing the option that best characterizes the agreement.
Question: Is the “ability to consummate” provision subject to Material Adverse Effect carveouts?
Option A: No
Option B: Yes

Merger Agreement: “Company Material Adverse Effect” means any event, condition, change, or circumstance which, either individually or in aggregation with other such events occurring prior to the determination date, has or would reasonably be expected to have a material adverse effect on (a) the business, assets, liabilities, and operational results of the Company and its Subsidiaries, or (b) the Company’s ability to consummate the transactions contemplated hereby. Provided, however, that for purposes of clause (a), the following effects shall not be considered as constituting a Material Adverse Effect: (i) general economic downturns, shifts in credit or capital market conditions, revisions in applicable accounting standards including GAAP, currency exchange fluctuations, and declines solely in the trading volume or market price of the Company’s common stock; and further, that for the purposes of clause (b), no such carveout exceptions will apply. In addition, if any event imposes both a broad financial impact and a direct impediment to the consummation of the transaction, only the financial impact may be mitigated by the carveouts, whereas any impairment specifically affecting the ability to consummate shall be fully recognized as a Material Adverse Effect. (Pages 45-47)
Choices: "
"75","Answer the following multiple choice question. The last line of your response should be of the following format: 'ANSWER: $LETTER' (without quotes) where LETTER is one of {letters}. Think step by step before answering.

{question}

{choices}

Instruction: Read the segment of a merger agreement and answer the multiple-choice question by choosing the option that best characterizes the agreement.
Question: Is the “ability to consummate” concept subject to Material Adverse Effect (MAE) carveouts?
Option A: No
Option B: Yes

Merger Agreement: “Aggregate Material Adverse Impact” is defined as any event, change, or occurrence, whether individually or in aggregation, that has, or would reasonably be expected to have, a material adverse effect on the Company’s business, assets, liabilities, operations, or financial condition. In evaluating such effects, the agreement expressly excludes those arising solely from (i) general shifts in economic conditions, (ii) ordinary market fluctuations, (iii) changes in credit or capital markets, and (iv) any adverse impact from public disclosure or the announcement of this Agreement. However, notwithstanding these exclusions, the Agreement explicitly states that any event, change, or circumstance that materially impairs, delays, or prevents the ability of the Company to consummate the transactions contemplated herein shall not be excluded from the definition of Aggregate Material Adverse Impact. (Pages 10-12)
Choices: ","Fail","Answer the following multiple choice question. The last line of your response should be of the following format: 'ANSWER: $LETTER' (without quotes) where LETTER is one of {letters}. Think step by step before answering.

{question}

{choices}

Instruction: Read the segment of a merger agreement and answer the multiple-choice question by choosing the option that best characterizes the agreement.
Question: Is the “ability to consummate” provision subject to Material Adverse Effect carveouts?
Option A: No
Option B: Yes

Merger Agreement: “Company Material Adverse Effect” means any event, condition, change, or circumstance which, either individually or in aggregation with other such events occurring prior to the determination date, has or would reasonably be expected to have a material adverse effect on (a) the business, assets, liabilities, and operational results of the Company and its Subsidiaries, or (b) the Company’s ability to consummate the transactions contemplated hereby. Provided, however, that for purposes of clause (a), the following effects shall not be considered as constituting a Material Adverse Effect: (i) general economic downturns, shifts in credit or capital market conditions, revisions in applicable accounting standards including GAAP, currency exchange fluctuations, and declines solely in the trading volume or market price of the Company’s common stock; and further, that for the purposes of clause (b), no such carveout exceptions will apply. In addition, if any event imposes both a broad financial impact and a direct impediment to the consummation of the transaction, only the financial impact may be mitigated by the carveouts, whereas any impairment specifically affecting the ability to consummate shall be fully recognized as a Material Adverse Effect. (Pages 45-47)
Choices: "
"76","Answer the following multiple choice question. The last line of your response should be of the following format: 'ANSWER: $LETTER' (without quotes) where LETTER is one of {letters}. Think step by step before answering.

{question}

{choices}

Instruction: Read the segment of the merger agreement and answer the multiple-choice question by choosing the option that best characterizes the agreement.
Question: Is the “ability to consummate” concept subject to Material Adverse Effect (MAE) carveouts?
Option A: No
Option B: Yes

Merger Agreement: ""Material Adverse Effect"" means any event, change, or condition that, individually or aggregated, (a) materially diminishes the operational, financial, or strategic position of the Company, and (b) would, or would reasonably be expected to, prevent, significantly delay, or materially impair the Company’s ability to consummate the transactions contemplated by this Agreement; provided, however, that the following phenomena are excluded from the MAE determination: (i) any adverse effect arising solely from global macroeconomic shifts, including broad-based changes in interest rates, exchange rates, or credit conditions; (ii) adverse effects attributable to natural disasters such as earthquakes, severe floods, or pandemics, insofar as governmental or industry-wide relief measures mitigate their impact; and (iii) any impairment to the ability to consummate that results directly from actions expressly approved in writing by the Parent following the Agreement Date. Notwithstanding these exclusions, if the aggregate adverse impact on the Company’s ability to consummate is not entirely accounted for by the foregoing exceptions, then such impact shall be considered a Material Adverse Effect.

Choices: ","Fail","Answer the following multiple choice question. The last line of your response should be of the following format: 'ANSWER: $LETTER' (without quotes) where LETTER is one of {letters}. Think step by step before answering.

{question}

{choices}

Instruction: Read the segment of a merger agreement and answer the multiple-choice question by choosing the option that best characterizes the agreement.
Question: Is the “ability to consummate” provision subject to Material Adverse Effect carveouts?
Option A: No
Option B: Yes

Merger Agreement: “Company Material Adverse Effect” means any event, condition, change, or circumstance which, either individually or in aggregation with other such events occurring prior to the determination date, has or would reasonably be expected to have a material adverse effect on (a) the business, assets, liabilities, and operational results of the Company and its Subsidiaries, or (b) the Company’s ability to consummate the transactions contemplated hereby. Provided, however, that for purposes of clause (a), the following effects shall not be considered as constituting a Material Adverse Effect: (i) general economic downturns, shifts in credit or capital market conditions, revisions in applicable accounting standards including GAAP, currency exchange fluctuations, and declines solely in the trading volume or market price of the Company’s common stock; and further, that for the purposes of clause (b), no such carveout exceptions will apply. In addition, if any event imposes both a broad financial impact and a direct impediment to the consummation of the transaction, only the financial impact may be mitigated by the carveouts, whereas any impairment specifically affecting the ability to consummate shall be fully recognized as a Material Adverse Effect. (Pages 45-47)
Choices: "
"77","Answer the following multiple choice question. The last line of your response should be of the following format: 'ANSWER: $LETTER' (without quotes) where LETTER is one of {letters}. Think step by step before answering.

{question}

{choices}

Instruction: Read the segment of a merger agreement and answer the multiple-choice question by choosing the option that best characterizes the agreement.
Question: Is the “ability to consummate” concept subject to Material Adverse Effect carveouts?
Option A: No
Option B: Yes

Merger Agreement: “Substantial Adverse Impact” shall mean any event, change, or occurrence, whether in isolation or in combination with other events, that has, or would reasonably be expected to have, a material adverse effect on the business, operations, or financial condition of the Company and its Affiliates. Notwithstanding the foregoing, no event, change, or occurrence shall be deemed to constitute a Substantial Adverse Impact for purposes of this Agreement if such arises solely from: (i) modifications in generally accepted accounting principles (“GAAP”) or revisions thereto, unless such modifications disproportionately impair the Company relative to similarly situated entities; (ii) minor fluctuations in the trading volume or market valuation of the Company’s Securities that do not affect long-term corporate strategies; (iii) broadly applicable economic variations or shifts in fiscal policy that impact multiple sectors; (iv) any Force Majeure events, including severe weather phenomena, pandemics, or governmental public health measures, except where such events have a uniquely disproportionate impact on operational execution; (v) effects directly attributable to the public disclosure or announcement of this Agreement, provided the resultant market reaction is within expected norms; and (vi) any actions or omissions undertaken with the express written consent of the Parent prior to the Agreement date. In determining whether a material adverse effect has occurred, the parties explicitly agree that any impact on the 'ability to consummate' the transactions contemplated herein is excluded to the extent it originates from the carveout conditions set forth above.
Choices: ","Fail","Answer the following multiple choice question. The last line of your response should be of the following format: 'ANSWER: $LETTER' (without quotes) where LETTER is one of {letters}. Think step by step before answering.

{question}

{choices}

Instruction: Read the segment of a merger agreement and answer the multiple-choice question by choosing the option that best characterizes the agreement.
Question: Is the “ability to consummate” provision subject to Material Adverse Effect carveouts?
Option A: No
Option B: Yes

Merger Agreement: “Company Material Adverse Effect” means any event, condition, change, or circumstance which, either individually or in aggregation with other such events occurring prior to the determination date, has or would reasonably be expected to have a material adverse effect on (a) the business, assets, liabilities, and operational results of the Company and its Subsidiaries, or (b) the Company’s ability to consummate the transactions contemplated hereby. Provided, however, that for purposes of clause (a), the following effects shall not be considered as constituting a Material Adverse Effect: (i) general economic downturns, shifts in credit or capital market conditions, revisions in applicable accounting standards including GAAP, currency exchange fluctuations, and declines solely in the trading volume or market price of the Company’s common stock; and further, that for the purposes of clause (b), no such carveout exceptions will apply. In addition, if any event imposes both a broad financial impact and a direct impediment to the consummation of the transaction, only the financial impact may be mitigated by the carveouts, whereas any impairment specifically affecting the ability to consummate shall be fully recognized as a Material Adverse Effect. (Pages 45-47)
Choices: "
"78","Answer the following multiple choice question. The last line of your response should be of the following format: 'ANSWER: $LETTER' (without quotes) where LETTER is one of {letters}. Think step by step before answering.

{question}

{choices}

Instruction: Read the following segment of a merger agreement and answer the multiple-choice question by choosing the option that best characterizes the agreement.

Question: Is the 'ability to consummate' concept subject to Material Adverse Effect (MAE) carveouts?
Option A: No
Option B: Yes

Merger Agreement: ""Company Material Adverse Effect"" means any change, event, or circumstance that, individually or in aggregate with other effects, has or would reasonably be expected to have a material adverse effect on (a) the financial condition, results of operations, or overall business of the Company, or (b) its ability to consummate the transactions contemplated hereby. However, with respect to (a) only, the following effects shall not be deemed to constitute a Material Adverse Effect: (i) normal fluctuations in the market or industry that affect all competitors, (ii) general economic downturns or changes in applicable GAAP and Law that do not uniquely impair the Company, (iii) delays arising from standard government regulatory processes, and (iv) any adverse effect arising solely from pre-existing conditions disclosed to the parties. Notwithstanding these exceptions, it is expressly stated that no such carveout or exception shall mitigate any adverse effect that solely impairs the Company’s ability to consummate the transaction under clause (b). In other words, if any event, change, or circumstance affects the ability to consummate, it will be fully taken into account as a Material Adverse Effect, without benefit of the carveouts applicable to clause (a).

Text end.
Choices: ","Fail","Answer the following multiple choice question. The last line of your response should be of the following format: 'ANSWER: $LETTER' (without quotes) where LETTER is one of {letters}. Think step by step before answering.

{question}

{choices}

Instruction: Read the segment of a merger agreement and answer the multiple-choice question by choosing the option that best characterizes the agreement.
Question: Is the “ability to consummate” provision subject to Material Adverse Effect carveouts?
Option A: No
Option B: Yes

Merger Agreement: “Company Material Adverse Effect” means any event, condition, change, or circumstance which, either individually or in aggregation with other such events occurring prior to the determination date, has or would reasonably be expected to have a material adverse effect on (a) the business, assets, liabilities, and operational results of the Company and its Subsidiaries, or (b) the Company’s ability to consummate the transactions contemplated hereby. Provided, however, that for purposes of clause (a), the following effects shall not be considered as constituting a Material Adverse Effect: (i) general economic downturns, shifts in credit or capital market conditions, revisions in applicable accounting standards including GAAP, currency exchange fluctuations, and declines solely in the trading volume or market price of the Company’s common stock; and further, that for the purposes of clause (b), no such carveout exceptions will apply. In addition, if any event imposes both a broad financial impact and a direct impediment to the consummation of the transaction, only the financial impact may be mitigated by the carveouts, whereas any impairment specifically affecting the ability to consummate shall be fully recognized as a Material Adverse Effect. (Pages 45-47)
Choices: "
"79","Answer the following multiple choice question. The last line of your response should be of the following format: 'ANSWER: $LETTER' (without quotes) where LETTER is one of {letters}. Think step by step before answering.

{question}

{choices}

Instruction: Read the segment of a merger agreement and answer the multiple-choice question by choosing the option that best characterizes the agreement.
Question: Is the “ability to consummate” concept subject to Material Adverse Effect (MAE) carveouts?
Option A: No
Option B: Yes

Merger Agreement: ""Material Adverse Effect"" shall mean any change, event, or circumstance that, individually or in the aggregate, results in a significant disruption to the business, assets, financial condition, or operational results of the Company, including any substantial delay or impairment in the ability to consummate the transaction. Notwithstanding the foregoing, the Agreement expressly provides that any impairment in the Company’s ability to consummate the transaction arising solely from (i) ordinary market fluctuations, (ii) routine regulatory or governmental delays, or (iii) general economic downturns, shall be excluded from consideration as a Material Adverse Effect. Furthermore, in instances where such capability is diminished only by these standard carveout events, such impairment shall not be deemed material even if accompanied by minor operational inconveniences. However, if the delay or impairment is compounded by extraordinary legal obstacles or unforeseen operational failures, then the effect may be judged as material. In sum, the definition incorporates specific carveouts that exclude the ability to consummate from being considered materially adverse when the only factors are typical economic or regulatory events. (Pages 12-14)
Choices: ","Fail","Answer the following multiple choice question. The last line of your response should be of the following format: 'ANSWER: $LETTER' (without quotes) where LETTER is one of {letters}. Think step by step before answering.

{question}

{choices}

Instruction: Read the segment of a merger agreement and answer the multiple-choice question by choosing the option that best characterizes the agreement.
Question: Is the “ability to consummate” provision subject to Material Adverse Effect carveouts?
Option A: No
Option B: Yes

Merger Agreement: “Company Material Adverse Effect” means any event, condition, change, or circumstance which, either individually or in aggregation with other such events occurring prior to the determination date, has or would reasonably be expected to have a material adverse effect on (a) the business, assets, liabilities, and operational results of the Company and its Subsidiaries, or (b) the Company’s ability to consummate the transactions contemplated hereby. Provided, however, that for purposes of clause (a), the following effects shall not be considered as constituting a Material Adverse Effect: (i) general economic downturns, shifts in credit or capital market conditions, revisions in applicable accounting standards including GAAP, currency exchange fluctuations, and declines solely in the trading volume or market price of the Company’s common stock; and further, that for the purposes of clause (b), no such carveout exceptions will apply. In addition, if any event imposes both a broad financial impact and a direct impediment to the consummation of the transaction, only the financial impact may be mitigated by the carveouts, whereas any impairment specifically affecting the ability to consummate shall be fully recognized as a Material Adverse Effect. (Pages 45-47)
Choices: "
"80","Answer the following multiple choice question. The last line of your response should be of the following format: 'ANSWER: $LETTER' (without quotes) where LETTER is one of {letters}. Think step by step before answering.

{question}

{choices}

Instruction: Read the following segment of a merger agreement and answer the multiple-choice question by choosing the option that best characterizes the agreement.

Question: Is the “ability to consummate” concept subject to Material Adverse Effect (MAE) carveouts?
Option A: No
Option B: Yes

Merger Agreement:
“Material Adverse Effect” means any change, effect, occurrence, or condition that, whether considered individually or in aggregate with other effects, would have a material adverse impact on the financial condition, operations, assets, or business prospects of the Company or its Subsidiaries. Notwithstanding the foregoing, the following effects shall not, by themselves or when aggregated, be deemed to constitute a Material Adverse Effect: (i) changes arising solely from general economic trends, fluctuations in global or domestic capital markets, or alterations in regulatory frameworks which affect all participants in the industry; (ii) modifications in accounting practices or interpretations thereof that are adopted industry-wide; and (iii) any adverse effect resulting from such general market or economic conditions. However, it is expressly understood and agreed that no such exclusion applies to any effect that directly or indirectly impairs, prevents, materially delays, or otherwise disrupts the ability of the Company, any of its Subsidiaries, or any related Party to consummate the transactions contemplated herein. In this regard, even if the adverse effect arises concurrently with a listed excluded event, if it impacts the consummation ability, it shall be fully taken into account as a Material Adverse Effect. (See Pages 12-14 for full details.)
Choices: ","Fail","Answer the following multiple choice question. The last line of your response should be of the following format: 'ANSWER: $LETTER' (without quotes) where LETTER is one of {letters}. Think step by step before answering.

{question}

{choices}

Instruction: Read the segment of a merger agreement and answer the multiple-choice question by choosing the option that best characterizes the agreement.
Question: Is the “ability to consummate” provision subject to Material Adverse Effect carveouts?
Option A: No
Option B: Yes

Merger Agreement: “Company Material Adverse Effect” means any event, condition, change, or circumstance which, either individually or in aggregation with other such events occurring prior to the determination date, has or would reasonably be expected to have a material adverse effect on (a) the business, assets, liabilities, and operational results of the Company and its Subsidiaries, or (b) the Company’s ability to consummate the transactions contemplated hereby. Provided, however, that for purposes of clause (a), the following effects shall not be considered as constituting a Material Adverse Effect: (i) general economic downturns, shifts in credit or capital market conditions, revisions in applicable accounting standards including GAAP, currency exchange fluctuations, and declines solely in the trading volume or market price of the Company’s common stock; and further, that for the purposes of clause (b), no such carveout exceptions will apply. In addition, if any event imposes both a broad financial impact and a direct impediment to the consummation of the transaction, only the financial impact may be mitigated by the carveouts, whereas any impairment specifically affecting the ability to consummate shall be fully recognized as a Material Adverse Effect. (Pages 45-47)
Choices: "
"81","Answer the following multiple choice question. The last line of your response should be of the following format: 'ANSWER: $LETTER' (without quotes) where LETTER is one of {letters}. Think step by step before answering.

{question}

{choices}

Instruction: Read the segment of a merger agreement and answer the multiple-choice question by choosing the option that best characterizes the agreement.
Question: Is the “ability to consummate” concept subject to Material Adverse Effect (MAE) carveouts?
Option A: No
Option B: Yes

Merger Agreement: “Company Material Adverse Effect” means any event, change, inaccuracy, or circumstance that, individually or in aggregate, would result in a material adverse effect on the business, assets, liabilities, financial condition, or results of operations of the Company. Notwithstanding the foregoing, with respect to the purposes of this Agreement, the determination of a Material Adverse Effect expressly excludes the following: (i) general changes in global or domestic economic conditions; (ii) adverse effects arising from fluctuations in financial and credit markets, including changes in interest or exchange rates; (iii) regulatory or legislative shifts not specific to the Company’s core operations; (iv) force majeure events including natural disasters, pandemics, or other public health emergencies; and (v) any adverse effect that solely impacts non-operational aspects of the business. However, it is expressly stated that any direct impairment of the Company’s ability to consummate the transaction – that is, any delay, prevention, or material hindrance to closing the merger – shall not benefit from the above carveouts. All such direct impacts on consummation remain fully subject to determination as a Material Adverse Effect. (Pages 10-12)
Choices: ","Fail","Answer the following multiple choice question. The last line of your response should be of the following format: 'ANSWER: $LETTER' (without quotes) where LETTER is one of {letters}. Think step by step before answering.

{question}

{choices}

Instruction: Read the segment of a merger agreement and answer the multiple-choice question by choosing the option that best characterizes the agreement.
Question: Is the “ability to consummate” provision subject to Material Adverse Effect carveouts?
Option A: No
Option B: Yes

Merger Agreement: “Company Material Adverse Effect” means any event, condition, change, or circumstance which, either individually or in aggregation with other such events occurring prior to the determination date, has or would reasonably be expected to have a material adverse effect on (a) the business, assets, liabilities, and operational results of the Company and its Subsidiaries, or (b) the Company’s ability to consummate the transactions contemplated hereby. Provided, however, that for purposes of clause (a), the following effects shall not be considered as constituting a Material Adverse Effect: (i) general economic downturns, shifts in credit or capital market conditions, revisions in applicable accounting standards including GAAP, currency exchange fluctuations, and declines solely in the trading volume or market price of the Company’s common stock; and further, that for the purposes of clause (b), no such carveout exceptions will apply. In addition, if any event imposes both a broad financial impact and a direct impediment to the consummation of the transaction, only the financial impact may be mitigated by the carveouts, whereas any impairment specifically affecting the ability to consummate shall be fully recognized as a Material Adverse Effect. (Pages 45-47)
Choices: "
"82","Answer the following multiple choice question. The last line of your response should be of the following format: 'ANSWER: $LETTER' (without quotes) where LETTER is one of {letters}. Think step by step before answering.

{question}

{choices}

Instruction: Read the following excerpt from a merger agreement and answer the multiple-choice question by choosing the option that best characterizes the agreement.

Question: Is the “ability to consummate” concept subject to Material Adverse Effect carveouts?
Option A: No
Option B: Yes

Merger Agreement Excerpt:
“Company Adverse Impact” shall mean any occurrence, event, inaccuracy, or change that, individually or in aggregate, would reasonably be expected to have a material adverse effect on (i) the business, assets, liabilities, or financial performance of the Company and its Subsidiaries, or (ii) prevent, delay, or materially impair the ability of the Company to consummate the Transactions contemplated under this Agreement; provided, however, that with respect to criterion (i) only, none of the following shall be deemed to constitute an Adverse Impact or be considered in its evaluation: (a) fluctuations in general economic or market conditions affecting global financial markets; (b) non-disproportionate regulatory or legislative changes, including revisions to accepted accounting standards, unless the impact is uniquely severe relative to industry benchmarks; (c) events of force majeure, including severe weather events or pandemics, insofar as they solely cause a delay in consummation; and (d) normal variations in the trading volume or market price of the Company’s securities. Notwithstanding the exceptions (a) through (d) above, it is expressly provided that any situation which solely affects the Company’s ability to consummate the Transactions shall not benefit from these carveouts and will be treated as an adverse impact under this definition. (Section X.Y, Pages 10-11)
Choices: ","Fail","Answer the following multiple choice question. The last line of your response should be of the following format: 'ANSWER: $LETTER' (without quotes) where LETTER is one of {letters}. Think step by step before answering.

{question}

{choices}

Instruction: Read the segment of a merger agreement and answer the multiple-choice question by choosing the option that best characterizes the agreement.
Question: Is the “ability to consummate” provision subject to Material Adverse Effect carveouts?
Option A: No
Option B: Yes

Merger Agreement: “Company Material Adverse Effect” means any event, condition, change, or circumstance which, either individually or in aggregation with other such events occurring prior to the determination date, has or would reasonably be expected to have a material adverse effect on (a) the business, assets, liabilities, and operational results of the Company and its Subsidiaries, or (b) the Company’s ability to consummate the transactions contemplated hereby. Provided, however, that for purposes of clause (a), the following effects shall not be considered as constituting a Material Adverse Effect: (i) general economic downturns, shifts in credit or capital market conditions, revisions in applicable accounting standards including GAAP, currency exchange fluctuations, and declines solely in the trading volume or market price of the Company’s common stock; and further, that for the purposes of clause (b), no such carveout exceptions will apply. In addition, if any event imposes both a broad financial impact and a direct impediment to the consummation of the transaction, only the financial impact may be mitigated by the carveouts, whereas any impairment specifically affecting the ability to consummate shall be fully recognized as a Material Adverse Effect. (Pages 45-47)
Choices: "
"83","Answer the following multiple choice question. The last line of your response should be of the following format: 'ANSWER: $LETTER' (without quotes) where LETTER is one of {letters}. Think step by step before answering.

{question}

{choices}

Instruction: Read the following segment of a merger agreement and answer the multiple-choice question by choosing the option that best characterizes the agreement.
Question: Is the ""ability to consummate"" concept subject to Material Adverse Effect (MAE) carveouts?
Option A: No
Option B: Yes

Merger Agreement: ""Effective Material Adverse Impact"" means any event, circumstance, or development that adversely affects the business, assets, or operational results of the Company. In determining whether such an adverse impact has occurred, the following shall be excluded: (i) effects arising solely from general economic downturns, widespread fluctuations in financial market conditions, or broad-based changes in regulatory frameworks, and (ii) any event that results exclusively from industry-wide trends which are not specific to the Company’s operations. Notwithstanding the foregoing carveouts, the Agreement expressly provides that any event or series of events that materially delays, impairs, or otherwise prevents the ability of the Company to consummate the transactions contemplated herein shall not benefit from the general exclusions. In other words, while many adverse effects may be disregarded if they stem from external broad-based factors, an adverse impact on the very ability to consummate the transaction is excluded from being treated as a non-material adverse event and will trigger the MAE clause.

Determine the correct interpretation based on the above provisions.
Choices: ","Fail","Answer the following multiple choice question. The last line of your response should be of the following format: 'ANSWER: $LETTER' (without quotes) where LETTER is one of {letters}. Think step by step before answering.

{question}

{choices}

Instruction: Read the segment of a merger agreement and answer the multiple-choice question by choosing the option that best characterizes the agreement.
Question: Is the “ability to consummate” provision subject to Material Adverse Effect carveouts?
Option A: No
Option B: Yes

Merger Agreement: “Company Material Adverse Effect” means any event, condition, change, or circumstance which, either individually or in aggregation with other such events occurring prior to the determination date, has or would reasonably be expected to have a material adverse effect on (a) the business, assets, liabilities, and operational results of the Company and its Subsidiaries, or (b) the Company’s ability to consummate the transactions contemplated hereby. Provided, however, that for purposes of clause (a), the following effects shall not be considered as constituting a Material Adverse Effect: (i) general economic downturns, shifts in credit or capital market conditions, revisions in applicable accounting standards including GAAP, currency exchange fluctuations, and declines solely in the trading volume or market price of the Company’s common stock; and further, that for the purposes of clause (b), no such carveout exceptions will apply. In addition, if any event imposes both a broad financial impact and a direct impediment to the consummation of the transaction, only the financial impact may be mitigated by the carveouts, whereas any impairment specifically affecting the ability to consummate shall be fully recognized as a Material Adverse Effect. (Pages 45-47)
Choices: "
"84","Answer the following multiple choice question. The last line of your response should be of the following format: 'ANSWER: $LETTER' (without quotes) where LETTER is one of {letters}. Think step by step before answering.

{question}

{choices}

Instruction: Read the segment of a merger agreement and answer the multiple-choice question by choosing the option that best characterizes the agreement.
Question: Is the 'ability to consummate' concept subject to Material Adverse Effect (MAE) carveouts?
Option A: No
Option B: Yes

Merger Agreement: ""Material Adverse Impact"" shall mean, for the purposes of this Agreement, any material change, condition, or event, whether occurring singly or in the aggregate, that adversely affects the overall operations of the Company or impedes its ability to consummate the transaction contemplated herein. Notwithstanding this general definition, the following carveouts shall specifically apply to the assessment of such adverse impacts: (i) any changes attributable solely to general macroeconomic fluctuations, including shifts in interest rates, currency exchange variations, and normal market volatility; (ii) regulatory modifications or adjustments in generally accepted accounting principles that affect the industry as a whole, rather than the Company on a stand-alone basis; (iii) temporary operational disruptions such as weather-related delays that are resolved within thirty days, or minor delays resulting from the public announcement of this Agreement, provided that such disruptions do not exceed the threshold period established in Section 7.3. These exemptions are expressly incorporated into the evaluation of whether events impair the Company's ability to consummate the transaction.

Choices: ","Fail","Answer the following multiple choice question. The last line of your response should be of the following format: 'ANSWER: $LETTER' (without quotes) where LETTER is one of {letters}. Think step by step before answering.

{question}

{choices}

Instruction: Read the segment of a merger agreement and answer the multiple-choice question by choosing the option that best characterizes the agreement.
Question: Is the “ability to consummate” provision subject to Material Adverse Effect carveouts?
Option A: No
Option B: Yes

Merger Agreement: “Company Material Adverse Effect” means any event, condition, change, or circumstance which, either individually or in aggregation with other such events occurring prior to the determination date, has or would reasonably be expected to have a material adverse effect on (a) the business, assets, liabilities, and operational results of the Company and its Subsidiaries, or (b) the Company’s ability to consummate the transactions contemplated hereby. Provided, however, that for purposes of clause (a), the following effects shall not be considered as constituting a Material Adverse Effect: (i) general economic downturns, shifts in credit or capital market conditions, revisions in applicable accounting standards including GAAP, currency exchange fluctuations, and declines solely in the trading volume or market price of the Company’s common stock; and further, that for the purposes of clause (b), no such carveout exceptions will apply. In addition, if any event imposes both a broad financial impact and a direct impediment to the consummation of the transaction, only the financial impact may be mitigated by the carveouts, whereas any impairment specifically affecting the ability to consummate shall be fully recognized as a Material Adverse Effect. (Pages 45-47)
Choices: "
"85","Answer the following multiple choice question. The last line of your response should be of the following format: 'ANSWER: $LETTER' (without quotes) where LETTER is one of {letters}. Think step by step before answering.

{question}

{choices}

Instruction: Read the segment of a merger agreement and answer the multiple-choice question by choosing the option that best characterizes the agreement.
Question: Is the “ability to consummate” concept subject to Material Adverse Effect (MAE) carveouts?
Option A: No
Option B: Yes

Merger Agreement: ""Material Adverse Effect"" means any event, change, or circumstance that, individually or in combination, has or is reasonably expected to have a material adverse impact on the financial condition, operations, or future prospects of the Company. This definition expressly includes any factor that materially delays, impairs, or otherwise diminishes the Company’s ability to consummate the transactions contemplated by this Agreement. However, notwithstanding the inclusion, for purposes of determining a Material Adverse Effect, any delay, impairment, or diminution in the ability to consummate that arises solely from: (i) modifications in regulatory or statutory approvals after the execution of this Agreement, (ii) general economic downturns affecting multiple industry competitors, or (iii) transient market disruptions not uniquely impacting the Company, shall be excluded. Moreover, any operational adjustments pre-approved in writing by the Parent shall not be taken into account.
Choices: ","Fail","Answer the following multiple choice question. The last line of your response should be of the following format: 'ANSWER: $LETTER' (without quotes) where LETTER is one of {letters}. Think step by step before answering.

{question}

{choices}

Instruction: Read the segment of a merger agreement and answer the multiple-choice question by choosing the option that best characterizes the agreement.
Question: Is the “ability to consummate” provision subject to Material Adverse Effect carveouts?
Option A: No
Option B: Yes

Merger Agreement: “Company Material Adverse Effect” means any event, condition, change, or circumstance which, either individually or in aggregation with other such events occurring prior to the determination date, has or would reasonably be expected to have a material adverse effect on (a) the business, assets, liabilities, and operational results of the Company and its Subsidiaries, or (b) the Company’s ability to consummate the transactions contemplated hereby. Provided, however, that for purposes of clause (a), the following effects shall not be considered as constituting a Material Adverse Effect: (i) general economic downturns, shifts in credit or capital market conditions, revisions in applicable accounting standards including GAAP, currency exchange fluctuations, and declines solely in the trading volume or market price of the Company’s common stock; and further, that for the purposes of clause (b), no such carveout exceptions will apply. In addition, if any event imposes both a broad financial impact and a direct impediment to the consummation of the transaction, only the financial impact may be mitigated by the carveouts, whereas any impairment specifically affecting the ability to consummate shall be fully recognized as a Material Adverse Effect. (Pages 45-47)
Choices: "
"86","Answer the following multiple choice question. The last line of your response should be of the following format: 'ANSWER: $LETTER' (without quotes) where LETTER is one of {letters}. Think step by step before answering.

{question}

{choices}

Instruction: Read the following segment of a merger agreement and answer the multiple-choice question by selecting the option that best characterizes the agreement.

Question: Is the “ability to consummate” the transactions contemplated by this Agreement subject to the Material Adverse Effect (MAE) carveouts?

Option A: No
Option B: Yes

Merger Agreement: ""Company Material Adverse Effect"" means any event, change, occurrence or development that, either individually or in the aggregate with all other such effects, has had or would reasonably be expected to have a material adverse effect on (i) the business, assets, liabilities, financial condition or results of operations of the Company and its Subsidiaries, or (ii) the ability of the Company to timely consummate the transactions contemplated by this Agreement. Notwithstanding the foregoing, and provided that for the purposes of assessing the Company’s operations, none of the following shall be taken into account: (a) any changes in general economic conditions or industry trends; (b) fluctuations in credit, capital or foreign exchange markets; (c) non-specific changes in accounting principles or applicable regulatory guidelines; (d) occurrences of natural disasters, pandemics or other force majeure events; and (e) any effects resulting solely from the public announcement, pendency, or performance of this Agreement. However, it is expressly provided that none of the exemptions in clauses (a) through (e) shall apply with respect to any effect that directly or indirectly impairs the Company’s ability to consummate the contemplated transactions. (Pages 12-14)
Choices: ","Fail","Answer the following multiple choice question. The last line of your response should be of the following format: 'ANSWER: $LETTER' (without quotes) where LETTER is one of {letters}. Think step by step before answering.

{question}

{choices}

Instruction: Read the segment of a merger agreement and answer the multiple-choice question by choosing the option that best characterizes the agreement.
Question: Is the “ability to consummate” provision subject to Material Adverse Effect carveouts?
Option A: No
Option B: Yes

Merger Agreement: “Company Material Adverse Effect” means any event, condition, change, or circumstance which, either individually or in aggregation with other such events occurring prior to the determination date, has or would reasonably be expected to have a material adverse effect on (a) the business, assets, liabilities, and operational results of the Company and its Subsidiaries, or (b) the Company’s ability to consummate the transactions contemplated hereby. Provided, however, that for purposes of clause (a), the following effects shall not be considered as constituting a Material Adverse Effect: (i) general economic downturns, shifts in credit or capital market conditions, revisions in applicable accounting standards including GAAP, currency exchange fluctuations, and declines solely in the trading volume or market price of the Company’s common stock; and further, that for the purposes of clause (b), no such carveout exceptions will apply. In addition, if any event imposes both a broad financial impact and a direct impediment to the consummation of the transaction, only the financial impact may be mitigated by the carveouts, whereas any impairment specifically affecting the ability to consummate shall be fully recognized as a Material Adverse Effect. (Pages 45-47)
Choices: "
"87","Answer the following multiple choice question. The last line of your response should be of the following format: 'ANSWER: $LETTER' (without quotes) where LETTER is one of {letters}. Think step by step before answering.

{question}

{choices}

Instruction: Read the following segment of a merger agreement and answer the multiple-choice question by choosing the option that best characterizes the agreement.
Question: Is the “ability to consummate” concept subject to Material Adverse Effect (MAE) carveouts?
Option A: No
Option B: Yes

Merger Agreement:
“Material Adverse Effect” means any event, fact, change, or development that (a) has had or would reasonably be expected to have a material adverse impact on the financial condition, results of operations, or overall business of the Seller, or (b) would prevent, materially delay, or materially impair the Seller’s ability to consummate the transactions contemplated by this Agreement. Notwithstanding the foregoing, for purposes of clause (a), any effects resulting from general economic trends, fluctuations in currency exchange or interest rates, changes in industry-wide conditions, force majeure events, or regulatory or legislative modifications are expressly excluded from being deemed a Material Adverse Effect. However, it is expressly provided that none of these carveouts shall apply with respect to clause (b); that is, even if an event falls under one of the carveout categories for clause (a), such exclusion does not extend to any impact on the Seller’s ability to consummate the transactions. Therefore, while financial impacts may benefit from carveout exceptions, the ability to consummate remains fully subject to the Material Adverse Effect analysis.

Please select the correct option.
Choices: ","Fail","Answer the following multiple choice question. The last line of your response should be of the following format: 'ANSWER: $LETTER' (without quotes) where LETTER is one of {letters}. Think step by step before answering.

{question}

{choices}

Instruction: Read the segment of a merger agreement and answer the multiple-choice question by choosing the option that best characterizes the agreement.
Question: Is the “ability to consummate” provision subject to Material Adverse Effect carveouts?
Option A: No
Option B: Yes

Merger Agreement: “Company Material Adverse Effect” means any event, condition, change, or circumstance which, either individually or in aggregation with other such events occurring prior to the determination date, has or would reasonably be expected to have a material adverse effect on (a) the business, assets, liabilities, and operational results of the Company and its Subsidiaries, or (b) the Company’s ability to consummate the transactions contemplated hereby. Provided, however, that for purposes of clause (a), the following effects shall not be considered as constituting a Material Adverse Effect: (i) general economic downturns, shifts in credit or capital market conditions, revisions in applicable accounting standards including GAAP, currency exchange fluctuations, and declines solely in the trading volume or market price of the Company’s common stock; and further, that for the purposes of clause (b), no such carveout exceptions will apply. In addition, if any event imposes both a broad financial impact and a direct impediment to the consummation of the transaction, only the financial impact may be mitigated by the carveouts, whereas any impairment specifically affecting the ability to consummate shall be fully recognized as a Material Adverse Effect. (Pages 45-47)
Choices: "
"88","Answer the following multiple choice question. The last line of your response should be of the following format: 'ANSWER: $LETTER' (without quotes) where LETTER is one of {letters}. Think step by step before answering.

{question}

{choices}

Instruction: Read the following segment of a merger agreement and answer the multiple-choice question by choosing the option that best characterizes the agreement.

Question: According to the following merger agreement language, is the 'ability to consummate' provision subject to any Material Adverse Effect (MAE) carveouts?
Option A: No
Option B: Yes

Merger Agreement Segment:
""For the purposes of this Agreement, a 'Material Adverse Effect' (MAE) shall include any event, change, or development that materially impairs the overall value, operations, or financial health of the Company; provided, however, that this definition excludes adverse impacts arising solely from: (i) fluctuations in general economic or industry-wide conditions; (ii) adverse regulatory, legislative, or political developments that affect competitors similarly; and (iii) changes in financial market conditions such as interest rate variations or exchange rate shifts. Notwithstanding these exceptions, it is expressly provided that any event or condition that directly impacts the Company's ability to consummate the Transaction shall not be mitigated or excluded by the foregoing carveouts. In other words, while certain deleterious effects on asset values or working capital may benefit from these carveouts, any factor that delays or impairs the consummation of the Transaction shall be fully treated as a Material Adverse Effect without exception.""

Choices: ","Fail","Answer the following multiple choice question. The last line of your response should be of the following format: 'ANSWER: $LETTER' (without quotes) where LETTER is one of {letters}. Think step by step before answering.

{question}

{choices}

Instruction: Read the segment of a merger agreement and answer the multiple-choice question by choosing the option that best characterizes the agreement.
Question: Is the “ability to consummate” provision subject to Material Adverse Effect carveouts?
Option A: No
Option B: Yes

Merger Agreement: “Company Material Adverse Effect” means any event, condition, change, or circumstance which, either individually or in aggregation with other such events occurring prior to the determination date, has or would reasonably be expected to have a material adverse effect on (a) the business, assets, liabilities, and operational results of the Company and its Subsidiaries, or (b) the Company’s ability to consummate the transactions contemplated hereby. Provided, however, that for purposes of clause (a), the following effects shall not be considered as constituting a Material Adverse Effect: (i) general economic downturns, shifts in credit or capital market conditions, revisions in applicable accounting standards including GAAP, currency exchange fluctuations, and declines solely in the trading volume or market price of the Company’s common stock; and further, that for the purposes of clause (b), no such carveout exceptions will apply. In addition, if any event imposes both a broad financial impact and a direct impediment to the consummation of the transaction, only the financial impact may be mitigated by the carveouts, whereas any impairment specifically affecting the ability to consummate shall be fully recognized as a Material Adverse Effect. (Pages 45-47)
Choices: "
"89","Answer the following multiple choice question. The last line of your response should be of the following format: 'ANSWER: $LETTER' (without quotes) where LETTER is one of {letters}. Think step by step before answering.

{question}

{choices}

Instruction: Read the segment of a merger agreement and answer the multiple-choice question by choosing the option that best characterizes the agreement.
Question: Is the “ability to consummate” concept subject to Material Adverse Effect (MAE) carveouts?
Option A: No
Option B: Yes

Merger Agreement: “Target Material Adverse Effect” means any fact, circumstance or event that, whether considered individually or in aggregation with other events, materially impairs or delays the Target’s ability to consummate the transactions contemplated herein or materially detracts from its overall business, assets, or financial condition. Notwithstanding the foregoing, for purposes of this definition, any adverse impact on the Target’s ability to consummate the transaction shall not be deemed a Material Adverse Effect if such impact arises solely from any of the following factors: (i) broad changes in economic or industry conditions that universally affect comparable companies; (ii) general fluctuations in market, credit, or currency conditions; (iii) modifications in applicable accounting standards or legal frameworks that are not unique to the Target; and (iv) systemic regulatory changes. Furthermore, any delay in consummation attributable exclusively to the factors set forth in clauses (i) through (iv) shall be expressly excluded from constituting a Material Adverse Effect. Therefore, the agreement expressly provides that the ability to consummate is subject to carveouts for events meeting these specified conditions.
Choices: ","Fail","Answer the following multiple choice question. The last line of your response should be of the following format: 'ANSWER: $LETTER' (without quotes) where LETTER is one of {letters}. Think step by step before answering.

{question}

{choices}

Instruction: Read the segment of a merger agreement and answer the multiple-choice question by choosing the option that best characterizes the agreement.
Question: Is the “ability to consummate” provision subject to Material Adverse Effect carveouts?
Option A: No
Option B: Yes

Merger Agreement: “Company Material Adverse Effect” means any event, condition, change, or circumstance which, either individually or in aggregation with other such events occurring prior to the determination date, has or would reasonably be expected to have a material adverse effect on (a) the business, assets, liabilities, and operational results of the Company and its Subsidiaries, or (b) the Company’s ability to consummate the transactions contemplated hereby. Provided, however, that for purposes of clause (a), the following effects shall not be considered as constituting a Material Adverse Effect: (i) general economic downturns, shifts in credit or capital market conditions, revisions in applicable accounting standards including GAAP, currency exchange fluctuations, and declines solely in the trading volume or market price of the Company’s common stock; and further, that for the purposes of clause (b), no such carveout exceptions will apply. In addition, if any event imposes both a broad financial impact and a direct impediment to the consummation of the transaction, only the financial impact may be mitigated by the carveouts, whereas any impairment specifically affecting the ability to consummate shall be fully recognized as a Material Adverse Effect. (Pages 45-47)
Choices: "
"90","Answer the following multiple choice question. The last line of your response should be of the following format: 'ANSWER: $LETTER' (without quotes) where LETTER is one of {letters}. Think step by step before answering.

{question}

{choices}

Instruction: Read the following segment from a merger agreement and answer the multiple-choice question by choosing the option that best characterizes the agreement.
Question: Is the 'ability to consummate' provision subject to the carveouts stated under the Material Adverse Effect doctrine?
Option A: No
Option B: Yes

Merger Agreement: ""Acquisition Adverse Impact"" shall mean any event, development, condition, change or circumstance (each, an ""Impact"") that, individually or in the aggregate, (a) would prevent, materially delay or impair the ability of the Acquiring Party to consummate the transactions contemplated by this Agreement, or (b) would have a material adverse effect on the business, financial condition, or operational results of the Target Company; provided, however, that with respect to clause (b) only, the following shall be excluded and not contribute to an Acquisition Adverse Impact: (i) fluctuations in market prices, including those affecting the Acquirer's common stock trading volume or price, (ii) changes stemming from general economic trends, credit market conditions, or modifications in regulatory policies, and (iii) force majeure events such as natural disasters or pandemics. It is expressly stated that events affecting clause (a), which directly relate to the Acquiring Party’s ability to consummate the transaction, are not subject to any carveouts or exclusions under this definition.

Choices: ","Fail","Answer the following multiple choice question. The last line of your response should be of the following format: 'ANSWER: $LETTER' (without quotes) where LETTER is one of {letters}. Think step by step before answering.

{question}

{choices}

Instruction: Read the segment of a merger agreement and answer the multiple-choice question by choosing the option that best characterizes the agreement.
Question: Is the “ability to consummate” provision subject to Material Adverse Effect carveouts?
Option A: No
Option B: Yes

Merger Agreement: “Company Material Adverse Effect” means any event, condition, change, or circumstance which, either individually or in aggregation with other such events occurring prior to the determination date, has or would reasonably be expected to have a material adverse effect on (a) the business, assets, liabilities, and operational results of the Company and its Subsidiaries, or (b) the Company’s ability to consummate the transactions contemplated hereby. Provided, however, that for purposes of clause (a), the following effects shall not be considered as constituting a Material Adverse Effect: (i) general economic downturns, shifts in credit or capital market conditions, revisions in applicable accounting standards including GAAP, currency exchange fluctuations, and declines solely in the trading volume or market price of the Company’s common stock; and further, that for the purposes of clause (b), no such carveout exceptions will apply. In addition, if any event imposes both a broad financial impact and a direct impediment to the consummation of the transaction, only the financial impact may be mitigated by the carveouts, whereas any impairment specifically affecting the ability to consummate shall be fully recognized as a Material Adverse Effect. (Pages 45-47)
Choices: "
"91","Answer the following multiple choice question. The last line of your response should be of the following format: 'ANSWER: $LETTER' (without quotes) where LETTER is one of {letters}. Think step by step before answering.

{question}

{choices}

Instruction: Read the following excerpt from a merger agreement and answer the multiple-choice question by choosing the option that best characterizes the agreement.
Question: Is the 'ability to consummate' concept subject to Material Adverse Effect (MAE) carveouts?
Option A: No
Option B: Yes

Merger Agreement Excerpt:
""Corporate Material Adverse Impact"" means any event, change, or occurrence that, individually or in the aggregate, (a) has caused or would reasonably be expected to cause a material adverse effect on the business, operations, financial condition, or results of operations of the Company, or (b) would, or would reasonably be expected to, prevent, delay, or impair the Company's ability to consummate the transactions contemplated by this Agreement. Notwithstanding the foregoing, no such event, change, or occurrence shall constitute a Corporate Material Adverse Impact to the extent that it is attributable solely to (i) fluctuations in general economic and market conditions affecting the industry as a whole, (ii) government-mandated changes or updated accounting standards, (iii) natural disasters or force majeure events that indiscriminately affect all market participants, or (iv) any event expressly approved in writing by the Parent prior to its occurrence. Accordingly, any delay or impairment in the ability to consummate that arises exclusively from these enumerated factors shall be excluded from triggering a Material Adverse Impact.

Choices: ","Fail","Answer the following multiple choice question. The last line of your response should be of the following format: 'ANSWER: $LETTER' (without quotes) where LETTER is one of {letters}. Think step by step before answering.

{question}

{choices}

Instruction: Read the segment of a merger agreement and answer the multiple-choice question by choosing the option that best characterizes the agreement.
Question: Is the “ability to consummate” provision subject to Material Adverse Effect carveouts?
Option A: No
Option B: Yes

Merger Agreement: “Company Material Adverse Effect” means any event, condition, change, or circumstance which, either individually or in aggregation with other such events occurring prior to the determination date, has or would reasonably be expected to have a material adverse effect on (a) the business, assets, liabilities, and operational results of the Company and its Subsidiaries, or (b) the Company’s ability to consummate the transactions contemplated hereby. Provided, however, that for purposes of clause (a), the following effects shall not be considered as constituting a Material Adverse Effect: (i) general economic downturns, shifts in credit or capital market conditions, revisions in applicable accounting standards including GAAP, currency exchange fluctuations, and declines solely in the trading volume or market price of the Company’s common stock; and further, that for the purposes of clause (b), no such carveout exceptions will apply. In addition, if any event imposes both a broad financial impact and a direct impediment to the consummation of the transaction, only the financial impact may be mitigated by the carveouts, whereas any impairment specifically affecting the ability to consummate shall be fully recognized as a Material Adverse Effect. (Pages 45-47)
Choices: "
"92","Answer the following multiple choice question. The last line of your response should be of the following format: 'ANSWER: $LETTER' (without quotes) where LETTER is one of {letters}. Think step by step before answering.

{question}

{choices}

Instruction: Read the following segment of a merger agreement and answer the multiple-choice question by selecting the option that best characterizes the agreement.
Question: Is the 'ability to consummate' concept subject to Material Adverse Effect (MAE) carveouts?
Option A: No
Option B: Yes

Merger Agreement: ""Material Adverse Effect"" shall mean any change, event, or circumstance that, whether occurring singly or in aggregation with other events, materially adversely impacts the business, financial condition, assets, or operations of the Company and its Affiliates. In determining whether a Material Adverse Effect has occurred, the following provisions shall apply with respect to the ability to consummate the transactions contemplated herein: (i) Any delay, impairment, or inability to consummate arising solely from general economic trends, fluctuations in market liquidity, or industry-wide changes in interest or currency exchange rates shall be expressly excluded; (ii) However, if such delay or impairment is accompanied by a parallel deterioration in the Company’s core operating performance or financial condition—as evidenced by adverse changes in revenue, margin erosion, or significant cost disruptions—then such effect shall be considered within the Material Adverse Effect definition; (iii) Furthermore, delays attributable to regulatory non-compliance, contractual breaches unapproved by the Board, or other isolated events that specifically impact consummation without mimicking industry norms shall not benefit from any carveout and will be captured within a Material Adverse Effect. (Pages 12-15)
Choices: ","Fail","Answer the following multiple choice question. The last line of your response should be of the following format: 'ANSWER: $LETTER' (without quotes) where LETTER is one of {letters}. Think step by step before answering.

{question}

{choices}

Instruction: Read the segment of a merger agreement and answer the multiple-choice question by choosing the option that best characterizes the agreement.
Question: Is the “ability to consummate” provision subject to Material Adverse Effect carveouts?
Option A: No
Option B: Yes

Merger Agreement: “Company Material Adverse Effect” means any event, condition, change, or circumstance which, either individually or in aggregation with other such events occurring prior to the determination date, has or would reasonably be expected to have a material adverse effect on (a) the business, assets, liabilities, and operational results of the Company and its Subsidiaries, or (b) the Company’s ability to consummate the transactions contemplated hereby. Provided, however, that for purposes of clause (a), the following effects shall not be considered as constituting a Material Adverse Effect: (i) general economic downturns, shifts in credit or capital market conditions, revisions in applicable accounting standards including GAAP, currency exchange fluctuations, and declines solely in the trading volume or market price of the Company’s common stock; and further, that for the purposes of clause (b), no such carveout exceptions will apply. In addition, if any event imposes both a broad financial impact and a direct impediment to the consummation of the transaction, only the financial impact may be mitigated by the carveouts, whereas any impairment specifically affecting the ability to consummate shall be fully recognized as a Material Adverse Effect. (Pages 45-47)
Choices: "
"93","Answer the following multiple choice question. The last line of your response should be of the following format: 'ANSWER: $LETTER' (without quotes) where LETTER is one of {letters}. Think step by step before answering.

{question}

{choices}

Instruction: Read the segment of a merger agreement and answer the multiple-choice question by choosing the option that best characterizes the agreement.

Question: Is the “ability to consummate” concept subject to Material Adverse Effect (MAE) carveouts?
Option A: No
Option B: Yes

Merger Agreement Provision:
“Material Adverse Change” means any event, condition, or circumstance that (a) materially impairs the financial condition, business, or operations of the Company, or (b) materially delays or impairs the ability of the Company to consummate the transactions contemplated by this Agreement. Notwithstanding the foregoing, any event fulfilling clause (b) shall not be deemed a Material Adverse Change if such impairment arises solely from: (i) general downturns in the macroeconomic environment, (ii) fluctuations in exchange rates, or (iii) broad regulatory changes affecting the industry at large, except where such events have a disproportionate and incremental adverse impact on the Company relative to its peers. For purposes of clarity, while an impairment of the ability to consummate may in principle trigger a Material Adverse Change, the aforementioned exceptions shall apply, thereby carving out any such effect if the impairment is directly attributable to these exempted conditions.

(End of Provision)
Choices: ","Fail","Answer the following multiple choice question. The last line of your response should be of the following format: 'ANSWER: $LETTER' (without quotes) where LETTER is one of {letters}. Think step by step before answering.

{question}

{choices}

Instruction: Read the segment of a merger agreement and answer the multiple-choice question by choosing the option that best characterizes the agreement.
Question: Is the “ability to consummate” provision subject to Material Adverse Effect carveouts?
Option A: No
Option B: Yes

Merger Agreement: “Company Material Adverse Effect” means any event, condition, change, or circumstance which, either individually or in aggregation with other such events occurring prior to the determination date, has or would reasonably be expected to have a material adverse effect on (a) the business, assets, liabilities, and operational results of the Company and its Subsidiaries, or (b) the Company’s ability to consummate the transactions contemplated hereby. Provided, however, that for purposes of clause (a), the following effects shall not be considered as constituting a Material Adverse Effect: (i) general economic downturns, shifts in credit or capital market conditions, revisions in applicable accounting standards including GAAP, currency exchange fluctuations, and declines solely in the trading volume or market price of the Company’s common stock; and further, that for the purposes of clause (b), no such carveout exceptions will apply. In addition, if any event imposes both a broad financial impact and a direct impediment to the consummation of the transaction, only the financial impact may be mitigated by the carveouts, whereas any impairment specifically affecting the ability to consummate shall be fully recognized as a Material Adverse Effect. (Pages 45-47)
Choices: "
"94","Answer the following multiple choice question. The last line of your response should be of the following format: 'ANSWER: $LETTER' (without quotes) where LETTER is one of {letters}. Think step by step before answering.

{question}

{choices}

Instruction: Read the following segment of a merger agreement and answer the multiple-choice question by selecting the option that best characterizes the agreement.
Question: Is the “ability to consummate” concept subject to Material Adverse Effect carveouts?
Option A: No
Option B: Yes

Merger Agreement: ""Unified Material Adverse Impact"" means any alteration, incident, condition or occurrence (each, an ""Event"") that, individually or together with other Events, has had or would reasonably be expected to have a material adverse impact on the business, financial condition, or operational capabilities of the Company and its Affiliates. For the purposes of this definition, notwithstanding any other provision herein, any adverse effect arising from: (i) general economic downturns or broad market fluctuations; (ii) changes in applicable laws, regulations, or accounting practices; (iii) force majeure events such as natural disasters, pandemics, or acts of war; or (iv) general shifts in industry conditions, shall be excluded when determining a Material Adverse Impact, EXCEPT that such carveouts shall in no manner extend to mitigate any negative effect on the Company’s ability to consummate the transactions contemplated by this Agreement. (Pages 12-14)
Answer:
Choices: ","Fail","Answer the following multiple choice question. The last line of your response should be of the following format: 'ANSWER: $LETTER' (without quotes) where LETTER is one of {letters}. Think step by step before answering.

{question}

{choices}

Instruction: Read the segment of a merger agreement and answer the multiple-choice question by choosing the option that best characterizes the agreement.
Question: Is the “ability to consummate” provision subject to Material Adverse Effect carveouts?
Option A: No
Option B: Yes

Merger Agreement: “Company Material Adverse Effect” means any event, condition, change, or circumstance which, either individually or in aggregation with other such events occurring prior to the determination date, has or would reasonably be expected to have a material adverse effect on (a) the business, assets, liabilities, and operational results of the Company and its Subsidiaries, or (b) the Company’s ability to consummate the transactions contemplated hereby. Provided, however, that for purposes of clause (a), the following effects shall not be considered as constituting a Material Adverse Effect: (i) general economic downturns, shifts in credit or capital market conditions, revisions in applicable accounting standards including GAAP, currency exchange fluctuations, and declines solely in the trading volume or market price of the Company’s common stock; and further, that for the purposes of clause (b), no such carveout exceptions will apply. In addition, if any event imposes both a broad financial impact and a direct impediment to the consummation of the transaction, only the financial impact may be mitigated by the carveouts, whereas any impairment specifically affecting the ability to consummate shall be fully recognized as a Material Adverse Effect. (Pages 45-47)
Choices: "
"95","Answer the following multiple choice question. The last line of your response should be of the following format: 'ANSWER: $LETTER' (without quotes) where LETTER is one of {letters}. Think step by step before answering.

{question}

{choices}

Instruction: Read the segment of a merger agreement and answer the multiple-choice question by choosing the option that best characterizes the agreement.
Question: Is the 'ability to consummate' concept subject to Material Adverse Effect (MAE) carveouts?
Option A: No
Option B: Yes

Merger Agreement: ""Material Adverse Effect"" means any change, event, or circumstance that, individually or in aggregate, has had or would reasonably be expected to have a material adverse impact on a Party’s business, financial condition, or results of operations. In determining whether a Material Adverse Effect has occurred, the agreement expressly includes any event that materially delays or impairs a Party’s ability to consummate the transactions contemplated hereby. Notwithstanding any other provisions in this Agreement, for the specific purpose of evaluating consummation delays, no exemption or carveout shall apply, even if the event arises from general economic downturns, regulatory changes, market fluctuations, or force majeure events. All such effects, regardless of their source, are to be taken into account in the consummation assessment. (Refer to Sections 2.1(c) and 2.3(b) for additional context.)

(End of Agreement excerpt)
Choices: ","Fail","Answer the following multiple choice question. The last line of your response should be of the following format: 'ANSWER: $LETTER' (without quotes) where LETTER is one of {letters}. Think step by step before answering.

{question}

{choices}

Instruction: Read the segment of a merger agreement and answer the multiple-choice question by choosing the option that best characterizes the agreement.
Question: Is the “ability to consummate” provision subject to Material Adverse Effect carveouts?
Option A: No
Option B: Yes

Merger Agreement: “Company Material Adverse Effect” means any event, condition, change, or circumstance which, either individually or in aggregation with other such events occurring prior to the determination date, has or would reasonably be expected to have a material adverse effect on (a) the business, assets, liabilities, and operational results of the Company and its Subsidiaries, or (b) the Company’s ability to consummate the transactions contemplated hereby. Provided, however, that for purposes of clause (a), the following effects shall not be considered as constituting a Material Adverse Effect: (i) general economic downturns, shifts in credit or capital market conditions, revisions in applicable accounting standards including GAAP, currency exchange fluctuations, and declines solely in the trading volume or market price of the Company’s common stock; and further, that for the purposes of clause (b), no such carveout exceptions will apply. In addition, if any event imposes both a broad financial impact and a direct impediment to the consummation of the transaction, only the financial impact may be mitigated by the carveouts, whereas any impairment specifically affecting the ability to consummate shall be fully recognized as a Material Adverse Effect. (Pages 45-47)
Choices: "
"96","Answer the following multiple choice question. The last line of your response should be of the following format: 'ANSWER: $LETTER' (without quotes) where LETTER is one of {letters}. Think step by step before answering.

{question}

{choices}

Instruction: Read the segment of a merger agreement and answer the multiple-choice question by choosing the option that best characterizes the agreement.
Question: Is the “ability to consummate” concept subject to Material Adverse Effect (MAE) carveouts?
Option A: No
Option B: Yes

Merger Agreement: ""Company Material Adverse Effect"" shall mean any individual or aggregated event, change, or circumstance that, in a material way, adversely impacts the business, financial condition, or operations of the Company, or that would, by itself or in aggregate, prevent, materially delay, or impair the Company’s ability to consummate the transactions contemplated herein. Notwithstanding the foregoing, an event shall not be deemed a Material Adverse Effect solely due to (i) adverse impacts from global economic conditions, (ii) general industry-wide downturns, (iii) regulatory or statutory changes, or (iv) specific natural disasters, provided that such exceptions do not apply if the event in question affects the ability of the Company to consummate the transaction. In no event shall any carveout exception apply to matters that jeopardize the Company’s contractual obligation to consummate; any impairment in the ability to consummate is expressly excluded from the carveout exceptions provided herein. (See Sections 2.1, 2.2, and 3.4 for further details.)
Choices: ","Fail","Answer the following multiple choice question. The last line of your response should be of the following format: 'ANSWER: $LETTER' (without quotes) where LETTER is one of {letters}. Think step by step before answering.

{question}

{choices}

Instruction: Read the segment of a merger agreement and answer the multiple-choice question by choosing the option that best characterizes the agreement.
Question: Is the “ability to consummate” provision subject to Material Adverse Effect carveouts?
Option A: No
Option B: Yes

Merger Agreement: “Company Material Adverse Effect” means any event, condition, change, or circumstance which, either individually or in aggregation with other such events occurring prior to the determination date, has or would reasonably be expected to have a material adverse effect on (a) the business, assets, liabilities, and operational results of the Company and its Subsidiaries, or (b) the Company’s ability to consummate the transactions contemplated hereby. Provided, however, that for purposes of clause (a), the following effects shall not be considered as constituting a Material Adverse Effect: (i) general economic downturns, shifts in credit or capital market conditions, revisions in applicable accounting standards including GAAP, currency exchange fluctuations, and declines solely in the trading volume or market price of the Company’s common stock; and further, that for the purposes of clause (b), no such carveout exceptions will apply. In addition, if any event imposes both a broad financial impact and a direct impediment to the consummation of the transaction, only the financial impact may be mitigated by the carveouts, whereas any impairment specifically affecting the ability to consummate shall be fully recognized as a Material Adverse Effect. (Pages 45-47)
Choices: "
"97","Answer the following multiple choice question. The last line of your response should be of the following format: 'ANSWER: $LETTER' (without quotes) where LETTER is one of {letters}. Think step by step before answering.

{question}

{choices}

Instruction: Read the following segment of a merger agreement and answer the multiple-choice question by choosing the option that best characterizes the agreement.
Question: Is the ""ability to consummate"" concept subject to Material Adverse Effect (MAE) carveouts?
Option A: No
Option B: Yes

Merger Agreement: ""Material Adverse Effect"" means any event, change, or circumstance that, individually or in aggregate, materially adversely affects the business, assets, financial condition, or results of operations of the Company. Notwithstanding the foregoing, with regard to delays or impairments affecting the Company's ability to consummate the Merger, the following carveouts shall apply: (i) any delay or impairment arising solely from general economic downturns, broad industry performance shifts, or customary market volatilities; (ii) any impact attributable to natural disasters, force majeure events, or governmental directives including public health measures; and (iii) any temporary operational disruptions that do not cumulatively exceed a period of 30 days. However, any impairment in the ability to consummate that results from failure to secure key regulatory approvals, significant internal operational failures, or non-compliance issues shall not be subject to these carveouts and will be treated as a Material Adverse Effect. Thus, where delays are caused exclusively by the external factors listed, the ability to consummate benefits from these carveouts.

Choices: ","Fail","Answer the following multiple choice question. The last line of your response should be of the following format: 'ANSWER: $LETTER' (without quotes) where LETTER is one of {letters}. Think step by step before answering.

{question}

{choices}

Instruction: Read the segment of a merger agreement and answer the multiple-choice question by choosing the option that best characterizes the agreement.
Question: Is the “ability to consummate” provision subject to Material Adverse Effect carveouts?
Option A: No
Option B: Yes

Merger Agreement: “Company Material Adverse Effect” means any event, condition, change, or circumstance which, either individually or in aggregation with other such events occurring prior to the determination date, has or would reasonably be expected to have a material adverse effect on (a) the business, assets, liabilities, and operational results of the Company and its Subsidiaries, or (b) the Company’s ability to consummate the transactions contemplated hereby. Provided, however, that for purposes of clause (a), the following effects shall not be considered as constituting a Material Adverse Effect: (i) general economic downturns, shifts in credit or capital market conditions, revisions in applicable accounting standards including GAAP, currency exchange fluctuations, and declines solely in the trading volume or market price of the Company’s common stock; and further, that for the purposes of clause (b), no such carveout exceptions will apply. In addition, if any event imposes both a broad financial impact and a direct impediment to the consummation of the transaction, only the financial impact may be mitigated by the carveouts, whereas any impairment specifically affecting the ability to consummate shall be fully recognized as a Material Adverse Effect. (Pages 45-47)
Choices: "
"98","Answer the following multiple choice question. The last line of your response should be of the following format: 'ANSWER: $LETTER' (without quotes) where LETTER is one of {letters}. Think step by step before answering.

{question}

{choices}

Instruction: Read the following segment of a merger agreement and answer the multiple-choice question by choosing the option that best characterizes the agreement.
Question: Is the “ability to consummate” concept subject to Material Adverse Effect (MAE) carveouts?
Option A: No
Option B: Yes

Merger Agreement: ""Company Material Adverse Effect"" means any event, condition, or change that, individually or in aggregate, (i) results in a material adverse effect on the business, assets, or financial condition of the Company, or (ii) materially impairs the Company’s ability to consummate the transactions contemplated herein; provided that, with respect to (ii), no such event or change shall be deemed a Material Adverse Effect if it arises solely from: (a) general economic downturns; (b) market-wide fluctuations not unique to the Company; or (c) force majeure events—including natural disasters, pandemics, or adjustments in broadly applicable regulatory requirements—unless such events have a disproportionately adverse impact on the Company relative to its industry peers, and unless such events occur after the execution of this Agreement. Notwithstanding the foregoing, any impairment of the ability to consummate directly resulting from a breach of the covenants under Section 7.1 shall not be excluded.

Choices: ","Fail","Answer the following multiple choice question. The last line of your response should be of the following format: 'ANSWER: $LETTER' (without quotes) where LETTER is one of {letters}. Think step by step before answering.

{question}

{choices}

Instruction: Read the segment of a merger agreement and answer the multiple-choice question by choosing the option that best characterizes the agreement.
Question: Is the “ability to consummate” provision subject to Material Adverse Effect carveouts?
Option A: No
Option B: Yes

Merger Agreement: “Company Material Adverse Effect” means any event, condition, change, or circumstance which, either individually or in aggregation with other such events occurring prior to the determination date, has or would reasonably be expected to have a material adverse effect on (a) the business, assets, liabilities, and operational results of the Company and its Subsidiaries, or (b) the Company’s ability to consummate the transactions contemplated hereby. Provided, however, that for purposes of clause (a), the following effects shall not be considered as constituting a Material Adverse Effect: (i) general economic downturns, shifts in credit or capital market conditions, revisions in applicable accounting standards including GAAP, currency exchange fluctuations, and declines solely in the trading volume or market price of the Company’s common stock; and further, that for the purposes of clause (b), no such carveout exceptions will apply. In addition, if any event imposes both a broad financial impact and a direct impediment to the consummation of the transaction, only the financial impact may be mitigated by the carveouts, whereas any impairment specifically affecting the ability to consummate shall be fully recognized as a Material Adverse Effect. (Pages 45-47)
Choices: "
"99","Answer the following multiple choice question. The last line of your response should be of the following format: 'ANSWER: $LETTER' (without quotes) where LETTER is one of {letters}. Think step by step before answering.

{question}

{choices}

Instruction: Read the following segment of a merger agreement and answer the multiple-choice question by choosing the option that best characterizes the agreement.
Question: Is the “ability to consummate” concept subject to Material Adverse Effect (MAE) carveouts?
Option A: No
Option B: Yes

Merger Agreement: “Company Material Adverse Effect” means any event, change, or development that, either individually or in aggregate, would reasonably be expected to have a material adverse effect on the business, assets, liabilities, or results of operations of the Company and its Subsidiaries. However, notwithstanding the foregoing, this definition shall not include any effect arising solely from (i) general fluctuations in the economy, capital markets, or industry conditions; (ii) changes in accounting standards or legal interpretations that affect companies on a broad basis; or (iii) a reduction in the ability to consummate the transactions contemplated by this Agreement. Further, even where a particular effect would otherwise be considered adverse, if such effect is attributable exclusively to factors not unique to the Company – including a reduced ability to consummate the transaction due to standard market conditions – such effect shall be deemed outside the scope of a Company Material Adverse Effect. In instances where the impact is disproportionately severe relative to comparable industry participants, only the incremental portion of the effect may be considered, and even then, it shall not aggregate to include issues solely related to consummation ability.

Based on the agreement above, answer the question.
Choices: ","Fail","Answer the following multiple choice question. The last line of your response should be of the following format: 'ANSWER: $LETTER' (without quotes) where LETTER is one of {letters}. Think step by step before answering.

{question}

{choices}

Instruction: Read the segment of a merger agreement and answer the multiple-choice question by choosing the option that best characterizes the agreement.
Question: Is the “ability to consummate” provision subject to Material Adverse Effect carveouts?
Option A: No
Option B: Yes

Merger Agreement: “Company Material Adverse Effect” means any event, condition, change, or circumstance which, either individually or in aggregation with other such events occurring prior to the determination date, has or would reasonably be expected to have a material adverse effect on (a) the business, assets, liabilities, and operational results of the Company and its Subsidiaries, or (b) the Company’s ability to consummate the transactions contemplated hereby. Provided, however, that for purposes of clause (a), the following effects shall not be considered as constituting a Material Adverse Effect: (i) general economic downturns, shifts in credit or capital market conditions, revisions in applicable accounting standards including GAAP, currency exchange fluctuations, and declines solely in the trading volume or market price of the Company’s common stock; and further, that for the purposes of clause (b), no such carveout exceptions will apply. In addition, if any event imposes both a broad financial impact and a direct impediment to the consummation of the transaction, only the financial impact may be mitigated by the carveouts, whereas any impairment specifically affecting the ability to consummate shall be fully recognized as a Material Adverse Effect. (Pages 45-47)
Choices: "
"100","Answer the following multiple choice question. The last line of your response should be of the following format: 'ANSWER: $LETTER' (without quotes) where LETTER is one of {letters}. Think step by step before answering.

{question}

{choices}

Instruction: Read the following segment of a merger agreement and answer the multiple-choice question by choosing the option that best characterizes the agreement.
Question: Is the “ability to consummate” concept subject to Material Adverse Effect (MAE) carveouts?
Option A: No
Option B: Yes

Merger Agreement Excerpt: 
“Company Material Adverse Effect” means any event, change, or circumstance that, either individually or in the aggregate, has had or would reasonably be expected to have a material adverse effect on the business, financial condition, or results of operations of the Company. In particular, a delay or impediment in the ability of the Company to consummate the transactions contemplated by this Agreement shall be deemed a Material Adverse Effect. Notwithstanding the foregoing, if such delay or impediment is solely attributable to (i) a general deterioration in economic or market conditions, (ii) fluctuations in exchange or interest rates which affect all industry participants proportionately, or (iii) force majeure events as described in Section 5.2, then such delay shall not constitute a Material Adverse Effect. However, it is expressly provided that, in the context of the ability to consummate, any exception or carveout applicable to other adverse effects shall also extend to delays in consummation. Therefore, despite the general prohibition against considering delay in consummation as a MAE, the carveout exceptions herein (in clauses i, ii, and iii) are applicable to the ability to consummate the transaction, ensuring that certain adverse events do not trigger a Material Adverse Effect by impairing consummation.

Choices: ","Fail","Answer the following multiple choice question. The last line of your response should be of the following format: 'ANSWER: $LETTER' (without quotes) where LETTER is one of {letters}. Think step by step before answering.

{question}

{choices}

Instruction: Read the segment of a merger agreement and answer the multiple-choice question by choosing the option that best characterizes the agreement.
Question: Is the “ability to consummate” provision subject to Material Adverse Effect carveouts?
Option A: No
Option B: Yes

Merger Agreement: “Company Material Adverse Effect” means any event, condition, change, or circumstance which, either individually or in aggregation with other such events occurring prior to the determination date, has or would reasonably be expected to have a material adverse effect on (a) the business, assets, liabilities, and operational results of the Company and its Subsidiaries, or (b) the Company’s ability to consummate the transactions contemplated hereby. Provided, however, that for purposes of clause (a), the following effects shall not be considered as constituting a Material Adverse Effect: (i) general economic downturns, shifts in credit or capital market conditions, revisions in applicable accounting standards including GAAP, currency exchange fluctuations, and declines solely in the trading volume or market price of the Company’s common stock; and further, that for the purposes of clause (b), no such carveout exceptions will apply. In addition, if any event imposes both a broad financial impact and a direct impediment to the consummation of the transaction, only the financial impact may be mitigated by the carveouts, whereas any impairment specifically affecting the ability to consummate shall be fully recognized as a Material Adverse Effect. (Pages 45-47)
Choices: "
"101","Answer the following multiple choice question. The last line of your response should be of the following format: 'ANSWER: $LETTER' (without quotes) where LETTER is one of {letters}. Think step by step before answering.

{question}

{choices}

Instruction: Read the following segment of a merger agreement and answer the multiple-choice question by choosing the option that best characterizes the agreement.
Question: Is the 'ability to consummate' concept subject to Material Adverse Effect carveouts?
Option A: No
Option B: Yes

Merger Agreement Excerpt:
""For purposes of this Agreement, 'Material Adverse Effect' means any change, event, occurrence or condition that (a) has a significant adverse impact on the financial condition, operations, assets, or prospects of the Company, or (b) prevents, delays, or materially impairs the Company's ability to consummate the Transaction. Notwithstanding the foregoing, the parties agree that any change arising solely from general economic trends, fluctuations in market interest rates, or a temporary suspension of trading in the Company’s securities shall not be deemed a Material Adverse Effect. In connection with the ability to consummate the Transaction, if any delay or impairment is caused exclusively by such broad market conditions or generic regulatory adjustments that affect all market participants, then those effects shall be excluded pursuant to the carveouts. Conversely, any delay or impairment specifically resulting from operational failures, targeted regulatory rulings, or distinct litigation events shall not benefit from these carveouts. Thus, while the ability to consummate the Transaction is generally a core factor in determining a Material Adverse Effect, it is partially subject to carveouts insofar as delays attributable to general market forces and non-specific regulatory shifts are expressly excluded.""

Choices: ","Fail","Answer the following multiple choice question. The last line of your response should be of the following format: 'ANSWER: $LETTER' (without quotes) where LETTER is one of {letters}. Think step by step before answering.

{question}

{choices}

Instruction: Read the segment of a merger agreement and answer the multiple-choice question by choosing the option that best characterizes the agreement.
Question: Is the “ability to consummate” provision subject to Material Adverse Effect carveouts?
Option A: No
Option B: Yes

Merger Agreement: “Company Material Adverse Effect” means any event, condition, change, or circumstance which, either individually or in aggregation with other such events occurring prior to the determination date, has or would reasonably be expected to have a material adverse effect on (a) the business, assets, liabilities, and operational results of the Company and its Subsidiaries, or (b) the Company’s ability to consummate the transactions contemplated hereby. Provided, however, that for purposes of clause (a), the following effects shall not be considered as constituting a Material Adverse Effect: (i) general economic downturns, shifts in credit or capital market conditions, revisions in applicable accounting standards including GAAP, currency exchange fluctuations, and declines solely in the trading volume or market price of the Company’s common stock; and further, that for the purposes of clause (b), no such carveout exceptions will apply. In addition, if any event imposes both a broad financial impact and a direct impediment to the consummation of the transaction, only the financial impact may be mitigated by the carveouts, whereas any impairment specifically affecting the ability to consummate shall be fully recognized as a Material Adverse Effect. (Pages 45-47)
Choices: "
"102","Answer the following multiple choice question. The last line of your response should be of the following format: 'ANSWER: $LETTER' (without quotes) where LETTER is one of {letters}. Think step by step before answering.

{question}

{choices}

Instruction: Read the segment of a merger agreement and answer the multiple-choice question by choosing the option that best characterizes the agreement.
Question: Is the “ability to consummate” concept subject to Material Adverse Effect (MAE) carveouts?
Option A: No
Option B: Yes

Merger Agreement: “Company Material Adverse Effect” means any event, change, occurrence or development that either (A) has a material adverse effect on the business, financial condition, assets, or results of operations of the Company, or (B) materially delays or impairs the ability of the Company to consummate the Transaction. Notwithstanding the foregoing, for clause (A) none of the following shall be taken into account in determining a Material Adverse Effect: (i) general economic slowdowns or changes in global financial markets, (ii) fluctuations in domestic or international interest or exchange rates, (iii) changes in GAAP, accounting standards or regulatory conditions, and (iv) force majeure events such as hurricanes, earthquakes, and pandemics. However, with respect to clause (B) concerning the ability to consummate, the parties expressly agree that if a force majeure event or any similarly excluded circumstance materially delays consummation in a manner that is disproportionate compared to other industry participants, then such delay shall nonetheless qualify as a Material Adverse Effect. Furthermore, while the public announcement or pendency of this Agreement is omitted from MAE calculations in clause (A), any adverse effect on the ability to consummate arising therefrom is not granted a similar exemption. In essence, the carveouts provided by this Agreement do not shield the ability to consummate clause from triggering a MAE when the impact is disproportionate.
Choices: ","Fail","Answer the following multiple choice question. The last line of your response should be of the following format: 'ANSWER: $LETTER' (without quotes) where LETTER is one of {letters}. Think step by step before answering.

{question}

{choices}

Instruction: Read the segment of a merger agreement and answer the multiple-choice question by choosing the option that best characterizes the agreement.
Question: Is the “ability to consummate” provision subject to Material Adverse Effect carveouts?
Option A: No
Option B: Yes

Merger Agreement: “Company Material Adverse Effect” means any event, condition, change, or circumstance which, either individually or in aggregation with other such events occurring prior to the determination date, has or would reasonably be expected to have a material adverse effect on (a) the business, assets, liabilities, and operational results of the Company and its Subsidiaries, or (b) the Company’s ability to consummate the transactions contemplated hereby. Provided, however, that for purposes of clause (a), the following effects shall not be considered as constituting a Material Adverse Effect: (i) general economic downturns, shifts in credit or capital market conditions, revisions in applicable accounting standards including GAAP, currency exchange fluctuations, and declines solely in the trading volume or market price of the Company’s common stock; and further, that for the purposes of clause (b), no such carveout exceptions will apply. In addition, if any event imposes both a broad financial impact and a direct impediment to the consummation of the transaction, only the financial impact may be mitigated by the carveouts, whereas any impairment specifically affecting the ability to consummate shall be fully recognized as a Material Adverse Effect. (Pages 45-47)
Choices: "
"103","Answer the following multiple choice question. The last line of your response should be of the following format: 'ANSWER: $LETTER' (without quotes) where LETTER is one of {letters}. Think step by step before answering.

{question}

{choices}

Instruction: Read the following segment of a merger agreement and answer the multiple-choice question by choosing the option that best characterizes the agreement.
Question: Is the “ability to consummate” concept subject to Material Adverse Effect carveouts?
Option A: No
Option B: Yes

Merger Agreement: ""Acquisition Adverse Effect"" means any event, occurrence, condition, or development that, either individually or in the aggregate, (a) has had or would reasonably be expected to have a material adverse effect on the financial performance, operating results, or overall financial condition of the Company, or (b) would, either on its own or when combined with other events, reasonably prevent, delay, or impair the Company’s ability to consummate the transactions contemplated by this Agreement. Provided, however, that with respect to subclause (b), any delay or impairment in the ability to consummate shall not be considered an Acquisition Adverse Effect if such delay or impairment is solely attributable to: (i) changes in applicable foreign regulatory regimes; (ii) industry-wide macroeconomic shifts affecting all market participants; or (iii) effects arising from the public disclosure of this Agreement. Notwithstanding these carveouts, any delay in consummation not arising from the specified exceptions shall be deemed an Acquisition Adverse Effect.

Choices: ","Fail","Answer the following multiple choice question. The last line of your response should be of the following format: 'ANSWER: $LETTER' (without quotes) where LETTER is one of {letters}. Think step by step before answering.

{question}

{choices}

Instruction: Read the segment of a merger agreement and answer the multiple-choice question by choosing the option that best characterizes the agreement.
Question: Is the “ability to consummate” provision subject to Material Adverse Effect carveouts?
Option A: No
Option B: Yes

Merger Agreement: “Company Material Adverse Effect” means any event, condition, change, or circumstance which, either individually or in aggregation with other such events occurring prior to the determination date, has or would reasonably be expected to have a material adverse effect on (a) the business, assets, liabilities, and operational results of the Company and its Subsidiaries, or (b) the Company’s ability to consummate the transactions contemplated hereby. Provided, however, that for purposes of clause (a), the following effects shall not be considered as constituting a Material Adverse Effect: (i) general economic downturns, shifts in credit or capital market conditions, revisions in applicable accounting standards including GAAP, currency exchange fluctuations, and declines solely in the trading volume or market price of the Company’s common stock; and further, that for the purposes of clause (b), no such carveout exceptions will apply. In addition, if any event imposes both a broad financial impact and a direct impediment to the consummation of the transaction, only the financial impact may be mitigated by the carveouts, whereas any impairment specifically affecting the ability to consummate shall be fully recognized as a Material Adverse Effect. (Pages 45-47)
Choices: "
"104","Answer the following multiple choice question. The last line of your response should be of the following format: 'ANSWER: $LETTER' (without quotes) where LETTER is one of {letters}. Think step by step before answering.

{question}

{choices}

Instruction: Read the following segment of a merger agreement and answer the multiple-choice question by choosing the option that best characterizes the agreement.
Question: Is the “ability to consummate” concept subject to Material Adverse Effect (MAE) carveouts?
Option A: No
Option B: Yes

Merger Agreement Segment:
""Material Adverse Effect"" means any event, change, or occurrence that, individually or in aggregate, has had or would reasonably be expected to have a material adverse effect on the business, assets, liabilities, financial condition, or operations of the Company and its Subsidiaries. Notwithstanding the foregoing, for purposes of determining a Material Adverse Effect, the evaluation of any adverse impact on the Company’s ability to consummate the transactions contemplated hereby shall be subject to certain carveout exceptions. Specifically, any impairment in the ability to consummate arising solely from (i) general economic downturns or industry-wide slowdowns, (ii) fluctuations in credit, currency, or interest rate environments, (iii) regulatory or legislative changes affecting all market participants, or (iv) force majeure events expressly defined in this Agreement, shall be excluded from such determination. Thus, while the ability to consummate is a critical metric, it is evaluated only after expressly applying these carveout exceptions.

End of Segment.
Choices: ","Fail","Answer the following multiple choice question. The last line of your response should be of the following format: 'ANSWER: $LETTER' (without quotes) where LETTER is one of {letters}. Think step by step before answering.

{question}

{choices}

Instruction: Read the segment of a merger agreement and answer the multiple-choice question by choosing the option that best characterizes the agreement.
Question: Is the “ability to consummate” provision subject to Material Adverse Effect carveouts?
Option A: No
Option B: Yes

Merger Agreement: “Company Material Adverse Effect” means any event, condition, change, or circumstance which, either individually or in aggregation with other such events occurring prior to the determination date, has or would reasonably be expected to have a material adverse effect on (a) the business, assets, liabilities, and operational results of the Company and its Subsidiaries, or (b) the Company’s ability to consummate the transactions contemplated hereby. Provided, however, that for purposes of clause (a), the following effects shall not be considered as constituting a Material Adverse Effect: (i) general economic downturns, shifts in credit or capital market conditions, revisions in applicable accounting standards including GAAP, currency exchange fluctuations, and declines solely in the trading volume or market price of the Company’s common stock; and further, that for the purposes of clause (b), no such carveout exceptions will apply. In addition, if any event imposes both a broad financial impact and a direct impediment to the consummation of the transaction, only the financial impact may be mitigated by the carveouts, whereas any impairment specifically affecting the ability to consummate shall be fully recognized as a Material Adverse Effect. (Pages 45-47)
Choices: "
"105","Answer the following multiple choice question. The last line of your response should be of the following format: 'ANSWER: $LETTER' (without quotes) where LETTER is one of {letters}. Think step by step before answering.

{question}

{choices}

Instruction: Read the following segment of a merger agreement and answer the multiple-choice question by choosing the option that best characterizes the agreement.

Question: Is the 'ability to consummate' provision within this agreement subject to the defined Material Adverse Effect carveouts?
Option A: No
Option B: Yes

Merger Agreement: ""Material Adverse Effect"" shall mean any event, change, or condition which, whether considered individually or in the aggregate, materially adversely impacts either (a) the overall economic health, operating performance, and financial condition of the Company and its Subsidiaries, or (b) the ability of the Company to timely consummate the transactions contemplated hereby. Notwithstanding the foregoing, for purposes of clause (a) only, none of the following shall be deemed to constitute a Material Adverse Effect: (i) general market fluctuations such as adverse movements in interest rates, currency exchange rates, or credit conditions; (ii) broadly affecting economic or regulatory changes that impact all industry participants uniformly; and (iii) any impact arising solely from public announcements regarding this Agreement. In contrast, any negative impact affecting the Company's ability to consummate the transactions, as described in clause (b), shall be considered a Material Adverse Effect in its entirety, and the exclusions set forth in subclauses (i), (ii), and (iii) shall not apply unless specifically modified by a separate covenant explicitly addressing consummation risks. The parties agree that the 'ability to consummate' component is fundamental and remains unaltered by the carveouts applicable to general financial performance.

Choices: ","Fail","Answer the following multiple choice question. The last line of your response should be of the following format: 'ANSWER: $LETTER' (without quotes) where LETTER is one of {letters}. Think step by step before answering.

{question}

{choices}

Instruction: Read the segment of a merger agreement and answer the multiple-choice question by choosing the option that best characterizes the agreement.
Question: Is the “ability to consummate” provision subject to Material Adverse Effect carveouts?
Option A: No
Option B: Yes

Merger Agreement: “Company Material Adverse Effect” means any event, condition, change, or circumstance which, either individually or in aggregation with other such events occurring prior to the determination date, has or would reasonably be expected to have a material adverse effect on (a) the business, assets, liabilities, and operational results of the Company and its Subsidiaries, or (b) the Company’s ability to consummate the transactions contemplated hereby. Provided, however, that for purposes of clause (a), the following effects shall not be considered as constituting a Material Adverse Effect: (i) general economic downturns, shifts in credit or capital market conditions, revisions in applicable accounting standards including GAAP, currency exchange fluctuations, and declines solely in the trading volume or market price of the Company’s common stock; and further, that for the purposes of clause (b), no such carveout exceptions will apply. In addition, if any event imposes both a broad financial impact and a direct impediment to the consummation of the transaction, only the financial impact may be mitigated by the carveouts, whereas any impairment specifically affecting the ability to consummate shall be fully recognized as a Material Adverse Effect. (Pages 45-47)
Choices: "
"106","Answer the following multiple choice question. The last line of your response should be of the following format: 'ANSWER: $LETTER' (without quotes) where LETTER is one of {letters}. Think step by step before answering.

{question}

{choices}

Instruction: Read the segment of a merger agreement and answer the multiple-choice question by choosing the option that best characterizes the agreement.
Question: Is the “ability to consummate” concept subject to Material Adverse Effect (MAE) carveouts?
Option A: No
Option B: Yes

Merger Agreement: ""Material Adverse Effect"" means any change, event, or circumstance that, individually or in aggregate with non-excluded events, materially impairs the Company’s business, financial condition, or operational results. However, notwithstanding the foregoing, any change or event that arises solely from (i) general economic or industry-wide downturns affecting all market participants; (ii) standard fluctuations in currency exchange rates, interest rates, or inflation as published by recognized authorities; (iii) force majeure events such as natural disasters or pandemics provided that governmental public health measures are in effect; or (iv) the public announcement or pendency of this Agreement or the Merger, shall not be deemed a Material Adverse Effect, nor shall any resultant delay or impairment in the Company’s ability to consummate the transactions be treated as such.

Choices: ","Fail","Answer the following multiple choice question. The last line of your response should be of the following format: 'ANSWER: $LETTER' (without quotes) where LETTER is one of {letters}. Think step by step before answering.

{question}

{choices}

Instruction: Read the segment of a merger agreement and answer the multiple-choice question by choosing the option that best characterizes the agreement.
Question: Is the “ability to consummate” provision subject to Material Adverse Effect carveouts?
Option A: No
Option B: Yes

Merger Agreement: “Company Material Adverse Effect” means any event, condition, change, or circumstance which, either individually or in aggregation with other such events occurring prior to the determination date, has or would reasonably be expected to have a material adverse effect on (a) the business, assets, liabilities, and operational results of the Company and its Subsidiaries, or (b) the Company’s ability to consummate the transactions contemplated hereby. Provided, however, that for purposes of clause (a), the following effects shall not be considered as constituting a Material Adverse Effect: (i) general economic downturns, shifts in credit or capital market conditions, revisions in applicable accounting standards including GAAP, currency exchange fluctuations, and declines solely in the trading volume or market price of the Company’s common stock; and further, that for the purposes of clause (b), no such carveout exceptions will apply. In addition, if any event imposes both a broad financial impact and a direct impediment to the consummation of the transaction, only the financial impact may be mitigated by the carveouts, whereas any impairment specifically affecting the ability to consummate shall be fully recognized as a Material Adverse Effect. (Pages 45-47)
Choices: "
"107","Answer the following multiple choice question. The last line of your response should be of the following format: 'ANSWER: $LETTER' (without quotes) where LETTER is one of {letters}. Think step by step before answering.

{question}

{choices}

Instruction: Read the following excerpt from a transaction agreement and answer the multiple-choice question by choosing the option that best characterizes the agreement.

Question: Is the “ability to consummate” concept subject to the Material Adverse Effect carveouts as defined below?
Option A: No
Option B: Yes

Transaction Agreement Excerpt: 
“Adjusted Material Adverse Effect” means any event, condition, or change, whether occurring individually or cumulatively, that materially harms the business, assets, or future prospects of the Company, including any event that would reasonably be expected to impede, delay, or prevent the Company’s ability to consummate the Transactions. Notwithstanding the foregoing, the parties agree that certain adverse developments shall not be treated as an Adjusted Material Adverse Effect. In particular, the following shall be carved out: (i) changes solely attributable to general economic or market fluctuations; (ii) adverse regulatory developments that impact the industry uniformly; and (iii) temporary disruptions in customer relations that do not have a direct effect on the consummation process. However, it is expressly stipulated that any event which materially delays or prevents the consummation of the Transactions shall not benefit from these carveouts and shall be deemed an Adjusted Material Adverse Effect irrespective of the exceptions provided herein.

Answer:
Choices: ","Fail","Answer the following multiple choice question. The last line of your response should be of the following format: 'ANSWER: $LETTER' (without quotes) where LETTER is one of {letters}. Think step by step before answering.

{question}

{choices}

Instruction: Read the segment of a merger agreement and answer the multiple-choice question by choosing the option that best characterizes the agreement.
Question: Is the “ability to consummate” provision subject to Material Adverse Effect carveouts?
Option A: No
Option B: Yes

Merger Agreement: “Company Material Adverse Effect” means any event, condition, change, or circumstance which, either individually or in aggregation with other such events occurring prior to the determination date, has or would reasonably be expected to have a material adverse effect on (a) the business, assets, liabilities, and operational results of the Company and its Subsidiaries, or (b) the Company’s ability to consummate the transactions contemplated hereby. Provided, however, that for purposes of clause (a), the following effects shall not be considered as constituting a Material Adverse Effect: (i) general economic downturns, shifts in credit or capital market conditions, revisions in applicable accounting standards including GAAP, currency exchange fluctuations, and declines solely in the trading volume or market price of the Company’s common stock; and further, that for the purposes of clause (b), no such carveout exceptions will apply. In addition, if any event imposes both a broad financial impact and a direct impediment to the consummation of the transaction, only the financial impact may be mitigated by the carveouts, whereas any impairment specifically affecting the ability to consummate shall be fully recognized as a Material Adverse Effect. (Pages 45-47)
Choices: "
"108","Answer the following multiple choice question. The last line of your response should be of the following format: 'ANSWER: $LETTER' (without quotes) where LETTER is one of {letters}. Think step by step before answering.

{question}

{choices}

Instruction: Read the following segment of a merger agreement and answer the multiple-choice question by choosing the option that best characterizes the agreement.

Question: Is the “ability to consummate” concept subject to Material Adverse Effect (MAE) carveouts?
Option A: No
Option B: Yes

Merger Agreement Excerpt:
""For purposes of this Agreement, the term 'Material Adverse Effect' means any change, event, or circumstance that materially impairs the business, financial condition, or operational performance of the Company, including its ability to consummate the transactions contemplated herein. Notwithstanding the foregoing, effects arising solely from (i) general economic downturns, (ii) fluctuations in financial or credit markets, and (iii) force majeure events such as natural disasters or changes in general regulatory or legislative conditions shall not, by themselves, constitute a Material Adverse Effect. However, if such effects result in a disproportionate adverse impact on the Company relative to other industry participants—especially if they directly delay or impair the consummation of the transactions—they shall not be excluded under the carveouts and will be deemed to affect the Company’s ability to consummate. Moreover, any failure in operational execution that indirectly contributes to a delay in consummation shall also be taken into account under this definition.""

Choices: ","Fail","Answer the following multiple choice question. The last line of your response should be of the following format: 'ANSWER: $LETTER' (without quotes) where LETTER is one of {letters}. Think step by step before answering.

{question}

{choices}

Instruction: Read the segment of a merger agreement and answer the multiple-choice question by choosing the option that best characterizes the agreement.
Question: Is the “ability to consummate” provision subject to Material Adverse Effect carveouts?
Option A: No
Option B: Yes

Merger Agreement: “Company Material Adverse Effect” means any event, condition, change, or circumstance which, either individually or in aggregation with other such events occurring prior to the determination date, has or would reasonably be expected to have a material adverse effect on (a) the business, assets, liabilities, and operational results of the Company and its Subsidiaries, or (b) the Company’s ability to consummate the transactions contemplated hereby. Provided, however, that for purposes of clause (a), the following effects shall not be considered as constituting a Material Adverse Effect: (i) general economic downturns, shifts in credit or capital market conditions, revisions in applicable accounting standards including GAAP, currency exchange fluctuations, and declines solely in the trading volume or market price of the Company’s common stock; and further, that for the purposes of clause (b), no such carveout exceptions will apply. In addition, if any event imposes both a broad financial impact and a direct impediment to the consummation of the transaction, only the financial impact may be mitigated by the carveouts, whereas any impairment specifically affecting the ability to consummate shall be fully recognized as a Material Adverse Effect. (Pages 45-47)
Choices: "
"109","Answer the following multiple choice question. The last line of your response should be of the following format: 'ANSWER: $LETTER' (without quotes) where LETTER is one of {letters}. Think step by step before answering.

{question}

{choices}

Instruction: Read the following segment of a merger agreement and choose the option that best characterizes whether the 'ability to consummate' concept is subject to Material Adverse Effect (MAE) carveouts.

Question: Is the 'ability to consummate' concept subject to MAE carveouts?
Option A: No
Option B: Yes

Merger Agreement: ""Entity MAE"" means any event, change, or circumstance that either (a) materially impairs the operational, financial, or strategic conditions of the Company and its Subsidiaries, or (b) would, either individually or in aggregate with other events, prevent, delay, or materially impair the Company's ability to consummate the Transaction. Notwithstanding the foregoing, for purposes of clause (b), none of the following shall be taken into account as contributing to an Entity MAE: (i) market fluctuations, including variations in the trading price of the Company’s common stock or shifts in credit ratings; (ii) general economic downturns, industry-wide slowdowns, or regulatory changes that affect the sector broadly without specifically targeting the Company; (iii) impacts arising solely from the public disclosure or announcement of this Agreement; and (iv) force majeure events as defined in Paragraph 8(c) of this Agreement. Moreover, it is expressly provided that the ability to consummate the Transaction, as described in clause (b), is not subject to any MAE carveouts set forth herein. (Page 32)
Choices: ","Fail","Answer the following multiple choice question. The last line of your response should be of the following format: 'ANSWER: $LETTER' (without quotes) where LETTER is one of {letters}. Think step by step before answering.

{question}

{choices}

Instruction: Read the segment of a merger agreement and answer the multiple-choice question by choosing the option that best characterizes the agreement.
Question: Is the “ability to consummate” provision subject to Material Adverse Effect carveouts?
Option A: No
Option B: Yes

Merger Agreement: “Company Material Adverse Effect” means any event, condition, change, or circumstance which, either individually or in aggregation with other such events occurring prior to the determination date, has or would reasonably be expected to have a material adverse effect on (a) the business, assets, liabilities, and operational results of the Company and its Subsidiaries, or (b) the Company’s ability to consummate the transactions contemplated hereby. Provided, however, that for purposes of clause (a), the following effects shall not be considered as constituting a Material Adverse Effect: (i) general economic downturns, shifts in credit or capital market conditions, revisions in applicable accounting standards including GAAP, currency exchange fluctuations, and declines solely in the trading volume or market price of the Company’s common stock; and further, that for the purposes of clause (b), no such carveout exceptions will apply. In addition, if any event imposes both a broad financial impact and a direct impediment to the consummation of the transaction, only the financial impact may be mitigated by the carveouts, whereas any impairment specifically affecting the ability to consummate shall be fully recognized as a Material Adverse Effect. (Pages 45-47)
Choices: "
"110","Answer the following multiple choice question. The last line of your response should be of the following format: 'ANSWER: $LETTER' (without quotes) where LETTER is one of {letters}. Think step by step before answering.

{question}

{choices}

Instruction: Read the segment of a merger agreement and answer the multiple-choice question by choosing the option that best characterizes the agreement.
Question: Is the “ability to consummate” concept subject to Material Adverse Effect (MAE) carveouts?
Option A: No
Option B: Yes

Merger Agreement: ""Material Adverse Effect"" means any event, change, condition, or development that, whether occurring individually or in aggregate, has a material adverse effect on (i) the business, financial condition, or asset portfolio of the Company and its Subsidiaries, or (ii) the ability of the Company to consummate the transactions contemplated by this Agreement. Notwithstanding the general exclusions applicable to operational and financial effects—such as fluctuations in general market trends, credit or capital market conditions, changes in GAAP, or impacts arising from the public disclosure, negotiation, execution, or pendency of this Agreement—the Agreement expressly provides that any impact on the Company's ability to consummate the transactions is not subject to such carveouts. (Refer to paragraphs 3 and 4 for the specific language.)
Choices: ","Fail","Answer the following multiple choice question. The last line of your response should be of the following format: 'ANSWER: $LETTER' (without quotes) where LETTER is one of {letters}. Think step by step before answering.

{question}

{choices}

Instruction: Read the segment of a merger agreement and answer the multiple-choice question by choosing the option that best characterizes the agreement.
Question: Is the “ability to consummate” provision subject to Material Adverse Effect carveouts?
Option A: No
Option B: Yes

Merger Agreement: “Company Material Adverse Effect” means any event, condition, change, or circumstance which, either individually or in aggregation with other such events occurring prior to the determination date, has or would reasonably be expected to have a material adverse effect on (a) the business, assets, liabilities, and operational results of the Company and its Subsidiaries, or (b) the Company’s ability to consummate the transactions contemplated hereby. Provided, however, that for purposes of clause (a), the following effects shall not be considered as constituting a Material Adverse Effect: (i) general economic downturns, shifts in credit or capital market conditions, revisions in applicable accounting standards including GAAP, currency exchange fluctuations, and declines solely in the trading volume or market price of the Company’s common stock; and further, that for the purposes of clause (b), no such carveout exceptions will apply. In addition, if any event imposes both a broad financial impact and a direct impediment to the consummation of the transaction, only the financial impact may be mitigated by the carveouts, whereas any impairment specifically affecting the ability to consummate shall be fully recognized as a Material Adverse Effect. (Pages 45-47)
Choices: "
"111","Answer the following multiple choice question. The last line of your response should be of the following format: 'ANSWER: $LETTER' (without quotes) where LETTER is one of {letters}. Think step by step before answering.

{question}

{choices}

Instruction: Read the segment of a merger agreement and answer the multiple-choice question by choosing the option that best characterizes the agreement.
Question: Is the “ability to consummate” concept subject to Material Adverse Effect (MAE) carveouts?
Option A: No
Option B: Yes

Merger Agreement: ""Material Adverse Effect"" means any event, change, occurrence, or circumstance that, whether considered singly or in the aggregate, has had or would reasonably be expected to have a material adverse impact on the overall business, financial condition, or operations of the Company and its Affiliates; provided, however, that (i) effects arising from general macroeconomic conditions, industry-wide regulatory reforms, fluctuations in capital market conditions, and routine operational variances shall not qualify as a Material Adverse Effect; (ii) no effect whatsoever that impairs or delays the ability of the Company to consummate the transactions contemplated hereby shall be regarded as a Material Adverse Effect, irrespective of other negative impacts, unless such impairment is exclusively attributable to an isolated, entity-specific event that is disproportionate relative to its peers; (iii) further, any adverse effect solely resulting from the public announcement of this Agreement or subsequent market volatility, including fluctuations in stock price or trading volume, is expressly excluded from the definition of a Material Adverse Effect. (Pages 12-14)
Choices: ","Fail","Answer the following multiple choice question. The last line of your response should be of the following format: 'ANSWER: $LETTER' (without quotes) where LETTER is one of {letters}. Think step by step before answering.

{question}

{choices}

Instruction: Read the segment of a merger agreement and answer the multiple-choice question by choosing the option that best characterizes the agreement.
Question: Is the “ability to consummate” provision subject to Material Adverse Effect carveouts?
Option A: No
Option B: Yes

Merger Agreement: “Company Material Adverse Effect” means any event, condition, change, or circumstance which, either individually or in aggregation with other such events occurring prior to the determination date, has or would reasonably be expected to have a material adverse effect on (a) the business, assets, liabilities, and operational results of the Company and its Subsidiaries, or (b) the Company’s ability to consummate the transactions contemplated hereby. Provided, however, that for purposes of clause (a), the following effects shall not be considered as constituting a Material Adverse Effect: (i) general economic downturns, shifts in credit or capital market conditions, revisions in applicable accounting standards including GAAP, currency exchange fluctuations, and declines solely in the trading volume or market price of the Company’s common stock; and further, that for the purposes of clause (b), no such carveout exceptions will apply. In addition, if any event imposes both a broad financial impact and a direct impediment to the consummation of the transaction, only the financial impact may be mitigated by the carveouts, whereas any impairment specifically affecting the ability to consummate shall be fully recognized as a Material Adverse Effect. (Pages 45-47)
Choices: "
"112","Answer the following multiple choice question. The last line of your response should be of the following format: 'ANSWER: $LETTER' (without quotes) where LETTER is one of {letters}. Think step by step before answering.

{question}

{choices}

Instruction: Read the following segment of a merger agreement and answer the multiple-choice question by choosing the option that best characterizes the agreement.
Question: In this agreement, is the 'ability to consummate' concept subject to Material Adverse Effect carveouts?
Option A: No
Option B: Yes

Merger Agreement Segment:
“Mega Material Adverse Effect” (MMAE) shall mean any event, change, occurrence, or development that, individually or in the aggregate, either (a) has had or would reasonably be expected to have a material adverse effect on the operational effectiveness, business, or financial condition of MegaCorp and its Subsidiaries, or (b) would, or would reasonably be expected to, prevent, materially delay, or materially impair MegaCorp’s ability to consummate the transactions contemplated hereby. Notwithstanding the foregoing, for purposes of determining whether an event constitutes a MMAE, no effect shall be deemed adverse if it results solely from: (i) fluctuations in foreign exchange rates or transient changes in stock trading volumes; (ii) general economic downturns or shifts in the overall industry trends affecting all market participants; or (iii) adjustments imposed by changes in broadly applicable governmental regulations or interpretations thereof. Accordingly, even delays or impairments in the ability to consummate the transactions that might otherwise have been attributable to an adverse event shall be excluded if such effects arise exclusively from the carveout conditions described in clauses (i) through (iii) above.

MegaCorp and its Subsidiaries acknowledge that all factors related to the consummation of the transactions are subject to these carveout provisions, meaning that only those factors not excluded by the above definitions would be treated as constituting an MMAE.
Choices: ","Fail","Answer the following multiple choice question. The last line of your response should be of the following format: 'ANSWER: $LETTER' (without quotes) where LETTER is one of {letters}. Think step by step before answering.

{question}

{choices}

Instruction: Read the segment of a merger agreement and answer the multiple-choice question by choosing the option that best characterizes the agreement.
Question: Is the “ability to consummate” provision subject to Material Adverse Effect carveouts?
Option A: No
Option B: Yes

Merger Agreement: “Company Material Adverse Effect” means any event, condition, change, or circumstance which, either individually or in aggregation with other such events occurring prior to the determination date, has or would reasonably be expected to have a material adverse effect on (a) the business, assets, liabilities, and operational results of the Company and its Subsidiaries, or (b) the Company’s ability to consummate the transactions contemplated hereby. Provided, however, that for purposes of clause (a), the following effects shall not be considered as constituting a Material Adverse Effect: (i) general economic downturns, shifts in credit or capital market conditions, revisions in applicable accounting standards including GAAP, currency exchange fluctuations, and declines solely in the trading volume or market price of the Company’s common stock; and further, that for the purposes of clause (b), no such carveout exceptions will apply. In addition, if any event imposes both a broad financial impact and a direct impediment to the consummation of the transaction, only the financial impact may be mitigated by the carveouts, whereas any impairment specifically affecting the ability to consummate shall be fully recognized as a Material Adverse Effect. (Pages 45-47)
Choices: "
"113","Answer the following multiple choice question. The last line of your response should be of the following format: 'ANSWER: $LETTER' (without quotes) where LETTER is one of {letters}. Think step by step before answering.

{question}

{choices}

Instruction: Read the segment of a merger agreement and answer the multiple-choice question by choosing the option that best characterizes the agreement.
Question: Is the “ability to consummate” concept subject to Material Adverse Effect (MAE) carveouts?
Option A: No
Option B: Yes

Merger Agreement: ""Adverse Effect"" means any event, change, or condition that, either singly or in the aggregate, materially impairs (i) the financial condition, operations, or business prospects of the Company and its subsidiaries, or (ii) materially delays or impedes the Company’s ability to consummate the transactions contemplated by this Agreement. Notwithstanding the foregoing, no event or change shall be deemed to constitute an Adverse Effect if it arises from: (a) normal fluctuations in market conditions; (b) changes in generally accepted accounting principles or applicable statutory guidelines; (c) any delay in the consummation of the transactions that does not exceed forty-five (45) days beyond the originally projected Closing Date; or (d) macroeconomic downturns affecting the industry uniformly. In particular, clause (c) expressly carves out minor delays in consummating the merger from triggering an Adverse Effect.
Choices: ","Fail","Answer the following multiple choice question. The last line of your response should be of the following format: 'ANSWER: $LETTER' (without quotes) where LETTER is one of {letters}. Think step by step before answering.

{question}

{choices}

Instruction: Read the segment of a merger agreement and answer the multiple-choice question by choosing the option that best characterizes the agreement.
Question: Is the “ability to consummate” provision subject to Material Adverse Effect carveouts?
Option A: No
Option B: Yes

Merger Agreement: “Company Material Adverse Effect” means any event, condition, change, or circumstance which, either individually or in aggregation with other such events occurring prior to the determination date, has or would reasonably be expected to have a material adverse effect on (a) the business, assets, liabilities, and operational results of the Company and its Subsidiaries, or (b) the Company’s ability to consummate the transactions contemplated hereby. Provided, however, that for purposes of clause (a), the following effects shall not be considered as constituting a Material Adverse Effect: (i) general economic downturns, shifts in credit or capital market conditions, revisions in applicable accounting standards including GAAP, currency exchange fluctuations, and declines solely in the trading volume or market price of the Company’s common stock; and further, that for the purposes of clause (b), no such carveout exceptions will apply. In addition, if any event imposes both a broad financial impact and a direct impediment to the consummation of the transaction, only the financial impact may be mitigated by the carveouts, whereas any impairment specifically affecting the ability to consummate shall be fully recognized as a Material Adverse Effect. (Pages 45-47)
Choices: "
"114","Answer the following multiple choice question. The last line of your response should be of the following format: 'ANSWER: $LETTER' (without quotes) where LETTER is one of {letters}. Think step by step before answering.

{question}

{choices}

Instruction: Read the following segment of a merger agreement and answer the multiple-choice question by choosing the option that best characterizes the agreement.
Question: Is the ‘ability to consummate’ provision subject to Material Adverse Effect carveouts?
Option A: No
Option B: Yes

Merger Agreement: ""Party Material Adverse Effect"" means any change, event, circumstance, or series of occurrences that, either individually or in combination, has had or would reasonably be expected to have a material adverse effect on the business, assets, financial condition, or results of operations of the Party and its Affiliates. This definition includes any occurrence that would, or would reasonably be expected to, prevent or materially delay the consummation of the transactions contemplated by this Agreement. Notwithstanding the foregoing, the Agreement expressly provides that any event solely affecting the ability to consummate, and not producing an adverse impact on operating performance or financial condition, shall not be deemed a Material Adverse Effect. Furthermore, while general economic downturns, regulatory changes, and market fluctuations may be excluded under certain carveouts, nothing in such carveouts alters the evaluation of the Party’s ability to consummate the transactions. For clarification, uncertainty regarding consummation is to be analyzed independently of the other operational or financial metrics as set forth in Sections 4.2 and 7.1 of this Agreement.
Choices: ","Fail","Answer the following multiple choice question. The last line of your response should be of the following format: 'ANSWER: $LETTER' (without quotes) where LETTER is one of {letters}. Think step by step before answering.

{question}

{choices}

Instruction: Read the segment of a merger agreement and answer the multiple-choice question by choosing the option that best characterizes the agreement.
Question: Is the “ability to consummate” provision subject to Material Adverse Effect carveouts?
Option A: No
Option B: Yes

Merger Agreement: “Company Material Adverse Effect” means any event, condition, change, or circumstance which, either individually or in aggregation with other such events occurring prior to the determination date, has or would reasonably be expected to have a material adverse effect on (a) the business, assets, liabilities, and operational results of the Company and its Subsidiaries, or (b) the Company’s ability to consummate the transactions contemplated hereby. Provided, however, that for purposes of clause (a), the following effects shall not be considered as constituting a Material Adverse Effect: (i) general economic downturns, shifts in credit or capital market conditions, revisions in applicable accounting standards including GAAP, currency exchange fluctuations, and declines solely in the trading volume or market price of the Company’s common stock; and further, that for the purposes of clause (b), no such carveout exceptions will apply. In addition, if any event imposes both a broad financial impact and a direct impediment to the consummation of the transaction, only the financial impact may be mitigated by the carveouts, whereas any impairment specifically affecting the ability to consummate shall be fully recognized as a Material Adverse Effect. (Pages 45-47)
Choices: "
"115","Answer the following multiple choice question. The last line of your response should be of the following format: 'ANSWER: $LETTER' (without quotes) where LETTER is one of {letters}. Think step by step before answering.

{question}

{choices}

Instruction: Read the segment of a merger agreement and answer the multiple-choice question by choosing the option that best characterizes the agreement.
Question: Is the “ability to consummate” concept subject to Material Adverse Effect carveouts?
Option A: No
Option B: Yes

Merger Agreement: ""Material Adverse Effect"" means any event, change, or circumstance that, individually or in the aggregate, either (a) has a material adverse impact on the operating results, financial condition, or overall business of the Company and its Subsidiaries, or (b) directly impairs, prevents, or delays the Company’s ability to consummate the transactions contemplated herein. Notwithstanding the foregoing, the Agreement will not treat as a Material Adverse Effect any impact arising solely from (i) general economic downturns, fluctuations in interest or exchange rates, or industry-wide setbacks; (ii) regulatory or legislative changes broadly affecting the market; or (iii) temporary operational delays resolved within 30 days. However, if an event specifically targets or impairs the consummation process—by affecting closing mechanics or essential transaction capabilities—no carveout will apply to such an event.
Choices: ","Fail","Answer the following multiple choice question. The last line of your response should be of the following format: 'ANSWER: $LETTER' (without quotes) where LETTER is one of {letters}. Think step by step before answering.

{question}

{choices}

Instruction: Read the segment of a merger agreement and answer the multiple-choice question by choosing the option that best characterizes the agreement.
Question: Is the “ability to consummate” provision subject to Material Adverse Effect carveouts?
Option A: No
Option B: Yes

Merger Agreement: “Company Material Adverse Effect” means any event, condition, change, or circumstance which, either individually or in aggregation with other such events occurring prior to the determination date, has or would reasonably be expected to have a material adverse effect on (a) the business, assets, liabilities, and operational results of the Company and its Subsidiaries, or (b) the Company’s ability to consummate the transactions contemplated hereby. Provided, however, that for purposes of clause (a), the following effects shall not be considered as constituting a Material Adverse Effect: (i) general economic downturns, shifts in credit or capital market conditions, revisions in applicable accounting standards including GAAP, currency exchange fluctuations, and declines solely in the trading volume or market price of the Company’s common stock; and further, that for the purposes of clause (b), no such carveout exceptions will apply. In addition, if any event imposes both a broad financial impact and a direct impediment to the consummation of the transaction, only the financial impact may be mitigated by the carveouts, whereas any impairment specifically affecting the ability to consummate shall be fully recognized as a Material Adverse Effect. (Pages 45-47)
Choices: "
"116","Answer the following multiple choice question. The last line of your response should be of the following format: 'ANSWER: $LETTER' (without quotes) where LETTER is one of {letters}. Think step by step before answering.

{question}

{choices}

Instruction: Read the following segment of a merger agreement and answer the multiple-choice question by choosing the option that best characterizes the agreement.
Question: Is the “ability to consummate” concept subject to Material Adverse Effect (MAE) carveouts?
Option A: No
Option B: Yes

Merger Agreement Excerpt:
“Material Adverse Effect” means any change, event or circumstance that, either individually or when aggregated with other Effects, (a) materially impairs the business, operational capabilities, financial condition or results of operations of the Company, and (b) would, or would reasonably be expected to, prevent, materially delay or materially impair the Company’s ability to consummate the transactions contemplated hereby; provided, however, that for the purposes of clause (b), any inability to consummate arising solely from: (i) general economic downturns, (ii) fluctuations in capital market conditions, (iii) modifications in generally accepted accounting principles (GAAP), or (iv) the mere public announcement of this Agreement, shall not be deemed to constitute a Material Adverse Effect.

Additionally, the term “Consummation Effect” is defined as the Company’s ability to finalize and complete the transactions contemplated under this Agreement, which may be impacted by the exclusions set forth above.

Choices: ","Fail","Answer the following multiple choice question. The last line of your response should be of the following format: 'ANSWER: $LETTER' (without quotes) where LETTER is one of {letters}. Think step by step before answering.

{question}

{choices}

Instruction: Read the segment of a merger agreement and answer the multiple-choice question by choosing the option that best characterizes the agreement.
Question: Is the “ability to consummate” provision subject to Material Adverse Effect carveouts?
Option A: No
Option B: Yes

Merger Agreement: “Company Material Adverse Effect” means any event, condition, change, or circumstance which, either individually or in aggregation with other such events occurring prior to the determination date, has or would reasonably be expected to have a material adverse effect on (a) the business, assets, liabilities, and operational results of the Company and its Subsidiaries, or (b) the Company’s ability to consummate the transactions contemplated hereby. Provided, however, that for purposes of clause (a), the following effects shall not be considered as constituting a Material Adverse Effect: (i) general economic downturns, shifts in credit or capital market conditions, revisions in applicable accounting standards including GAAP, currency exchange fluctuations, and declines solely in the trading volume or market price of the Company’s common stock; and further, that for the purposes of clause (b), no such carveout exceptions will apply. In addition, if any event imposes both a broad financial impact and a direct impediment to the consummation of the transaction, only the financial impact may be mitigated by the carveouts, whereas any impairment specifically affecting the ability to consummate shall be fully recognized as a Material Adverse Effect. (Pages 45-47)
Choices: "
"117","Answer the following multiple choice question. The last line of your response should be of the following format: 'ANSWER: $LETTER' (without quotes) where LETTER is one of {letters}. Think step by step before answering.

{question}

{choices}

Instruction: Read the following segment of an acquisition agreement and answer the multiple-choice question by choosing the option that best characterizes the agreement.

Question: Is the ""ability to consummate"" concept subject to Material Adverse Effect (MAE) carveouts?
Option A: No
Option B: Yes

Acquisition Agreement:
""Material Adverse Event"" means any fact, occurrence, condition or state of affairs that, individually or in aggregate with all prior effects, would reasonably be expected to have a material adverse impact on the financial condition, operations, assets or liabilities of the Company and its Subsidiaries, or that would prevent, materially impair or unduly delay the ability to consummate the transactions contemplated herein. Notwithstanding the foregoing, no Material Adverse Event shall be deemed to have occurred if the impact arises solely from: (i) general economic or market-wide fluctuations, (ii) changes in interest rates, exchange rates, or political conditions that affect the industry broadly, or (iii) any action or inaction expressly approved by the Acquirer’s Board, except that such approvals do not extend to any event that has a direct, disproportionate effect on the Company’s ability to consummate the transaction. In particular, while various financial metrics may benefit from the exclusions provided in clauses (i) and (ii), any adverse condition that directly impairs the ""ability to consummate"" this agreement shall be fully considered and is not subject to such carveouts.

Choices: ","Fail","Answer the following multiple choice question. The last line of your response should be of the following format: 'ANSWER: $LETTER' (without quotes) where LETTER is one of {letters}. Think step by step before answering.

{question}

{choices}

Instruction: Read the segment of a merger agreement and answer the multiple-choice question by choosing the option that best characterizes the agreement.
Question: Is the “ability to consummate” provision subject to Material Adverse Effect carveouts?
Option A: No
Option B: Yes

Merger Agreement: “Company Material Adverse Effect” means any event, condition, change, or circumstance which, either individually or in aggregation with other such events occurring prior to the determination date, has or would reasonably be expected to have a material adverse effect on (a) the business, assets, liabilities, and operational results of the Company and its Subsidiaries, or (b) the Company’s ability to consummate the transactions contemplated hereby. Provided, however, that for purposes of clause (a), the following effects shall not be considered as constituting a Material Adverse Effect: (i) general economic downturns, shifts in credit or capital market conditions, revisions in applicable accounting standards including GAAP, currency exchange fluctuations, and declines solely in the trading volume or market price of the Company’s common stock; and further, that for the purposes of clause (b), no such carveout exceptions will apply. In addition, if any event imposes both a broad financial impact and a direct impediment to the consummation of the transaction, only the financial impact may be mitigated by the carveouts, whereas any impairment specifically affecting the ability to consummate shall be fully recognized as a Material Adverse Effect. (Pages 45-47)
Choices: "
"118","Answer the following multiple choice question. The last line of your response should be of the following format: 'ANSWER: $LETTER' (without quotes) where LETTER is one of {letters}. Think step by step before answering.

{question}

{choices}

Instruction: Read the segment of a merger agreement and answer the multiple-choice question by choosing the option that best characterizes the agreement.
Question: Is the “ability to consummate” concept subject to Material Adverse Effect (MAE) carveouts?
Option A: No
Option B: Yes

Merger Agreement: “Company Material Adverse Impact” means any change, event, occurrence, development or effect that either (i) materially affects the Company’s financial condition, operating results, or creditworthiness, or (ii) would, either individually or in combination, significantly delay or prevent the Company from consummating the transactions contemplated herein. For purposes of (i) only, effects arising from: (a) a general economic downturn or adverse global financial market trends; (b) routine fluctuations in interest or exchange rates; (c) modifications in tax laws or adjustments in generally accepted accounting principles applicable industry-wide; and (d) force majeure events including natural disasters are expressly excluded from constituting a Material Adverse Impact. Notwithstanding the exclusions for (i), with regard to (ii) – the effect on the Company’s ability to consummate the transaction – no carveout applies, meaning that any adverse condition or delay directly affecting consummation is fully considered under the definition. (Page 23)
Choices: ","Fail","Answer the following multiple choice question. The last line of your response should be of the following format: 'ANSWER: $LETTER' (without quotes) where LETTER is one of {letters}. Think step by step before answering.

{question}

{choices}

Instruction: Read the segment of a merger agreement and answer the multiple-choice question by choosing the option that best characterizes the agreement.
Question: Is the “ability to consummate” provision subject to Material Adverse Effect carveouts?
Option A: No
Option B: Yes

Merger Agreement: “Company Material Adverse Effect” means any event, condition, change, or circumstance which, either individually or in aggregation with other such events occurring prior to the determination date, has or would reasonably be expected to have a material adverse effect on (a) the business, assets, liabilities, and operational results of the Company and its Subsidiaries, or (b) the Company’s ability to consummate the transactions contemplated hereby. Provided, however, that for purposes of clause (a), the following effects shall not be considered as constituting a Material Adverse Effect: (i) general economic downturns, shifts in credit or capital market conditions, revisions in applicable accounting standards including GAAP, currency exchange fluctuations, and declines solely in the trading volume or market price of the Company’s common stock; and further, that for the purposes of clause (b), no such carveout exceptions will apply. In addition, if any event imposes both a broad financial impact and a direct impediment to the consummation of the transaction, only the financial impact may be mitigated by the carveouts, whereas any impairment specifically affecting the ability to consummate shall be fully recognized as a Material Adverse Effect. (Pages 45-47)
Choices: "
"119","Answer the following multiple choice question. The last line of your response should be of the following format: 'ANSWER: $LETTER' (without quotes) where LETTER is one of {letters}. Think step by step before answering.

{question}

{choices}

Instruction: Read the segment of a merger agreement and answer the multiple-choice question by choosing the option that best characterizes the agreement.
Question: Is the “ability to consummate” concept subject to Material Adverse Effect (MAE) carveouts?
Option A: No
Option B: Yes

Merger Agreement: ""Material Adverse Effect"" means any event, change, or circumstance that, either individually or in the aggregate, (i) materially impairs, delays, or otherwise hinders the Company’s ability to consummate the transactions contemplated herein, or (ii) causes a significant deterioration in the financial condition or operational effectiveness of the Company. Notwithstanding the foregoing, the following shall not be considered to constitute a Material Adverse Effect: (a) general economic downturns or cyclical fluctuations affecting the industry at large; (b) alterations in global or regional regulatory or legal frameworks, including modifications in GAAP or analogous accounting principles; (c) changes in market conditions such as interest rate movements, exchange rate volatility, or typical stock trading fluctuations; and (d) force majeure events that do not directly interfere with the operational or consummation processes of the Company. However, it is expressly provided that any event which directly obstructs or delays the necessary practical steps for consummating the merger – such as failures to obtain critical regulatory approvals or material breaches in performance obligations essential to consummation – shall not be excluded by the exceptions set forth in clauses (a) through (d) above and will be fully treated as a Material Adverse Effect. (Pages 10-12)
Choices: ","Fail","Answer the following multiple choice question. The last line of your response should be of the following format: 'ANSWER: $LETTER' (without quotes) where LETTER is one of {letters}. Think step by step before answering.

{question}

{choices}

Instruction: Read the segment of a merger agreement and answer the multiple-choice question by choosing the option that best characterizes the agreement.
Question: Is the “ability to consummate” provision subject to Material Adverse Effect carveouts?
Option A: No
Option B: Yes

Merger Agreement: “Company Material Adverse Effect” means any event, condition, change, or circumstance which, either individually or in aggregation with other such events occurring prior to the determination date, has or would reasonably be expected to have a material adverse effect on (a) the business, assets, liabilities, and operational results of the Company and its Subsidiaries, or (b) the Company’s ability to consummate the transactions contemplated hereby. Provided, however, that for purposes of clause (a), the following effects shall not be considered as constituting a Material Adverse Effect: (i) general economic downturns, shifts in credit or capital market conditions, revisions in applicable accounting standards including GAAP, currency exchange fluctuations, and declines solely in the trading volume or market price of the Company’s common stock; and further, that for the purposes of clause (b), no such carveout exceptions will apply. In addition, if any event imposes both a broad financial impact and a direct impediment to the consummation of the transaction, only the financial impact may be mitigated by the carveouts, whereas any impairment specifically affecting the ability to consummate shall be fully recognized as a Material Adverse Effect. (Pages 45-47)
Choices: "
"120","Answer the following multiple choice question. The last line of your response should be of the following format: 'ANSWER: $LETTER' (without quotes) where LETTER is one of {letters}. Think step by step before answering.

{question}

{choices}

Instruction: Read the following segment of a merger agreement and answer the multiple-choice question by choosing the option that best characterizes the agreement.

Question: Is the 'ability to consummate' concept subject to Material Adverse Effect (MAE) carveouts?
Option A: No
Option B: Yes

Merger Agreement: ""Material Adverse Effect"" means any event, change, or occurrence that either (i) results in a material deterioration of the Company’s business, operations, or financial condition, or (ii) would prevent or materially delay the ability of the Company to consummate the transactions contemplated by this Agreement. For the purposes of clause (i) only, the following shall be disregarded in determining a Material Adverse Effect: (a) general economic downturns, including shifts in overall consumer demand and credit market conditions; (b) variations in interest or foreign exchange rates; (c) force majeure events such as natural disasters, acts of terrorism, or wars; and (d) subsequent changes in applicable accounting standards or interpretations thereof. Notwithstanding any carve-outs provided above for clause (i), no such carve-outs shall apply to clause (ii), which directly addresses the Company’s ability to consummate the Merger. (Pages 12-15)
Choices: ","Fail","Answer the following multiple choice question. The last line of your response should be of the following format: 'ANSWER: $LETTER' (without quotes) where LETTER is one of {letters}. Think step by step before answering.

{question}

{choices}

Instruction: Read the segment of a merger agreement and answer the multiple-choice question by choosing the option that best characterizes the agreement.
Question: Is the “ability to consummate” provision subject to Material Adverse Effect carveouts?
Option A: No
Option B: Yes

Merger Agreement: “Company Material Adverse Effect” means any event, condition, change, or circumstance which, either individually or in aggregation with other such events occurring prior to the determination date, has or would reasonably be expected to have a material adverse effect on (a) the business, assets, liabilities, and operational results of the Company and its Subsidiaries, or (b) the Company’s ability to consummate the transactions contemplated hereby. Provided, however, that for purposes of clause (a), the following effects shall not be considered as constituting a Material Adverse Effect: (i) general economic downturns, shifts in credit or capital market conditions, revisions in applicable accounting standards including GAAP, currency exchange fluctuations, and declines solely in the trading volume or market price of the Company’s common stock; and further, that for the purposes of clause (b), no such carveout exceptions will apply. In addition, if any event imposes both a broad financial impact and a direct impediment to the consummation of the transaction, only the financial impact may be mitigated by the carveouts, whereas any impairment specifically affecting the ability to consummate shall be fully recognized as a Material Adverse Effect. (Pages 45-47)
Choices: "
"121","Answer the following multiple choice question. The last line of your response should be of the following format: 'ANSWER: $LETTER' (without quotes) where LETTER is one of {letters}. Think step by step before answering.

{question}

{choices}

Instruction: Read the following excerpt from a proposed merger agreement and select the option that best reflects the treatment of the 'ability to consummate' concept in light of specific carveouts.
Question: Based on the agreement, is the 'ability to consummate' provision subject to Material Adverse Effect (MAE) carveouts?
Option A: No
Option B: Yes

Merger Agreement Excerpt: ""For purposes of this Agreement, the term 'Material Adverse Effect' means any change, event or circumstance that, either individually or in aggregate, adversely affects the business, financial condition, or operations of the Company, including any impairment or delay in its ability to consummate the transaction. Notwithstanding the foregoing, however, any such impairment in consummation that stems solely from factors such as general economic downturns, market volatility, or broad political uncertainties shall not be treated as a Material Adverse Effect. Moreover, if the impairment in the ability to consummate is exclusively attributable to delays in obtaining necessary governmental or regulatory approvals or temporary disruptions in governmental functions (for example, due to public health emergencies), that impairment is expressly excluded from the definition of Material Adverse Effect pursuant to this Agreement.""
Choices: ","Fail","Answer the following multiple choice question. The last line of your response should be of the following format: 'ANSWER: $LETTER' (without quotes) where LETTER is one of {letters}. Think step by step before answering.

{question}

{choices}

Instruction: Read the segment of a merger agreement and answer the multiple-choice question by choosing the option that best characterizes the agreement.
Question: Is the “ability to consummate” provision subject to Material Adverse Effect carveouts?
Option A: No
Option B: Yes

Merger Agreement: “Company Material Adverse Effect” means any event, condition, change, or circumstance which, either individually or in aggregation with other such events occurring prior to the determination date, has or would reasonably be expected to have a material adverse effect on (a) the business, assets, liabilities, and operational results of the Company and its Subsidiaries, or (b) the Company’s ability to consummate the transactions contemplated hereby. Provided, however, that for purposes of clause (a), the following effects shall not be considered as constituting a Material Adverse Effect: (i) general economic downturns, shifts in credit or capital market conditions, revisions in applicable accounting standards including GAAP, currency exchange fluctuations, and declines solely in the trading volume or market price of the Company’s common stock; and further, that for the purposes of clause (b), no such carveout exceptions will apply. In addition, if any event imposes both a broad financial impact and a direct impediment to the consummation of the transaction, only the financial impact may be mitigated by the carveouts, whereas any impairment specifically affecting the ability to consummate shall be fully recognized as a Material Adverse Effect. (Pages 45-47)
Choices: "
"122","Answer the following multiple choice question. The last line of your response should be of the following format: 'ANSWER: $LETTER' (without quotes) where LETTER is one of {letters}. Think step by step before answering.

{question}

{choices}

Instruction: Read the following segment from a proposed merger agreement and answer the multiple-choice question by selecting the option that best characterizes the contractual understanding.

Question: Is the “ability to consummate” concept subject to Material Adverse Effect carveouts?
Option A: No
Option B: Yes

Merger Agreement: ""Triggering Event"" means any event, occurrence, or condition, whether occurring singularly or in aggregate with others, that results in a material adverse effect on the business, assets, financial condition, or operations of the Company. In determining whether a Triggering Event has occurred, the Company shall consider any factor that would prevent, delay, or materially impair the Company’s ability to consummate the Transactions contemplated by this Agreement. Notwithstanding the numerous exceptions listed herein—namely, (i) generalized adverse economic conditions affecting the broader market; (ii) normal fluctuations in interest, exchange, or capital market rates; (iii) modifications in GAAP or regulatory standards applicable to a wide range of entities; and (iv) industry-wide operational disruptions affecting competitors—the effect of any event on the Company’s ability to consummate shall not be mitigated by these exceptions. Indeed, any impairment, delay, or prevention directly impacting the consummation process shall be fully considered as establishing a Material Adverse Effect, without benefit of the carveouts provided for other types of adverse effects.
Choices: ","Fail","Answer the following multiple choice question. The last line of your response should be of the following format: 'ANSWER: $LETTER' (without quotes) where LETTER is one of {letters}. Think step by step before answering.

{question}

{choices}

Instruction: Read the segment of a merger agreement and answer the multiple-choice question by choosing the option that best characterizes the agreement.
Question: Is the “ability to consummate” provision subject to Material Adverse Effect carveouts?
Option A: No
Option B: Yes

Merger Agreement: “Company Material Adverse Effect” means any event, condition, change, or circumstance which, either individually or in aggregation with other such events occurring prior to the determination date, has or would reasonably be expected to have a material adverse effect on (a) the business, assets, liabilities, and operational results of the Company and its Subsidiaries, or (b) the Company’s ability to consummate the transactions contemplated hereby. Provided, however, that for purposes of clause (a), the following effects shall not be considered as constituting a Material Adverse Effect: (i) general economic downturns, shifts in credit or capital market conditions, revisions in applicable accounting standards including GAAP, currency exchange fluctuations, and declines solely in the trading volume or market price of the Company’s common stock; and further, that for the purposes of clause (b), no such carveout exceptions will apply. In addition, if any event imposes both a broad financial impact and a direct impediment to the consummation of the transaction, only the financial impact may be mitigated by the carveouts, whereas any impairment specifically affecting the ability to consummate shall be fully recognized as a Material Adverse Effect. (Pages 45-47)
Choices: "
"123","Answer the following multiple choice question. The last line of your response should be of the following format: 'ANSWER: $LETTER' (without quotes) where LETTER is one of {letters}. Think step by step before answering.

{question}

{choices}

Instruction: Read the segment of a merger agreement and answer the multiple-choice question by choosing the option that best characterizes the agreement.
Question: Is the ‘ability to consummate’ concept subject to Material Adverse Effect (MAE) carveouts?
Option A: No
Option B: Yes

Merger Agreement: “Material Adverse Effect” means, with respect to the Company and its Subsidiaries, any change, event or circumstance that, either individually or when aggregated with all others, (a) materially impairs the financial condition, operations or asset quality of the Company, or (b) would reasonably be expected to prevent, materially delay or impair the Company’s ability to consummate the Transaction. Notwithstanding the foregoing, any adverse effect under clause (b) shall not be deemed a Material Adverse Effect if it arises solely from: (i) general economic or market fluctuations, including changes in interest rates, currency exchange rates, or a generalized downturn in industry conditions; (ii) amendments in regulatory or legislative frameworks that impact the industry generally; or (iii) the public announcement or pendency of this Agreement. In all other circumstances, effects on the ability to consummate shall be evaluated fully under this definition.
Choices: ","Fail","Answer the following multiple choice question. The last line of your response should be of the following format: 'ANSWER: $LETTER' (without quotes) where LETTER is one of {letters}. Think step by step before answering.

{question}

{choices}

Instruction: Read the segment of a merger agreement and answer the multiple-choice question by choosing the option that best characterizes the agreement.
Question: Is the “ability to consummate” provision subject to Material Adverse Effect carveouts?
Option A: No
Option B: Yes

Merger Agreement: “Company Material Adverse Effect” means any event, condition, change, or circumstance which, either individually or in aggregation with other such events occurring prior to the determination date, has or would reasonably be expected to have a material adverse effect on (a) the business, assets, liabilities, and operational results of the Company and its Subsidiaries, or (b) the Company’s ability to consummate the transactions contemplated hereby. Provided, however, that for purposes of clause (a), the following effects shall not be considered as constituting a Material Adverse Effect: (i) general economic downturns, shifts in credit or capital market conditions, revisions in applicable accounting standards including GAAP, currency exchange fluctuations, and declines solely in the trading volume or market price of the Company’s common stock; and further, that for the purposes of clause (b), no such carveout exceptions will apply. In addition, if any event imposes both a broad financial impact and a direct impediment to the consummation of the transaction, only the financial impact may be mitigated by the carveouts, whereas any impairment specifically affecting the ability to consummate shall be fully recognized as a Material Adverse Effect. (Pages 45-47)
Choices: "
"124","Answer the following multiple choice question. The last line of your response should be of the following format: 'ANSWER: $LETTER' (without quotes) where LETTER is one of {letters}. Think step by step before answering.

{question}

{choices}

Instruction: Read the segment of a merger agreement and answer the multiple-choice question by choosing the option that best characterizes the agreement.
Question: Is the “ability to consummate” concept subject to Material Adverse Effect carveouts?
Option A: No
Option B: Yes

Merger Agreement: “Company Material Adverse Effect” means any event, change, or occurrence that (1) materially adversely affects the Company’s operational performance, financial condition, or prospects, or (2) impairs, delays, or prevents the consummation of the transactions contemplated herein. Notwithstanding the foregoing, any delay or inability to consummate the transactions shall not be deemed a Material Adverse Effect if it arises solely from: (a) general market fluctuations; (b) changes in applicable accounting standards or interpretations thereof; (c) governmental directives or delays that are applied uniformly across the industry; or (d) any action previously consented to in writing by the Board of Directors. For all other instances, a material delay or inability to consummate will be considered a Material Adverse Effect.
Choices: ","Fail","Answer the following multiple choice question. The last line of your response should be of the following format: 'ANSWER: $LETTER' (without quotes) where LETTER is one of {letters}. Think step by step before answering.

{question}

{choices}

Instruction: Read the segment of a merger agreement and answer the multiple-choice question by choosing the option that best characterizes the agreement.
Question: Is the “ability to consummate” provision subject to Material Adverse Effect carveouts?
Option A: No
Option B: Yes

Merger Agreement: “Company Material Adverse Effect” means any event, condition, change, or circumstance which, either individually or in aggregation with other such events occurring prior to the determination date, has or would reasonably be expected to have a material adverse effect on (a) the business, assets, liabilities, and operational results of the Company and its Subsidiaries, or (b) the Company’s ability to consummate the transactions contemplated hereby. Provided, however, that for purposes of clause (a), the following effects shall not be considered as constituting a Material Adverse Effect: (i) general economic downturns, shifts in credit or capital market conditions, revisions in applicable accounting standards including GAAP, currency exchange fluctuations, and declines solely in the trading volume or market price of the Company’s common stock; and further, that for the purposes of clause (b), no such carveout exceptions will apply. In addition, if any event imposes both a broad financial impact and a direct impediment to the consummation of the transaction, only the financial impact may be mitigated by the carveouts, whereas any impairment specifically affecting the ability to consummate shall be fully recognized as a Material Adverse Effect. (Pages 45-47)
Choices: "
"125","Answer the following multiple choice question. The last line of your response should be of the following format: 'ANSWER: $LETTER' (without quotes) where LETTER is one of {letters}. Think step by step before answering.

{question}

{choices}

Instruction: Read the following segment of a merger agreement and answer the multiple-choice question by choosing the option that best characterizes the agreement.
Question: Is the 'ability to consummate' concept subject to Material Adverse Effect carveouts?
Option A: No
Option B: Yes

Merger Agreement: ""Material Adverse Effect"" means any occurrence, event, or change that, either individually or in aggregation with other events, (a) has a material adverse impact on the Company’s overall business, financial condition, assets, liabilities, or operational results, or (b) would prevent, substantially delay, or impair the Company’s ability to consummate the transactions contemplated by this Agreement. Notwithstanding the general carveouts contained herein—including those for general economic downturns, variances in market conditions, shifts in the applicable regulatory framework, or changes in accounting standards—no such exceptions shall apply to any event that affects the consummation ability of the Company. In other words, while many factors are excluded from consideration under the Material Adverse Effect definition, any adverse impact on the ability to consummate is expressly included and not subject to the usual carveouts.
Choices: ","Fail","Answer the following multiple choice question. The last line of your response should be of the following format: 'ANSWER: $LETTER' (without quotes) where LETTER is one of {letters}. Think step by step before answering.

{question}

{choices}

Instruction: Read the segment of a merger agreement and answer the multiple-choice question by choosing the option that best characterizes the agreement.
Question: Is the “ability to consummate” provision subject to Material Adverse Effect carveouts?
Option A: No
Option B: Yes

Merger Agreement: “Company Material Adverse Effect” means any event, condition, change, or circumstance which, either individually or in aggregation with other such events occurring prior to the determination date, has or would reasonably be expected to have a material adverse effect on (a) the business, assets, liabilities, and operational results of the Company and its Subsidiaries, or (b) the Company’s ability to consummate the transactions contemplated hereby. Provided, however, that for purposes of clause (a), the following effects shall not be considered as constituting a Material Adverse Effect: (i) general economic downturns, shifts in credit or capital market conditions, revisions in applicable accounting standards including GAAP, currency exchange fluctuations, and declines solely in the trading volume or market price of the Company’s common stock; and further, that for the purposes of clause (b), no such carveout exceptions will apply. In addition, if any event imposes both a broad financial impact and a direct impediment to the consummation of the transaction, only the financial impact may be mitigated by the carveouts, whereas any impairment specifically affecting the ability to consummate shall be fully recognized as a Material Adverse Effect. (Pages 45-47)
Choices: "
"126","Answer the following multiple choice question. The last line of your response should be of the following format: 'ANSWER: $LETTER' (without quotes) where LETTER is one of {letters}. Think step by step before answering.

{question}

{choices}

Instruction: Review the following excerpt from the Acme Merger Agreement and answer the multiple-choice question by selecting the option that best characterizes the agreement.

Question: Is the 'ability to consummate the Transaction' subject to the Material Adverse Effect carveouts described herein?
Option A: No
Option B: Yes

Acme Merger Agreement Excerpt: ""'Company Material Adverse Effect' means any change, event, or circumstance that, either individually or in aggregate, materially deteriorates the operating, financial, or strategic condition of the Company and its Affiliates, including, but not limited to, decreased revenue, loss of key customers, or adverse market conditions. However, this definition shall not be deemed to include effects arising directly from (i) standard fluctuations in the economic or regulatory environment, (ii) alterations in the interpretation or enforcement of generally applicable environmental, accounting, or labor laws, or (iii) force majeure events such as natural disasters, pandemics, or sudden market volatility, except where such effects have a disproportionately adverse impact compared to industry peers. Notwithstanding the foregoing, for the avoidance of doubt, no provision of these carveouts shall be interpreted to limit or impact the Company’s 'ability to consummate the Transaction', which shall remain unaffected by any event now or subsequently occurring, including those described above."" (Section 4.2, Pages 12-13).

Choices: ","Fail","Answer the following multiple choice question. The last line of your response should be of the following format: 'ANSWER: $LETTER' (without quotes) where LETTER is one of {letters}. Think step by step before answering.

{question}

{choices}

Instruction: Read the segment of a merger agreement and answer the multiple-choice question by choosing the option that best characterizes the agreement.
Question: Is the “ability to consummate” provision subject to Material Adverse Effect carveouts?
Option A: No
Option B: Yes

Merger Agreement: “Company Material Adverse Effect” means any event, condition, change, or circumstance which, either individually or in aggregation with other such events occurring prior to the determination date, has or would reasonably be expected to have a material adverse effect on (a) the business, assets, liabilities, and operational results of the Company and its Subsidiaries, or (b) the Company’s ability to consummate the transactions contemplated hereby. Provided, however, that for purposes of clause (a), the following effects shall not be considered as constituting a Material Adverse Effect: (i) general economic downturns, shifts in credit or capital market conditions, revisions in applicable accounting standards including GAAP, currency exchange fluctuations, and declines solely in the trading volume or market price of the Company’s common stock; and further, that for the purposes of clause (b), no such carveout exceptions will apply. In addition, if any event imposes both a broad financial impact and a direct impediment to the consummation of the transaction, only the financial impact may be mitigated by the carveouts, whereas any impairment specifically affecting the ability to consummate shall be fully recognized as a Material Adverse Effect. (Pages 45-47)
Choices: "
"127","Answer the following multiple choice question. The last line of your response should be of the following format: 'ANSWER: $LETTER' (without quotes) where LETTER is one of {letters}. Think step by step before answering.

{question}

{choices}

Instruction: Read the segment of a merger agreement and answer the multiple-choice question by choosing the option that best characterizes the agreement.
Question: Is the “ability to consummate” concept subject to Material Adverse Effect (MAE) carveouts?
Option A: No
Option B: Yes

Merger Agreement: “Company Material Adverse Effect” shall mean any change, event, or circumstance that, individually or in aggregation, has a material adverse effect on either (a) the overall business, assets, liabilities, or financial condition of the Company, or (b) the Company’s ability to consummate the transactions contemplated by this Agreement. For the purposes of subclause (a), the following effects shall be excluded: (i) market-wide economic downturns; (ii) routine regulatory revisions; (iii) changes in currency exchange rates; (iv) updates to generally accepted accounting principles; and (v) moderate national political unrest. Notwithstanding the exclusions in subclause (a), with respect to subclause (b) the ability to consummate, such exclusions are expressly limited. Specifically, while general economic or regulatory changes are normally precluded from constituting a Material Adverse Effect, they shall not apply when such changes result in delays that exceed industry-standard thresholds unless the delay is directly attributable to legal compliance mandates or unique contractual obligations. In effect, although certain market and financial changes are carved out for assessing the Company’s business condition, they are expressly limited when evaluating the direct impact on the Company’s ability to consummate the transaction.
Pages 10-11
Choices: ","Fail","Answer the following multiple choice question. The last line of your response should be of the following format: 'ANSWER: $LETTER' (without quotes) where LETTER is one of {letters}. Think step by step before answering.

{question}

{choices}

Instruction: Read the segment of a merger agreement and answer the multiple-choice question by choosing the option that best characterizes the agreement.
Question: Is the “ability to consummate” provision subject to Material Adverse Effect carveouts?
Option A: No
Option B: Yes

Merger Agreement: “Company Material Adverse Effect” means any event, condition, change, or circumstance which, either individually or in aggregation with other such events occurring prior to the determination date, has or would reasonably be expected to have a material adverse effect on (a) the business, assets, liabilities, and operational results of the Company and its Subsidiaries, or (b) the Company’s ability to consummate the transactions contemplated hereby. Provided, however, that for purposes of clause (a), the following effects shall not be considered as constituting a Material Adverse Effect: (i) general economic downturns, shifts in credit or capital market conditions, revisions in applicable accounting standards including GAAP, currency exchange fluctuations, and declines solely in the trading volume or market price of the Company’s common stock; and further, that for the purposes of clause (b), no such carveout exceptions will apply. In addition, if any event imposes both a broad financial impact and a direct impediment to the consummation of the transaction, only the financial impact may be mitigated by the carveouts, whereas any impairment specifically affecting the ability to consummate shall be fully recognized as a Material Adverse Effect. (Pages 45-47)
Choices: "
"128","Answer the following multiple choice question. The last line of your response should be of the following format: 'ANSWER: $LETTER' (without quotes) where LETTER is one of {letters}. Think step by step before answering.

{question}

{choices}

Instruction: Read the segment of a merger agreement and answer the multiple-choice question by choosing the option that best characterizes the agreement.
Question: Is the 'ability to consummate' concept subject to Material Adverse Effect (MAE) carveouts?
Option A: No
Option B: Yes

Merger Agreement: ""Modified Material Adverse Change"" means any alteration, incident, fluctuation, or condition that, either individually or in aggregate with similar occurrences, would (i) have a material adverse effect on the financial or operational state of the Company, or (ii) materially delay, impede, or impair the Company's ability to consummate the merger transactions contemplated herein. Notwithstanding the foregoing, any change arising solely from broadly applicable economic trends, general regulatory adjustments affecting the overall market, or typical market volatility shall not be deemed a Modified Material Adverse Change. Furthermore, effects that exclusively impact the Company's ability to consummate—such as routine delays associated with public announcements or standard procedural adjustments—are expressly excluded from this definition unless they result in an incremental and disproportionate adverse impact relative to comparable industry standards. Additional representations, warranties, and customary clauses follow without altering the interpretation of the foregoing definitions.
Choices: ","Fail","Answer the following multiple choice question. The last line of your response should be of the following format: 'ANSWER: $LETTER' (without quotes) where LETTER is one of {letters}. Think step by step before answering.

{question}

{choices}

Instruction: Read the segment of a merger agreement and answer the multiple-choice question by choosing the option that best characterizes the agreement.
Question: Is the “ability to consummate” provision subject to Material Adverse Effect carveouts?
Option A: No
Option B: Yes

Merger Agreement: “Company Material Adverse Effect” means any event, condition, change, or circumstance which, either individually or in aggregation with other such events occurring prior to the determination date, has or would reasonably be expected to have a material adverse effect on (a) the business, assets, liabilities, and operational results of the Company and its Subsidiaries, or (b) the Company’s ability to consummate the transactions contemplated hereby. Provided, however, that for purposes of clause (a), the following effects shall not be considered as constituting a Material Adverse Effect: (i) general economic downturns, shifts in credit or capital market conditions, revisions in applicable accounting standards including GAAP, currency exchange fluctuations, and declines solely in the trading volume or market price of the Company’s common stock; and further, that for the purposes of clause (b), no such carveout exceptions will apply. In addition, if any event imposes both a broad financial impact and a direct impediment to the consummation of the transaction, only the financial impact may be mitigated by the carveouts, whereas any impairment specifically affecting the ability to consummate shall be fully recognized as a Material Adverse Effect. (Pages 45-47)
Choices: "
"129","Answer the following multiple choice question. The last line of your response should be of the following format: 'ANSWER: $LETTER' (without quotes) where LETTER is one of {letters}. Think step by step before answering.

{question}

{choices}

Instruction: Read the following excerpt from a merger agreement and answer the multiple-choice question by choosing the option that best characterizes the agreement.
Question: Is the “ability to consummate” concept subject to Material Adverse Effect (MAE) carveouts?
Option A: No
Option B: Yes

Merger Agreement Excerpt:
“Material Adverse Effect” shall mean any single or aggregated event, change, inaccuracy or effect that (i) has, or would reasonably be expected to have, a material adverse impact on the business, assets, liabilities, financial condition or results of operations of the Company and its Affiliates, or (ii) would, or would reasonably be expected to, prevent, delay or materially impair the Company’s ability to consummate the transactions contemplated herein. Notwithstanding the foregoing, the following effects shall be excluded from being deemed a Material Adverse Effect: (a) any change in general economic or financial market conditions, including fluctuations in interest rates or exchange rates, that affect most industry participants; (b) any effects stemming from regulatory, legislative or political changes not unique to the Company; and (c) any deteriorations in performance solely attributable to industry-wide downturns. However, it is expressly provided that the statutory carveouts referred to in clauses (a) through (c) shall not extend to any adverse impact on the Company’s ability to consummate the merger. In other words, while many negative effects are excluded from forming the basis of an MAE, any adverse event that specifically impairs or delays consummation is not shielded by these carveouts and will be treated as a Material Adverse Effect subject to review under this Agreement.

Answer the above question.
Choices: ","Fail","Answer the following multiple choice question. The last line of your response should be of the following format: 'ANSWER: $LETTER' (without quotes) where LETTER is one of {letters}. Think step by step before answering.

{question}

{choices}

Instruction: Read the segment of a merger agreement and answer the multiple-choice question by choosing the option that best characterizes the agreement.
Question: Is the “ability to consummate” provision subject to Material Adverse Effect carveouts?
Option A: No
Option B: Yes

Merger Agreement: “Company Material Adverse Effect” means any event, condition, change, or circumstance which, either individually or in aggregation with other such events occurring prior to the determination date, has or would reasonably be expected to have a material adverse effect on (a) the business, assets, liabilities, and operational results of the Company and its Subsidiaries, or (b) the Company’s ability to consummate the transactions contemplated hereby. Provided, however, that for purposes of clause (a), the following effects shall not be considered as constituting a Material Adverse Effect: (i) general economic downturns, shifts in credit or capital market conditions, revisions in applicable accounting standards including GAAP, currency exchange fluctuations, and declines solely in the trading volume or market price of the Company’s common stock; and further, that for the purposes of clause (b), no such carveout exceptions will apply. In addition, if any event imposes both a broad financial impact and a direct impediment to the consummation of the transaction, only the financial impact may be mitigated by the carveouts, whereas any impairment specifically affecting the ability to consummate shall be fully recognized as a Material Adverse Effect. (Pages 45-47)
Choices: "
"130","Answer the following multiple choice question. The last line of your response should be of the following format: 'ANSWER: $LETTER' (without quotes) where LETTER is one of {letters}. Think step by step before answering.

{question}

{choices}

Instruction: Read the segment of a merger agreement and answer the multiple-choice question by choosing the option that best characterizes the agreement.
Question: Is the “ability to consummate” concept subject to Material Adverse Effect (MAE) carveouts?
Option A: No
Option B: Yes

Merger Agreement: “Party Material Adverse Effect” shall mean any event, condition, or occurrence that, individually or in the aggregate, would materially undermine the operational integrity, financial stability, or strategic objectives of a Party. Notwithstanding the foregoing, no adverse effect shall be deemed material if it results solely from (i) broad-based economic slowdowns, shifts in overall market liquidity, or changes in geopolitical tensions affecting all industry participants; (ii) modifications to regulatory frameworks or interpretations of GAAP that do not disproportionately impact the Party relative to its peers; (iii) the mere public announcement or pendency of this Agreement or its transactions; or (iv) standard force majeure events, such as natural disasters, health emergencies, or governmental interventions, provided that such events do not uniquely impair a Party’s projected performance. Importantly, the “ability to consummate” the merger is expressly excluded from being categorized as a Material Adverse Effect, except in circumstances where a Party’s failure to consummate is directly attributable to a breach of expressly stipulated consummation covenants herein.
Choices: ","Fail","Answer the following multiple choice question. The last line of your response should be of the following format: 'ANSWER: $LETTER' (without quotes) where LETTER is one of {letters}. Think step by step before answering.

{question}

{choices}

Instruction: Read the segment of a merger agreement and answer the multiple-choice question by choosing the option that best characterizes the agreement.
Question: Is the “ability to consummate” provision subject to Material Adverse Effect carveouts?
Option A: No
Option B: Yes

Merger Agreement: “Company Material Adverse Effect” means any event, condition, change, or circumstance which, either individually or in aggregation with other such events occurring prior to the determination date, has or would reasonably be expected to have a material adverse effect on (a) the business, assets, liabilities, and operational results of the Company and its Subsidiaries, or (b) the Company’s ability to consummate the transactions contemplated hereby. Provided, however, that for purposes of clause (a), the following effects shall not be considered as constituting a Material Adverse Effect: (i) general economic downturns, shifts in credit or capital market conditions, revisions in applicable accounting standards including GAAP, currency exchange fluctuations, and declines solely in the trading volume or market price of the Company’s common stock; and further, that for the purposes of clause (b), no such carveout exceptions will apply. In addition, if any event imposes both a broad financial impact and a direct impediment to the consummation of the transaction, only the financial impact may be mitigated by the carveouts, whereas any impairment specifically affecting the ability to consummate shall be fully recognized as a Material Adverse Effect. (Pages 45-47)
Choices: "
"131","Answer the following multiple choice question. The last line of your response should be of the following format: 'ANSWER: $LETTER' (without quotes) where LETTER is one of {letters}. Think step by step before answering.

{question}

{choices}

Instruction: Read the following segment of a merger agreement and answer the multiple-choice question by choosing the option that best characterizes the agreement.
Question: Is the ‘ability to consummate’ concept subject to Material Adverse Effect (MAE) carveouts?
Option A: No
Option B: Yes

Merger Agreement: 
“Composite Material Adverse Impact” means any change, event, or circumstance (each, an “Adverse Effect”) that, individually or in aggregate with other such Adverse Effects, either materially impairs the business, assets, liabilities, financial condition, or operational performance of the Company or would reasonably be expected to hinder or delay the Company’s ability to consummate the transactions contemplated by this Agreement. Notwithstanding the foregoing, no Adverse Effect shall be deemed to be a Composite Material Adverse Impact to the extent that it arises solely from: (i) general or broad-based downturns in economic conditions across domestic or international markets; (ii) fluctuations in interest rates, credit ratings, or foreign exchange rates that affect the economy at large; (iii) regulatory adjustments or modifications in applicable Law, including general shifts in government policy which impact an entire industry; (iv) seasonal or cyclical variations typical of the Company’s sector; (v) changes in generally accepted accounting principles or their interpretations; or (vi) public disclosures and announcements of this Agreement which, absent any other factor, do not alter the fundamental ability of the Company to close the transaction. In no event, however, shall these carveouts be applied to exclude any circumstance that directly impairs, or is reasonably expected to impair, the Company’s ability to secure required financing, or to consummate the transaction as contemplated. 

Answer the question based solely on the text provided.
Choices: ","Fail","Answer the following multiple choice question. The last line of your response should be of the following format: 'ANSWER: $LETTER' (without quotes) where LETTER is one of {letters}. Think step by step before answering.

{question}

{choices}

Instruction: Read the segment of a merger agreement and answer the multiple-choice question by choosing the option that best characterizes the agreement.
Question: Is the “ability to consummate” provision subject to Material Adverse Effect carveouts?
Option A: No
Option B: Yes

Merger Agreement: “Company Material Adverse Effect” means any event, condition, change, or circumstance which, either individually or in aggregation with other such events occurring prior to the determination date, has or would reasonably be expected to have a material adverse effect on (a) the business, assets, liabilities, and operational results of the Company and its Subsidiaries, or (b) the Company’s ability to consummate the transactions contemplated hereby. Provided, however, that for purposes of clause (a), the following effects shall not be considered as constituting a Material Adverse Effect: (i) general economic downturns, shifts in credit or capital market conditions, revisions in applicable accounting standards including GAAP, currency exchange fluctuations, and declines solely in the trading volume or market price of the Company’s common stock; and further, that for the purposes of clause (b), no such carveout exceptions will apply. In addition, if any event imposes both a broad financial impact and a direct impediment to the consummation of the transaction, only the financial impact may be mitigated by the carveouts, whereas any impairment specifically affecting the ability to consummate shall be fully recognized as a Material Adverse Effect. (Pages 45-47)
Choices: "
"132","Answer the following multiple choice question. The last line of your response should be of the following format: 'ANSWER: $LETTER' (without quotes) where LETTER is one of {letters}. Think step by step before answering.

{question}

{choices}

Instruction: Read the segment of a merger agreement and answer the multiple-choice question by choosing the option that best characterizes the agreement.
Question: Is the 'ability to consummate' concept subject to Material Adverse Effect carveouts?
Option A: No
Option B: Yes

Merger Agreement: For purposes of this Agreement, the term 'Material Adverse Impact' means any event, change, or circumstance that, either individually or when aggregated with other effects, materially impairs the business, assets, liabilities, financial condition, or results of operations of the Company, or that would prevent, materially delay, or impair the consummation of the transactions contemplated hereby. Notwithstanding the general definition, the following categories of events shall not be deemed to constitute a Material Adverse Impact: (i) any change in general economic conditions or market fluctuations in securities, credit, or capital markets; (ii) any regulatory, legislative, or political changes affecting all industry participants; (iii) any force majeure occurrence such as natural disasters, pandemics, or similar events; and (iv) any event solely attributable to third-party defaults or alterations in accounting standards. However, it is expressly provided that none of the foregoing exclusions shall apply to any event or circumstance that directly affects the Company's ability to consummate the transactions. In essence, while many adverse effects may be carved out under the categories above, any factor impairing or materially delaying the consummation remains fully operative as a Material Adverse Impact.

Choices: ","Fail","Answer the following multiple choice question. The last line of your response should be of the following format: 'ANSWER: $LETTER' (without quotes) where LETTER is one of {letters}. Think step by step before answering.

{question}

{choices}

Instruction: Read the segment of a merger agreement and answer the multiple-choice question by choosing the option that best characterizes the agreement.
Question: Is the “ability to consummate” provision subject to Material Adverse Effect carveouts?
Option A: No
Option B: Yes

Merger Agreement: “Company Material Adverse Effect” means any event, condition, change, or circumstance which, either individually or in aggregation with other such events occurring prior to the determination date, has or would reasonably be expected to have a material adverse effect on (a) the business, assets, liabilities, and operational results of the Company and its Subsidiaries, or (b) the Company’s ability to consummate the transactions contemplated hereby. Provided, however, that for purposes of clause (a), the following effects shall not be considered as constituting a Material Adverse Effect: (i) general economic downturns, shifts in credit or capital market conditions, revisions in applicable accounting standards including GAAP, currency exchange fluctuations, and declines solely in the trading volume or market price of the Company’s common stock; and further, that for the purposes of clause (b), no such carveout exceptions will apply. In addition, if any event imposes both a broad financial impact and a direct impediment to the consummation of the transaction, only the financial impact may be mitigated by the carveouts, whereas any impairment specifically affecting the ability to consummate shall be fully recognized as a Material Adverse Effect. (Pages 45-47)
Choices: "
"133","Answer the following multiple choice question. The last line of your response should be of the following format: 'ANSWER: $LETTER' (without quotes) where LETTER is one of {letters}. Think step by step before answering.

{question}

{choices}

Instruction: Read the following segment of a merger agreement and answer the multiple-choice question by choosing the option that best characterizes the agreement.
Question: Is the “ability to consummate” concept subject to Material Adverse Effect (MAE) carveouts?
Option A: No
Option B: Yes

Merger Agreement Excerpt:
""For purposes of this Agreement, the term 'Adjusted Material Adverse Effect' shall mean any change, occurrence, event, or circumstance, whether isolated or cumulative, that adversely affects the Company’s business, financial condition, or operational performance, or that would reasonably be expected to delay, impair, or obstruct the Company’s ability to consummate the Transaction. Notwithstanding the foregoing, no such adverse effect shall qualify as an Adjusted Material Adverse Effect with respect to the ability to consummate the Transaction if it arises exclusively from: (i) general economic downturns or shifts in worldwide market trends; (ii) industry-wide regulatory or legislative modifications; (iii) the announcement or implementation of this Agreement; (iv) ordinary market volatility, including minor fluctuations in interest rates, exchange rates, or equity valuations; or (v) limited deviations in internal financial forecasts below a defined threshold. Thus, any impact on the ability to consummate that is solely attributable to these specified factors is carved out from the definition of an Adjusted Material Adverse Effect.""

Choices: ","Fail","Answer the following multiple choice question. The last line of your response should be of the following format: 'ANSWER: $LETTER' (without quotes) where LETTER is one of {letters}. Think step by step before answering.

{question}

{choices}

Instruction: Read the segment of a merger agreement and answer the multiple-choice question by choosing the option that best characterizes the agreement.
Question: Is the “ability to consummate” provision subject to Material Adverse Effect carveouts?
Option A: No
Option B: Yes

Merger Agreement: “Company Material Adverse Effect” means any event, condition, change, or circumstance which, either individually or in aggregation with other such events occurring prior to the determination date, has or would reasonably be expected to have a material adverse effect on (a) the business, assets, liabilities, and operational results of the Company and its Subsidiaries, or (b) the Company’s ability to consummate the transactions contemplated hereby. Provided, however, that for purposes of clause (a), the following effects shall not be considered as constituting a Material Adverse Effect: (i) general economic downturns, shifts in credit or capital market conditions, revisions in applicable accounting standards including GAAP, currency exchange fluctuations, and declines solely in the trading volume or market price of the Company’s common stock; and further, that for the purposes of clause (b), no such carveout exceptions will apply. In addition, if any event imposes both a broad financial impact and a direct impediment to the consummation of the transaction, only the financial impact may be mitigated by the carveouts, whereas any impairment specifically affecting the ability to consummate shall be fully recognized as a Material Adverse Effect. (Pages 45-47)
Choices: "
"134","Answer the following multiple choice question. The last line of your response should be of the following format: 'ANSWER: $LETTER' (without quotes) where LETTER is one of {letters}. Think step by step before answering.

{question}

{choices}

Instruction: Read the segment of a merger agreement and answer the multiple-choice question by choosing the option that best characterizes the agreement.
Question: Is the 'ability to consummate' concept subject to Material Adverse Effect (MAE) carveouts?
Option A: No
Option B: Yes

Merger Agreement: ""Aggregate Material Impact"" means any change, event, or circumstance that, whether occurring individually or in combination, either (a) has a material adverse effect on the overall business, financial condition, or operational performance of the Target and its Subsidiaries, or (b) would materially delay, impair, or otherwise affect the Target’s ability to consummate the Transactions contemplated in this Agreement. For purposes of subclause (a), the following effects shall not be deemed to constitute a Material Adverse Effect: (i) variations in general economic or market conditions; (ii) fluctuations in the capital or credit markets; (iii) regulatory or legislative changes that impact the entire industry; (iv) isolated or transient labor disruptions; and (v) force majeure events, including natural disasters, pandemics, or acts of terrorism, provided such events do not cause a disproportionate adverse impact relative to industry peers. Notwithstanding these exclusions, no similar carveouts or exceptions apply to subclause (b); hence, any factor that materially delays or impairs the Target's ability to consummate the Transactions shall be deemed a Material Adverse Effect in its entirety.

Choices: ","Fail","Answer the following multiple choice question. The last line of your response should be of the following format: 'ANSWER: $LETTER' (without quotes) where LETTER is one of {letters}. Think step by step before answering.

{question}

{choices}

Instruction: Read the segment of a merger agreement and answer the multiple-choice question by choosing the option that best characterizes the agreement.
Question: Is the “ability to consummate” provision subject to Material Adverse Effect carveouts?
Option A: No
Option B: Yes

Merger Agreement: “Company Material Adverse Effect” means any event, condition, change, or circumstance which, either individually or in aggregation with other such events occurring prior to the determination date, has or would reasonably be expected to have a material adverse effect on (a) the business, assets, liabilities, and operational results of the Company and its Subsidiaries, or (b) the Company’s ability to consummate the transactions contemplated hereby. Provided, however, that for purposes of clause (a), the following effects shall not be considered as constituting a Material Adverse Effect: (i) general economic downturns, shifts in credit or capital market conditions, revisions in applicable accounting standards including GAAP, currency exchange fluctuations, and declines solely in the trading volume or market price of the Company’s common stock; and further, that for the purposes of clause (b), no such carveout exceptions will apply. In addition, if any event imposes both a broad financial impact and a direct impediment to the consummation of the transaction, only the financial impact may be mitigated by the carveouts, whereas any impairment specifically affecting the ability to consummate shall be fully recognized as a Material Adverse Effect. (Pages 45-47)
Choices: "
"135","Answer the following multiple choice question. The last line of your response should be of the following format: 'ANSWER: $LETTER' (without quotes) where LETTER is one of {letters}. Think step by step before answering.

{question}

{choices}

Instruction: Read the following excerpt from a merger agreement and answer the multiple-choice question by selecting the option that best characterizes the agreement.

Question: Is the “ability to consummate” concept subject to Material Adverse Effect (MAE) carveouts?
Option A: No
Option B: Yes

Merger Agreement Excerpt:
“Material Adverse Effect” means any event, change, occurrence or circumstance that either (i) has, or would reasonably be expected to have, a material adverse effect on the business, assets, financial condition or operations of the Company, or (ii) would, or would reasonably be expected to, impair or delay the Company’s ability to consummate the transactions contemplated by this Agreement. 

Provided, however, that with respect to the ability to consummate the transaction, no event or change shall be deemed to constitute a Material Adverse Effect if it is solely attributable to any of the following carveouts:
(a) general economic downturns or adverse market conditions affecting industries broadly;
(b) short-term fluctuations in the trading price of the Company’s common stock;
(c) natural disasters or other force majeure events, including hurricanes, earthquakes, or pandemics;
(d) any adverse impact resulting exclusively from the public announcement or pendency of this Agreement.

Notwithstanding the foregoing, if any event—even one falling within these exceptions—demonstrates a disproportionate adverse impact on the consummation process relative to that experienced by similar companies in the industry, then the incremental impact may be considered when determining if a Material Adverse Effect has occurred.

Choices: ","Fail","Answer the following multiple choice question. The last line of your response should be of the following format: 'ANSWER: $LETTER' (without quotes) where LETTER is one of {letters}. Think step by step before answering.

{question}

{choices}

Instruction: Read the segment of a merger agreement and answer the multiple-choice question by choosing the option that best characterizes the agreement.
Question: Is the “ability to consummate” provision subject to Material Adverse Effect carveouts?
Option A: No
Option B: Yes

Merger Agreement: “Company Material Adverse Effect” means any event, condition, change, or circumstance which, either individually or in aggregation with other such events occurring prior to the determination date, has or would reasonably be expected to have a material adverse effect on (a) the business, assets, liabilities, and operational results of the Company and its Subsidiaries, or (b) the Company’s ability to consummate the transactions contemplated hereby. Provided, however, that for purposes of clause (a), the following effects shall not be considered as constituting a Material Adverse Effect: (i) general economic downturns, shifts in credit or capital market conditions, revisions in applicable accounting standards including GAAP, currency exchange fluctuations, and declines solely in the trading volume or market price of the Company’s common stock; and further, that for the purposes of clause (b), no such carveout exceptions will apply. In addition, if any event imposes both a broad financial impact and a direct impediment to the consummation of the transaction, only the financial impact may be mitigated by the carveouts, whereas any impairment specifically affecting the ability to consummate shall be fully recognized as a Material Adverse Effect. (Pages 45-47)
Choices: "
"136","Answer the following multiple choice question. The last line of your response should be of the following format: 'ANSWER: $LETTER' (without quotes) where LETTER is one of {letters}. Think step by step before answering.

{question}

{choices}

Instruction: Read the segment of a merger agreement and answer the multiple-choice question by choosing the option that best characterizes the agreement.
Question: Is the 'ability to consummate' concept subject to Material Adverse Effect (MAE) carveouts?
Option A: No
Option B: Yes

Merger Agreement: ""Company Material Adverse Effect"" means any change, event, occurrence, or condition that, either individually or in the aggregate, has a material adverse effect on the Company’s business, financial condition, assets, or operations, or that would, singly or collectively, prevent, delay, or materially impair the Company’s ability to consummate the transactions contemplated herein. For the purposes of this definition, any adverse effects arising solely from general economic downturns, fluctuations in exchange rates, industry-wide regulatory adjustments, modifications in applicable laws or accounting standards, or standard force majeure events shall be excluded from constituting a material adverse effect with respect to the Company’s general business performance. Notwithstanding the foregoing exclusions, no carveout shall apply to any change, event, occurrence, or condition that affects the Company's ability to consummate the transactions. (Page 12)
Choices: ","Fail","Answer the following multiple choice question. The last line of your response should be of the following format: 'ANSWER: $LETTER' (without quotes) where LETTER is one of {letters}. Think step by step before answering.

{question}

{choices}

Instruction: Read the segment of a merger agreement and answer the multiple-choice question by choosing the option that best characterizes the agreement.
Question: Is the “ability to consummate” provision subject to Material Adverse Effect carveouts?
Option A: No
Option B: Yes

Merger Agreement: “Company Material Adverse Effect” means any event, condition, change, or circumstance which, either individually or in aggregation with other such events occurring prior to the determination date, has or would reasonably be expected to have a material adverse effect on (a) the business, assets, liabilities, and operational results of the Company and its Subsidiaries, or (b) the Company’s ability to consummate the transactions contemplated hereby. Provided, however, that for purposes of clause (a), the following effects shall not be considered as constituting a Material Adverse Effect: (i) general economic downturns, shifts in credit or capital market conditions, revisions in applicable accounting standards including GAAP, currency exchange fluctuations, and declines solely in the trading volume or market price of the Company’s common stock; and further, that for the purposes of clause (b), no such carveout exceptions will apply. In addition, if any event imposes both a broad financial impact and a direct impediment to the consummation of the transaction, only the financial impact may be mitigated by the carveouts, whereas any impairment specifically affecting the ability to consummate shall be fully recognized as a Material Adverse Effect. (Pages 45-47)
Choices: "
"137","Answer the following multiple choice question. The last line of your response should be of the following format: 'ANSWER: $LETTER' (without quotes) where LETTER is one of {letters}. Think step by step before answering.

{question}

{choices}

Instruction: Read the segment of the merger agreement and answer the multiple-choice question by choosing the option that best characterizes the agreement.
Question: Is the 'ability to consummate' concept subject to Material Adverse Effect (MAE) carveouts?
Option A: No
Option B: Yes

Merger Agreement: ""Acquirer Material Adverse Effect"" means any change, event, development, or circumstance that, either individually or in combination, has a material adverse effect on the business, financial condition, or prospects of the Acquirer and its Subsidiaries. This includes, without limitation, significant disruptions in operational performance and factors that materially delay or impair the Acquirer's ability to consummate the transactions contemplated herein. Notwithstanding the foregoing, this definition shall not include: (i) changes in general market conditions or economic trends that uniformly affect all industry participants; (ii) adverse changes affecting solely the timeline for consummation if such changes are due to force majeure events or broadly applicable legislative modifications; or (iii) minor operational inefficiencies that do not impact overall strategic execution. For the avoidance of doubt, any provision relating to the 'ability to consummate' shall be interpreted strictly and shall not benefit from the exclusions set forth in clauses (i) and (ii).


Choices: ","Fail","Answer the following multiple choice question. The last line of your response should be of the following format: 'ANSWER: $LETTER' (without quotes) where LETTER is one of {letters}. Think step by step before answering.

{question}

{choices}

Instruction: Read the segment of a merger agreement and answer the multiple-choice question by choosing the option that best characterizes the agreement.
Question: Is the “ability to consummate” provision subject to Material Adverse Effect carveouts?
Option A: No
Option B: Yes

Merger Agreement: “Company Material Adverse Effect” means any event, condition, change, or circumstance which, either individually or in aggregation with other such events occurring prior to the determination date, has or would reasonably be expected to have a material adverse effect on (a) the business, assets, liabilities, and operational results of the Company and its Subsidiaries, or (b) the Company’s ability to consummate the transactions contemplated hereby. Provided, however, that for purposes of clause (a), the following effects shall not be considered as constituting a Material Adverse Effect: (i) general economic downturns, shifts in credit or capital market conditions, revisions in applicable accounting standards including GAAP, currency exchange fluctuations, and declines solely in the trading volume or market price of the Company’s common stock; and further, that for the purposes of clause (b), no such carveout exceptions will apply. In addition, if any event imposes both a broad financial impact and a direct impediment to the consummation of the transaction, only the financial impact may be mitigated by the carveouts, whereas any impairment specifically affecting the ability to consummate shall be fully recognized as a Material Adverse Effect. (Pages 45-47)
Choices: "
"138","Answer the following multiple choice question. The last line of your response should be of the following format: 'ANSWER: $LETTER' (without quotes) where LETTER is one of {letters}. Think step by step before answering.

{question}

{choices}

Instruction: Read the segment of a merger agreement and answer the multiple-choice question by choosing the option that best characterizes the agreement.
Question: Is the 'ability to consummate' concept subject to Material Adverse Effect carveouts?
Option A: No
Option B: Yes

Merger Agreement: ""Material Adverse Effect"" means any event, change, condition, or occurrence (each, an ""Effect"") that, whether occurring alone or in combination with other Effects, either (i) has had or would reasonably be expected to have a material adverse impact on the Company’s business operations, financial condition, or results of operations, or (ii) would, either directly or indirectly, prevent, delay, or materially impair the ability of the Company to consummate the transactions contemplated hereby. Notwithstanding the foregoing, and provided solely for effects arising under clause (i), the following shall not be treated as contributing to a Material Adverse Effect: (a) changes in general market conditions, industry-wide economic downturns, fluctuations in credit or capital markets, or alterations in applicable accounting standards that affect the Company in a manner similar to other industry participants; (b) regulatory or legislative changes not specific to the Company; and (c) adjustments due solely to public announcements relating to the execution or public disclosure of this Agreement. However, for clause (ii) relating to the consummation capability, no such exclusions shall apply, and any adverse change affecting the Company’s capacity to close the transaction shall be deemed, in its entirety, a Material Adverse Effect, regardless of any coinciding benign market conditions. In no event shall the carveouts specified in clauses (a) through (c) extend to effects that impair the Company’s ability to consummate the Transaction.
Choices: ","Fail","Answer the following multiple choice question. The last line of your response should be of the following format: 'ANSWER: $LETTER' (without quotes) where LETTER is one of {letters}. Think step by step before answering.

{question}

{choices}

Instruction: Read the segment of a merger agreement and answer the multiple-choice question by choosing the option that best characterizes the agreement.
Question: Is the “ability to consummate” provision subject to Material Adverse Effect carveouts?
Option A: No
Option B: Yes

Merger Agreement: “Company Material Adverse Effect” means any event, condition, change, or circumstance which, either individually or in aggregation with other such events occurring prior to the determination date, has or would reasonably be expected to have a material adverse effect on (a) the business, assets, liabilities, and operational results of the Company and its Subsidiaries, or (b) the Company’s ability to consummate the transactions contemplated hereby. Provided, however, that for purposes of clause (a), the following effects shall not be considered as constituting a Material Adverse Effect: (i) general economic downturns, shifts in credit or capital market conditions, revisions in applicable accounting standards including GAAP, currency exchange fluctuations, and declines solely in the trading volume or market price of the Company’s common stock; and further, that for the purposes of clause (b), no such carveout exceptions will apply. In addition, if any event imposes both a broad financial impact and a direct impediment to the consummation of the transaction, only the financial impact may be mitigated by the carveouts, whereas any impairment specifically affecting the ability to consummate shall be fully recognized as a Material Adverse Effect. (Pages 45-47)
Choices: "
"139","Answer the following multiple choice question. The last line of your response should be of the following format: 'ANSWER: $LETTER' (without quotes) where LETTER is one of {letters}. Think step by step before answering.

{question}

{choices}

Instruction: Read the segment of a merger agreement and answer the multiple-choice question by choosing the option that best characterizes the agreement.
Question: Is the 'ability to consummate' concept subject to Material Adverse Effect (MAE) carveouts?
Option A: No
Option B: Yes

Merger Agreement: ""Company Material Adverse Effect"" means any event, change, or occurrence that, individually or in the aggregate, has had or would be reasonably expected to have a material adverse effect on the overall business, assets, liabilities, financial condition, or operating results of the Company, including any circumstance that could materially impair or delay the ability of the Company to consummate the transactions contemplated by this Agreement. Notwithstanding the foregoing, no event shall be considered a Company Material Adverse Effect if it arises solely from: (i) fluctuations in general economic indicators or widespread market volatility affecting all companies in the industry; (ii) changes in governmental regulations or statutory interpretations, provided that such changes do not uniquely disadvantage the Company compared to its industry peers; (iii) alterations in generally accepted accounting practices subsequent to the execution of this Agreement; or (iv) force majeure events such as natural disasters, provided these do not specifically target or uniquely constrain the operational capacity of the Company to complete the merger. Furthermore, delays that occur merely because of the announcement or procedural pendency of this Agreement are expressly excluded from being regarded as a Material Adverse Effect. (Pages 12-14)
Choices: ","Fail","Answer the following multiple choice question. The last line of your response should be of the following format: 'ANSWER: $LETTER' (without quotes) where LETTER is one of {letters}. Think step by step before answering.

{question}

{choices}

Instruction: Read the segment of a merger agreement and answer the multiple-choice question by choosing the option that best characterizes the agreement.
Question: Is the “ability to consummate” provision subject to Material Adverse Effect carveouts?
Option A: No
Option B: Yes

Merger Agreement: “Company Material Adverse Effect” means any event, condition, change, or circumstance which, either individually or in aggregation with other such events occurring prior to the determination date, has or would reasonably be expected to have a material adverse effect on (a) the business, assets, liabilities, and operational results of the Company and its Subsidiaries, or (b) the Company’s ability to consummate the transactions contemplated hereby. Provided, however, that for purposes of clause (a), the following effects shall not be considered as constituting a Material Adverse Effect: (i) general economic downturns, shifts in credit or capital market conditions, revisions in applicable accounting standards including GAAP, currency exchange fluctuations, and declines solely in the trading volume or market price of the Company’s common stock; and further, that for the purposes of clause (b), no such carveout exceptions will apply. In addition, if any event imposes both a broad financial impact and a direct impediment to the consummation of the transaction, only the financial impact may be mitigated by the carveouts, whereas any impairment specifically affecting the ability to consummate shall be fully recognized as a Material Adverse Effect. (Pages 45-47)
Choices: "
"140","Answer the following multiple choice question. The last line of your response should be of the following format: 'ANSWER: $LETTER' (without quotes) where LETTER is one of {letters}. Think step by step before answering.

{question}

{choices}

Instruction: Read the segment of a merger agreement and answer the multiple-choice question by choosing the option that best characterizes the agreement.
Question: Is the 'ability to consummate' concept subject to Material Adverse Change carveouts?
Option A: No
Option B: Yes

Merger Agreement: ""Consolidated Adverse Impact"" means any effect, event, change or circumstance, whether occurring individually or cumulatively with other effects, that is reasonably expected to have a material adverse impact on the business operations, financial condition, assets, or results of operations of the Company and its Subsidiaries. Provided, however, that (i) any impact arising solely from general economic fluctuations, regulatory changes, legislative modifications, or force majeure events (including natural disasters, pandemics, or terrorism) shall not be deemed to constitute a Consolidated Adverse Impact if such impacts are industry-wide and non-disproportionate; (ii) any event or change that exclusively affects the structural timing, logistical framework, or procedural aspects of consummating the transaction—without affecting the underlying business fundamentals—shall be expressly excluded from this definition; and (iii) any adverse effect resulting from actions expressly approved in writing by the Company's Board prior to occurrence shall also be excluded. Accordingly, any change that solely impacts the Company's ability to consummate the transaction is not considered part of a Consolidated Adverse Impact.
Choices: ","Fail","Answer the following multiple choice question. The last line of your response should be of the following format: 'ANSWER: $LETTER' (without quotes) where LETTER is one of {letters}. Think step by step before answering.

{question}

{choices}

Instruction: Read the segment of a merger agreement and answer the multiple-choice question by choosing the option that best characterizes the agreement.
Question: Is the “ability to consummate” provision subject to Material Adverse Effect carveouts?
Option A: No
Option B: Yes

Merger Agreement: “Company Material Adverse Effect” means any event, condition, change, or circumstance which, either individually or in aggregation with other such events occurring prior to the determination date, has or would reasonably be expected to have a material adverse effect on (a) the business, assets, liabilities, and operational results of the Company and its Subsidiaries, or (b) the Company’s ability to consummate the transactions contemplated hereby. Provided, however, that for purposes of clause (a), the following effects shall not be considered as constituting a Material Adverse Effect: (i) general economic downturns, shifts in credit or capital market conditions, revisions in applicable accounting standards including GAAP, currency exchange fluctuations, and declines solely in the trading volume or market price of the Company’s common stock; and further, that for the purposes of clause (b), no such carveout exceptions will apply. In addition, if any event imposes both a broad financial impact and a direct impediment to the consummation of the transaction, only the financial impact may be mitigated by the carveouts, whereas any impairment specifically affecting the ability to consummate shall be fully recognized as a Material Adverse Effect. (Pages 45-47)
Choices: "
"141","Answer the following multiple choice question. The last line of your response should be of the following format: 'ANSWER: $LETTER' (without quotes) where LETTER is one of {letters}. Think step by step before answering.

{question}

{choices}

Instruction: Read the provided segment from a merger agreement and answer the multiple-choice question by selecting the option that best reflects the agreement.
Question: Is the “ability to consummate” concept subject to Material Adverse Effect carveouts?
Option A: No
Option B: Yes

Merger Agreement: “Company Material Adverse Effect” shall mean any event, change, or condition that, alone or in aggregate with prior occurrences, would reasonably be expected to have a material adverse effect on the business, financial condition, or prospects of the Company and its Subsidiaries, or that would materially delay or impair the ability of the Company to consummate the proposed transaction. For purposes of this definition, the following shall not be regarded as constituting a Company Material Adverse Effect: (i) general adverse effects arising from fluctuations in the overall economic or industry-specific conditions; (ii) changes in statutes, accounting standards, or regulatory policies that affect all companies uniformly; (iii) volatility in market pricing or credit ratings that does not stem from underlying operational deficiencies; and (iv) effects resulting solely from force majeure events such as natural disasters or broadly applicable geopolitical tensions. However, it is expressly provided that no such carveout applies to any factor that directly impacts the ability of the Company to consummate the transaction, which shall remain fully subject to adverse effect scrutiny.

(Page 15)
Choices: ","Fail","Answer the following multiple choice question. The last line of your response should be of the following format: 'ANSWER: $LETTER' (without quotes) where LETTER is one of {letters}. Think step by step before answering.

{question}

{choices}

Instruction: Read the segment of a merger agreement and answer the multiple-choice question by choosing the option that best characterizes the agreement.
Question: Is the “ability to consummate” provision subject to Material Adverse Effect carveouts?
Option A: No
Option B: Yes

Merger Agreement: “Company Material Adverse Effect” means any event, condition, change, or circumstance which, either individually or in aggregation with other such events occurring prior to the determination date, has or would reasonably be expected to have a material adverse effect on (a) the business, assets, liabilities, and operational results of the Company and its Subsidiaries, or (b) the Company’s ability to consummate the transactions contemplated hereby. Provided, however, that for purposes of clause (a), the following effects shall not be considered as constituting a Material Adverse Effect: (i) general economic downturns, shifts in credit or capital market conditions, revisions in applicable accounting standards including GAAP, currency exchange fluctuations, and declines solely in the trading volume or market price of the Company’s common stock; and further, that for the purposes of clause (b), no such carveout exceptions will apply. In addition, if any event imposes both a broad financial impact and a direct impediment to the consummation of the transaction, only the financial impact may be mitigated by the carveouts, whereas any impairment specifically affecting the ability to consummate shall be fully recognized as a Material Adverse Effect. (Pages 45-47)
Choices: "
"142","Answer the following multiple choice question. The last line of your response should be of the following format: 'ANSWER: $LETTER' (without quotes) where LETTER is one of {letters}. Think step by step before answering.

{question}

{choices}

Instruction: Read the segment of a merger agreement and answer the multiple-choice question by choosing the option that best characterizes the agreement.

Question: Is the “ability to consummate” concept subject to Material Adverse Effect (MAE) carveouts?
Option A: No
Option B: Yes

Merger Agreement: 
“Material Adverse Effect” means any event, condition, development or change that, individually or in aggregate, has had or would reasonably be expected to have a material adverse effect on the business, financial condition, assets, liabilities or operations of the Company and its Subsidiaries. Notwithstanding the foregoing, the determination of a Material Adverse Effect shall exclude, by way of carveout, any effect arising solely from: (i) general economic conditions, (ii) market-wide fluctuations affecting all companies in the industry, (iii) changes in applicable accounting principles or GAAP, and (iv) any delays, disruptions or nonperformance that are expressly approved in writing by the Parent. Furthermore, with regard to the specific “ability to consummate” the transactions contemplated herein, such ability shall be treated as a standalone concept and is expressly excluded from any MAE carveout analysis. The parties agree that no deferment, interruption or delay in consummating the transactions—unless directly attributable to any material breach or unapproved action—shall be deemed a Component of a Material Adverse Effect.


Choices: ","Fail","Answer the following multiple choice question. The last line of your response should be of the following format: 'ANSWER: $LETTER' (without quotes) where LETTER is one of {letters}. Think step by step before answering.

{question}

{choices}

Instruction: Read the segment of a merger agreement and answer the multiple-choice question by choosing the option that best characterizes the agreement.
Question: Is the “ability to consummate” provision subject to Material Adverse Effect carveouts?
Option A: No
Option B: Yes

Merger Agreement: “Company Material Adverse Effect” means any event, condition, change, or circumstance which, either individually or in aggregation with other such events occurring prior to the determination date, has or would reasonably be expected to have a material adverse effect on (a) the business, assets, liabilities, and operational results of the Company and its Subsidiaries, or (b) the Company’s ability to consummate the transactions contemplated hereby. Provided, however, that for purposes of clause (a), the following effects shall not be considered as constituting a Material Adverse Effect: (i) general economic downturns, shifts in credit or capital market conditions, revisions in applicable accounting standards including GAAP, currency exchange fluctuations, and declines solely in the trading volume or market price of the Company’s common stock; and further, that for the purposes of clause (b), no such carveout exceptions will apply. In addition, if any event imposes both a broad financial impact and a direct impediment to the consummation of the transaction, only the financial impact may be mitigated by the carveouts, whereas any impairment specifically affecting the ability to consummate shall be fully recognized as a Material Adverse Effect. (Pages 45-47)
Choices: "
"143","Answer the following multiple choice question. The last line of your response should be of the following format: 'ANSWER: $LETTER' (without quotes) where LETTER is one of {letters}. Think step by step before answering.

{question}

{choices}

Instruction: Read the below segment of a merger agreement and answer the multiple-choice question by choosing the option that best characterizes the agreement.

Question: Is the “ability to consummate” the transaction subject to Material Adverse Effect (MAE) carveouts?
Option A: No
Option B: Yes

Merger Agreement: “Aggregate Adverse Impact” means any event, condition, or change that (a) has, or would reasonably be expected to have, a material adverse impact on the business, financial condition, or results of operations of the Company and its Subsidiaries, including any factor that prevents, delays, or otherwise impairs the ability of the Company to consummate the Transactions contemplated hereby; provided, however, that for purposes of clause (a), any adverse impact arising solely from (i) general economic downturns affecting the industry uniformly, (ii) post-Agreement changes in universally applied accounting standards, or (iii) nationwide regulatory reforms impacting all market participants equally, shall not be deemed to constitute a Material Adverse Effect. Notwithstanding the foregoing, any impairment to the ability to consummate arising from firm-specific operational failures or breaches of key contractual obligations shall be treated as a Material Adverse Effect without exception. (Page X)
Choices: ","Fail","Answer the following multiple choice question. The last line of your response should be of the following format: 'ANSWER: $LETTER' (without quotes) where LETTER is one of {letters}. Think step by step before answering.

{question}

{choices}

Instruction: Read the segment of a merger agreement and answer the multiple-choice question by choosing the option that best characterizes the agreement.
Question: Is the “ability to consummate” provision subject to Material Adverse Effect carveouts?
Option A: No
Option B: Yes

Merger Agreement: “Company Material Adverse Effect” means any event, condition, change, or circumstance which, either individually or in aggregation with other such events occurring prior to the determination date, has or would reasonably be expected to have a material adverse effect on (a) the business, assets, liabilities, and operational results of the Company and its Subsidiaries, or (b) the Company’s ability to consummate the transactions contemplated hereby. Provided, however, that for purposes of clause (a), the following effects shall not be considered as constituting a Material Adverse Effect: (i) general economic downturns, shifts in credit or capital market conditions, revisions in applicable accounting standards including GAAP, currency exchange fluctuations, and declines solely in the trading volume or market price of the Company’s common stock; and further, that for the purposes of clause (b), no such carveout exceptions will apply. In addition, if any event imposes both a broad financial impact and a direct impediment to the consummation of the transaction, only the financial impact may be mitigated by the carveouts, whereas any impairment specifically affecting the ability to consummate shall be fully recognized as a Material Adverse Effect. (Pages 45-47)
Choices: "
"144","Answer the following multiple choice question. The last line of your response should be of the following format: 'ANSWER: $LETTER' (without quotes) where LETTER is one of {letters}. Think step by step before answering.

{question}

{choices}

Instruction: Read the segment of a merger agreement and answer the multiple-choice question by choosing the option that best characterizes the agreement.
Question: Is the “ability to consummate” concept subject to Material Adverse Effect (MAE) carveouts?
Option A: No
Option B: Yes

Merger Agreement: ""Material Adverse Effect"" means any event, circumstance, or change that, individually or in aggregate, materially impairs the financial condition, operational capabilities, or the ability to consummate the transaction contemplated by this Agreement. Notwithstanding the comprehensive carveouts provided herein—including exclusions for (i) general market fluctuations, (ii) changes in applicable laws or accounting standards occurring after the date of this Agreement, (iii) natural disasters such as earthquakes, hurricanes, or pandemics, and (iv) industry-wide economic downturns—any effect that directly diminishes the Company's ability to consummate the transaction is expressly excluded from these carveouts and will be treated as a Material Adverse Effect. (Pages 12-13)
Choices: ","Fail","Answer the following multiple choice question. The last line of your response should be of the following format: 'ANSWER: $LETTER' (without quotes) where LETTER is one of {letters}. Think step by step before answering.

{question}

{choices}

Instruction: Read the segment of a merger agreement and answer the multiple-choice question by choosing the option that best characterizes the agreement.
Question: Is the “ability to consummate” provision subject to Material Adverse Effect carveouts?
Option A: No
Option B: Yes

Merger Agreement: “Company Material Adverse Effect” means any event, condition, change, or circumstance which, either individually or in aggregation with other such events occurring prior to the determination date, has or would reasonably be expected to have a material adverse effect on (a) the business, assets, liabilities, and operational results of the Company and its Subsidiaries, or (b) the Company’s ability to consummate the transactions contemplated hereby. Provided, however, that for purposes of clause (a), the following effects shall not be considered as constituting a Material Adverse Effect: (i) general economic downturns, shifts in credit or capital market conditions, revisions in applicable accounting standards including GAAP, currency exchange fluctuations, and declines solely in the trading volume or market price of the Company’s common stock; and further, that for the purposes of clause (b), no such carveout exceptions will apply. In addition, if any event imposes both a broad financial impact and a direct impediment to the consummation of the transaction, only the financial impact may be mitigated by the carveouts, whereas any impairment specifically affecting the ability to consummate shall be fully recognized as a Material Adverse Effect. (Pages 45-47)
Choices: "
"145","Answer the following multiple choice question. The last line of your response should be of the following format: 'ANSWER: $LETTER' (without quotes) where LETTER is one of {letters}. Think step by step before answering.

{question}

{choices}

Instruction: Read the excerpt from the Acquisition Agreement and answer the multiple-choice question by choosing the option that best characterizes the Agreement.
Question: Is the “ability to consummate” concept subject to Material Adverse Effect (MAE) carveouts?
Option A: No
Option B: Yes

Acquisition Agreement: ""Material Adverse Effect"" means any change, event, act or circumstance that, either individually or in the aggregate, materially adversely affects (i) the financial condition, operations, or assets of the Seller and its Affiliates, or (ii) the Seller’s ability to consummate the transactions contemplated by this Agreement. Notwithstanding the foregoing, no event shall be deemed a Material Adverse Effect if it arises solely from (a) general economic downturns, (b) market-wide fluctuations in credit or capital conditions, (c) changes in generally accepted accounting principles, or (d) any force majeure event including natural disasters or pandemics – provided, however, that none of the exceptions in this clause shall apply to any event that directly impairs the Seller’s ability to consummate the transactions. Additionally, any event approved in writing by the Parent shall be excluded from this definition, except when such an event specifically disrupts the consummation process. (Pages 12-14)
Choices: ","Fail","Answer the following multiple choice question. The last line of your response should be of the following format: 'ANSWER: $LETTER' (without quotes) where LETTER is one of {letters}. Think step by step before answering.

{question}

{choices}

Instruction: Read the segment of a merger agreement and answer the multiple-choice question by choosing the option that best characterizes the agreement.
Question: Is the “ability to consummate” provision subject to Material Adverse Effect carveouts?
Option A: No
Option B: Yes

Merger Agreement: “Company Material Adverse Effect” means any event, condition, change, or circumstance which, either individually or in aggregation with other such events occurring prior to the determination date, has or would reasonably be expected to have a material adverse effect on (a) the business, assets, liabilities, and operational results of the Company and its Subsidiaries, or (b) the Company’s ability to consummate the transactions contemplated hereby. Provided, however, that for purposes of clause (a), the following effects shall not be considered as constituting a Material Adverse Effect: (i) general economic downturns, shifts in credit or capital market conditions, revisions in applicable accounting standards including GAAP, currency exchange fluctuations, and declines solely in the trading volume or market price of the Company’s common stock; and further, that for the purposes of clause (b), no such carveout exceptions will apply. In addition, if any event imposes both a broad financial impact and a direct impediment to the consummation of the transaction, only the financial impact may be mitigated by the carveouts, whereas any impairment specifically affecting the ability to consummate shall be fully recognized as a Material Adverse Effect. (Pages 45-47)
Choices: "
"146","Answer the following multiple choice question. The last line of your response should be of the following format: 'ANSWER: $LETTER' (without quotes) where LETTER is one of {letters}. Think step by step before answering.

{question}

{choices}

Instruction: Read the following segment of a merger agreement and answer the multiple-choice question by choosing the option that best characterizes the agreement.

Question: Is the “ability to consummate” concept subject to the carveout exceptions set forth in the agreement?
Option A: No
Option B: Yes

Merger Agreement Segment:
“Business Material Impact” means any event, change, condition or occurrence which, either individually or in the aggregate with similar events, has had or would reasonably be expected to have a material adverse effect on the Company’s overall operations, financial condition, or its ability to consummate the Transaction. Notwithstanding the foregoing, with respect to certain non-operational risks, the following factors shall be excluded from being deemed a Business Material Impact: (i) adjustments arising solely from updates to generally accepted accounting principles; (ii) fluctuations due to general economic or industry‐wide trends affecting all market participants; (iii) changes in foreign exchange rates where such changes uniformly affect the industry.

However, it is expressly provided that the impairment of the Company’s ability to consummate the Transaction is not subject to the aforementioned carveout exceptions unless the adverse effect has been demonstrated to be disproportionate compared to similarly situated companies in the market. In other words, while general market and accounting adjustments are excluded, any impairment to the consummation capability itself will be evaluated on its full merits without benefiting from such carveouts unless exceptional disproportionality is proven.

Choices: ","Fail","Answer the following multiple choice question. The last line of your response should be of the following format: 'ANSWER: $LETTER' (without quotes) where LETTER is one of {letters}. Think step by step before answering.

{question}

{choices}

Instruction: Read the segment of a merger agreement and answer the multiple-choice question by choosing the option that best characterizes the agreement.
Question: Is the “ability to consummate” provision subject to Material Adverse Effect carveouts?
Option A: No
Option B: Yes

Merger Agreement: “Company Material Adverse Effect” means any event, condition, change, or circumstance which, either individually or in aggregation with other such events occurring prior to the determination date, has or would reasonably be expected to have a material adverse effect on (a) the business, assets, liabilities, and operational results of the Company and its Subsidiaries, or (b) the Company’s ability to consummate the transactions contemplated hereby. Provided, however, that for purposes of clause (a), the following effects shall not be considered as constituting a Material Adverse Effect: (i) general economic downturns, shifts in credit or capital market conditions, revisions in applicable accounting standards including GAAP, currency exchange fluctuations, and declines solely in the trading volume or market price of the Company’s common stock; and further, that for the purposes of clause (b), no such carveout exceptions will apply. In addition, if any event imposes both a broad financial impact and a direct impediment to the consummation of the transaction, only the financial impact may be mitigated by the carveouts, whereas any impairment specifically affecting the ability to consummate shall be fully recognized as a Material Adverse Effect. (Pages 45-47)
Choices: "
"147","Answer the following multiple choice question. The last line of your response should be of the following format: 'ANSWER: $LETTER' (without quotes) where LETTER is one of {letters}. Think step by step before answering.

{question}

{choices}

Instruction: Read the following segment of a merger agreement and answer the multiple-choice question by choosing the option that best characterizes the agreement.

Question: Is the ""ability to consummate"" concept subject to Material Adverse Effect (MAE) carveouts?
Option A: No
Option B: Yes

Merger Agreement: ""Material Adverse Effect"" means any change, event, condition or circumstance that, either individually or in aggregate, (i) materially impairs, delays or prevents the consolidated ability of the Company and its Subsidiaries to consummate the transactions contemplated herein, or (ii) adversely impacts the financial condition, operational results or future prospects of the Company and its Subsidiaries. Notwithstanding the foregoing, for purposes of clause (i) only, (a) any adverse effects arising from general economic downturns, fluctuations in capital markets affecting interest or exchange rates, or changes in governmental regulatory policies shall not be considered as impairing the ability to consummate, except where such effects disproportionately and incrementally hinder the transaction relative to industry peers; and (b) any delays caused by internal approvals or actions that have been expressly pre-approved in writing by the Parent shall likewise be excluded. Furthermore, any changes solely related to revisions in accounting interpretations or subsequent reclassifications that impact pro forma results are to be disregarded. However, if a contemplated action yields a legislative or judicial determination that the consolidated ability to consummate is impaired, regardless of any pre-approved actions, such effect will be included in the MAE analysis. (Pages 12-14)
Choices: ","Fail","Answer the following multiple choice question. The last line of your response should be of the following format: 'ANSWER: $LETTER' (without quotes) where LETTER is one of {letters}. Think step by step before answering.

{question}

{choices}

Instruction: Read the segment of a merger agreement and answer the multiple-choice question by choosing the option that best characterizes the agreement.
Question: Is the “ability to consummate” provision subject to Material Adverse Effect carveouts?
Option A: No
Option B: Yes

Merger Agreement: “Company Material Adverse Effect” means any event, condition, change, or circumstance which, either individually or in aggregation with other such events occurring prior to the determination date, has or would reasonably be expected to have a material adverse effect on (a) the business, assets, liabilities, and operational results of the Company and its Subsidiaries, or (b) the Company’s ability to consummate the transactions contemplated hereby. Provided, however, that for purposes of clause (a), the following effects shall not be considered as constituting a Material Adverse Effect: (i) general economic downturns, shifts in credit or capital market conditions, revisions in applicable accounting standards including GAAP, currency exchange fluctuations, and declines solely in the trading volume or market price of the Company’s common stock; and further, that for the purposes of clause (b), no such carveout exceptions will apply. In addition, if any event imposes both a broad financial impact and a direct impediment to the consummation of the transaction, only the financial impact may be mitigated by the carveouts, whereas any impairment specifically affecting the ability to consummate shall be fully recognized as a Material Adverse Effect. (Pages 45-47)
Choices: "
"148","Answer the following multiple choice question. The last line of your response should be of the following format: 'ANSWER: $LETTER' (without quotes) where LETTER is one of {letters}. Think step by step before answering.

{question}

{choices}

Instruction: Read the segment of the merger agreement and answer the multiple-choice question by choosing the option that best characterizes the agreement.
Question: Is the “ability to consummate” concept subject to Material Adverse Effect carveouts?
Option A: No
Option B: Yes

Merger Agreement:
“Material Detrimental Event” means any event, condition, change or development that, either in isolation or in aggregate, (i) has resulted in or would reasonably be expected to result in a material deterioration in the financial condition, business, operations or prospects of the Company and its Subsidiaries, or (ii) would, absent any exceptions set forth herein, materially impair, delay or prevent the Company’s ability to consummate the transactions contemplated by this Agreement. For purposes of this definition, however, no event shall be deemed a Material Detrimental Event if the event is attributable solely to: (a) a prolonged downturn in general economic conditions; (b) regulatory changes that affect all competitors uniformly; (c) fluctuations in market interest rates, exchange rates or trading volumes; or (d) force majeure events, including but not limited to hurricanes, earthquakes, or pandemics, provided that such events result only in temporary or marginal disruptions of normal operations. Notably, when assessing whether an impairment of the ability to consummate is material, any effect arising solely under clause (d) (force majeure events) shall be excluded from such consideration.

Answer:
Choices: ","Fail","Answer the following multiple choice question. The last line of your response should be of the following format: 'ANSWER: $LETTER' (without quotes) where LETTER is one of {letters}. Think step by step before answering.

{question}

{choices}

Instruction: Read the segment of a merger agreement and answer the multiple-choice question by choosing the option that best characterizes the agreement.
Question: Is the “ability to consummate” provision subject to Material Adverse Effect carveouts?
Option A: No
Option B: Yes

Merger Agreement: “Company Material Adverse Effect” means any event, condition, change, or circumstance which, either individually or in aggregation with other such events occurring prior to the determination date, has or would reasonably be expected to have a material adverse effect on (a) the business, assets, liabilities, and operational results of the Company and its Subsidiaries, or (b) the Company’s ability to consummate the transactions contemplated hereby. Provided, however, that for purposes of clause (a), the following effects shall not be considered as constituting a Material Adverse Effect: (i) general economic downturns, shifts in credit or capital market conditions, revisions in applicable accounting standards including GAAP, currency exchange fluctuations, and declines solely in the trading volume or market price of the Company’s common stock; and further, that for the purposes of clause (b), no such carveout exceptions will apply. In addition, if any event imposes both a broad financial impact and a direct impediment to the consummation of the transaction, only the financial impact may be mitigated by the carveouts, whereas any impairment specifically affecting the ability to consummate shall be fully recognized as a Material Adverse Effect. (Pages 45-47)
Choices: "
"149","Answer the following multiple choice question. The last line of your response should be of the following format: 'ANSWER: $LETTER' (without quotes) where LETTER is one of {letters}. Think step by step before answering.

{question}

{choices}

Instruction: Read the excerpt from a merger agreement and answer the multiple-choice question by choosing the option that best characterizes the agreement.
Question: Is the “ability to consummate” concept subject to Material Adverse Effect (MAE) carveouts?
Option A: No
Option B: Yes

Merger Agreement excerpt: ""Adjusted Material Adverse Effect"" means any change, event or circumstance that, either individually or in aggregate with all other such occurrences, has or would reasonably be expected to impair or materially delay the ability of the Company or its Affiliates to consummate the transactions contemplated by this Agreement. However, notwithstanding the foregoing, for the purpose of determining an Adjusted Material Adverse Effect, no event, change or circumstance shall be deemed to constitute such effect if it is solely attributable to: (i) general economic downturns or fluctuations in global capital markets; (ii) routine variances from internal budgetary or forecast expectations; or (iii) changes in applicable accounting principles or regulatory shifts which affect all players uniformly in the industry. For any event not falling solely within one of the exceptions above, its incremental impact on the ability to consummate shall be fully taken into account in determining an Adjusted Material Adverse Effect. (Page 12)""
Choices: ","Fail","Answer the following multiple choice question. The last line of your response should be of the following format: 'ANSWER: $LETTER' (without quotes) where LETTER is one of {letters}. Think step by step before answering.

{question}

{choices}

Instruction: Read the segment of a merger agreement and answer the multiple-choice question by choosing the option that best characterizes the agreement.
Question: Is the “ability to consummate” provision subject to Material Adverse Effect carveouts?
Option A: No
Option B: Yes

Merger Agreement: “Company Material Adverse Effect” means any event, condition, change, or circumstance which, either individually or in aggregation with other such events occurring prior to the determination date, has or would reasonably be expected to have a material adverse effect on (a) the business, assets, liabilities, and operational results of the Company and its Subsidiaries, or (b) the Company’s ability to consummate the transactions contemplated hereby. Provided, however, that for purposes of clause (a), the following effects shall not be considered as constituting a Material Adverse Effect: (i) general economic downturns, shifts in credit or capital market conditions, revisions in applicable accounting standards including GAAP, currency exchange fluctuations, and declines solely in the trading volume or market price of the Company’s common stock; and further, that for the purposes of clause (b), no such carveout exceptions will apply. In addition, if any event imposes both a broad financial impact and a direct impediment to the consummation of the transaction, only the financial impact may be mitigated by the carveouts, whereas any impairment specifically affecting the ability to consummate shall be fully recognized as a Material Adverse Effect. (Pages 45-47)
Choices: "
