"index","question","result","failed_on"
"0","Answer the following multiple choice question. The entire content of your response should be of the following format: 'ANSWER: $LETTER' (without quotes) where LETTER is one of {letters}.

{question}

{choices}

Instruction: Read the following excerpt from a merger agreement and answer the multiple-choice question by choosing the option that best characterizes the timing for when the representations and warranties must be reaffirmed according to the bring down provision.

Question: Based on the provisions below, at which points must the representations and warranties be accurate and/or reaffirmed?

Option A: Solely as of the Closing Date
Option B: Only at the Effective Time and again at Closing
Option C: As of the Agreement date with subsequent confirmation at the Closing Date

Merger Agreement Excerpt: Section 8.5 Conditions Precedent for Merger Completion. The Merger shall be subject to the condition that all representations and warranties provided by the Company, except those expressly limited to a specific historical reference, shall be accurate as of the date of this Agreement. They are required to be maintained in true and correct form at the Effective Time. Furthermore, any deviation observed after the Effective Time but before the Closing Date must be rectified so that, by the Closing Date, such representations and warranties reflect the status as though verified at Closing. (Refer to Exhibit B for additional qualification timelines.)
Choices: ","Pass",""
"1","Answer the following multiple choice question. The entire content of your response should be of the following format: 'ANSWER: $LETTER' (without quotes) where LETTER is one of {letters}.

{question}

{choices}

Instruction: Read the segment of a definitive purchase agreement below and answer the multiple-choice question by choosing the option that best reflects the timing requirements for representations and warranties.

Question: According to the following excerpts, when must the Seller’s representations and warranties be true and correct?
Option A: Only at the Closing Date
Option B: At both Execution (the date hereof) and at the Closing Date

Definitive Purchase Agreement Excerpts:
Section 10.3 Conditions Precedent. It is a condition precedent to the Buyer’s obligations that all representations and warranties of the Seller shall be true and correct as of the Closing Date. However, any representation expressly made as of the date hereof shall be deemed to satisfy this condition at the time of execution of this Agreement.

Section 12.4 Affirmations and Covenants. The parties acknowledge that the representations and warranties set forth in Article III must not only be accurate on the date of execution of this Agreement but are required to be updated and remain in full force and effect as of the Closing Date, as if made anew at that time.

Text ends.
Choices: ","Fail","Answer the following multiple choice question. The entire content of your response should be of the following format: 'ANSWER: $LETTER' (without quotes) where LETTER is one of {letters}.

{question}

{choices}

Instruction: Read the following excerpt from a merger agreement and answer the multiple-choice question by choosing the option that best characterizes the timing for when the representations and warranties must be reaffirmed according to the bring down provision.

Question: Based on the provisions below, at which points must the representations and warranties be accurate and/or reaffirmed?

Option A: Solely as of the Closing Date
Option B: Only at the Effective Time and again at Closing
Option C: As of the Agreement date with subsequent confirmation at the Closing Date

Merger Agreement Excerpt: Section 8.5 Conditions Precedent for Merger Completion. The Merger shall be subject to the condition that all representations and warranties provided by the Company, except those expressly limited to a specific historical reference, shall be accurate as of the date of this Agreement. They are required to be maintained in true and correct form at the Effective Time. Furthermore, any deviation observed after the Effective Time but before the Closing Date must be rectified so that, by the Closing Date, such representations and warranties reflect the status as though verified at Closing. (Refer to Exhibit B for additional qualification timelines.)
Choices: "
"2","Answer the following multiple choice question. The entire content of your response should be of the following format: 'ANSWER: $LETTER' (without quotes) where LETTER is one of {letters}.

{question}

{choices}

Instruction: Read the following segments of a merger agreement and answer the multiple-choice question by choosing the option that best characterizes when the Company's representations and warranties are required to be confirmed.
Question: According to the bring down provision, when must the Company's representations and warranties be verified?
Option A: At Closing Only
Option B: At Signing & At Closing

Merger Agreement:
Section 10.3 – Closing Conditions:
""The Company’s representations and warranties shall be deemed accurate and effective as of the Closing Date. Any representation that is expressly made as of the Agreement Date shall require verification only for that specific date; all other representations need not be reconfirmed until Closing."" (Page 45)

Section 12.5 – Pre-Closing Verification:
""Notwithstanding the provisions of Section 10.3, all representations and warranties not expressly limited to a specific date must be continuously verified from the date of this Agreement until the Closing Date. Accordingly, a certificate affirming their accuracy must be delivered at the Signing Date, and the representations reaffirmed at the Closing Date to ensure no material adverse changes have occurred."" (Page 98)

Answer:
Choices: ","Fail","Answer the following multiple choice question. The entire content of your response should be of the following format: 'ANSWER: $LETTER' (without quotes) where LETTER is one of {letters}.

{question}

{choices}

Instruction: Read the following excerpt from a merger agreement and answer the multiple-choice question by choosing the option that best characterizes the timing for when the representations and warranties must be reaffirmed according to the bring down provision.

Question: Based on the provisions below, at which points must the representations and warranties be accurate and/or reaffirmed?

Option A: Solely as of the Closing Date
Option B: Only at the Effective Time and again at Closing
Option C: As of the Agreement date with subsequent confirmation at the Closing Date

Merger Agreement Excerpt: Section 8.5 Conditions Precedent for Merger Completion. The Merger shall be subject to the condition that all representations and warranties provided by the Company, except those expressly limited to a specific historical reference, shall be accurate as of the date of this Agreement. They are required to be maintained in true and correct form at the Effective Time. Furthermore, any deviation observed after the Effective Time but before the Closing Date must be rectified so that, by the Closing Date, such representations and warranties reflect the status as though verified at Closing. (Refer to Exhibit B for additional qualification timelines.)
Choices: "
"3","Answer the following multiple choice question. The entire content of your response should be of the following format: 'ANSWER: $LETTER' (without quotes) where LETTER is one of {letters}.

{question}

{choices}

Instruction: Read the following excerpts from a merger agreement and answer the multiple-choice question by choosing the option that best describes when the representations and warranties are required to be made according to the bring down provision.
Question: Based on the provided merger agreement segments, when must the representations and warranties be made?
Option A: At Closing Only
Option B: At Signing & At Closing

Merger Agreement Excerpt 1 (Section 10.1. Pre-Closing Conditions): ""The Seller hereby represents and warrants that all information provided shall be accurate as of the execution date of this Agreement, and unless a representation is expressly fixed to a specific date, such representations shall be reaffirmed and remain true as of the Closing Date.""

Merger Agreement Excerpt 2 (Section 11.3. Material Representations): ""All material representations and warranties not expressly made as of a predetermined date (for example, June 1, 2023) are to be relied upon as being accurate only as of the Closing Date, regardless of any earlier representations furnished.""

Answer:
Choices: ","Fail","Answer the following multiple choice question. The entire content of your response should be of the following format: 'ANSWER: $LETTER' (without quotes) where LETTER is one of {letters}.

{question}

{choices}

Instruction: Read the following excerpt from a merger agreement and answer the multiple-choice question by choosing the option that best characterizes the timing for when the representations and warranties must be reaffirmed according to the bring down provision.

Question: Based on the provisions below, at which points must the representations and warranties be accurate and/or reaffirmed?

Option A: Solely as of the Closing Date
Option B: Only at the Effective Time and again at Closing
Option C: As of the Agreement date with subsequent confirmation at the Closing Date

Merger Agreement Excerpt: Section 8.5 Conditions Precedent for Merger Completion. The Merger shall be subject to the condition that all representations and warranties provided by the Company, except those expressly limited to a specific historical reference, shall be accurate as of the date of this Agreement. They are required to be maintained in true and correct form at the Effective Time. Furthermore, any deviation observed after the Effective Time but before the Closing Date must be rectified so that, by the Closing Date, such representations and warranties reflect the status as though verified at Closing. (Refer to Exhibit B for additional qualification timelines.)
Choices: "
"4","Answer the following multiple choice question. The entire content of your response should be of the following format: 'ANSWER: $LETTER' (without quotes) where LETTER is one of {letters}.

{question}

{choices}

Instruction: Read the following segment of an asset purchase agreement and answer the multiple-choice question by choosing the option that best characterizes the timing requirement for the representations and warranties under the bring down provision.

Question: When are the representations and warranties required to be made according to the bring down provision?
Option A: At Closing Only
Option B: At Signing & At Closing

Asset Purchase Agreement Excerpts:

Section 10.5 Conditions Precedent: Except for representations specifically designated as 'as of the Signing Date' in Section 11.3, all representations and warranties set forth in Section 11.1 shall be true and correct as of the Closing Date.

Section 11.2 Additional Warranties: For purposes of this Agreement, the effective time for any representation and warranty not expressly qualified with an as-of date shall be deemed the earlier of the Signing Date and the Closing Date. However, the financial condition representations in Section 11.2(a) are evaluated solely as of the Closing Date.

Section 12.1 Conditions of the Offer: Any representation not explicitly identified with a specific assessment date shall be deemed as made at the Offer Acceptance Time, which, in this Agreement, coincides with the Signing Date. Notably, representations regarding regulatory compliance in Section 12.3 must be affirmed both at Signing and subsequently as of the Closing Date.
Choices: ","Fail","Answer the following multiple choice question. The entire content of your response should be of the following format: 'ANSWER: $LETTER' (without quotes) where LETTER is one of {letters}.

{question}

{choices}

Instruction: Read the following excerpt from a merger agreement and answer the multiple-choice question by choosing the option that best characterizes the timing for when the representations and warranties must be reaffirmed according to the bring down provision.

Question: Based on the provisions below, at which points must the representations and warranties be accurate and/or reaffirmed?

Option A: Solely as of the Closing Date
Option B: Only at the Effective Time and again at Closing
Option C: As of the Agreement date with subsequent confirmation at the Closing Date

Merger Agreement Excerpt: Section 8.5 Conditions Precedent for Merger Completion. The Merger shall be subject to the condition that all representations and warranties provided by the Company, except those expressly limited to a specific historical reference, shall be accurate as of the date of this Agreement. They are required to be maintained in true and correct form at the Effective Time. Furthermore, any deviation observed after the Effective Time but before the Closing Date must be rectified so that, by the Closing Date, such representations and warranties reflect the status as though verified at Closing. (Refer to Exhibit B for additional qualification timelines.)
Choices: "
"5","Answer the following multiple choice question. The entire content of your response should be of the following format: 'ANSWER: $LETTER' (without quotes) where LETTER is one of {letters}.

{question}

{choices}

Instruction: Read the segments of a merger agreement and answer the question by selecting the option that best characterizes when the representations and warranties must be re-affirmed under the bring down provision.
Question: According to the agreement, at what points must the Company's representations and warranties be re-affirmed?
Option A: At Closing Only
Option B: At Signing & At Closing

Merger Agreement: Section 8.4 Verification Condition. All representations and warranties provided by the Company, unless expressly stated to be tied to a specific historical date, shall be deemed accurate exclusively as of the Closing Date. (Page 95)

Merger Agreement: Section 12.3 Supplemental Verification. Notwithstanding the provisions of Section 8.4, any representation or warranty not expressly made as of a fixed historical date must be re-affirmed as of the Effective Date, which comprises both the signing date and the Closing Date, provided that such representations have been continuously maintained. (Page 110)
Choices: ","Fail","Answer the following multiple choice question. The entire content of your response should be of the following format: 'ANSWER: $LETTER' (without quotes) where LETTER is one of {letters}.

{question}

{choices}

Instruction: Read the following excerpt from a merger agreement and answer the multiple-choice question by choosing the option that best characterizes the timing for when the representations and warranties must be reaffirmed according to the bring down provision.

Question: Based on the provisions below, at which points must the representations and warranties be accurate and/or reaffirmed?

Option A: Solely as of the Closing Date
Option B: Only at the Effective Time and again at Closing
Option C: As of the Agreement date with subsequent confirmation at the Closing Date

Merger Agreement Excerpt: Section 8.5 Conditions Precedent for Merger Completion. The Merger shall be subject to the condition that all representations and warranties provided by the Company, except those expressly limited to a specific historical reference, shall be accurate as of the date of this Agreement. They are required to be maintained in true and correct form at the Effective Time. Furthermore, any deviation observed after the Effective Time but before the Closing Date must be rectified so that, by the Closing Date, such representations and warranties reflect the status as though verified at Closing. (Refer to Exhibit B for additional qualification timelines.)
Choices: "
"6","Answer the following multiple choice question. The entire content of your response should be of the following format: 'ANSWER: $LETTER' (without quotes) where LETTER is one of {letters}.

{question}

{choices}

Instruction: Read the segment of a stock purchase agreement and answer the multiple-choice question by choosing the option that best characterizes the bring down provision.
Question: When are representations and warranties required to be made according to the bring down provision?
Option A: At Closing Only
Option B: At Execution & At Closing

Stock Purchase Agreement: Clause 5.3 Conditions to Closing: ""All representations and warranties set forth in this Agreement shall be true and correct as of the Closing Date, except for any that are specifically designated as of the Execution Date."" (Page 12)

Stock Purchase Agreement: Clause 9.1 Additional Conditions: ""All representations and warranties not expressly subject to a date-specific condition shall be deemed to be made at the time of Execution and must remain true and correct at the Closing Date, as if re-stated on both dates."" (Page 27)
Choices: ","Fail","Answer the following multiple choice question. The entire content of your response should be of the following format: 'ANSWER: $LETTER' (without quotes) where LETTER is one of {letters}.

{question}

{choices}

Instruction: Read the following excerpt from a merger agreement and answer the multiple-choice question by choosing the option that best characterizes the timing for when the representations and warranties must be reaffirmed according to the bring down provision.

Question: Based on the provisions below, at which points must the representations and warranties be accurate and/or reaffirmed?

Option A: Solely as of the Closing Date
Option B: Only at the Effective Time and again at Closing
Option C: As of the Agreement date with subsequent confirmation at the Closing Date

Merger Agreement Excerpt: Section 8.5 Conditions Precedent for Merger Completion. The Merger shall be subject to the condition that all representations and warranties provided by the Company, except those expressly limited to a specific historical reference, shall be accurate as of the date of this Agreement. They are required to be maintained in true and correct form at the Effective Time. Furthermore, any deviation observed after the Effective Time but before the Closing Date must be rectified so that, by the Closing Date, such representations and warranties reflect the status as though verified at Closing. (Refer to Exhibit B for additional qualification timelines.)
Choices: "
"7","Answer the following multiple choice question. The entire content of your response should be of the following format: 'ANSWER: $LETTER' (without quotes) where LETTER is one of {letters}.

{question}

{choices}

Instruction: Review the following provisions of the merger agreement and determine when the representations and warranties are required to be made according to the bring down provisions.

Question: Based on the following excerpts, when must the representations and warranties be made?

Option A: At Closing Only
Option B: At Signing & At Closing

Merger Agreement Excerpts:

Section 8.1 – Conditions of Obligations of Seller: 
""The Seller’s representations and warranties as set forth in Article V shall be accurate and complete as of the execution date of this Agreement. These representations shall continue to be binding through the Closing Date unless explicitly limited by a qualification stating they apply solely as of the execution date.""

Section 9.5 – Conditions Precedent for Closing: 
""Notwithstanding any other provision in this Agreement, all representations and warranties contained in Article V shall be reaffirmed as of the Closing Date, as if made anew, except where a representation is expressly limited to be effective only as of the execution date of the Agreement.""

Analyze the provisions carefully and determine when the bring down of representations and warranties is required.
Choices: ","Fail","Answer the following multiple choice question. The entire content of your response should be of the following format: 'ANSWER: $LETTER' (without quotes) where LETTER is one of {letters}.

{question}

{choices}

Instruction: Read the following excerpt from a merger agreement and answer the multiple-choice question by choosing the option that best characterizes the timing for when the representations and warranties must be reaffirmed according to the bring down provision.

Question: Based on the provisions below, at which points must the representations and warranties be accurate and/or reaffirmed?

Option A: Solely as of the Closing Date
Option B: Only at the Effective Time and again at Closing
Option C: As of the Agreement date with subsequent confirmation at the Closing Date

Merger Agreement Excerpt: Section 8.5 Conditions Precedent for Merger Completion. The Merger shall be subject to the condition that all representations and warranties provided by the Company, except those expressly limited to a specific historical reference, shall be accurate as of the date of this Agreement. They are required to be maintained in true and correct form at the Effective Time. Furthermore, any deviation observed after the Effective Time but before the Closing Date must be rectified so that, by the Closing Date, such representations and warranties reflect the status as though verified at Closing. (Refer to Exhibit B for additional qualification timelines.)
Choices: "
"8","Answer the following multiple choice question. The entire content of your response should be of the following format: 'ANSWER: $LETTER' (without quotes) where LETTER is one of {letters}.

{question}

{choices}

Instruction: Read the following segment of a merger agreement and answer the multiple-choice question by choosing the option that best characterizes the agreement.

Question: According to the bring down provision, when are the representations and warranties required to be made?
Option A: At Execution Date Only
Option B: At Execution Date and at Effective Date

Merger Agreement: Section 8.4 Conditions for Obligations of Seller and Subs. The obligations to consummate the transaction are subject to the satisfaction of several conditions, including: (a) all representations and warranties provided by the Selling Entity shall be true and correct as of the Execution Date, with the understanding that any representations expressly made as of a designated date are only required to be accurate as of that specific date; (b) notwithstanding the foregoing, the representations and warranties detailed in Section 3.7 relating to recent material developments must be confirmed as of the Effective Date in order to ensure that no material adverse changes have occurred between the Execution Date and the Effective Date. (Page 110)
Choices: ","Fail","Answer the following multiple choice question. The entire content of your response should be of the following format: 'ANSWER: $LETTER' (without quotes) where LETTER is one of {letters}.

{question}

{choices}

Instruction: Read the following excerpt from a merger agreement and answer the multiple-choice question by choosing the option that best characterizes the timing for when the representations and warranties must be reaffirmed according to the bring down provision.

Question: Based on the provisions below, at which points must the representations and warranties be accurate and/or reaffirmed?

Option A: Solely as of the Closing Date
Option B: Only at the Effective Time and again at Closing
Option C: As of the Agreement date with subsequent confirmation at the Closing Date

Merger Agreement Excerpt: Section 8.5 Conditions Precedent for Merger Completion. The Merger shall be subject to the condition that all representations and warranties provided by the Company, except those expressly limited to a specific historical reference, shall be accurate as of the date of this Agreement. They are required to be maintained in true and correct form at the Effective Time. Furthermore, any deviation observed after the Effective Time but before the Closing Date must be rectified so that, by the Closing Date, such representations and warranties reflect the status as though verified at Closing. (Refer to Exhibit B for additional qualification timelines.)
Choices: "
"9","Answer the following multiple choice question. The entire content of your response should be of the following format: 'ANSWER: $LETTER' (without quotes) where LETTER is one of {letters}.

{question}

{choices}

Instruction: Read the segments of a merger agreement and answer the multiple-choice question by choosing the option that best characterizes the timing for representations and warranties as required by the bring down provision.
Question: When are the representations and warranties required to be made according to the bring down provision?
Option A: At Closing Only
Option B: At Signing & At Closing

Merger Agreement: Section 10.3 Conditions Precedent. The Seller’s representations and warranties set forth in Article IV shall be accurate and effective as of the Execution Date, and shall continue to be valid and enforceable at the Closing Date, except for those representations that expressly pertain to a particular historical fact, which need only be correct as of the Execution Date.

Merger Agreement: Section 12.1 Transaction Closing. Except for representations that specify a unique effective date, all representations and warranties provided in this Agreement are required to be true and unchanged as of the Closing Date, with the understanding that they were initially made at the time of Execution. For all purposes of this Agreement, the bring down provision mandates that, barring explicit date-specific exceptions, the representations and warranties must be confirmed at both signing and closing.
Choices: ","Fail","Answer the following multiple choice question. The entire content of your response should be of the following format: 'ANSWER: $LETTER' (without quotes) where LETTER is one of {letters}.

{question}

{choices}

Instruction: Read the following excerpt from a merger agreement and answer the multiple-choice question by choosing the option that best characterizes the timing for when the representations and warranties must be reaffirmed according to the bring down provision.

Question: Based on the provisions below, at which points must the representations and warranties be accurate and/or reaffirmed?

Option A: Solely as of the Closing Date
Option B: Only at the Effective Time and again at Closing
Option C: As of the Agreement date with subsequent confirmation at the Closing Date

Merger Agreement Excerpt: Section 8.5 Conditions Precedent for Merger Completion. The Merger shall be subject to the condition that all representations and warranties provided by the Company, except those expressly limited to a specific historical reference, shall be accurate as of the date of this Agreement. They are required to be maintained in true and correct form at the Effective Time. Furthermore, any deviation observed after the Effective Time but before the Closing Date must be rectified so that, by the Closing Date, such representations and warranties reflect the status as though verified at Closing. (Refer to Exhibit B for additional qualification timelines.)
Choices: "
"10","Answer the following multiple choice question. The entire content of your response should be of the following format: 'ANSWER: $LETTER' (without quotes) where LETTER is one of {letters}.

{question}

{choices}

Instruction: Read the segment of a transaction agreement and answer the multiple-choice question by choosing the option that best characterizes the timing of the representations and warranties according to the bring down provision.

Question: When are representations and warranties required to be made according to the bring down provision?
Option A: At Closing Only
Option B: At Signing & At Closing

Transaction Agreement Excerpts:

Segment 1 (Section 8.4 - Conditions to the Buyer's Obligations):
'Notwithstanding any other provision in this Agreement, the Buyer's obligation to consummate the Transaction is subject to the condition that all representations and warranties provided by the Seller shall be true and correct as of the Transaction Closing Date. There is no express requirement in this section to update or reaffirm these representations prior to closing.'

Segment 2 (Section 3.7 - Additional Seller Representations):
'In addition to the representations and warranties set forth elsewhere in this Agreement, the Seller further represents that, except for those expressly made as of a fixed historical date, all representations and warranties shall be true and correct as of the signing date and shall be reaffirmed at the Transaction Effective Time, which for all purposes coincides with the Closing Date; provided, however, that any material adverse event occurring between the signing date and the Transaction Effective Time shall constitute a breach of this provision.'

Using the two segments together, answer the multiple-choice question.
Choices: ","Fail","Answer the following multiple choice question. The entire content of your response should be of the following format: 'ANSWER: $LETTER' (without quotes) where LETTER is one of {letters}.

{question}

{choices}

Instruction: Read the following excerpt from a merger agreement and answer the multiple-choice question by choosing the option that best characterizes the timing for when the representations and warranties must be reaffirmed according to the bring down provision.

Question: Based on the provisions below, at which points must the representations and warranties be accurate and/or reaffirmed?

Option A: Solely as of the Closing Date
Option B: Only at the Effective Time and again at Closing
Option C: As of the Agreement date with subsequent confirmation at the Closing Date

Merger Agreement Excerpt: Section 8.5 Conditions Precedent for Merger Completion. The Merger shall be subject to the condition that all representations and warranties provided by the Company, except those expressly limited to a specific historical reference, shall be accurate as of the date of this Agreement. They are required to be maintained in true and correct form at the Effective Time. Furthermore, any deviation observed after the Effective Time but before the Closing Date must be rectified so that, by the Closing Date, such representations and warranties reflect the status as though verified at Closing. (Refer to Exhibit B for additional qualification timelines.)
Choices: "
"11","Answer the following multiple choice question. The entire content of your response should be of the following format: 'ANSWER: $LETTER' (without quotes) where LETTER is one of {letters}.

{question}

{choices}

Instruction: Read the following segments of a merger agreement and answer the multiple-choice question by selecting the option that best characterizes the timing for when representations and warranties are required to be made according to the bring down provision.

Option A: At Closing Only
Option B: At Signing & At Closing

Merger Agreement:

Section 10.2 Representations and Warranties: Each representation and warranty provided in this Agreement, except for those expressly limited to a specific historical date, shall be accurate and complete as of the Closing Date, as if made anew on that date (Page 112).

Section 14.4 Supplemental Representations: Notwithstanding the provisions of Section 10.2, the representations and warranties set forth in Exhibit B attached hereto shall be deemed to be true and complete both as of the date hereof and as of the Effective Closing Time, with the same force and effect as if executed on both dates (Page 128).

Based on the above, when are representations and warranties required to be made according to the bring down provision?
Choices: ","Fail","Answer the following multiple choice question. The entire content of your response should be of the following format: 'ANSWER: $LETTER' (without quotes) where LETTER is one of {letters}.

{question}

{choices}

Instruction: Read the following excerpt from a merger agreement and answer the multiple-choice question by choosing the option that best characterizes the timing for when the representations and warranties must be reaffirmed according to the bring down provision.

Question: Based on the provisions below, at which points must the representations and warranties be accurate and/or reaffirmed?

Option A: Solely as of the Closing Date
Option B: Only at the Effective Time and again at Closing
Option C: As of the Agreement date with subsequent confirmation at the Closing Date

Merger Agreement Excerpt: Section 8.5 Conditions Precedent for Merger Completion. The Merger shall be subject to the condition that all representations and warranties provided by the Company, except those expressly limited to a specific historical reference, shall be accurate as of the date of this Agreement. They are required to be maintained in true and correct form at the Effective Time. Furthermore, any deviation observed after the Effective Time but before the Closing Date must be rectified so that, by the Closing Date, such representations and warranties reflect the status as though verified at Closing. (Refer to Exhibit B for additional qualification timelines.)
Choices: "
"12","Answer the following multiple choice question. The entire content of your response should be of the following format: 'ANSWER: $LETTER' (without quotes) where LETTER is one of {letters}.

{question}

{choices}

Instruction: Read the following segments of a merger agreement and answer the multiple-choice question by choosing the option that best characterizes the timing requirement for the representations and warranties under the bring down provision.

Question: When are the representations and warranties required to be made according to the bring down provision?
Option A: At Closing Only
Option B: At Signing & At Closing

Merger Agreement:
Segment 1 - Section 8.3 Conditions Precedent to Closing: ""Notwithstanding any other provision, the consummation of the Merger is conditioned upon each of the representations and warranties of the Company being true and correct as of the Closing Date, with any material discrepancies remedied or waived at Closing.""

Segment 2 - Section 12.4 Accuracy of Representations: ""For purposes of this Agreement and its bring down provision, every representation and warranty set forth in Article III shall be maintained as accurate as of the date hereof and shall continue to be reasserted at the Closing Date as if made anew, except where expressly limited to the signing date.""
Choices: ","Fail","Answer the following multiple choice question. The entire content of your response should be of the following format: 'ANSWER: $LETTER' (without quotes) where LETTER is one of {letters}.

{question}

{choices}

Instruction: Read the following excerpt from a merger agreement and answer the multiple-choice question by choosing the option that best characterizes the timing for when the representations and warranties must be reaffirmed according to the bring down provision.

Question: Based on the provisions below, at which points must the representations and warranties be accurate and/or reaffirmed?

Option A: Solely as of the Closing Date
Option B: Only at the Effective Time and again at Closing
Option C: As of the Agreement date with subsequent confirmation at the Closing Date

Merger Agreement Excerpt: Section 8.5 Conditions Precedent for Merger Completion. The Merger shall be subject to the condition that all representations and warranties provided by the Company, except those expressly limited to a specific historical reference, shall be accurate as of the date of this Agreement. They are required to be maintained in true and correct form at the Effective Time. Furthermore, any deviation observed after the Effective Time but before the Closing Date must be rectified so that, by the Closing Date, such representations and warranties reflect the status as though verified at Closing. (Refer to Exhibit B for additional qualification timelines.)
Choices: "
"13","Answer the following multiple choice question. The entire content of your response should be of the following format: 'ANSWER: $LETTER' (without quotes) where LETTER is one of {letters}.

{question}

{choices}

Instruction: Read the following segments of a merger agreement and answer the multiple-choice question by choosing the option that best characterizes the timing requirement for representations and warranties under the bring down provision.
Question: When are representations and warranties required to be made according to the bring down provision?
Option A: At Closing Only
Option B: At Signing & At Closing

Merger Agreement: Section 12.4: Conditions Precedent to Completion. The Seller’s obligations are subject to the condition that its representations and warranties set forth in Article V are true and correct as of the Closing Date. However, any representations specifically qualified with the phrase ""as of the Signing Date"" must be validated at the Signing Date, with any interim discrepancies remedied prior to Closing.

Merger Agreement: Section 14.1: Ancillary Conditions. The Buyer and Seller agree that all representations and warranties, aside from those expressly made ""as of a specific date,"" are deemed to have been made on the Signing Date and must continuously remain accurate until the Closing Date. Moreover, such representations are subject to a bring down confirmation at Closing, effectively requiring them to be reaffirmed as though freshly made at that time.
Choices: ","Fail","Answer the following multiple choice question. The entire content of your response should be of the following format: 'ANSWER: $LETTER' (without quotes) where LETTER is one of {letters}.

{question}

{choices}

Instruction: Read the following excerpt from a merger agreement and answer the multiple-choice question by choosing the option that best characterizes the timing for when the representations and warranties must be reaffirmed according to the bring down provision.

Question: Based on the provisions below, at which points must the representations and warranties be accurate and/or reaffirmed?

Option A: Solely as of the Closing Date
Option B: Only at the Effective Time and again at Closing
Option C: As of the Agreement date with subsequent confirmation at the Closing Date

Merger Agreement Excerpt: Section 8.5 Conditions Precedent for Merger Completion. The Merger shall be subject to the condition that all representations and warranties provided by the Company, except those expressly limited to a specific historical reference, shall be accurate as of the date of this Agreement. They are required to be maintained in true and correct form at the Effective Time. Furthermore, any deviation observed after the Effective Time but before the Closing Date must be rectified so that, by the Closing Date, such representations and warranties reflect the status as though verified at Closing. (Refer to Exhibit B for additional qualification timelines.)
Choices: "
"14","Answer the following multiple choice question. The entire content of your response should be of the following format: 'ANSWER: $LETTER' (without quotes) where LETTER is one of {letters}.

{question}

{choices}

Instruction: Read the following segment of a merger agreement and answer the multiple-choice question by choosing the option that best characterizes the requirements for representations and warranties under the bring down provision.
Question: According to the Merger Agreement, when are the representations and warranties required to be made under the bring down provision?
Option A: Only as of the Signing Date without any requirement for reaffirmation at Closing.
Option B: At the Signing Date, and for those representations not expressly made 'as of' a specific date, they must be reaffirmed as of the Closing Date.

Merger Agreement: Section 7.5 Conditions to Parent's and Subsidiaries' Obligations. The consummation of the merger is subject to the satisfaction or waiver of certain conditions, including: (a) all representations and warranties contained in Article IV that are not explicitly qualified by an 'as of' date must be true and correct as of the Signing Date and must continue to be true and correct at the Closing Date (thereby meeting the bring down requirement), and (b) any representation or warranty expressly made 'as of' a particular date is only required to be true as of that specified date. In addition, no party is obligated to update any representation or warranty due solely to ordinary business developments between the Signing Date and Closing Date unless a Material Adverse Effect occurs.

Answer:
Choices: ","Fail","Answer the following multiple choice question. The entire content of your response should be of the following format: 'ANSWER: $LETTER' (without quotes) where LETTER is one of {letters}.

{question}

{choices}

Instruction: Read the following excerpt from a merger agreement and answer the multiple-choice question by choosing the option that best characterizes the timing for when the representations and warranties must be reaffirmed according to the bring down provision.

Question: Based on the provisions below, at which points must the representations and warranties be accurate and/or reaffirmed?

Option A: Solely as of the Closing Date
Option B: Only at the Effective Time and again at Closing
Option C: As of the Agreement date with subsequent confirmation at the Closing Date

Merger Agreement Excerpt: Section 8.5 Conditions Precedent for Merger Completion. The Merger shall be subject to the condition that all representations and warranties provided by the Company, except those expressly limited to a specific historical reference, shall be accurate as of the date of this Agreement. They are required to be maintained in true and correct form at the Effective Time. Furthermore, any deviation observed after the Effective Time but before the Closing Date must be rectified so that, by the Closing Date, such representations and warranties reflect the status as though verified at Closing. (Refer to Exhibit B for additional qualification timelines.)
Choices: "
"15","Answer the following multiple choice question. The entire content of your response should be of the following format: 'ANSWER: $LETTER' (without quotes) where LETTER is one of {letters}.

{question}

{choices}

Instruction: Read the following segments of a merger agreement and answer the multiple-choice question by choosing the option that best characterizes the timing of the Seller’s representations and warranties under the bring down provision.

Question: Based on the excerpts provided, when are the Seller’s representations and warranties required to be made?
Option A: At Closing Only
Option B: At Signing & At Closing

Merger Agreement Excerpts:
Segment 1 — Section 8.1 Conditions of Buyer’s Obligations: ""As a condition to the closing, every representation and warranty made by the Seller shall be verified and deemed true and correct as of the Closing Date, except for those expressly designated as of the Agreement Date.""

Segment 2 — Section 11.3 Additional Conditions: ""Irrespective of the exception in Section 8.1, all representations and warranties of the Seller not explicitly assigned a specific date shall be accurate and correct as of both the date of this Agreement and as of the Closing Date, as if made on both dates.""
Choices: ","Fail","Answer the following multiple choice question. The entire content of your response should be of the following format: 'ANSWER: $LETTER' (without quotes) where LETTER is one of {letters}.

{question}

{choices}

Instruction: Read the following excerpt from a merger agreement and answer the multiple-choice question by choosing the option that best characterizes the timing for when the representations and warranties must be reaffirmed according to the bring down provision.

Question: Based on the provisions below, at which points must the representations and warranties be accurate and/or reaffirmed?

Option A: Solely as of the Closing Date
Option B: Only at the Effective Time and again at Closing
Option C: As of the Agreement date with subsequent confirmation at the Closing Date

Merger Agreement Excerpt: Section 8.5 Conditions Precedent for Merger Completion. The Merger shall be subject to the condition that all representations and warranties provided by the Company, except those expressly limited to a specific historical reference, shall be accurate as of the date of this Agreement. They are required to be maintained in true and correct form at the Effective Time. Furthermore, any deviation observed after the Effective Time but before the Closing Date must be rectified so that, by the Closing Date, such representations and warranties reflect the status as though verified at Closing. (Refer to Exhibit B for additional qualification timelines.)
Choices: "
"16","Answer the following multiple choice question. The entire content of your response should be of the following format: 'ANSWER: $LETTER' (without quotes) where LETTER is one of {letters}.

{question}

{choices}

Instruction: Read the excerpt from the Transaction Agreement and answer the multiple-choice question by choosing the option that best reflects the timing at which the Seller's representations and warranties must be made according to the bring down provision.

Question: Based on the provisions below, when must the Seller’s representations and warranties be accurate?
Option A: Only as of the Final Closing
Option B: As of the Execution Date and as of the Final Closing

Transaction Agreement Excerpt:
Section 8.1 Conditions Precedent to Closing: ""Each representation and warranty of the Seller, as set forth in this Agreement, shall be true and correct as of the Final Closing Date. Notwithstanding any reference to prior dates, no adjustment is permitted unless the representation is expressly provided for a specific earlier date.""

Section 10.3 Ongoing Covenants: ""Except for those specifically excluded in paragraph (b), all representations and warranties made by the Seller shall be continuously maintained. They must be as true and correct on the date this Agreement is executed as they are at the Final Closing, as if reaffirmed at the moment of Final Closing.""

Answer:
Choices: ","Fail","Answer the following multiple choice question. The entire content of your response should be of the following format: 'ANSWER: $LETTER' (without quotes) where LETTER is one of {letters}.

{question}

{choices}

Instruction: Read the following excerpt from a merger agreement and answer the multiple-choice question by choosing the option that best characterizes the timing for when the representations and warranties must be reaffirmed according to the bring down provision.

Question: Based on the provisions below, at which points must the representations and warranties be accurate and/or reaffirmed?

Option A: Solely as of the Closing Date
Option B: Only at the Effective Time and again at Closing
Option C: As of the Agreement date with subsequent confirmation at the Closing Date

Merger Agreement Excerpt: Section 8.5 Conditions Precedent for Merger Completion. The Merger shall be subject to the condition that all representations and warranties provided by the Company, except those expressly limited to a specific historical reference, shall be accurate as of the date of this Agreement. They are required to be maintained in true and correct form at the Effective Time. Furthermore, any deviation observed after the Effective Time but before the Closing Date must be rectified so that, by the Closing Date, such representations and warranties reflect the status as though verified at Closing. (Refer to Exhibit B for additional qualification timelines.)
Choices: "
"17","Answer the following multiple choice question. The entire content of your response should be of the following format: 'ANSWER: $LETTER' (without quotes) where LETTER is one of {letters}.

{question}

{choices}

Instruction: Read the segments of a merger agreement and answer the multiple-choice question by choosing the option that best characterizes the timing requirement for representations and warranties according to the bring down provisions.

Question: When are representations and warranties required to be made according to the bring down provision?
Option A: At Closing Only
Option B: At Signing & At Closing

Merger Agreement: Section 10.4 Conditions Precedent for Payment. The obligations of the Acquirer to consummate the acquisition are contingent upon the Seller’s representations and warranties, which, unless qualified by a specific timing exception, shall be true and correct as of both the execution date of this Agreement and as of the Closing Date. For representations noted as being made as of a specific time, confirmation shall be provided as of the earlier of these dates.
(Page 112)

Merger Agreement: Section 3.8 Bring Down Provisions. Notwithstanding any prior statements, all representations and warranties provided by the Seller are to be reaffirmed at Closing. However, if a representation explicitly states that it is made as of the Execution Date, such a representation is exempt from being recharacterized at Closing provided no material adverse event has occurred.
(Page 45)
Choices: ","Fail","Answer the following multiple choice question. The entire content of your response should be of the following format: 'ANSWER: $LETTER' (without quotes) where LETTER is one of {letters}.

{question}

{choices}

Instruction: Read the following excerpt from a merger agreement and answer the multiple-choice question by choosing the option that best characterizes the timing for when the representations and warranties must be reaffirmed according to the bring down provision.

Question: Based on the provisions below, at which points must the representations and warranties be accurate and/or reaffirmed?

Option A: Solely as of the Closing Date
Option B: Only at the Effective Time and again at Closing
Option C: As of the Agreement date with subsequent confirmation at the Closing Date

Merger Agreement Excerpt: Section 8.5 Conditions Precedent for Merger Completion. The Merger shall be subject to the condition that all representations and warranties provided by the Company, except those expressly limited to a specific historical reference, shall be accurate as of the date of this Agreement. They are required to be maintained in true and correct form at the Effective Time. Furthermore, any deviation observed after the Effective Time but before the Closing Date must be rectified so that, by the Closing Date, such representations and warranties reflect the status as though verified at Closing. (Refer to Exhibit B for additional qualification timelines.)
Choices: "
"18","Answer the following multiple choice question. The entire content of your response should be of the following format: 'ANSWER: $LETTER' (without quotes) where LETTER is one of {letters}.

{question}

{choices}

Instruction: Read the segment of a merger agreement and answer the following multiple-choice question by choosing the option that best characterizes the timing for which the representations and warranties must be made.
Question: When are representations and warranties required to be made according to the bring down provision?
Option A: At Closing Only
Option B: At Signing & At Closing

Merger Agreement Excerpts:
Excerpt 1: Section 10.1 Conditions Precedent - ""All representations and warranties made by the Company under this Agreement shall be accurate and true as of the Closing Date. However, any representation expressly made 'as of a specific date' is verified only for that specific date.""
Excerpt 2: Section 12.3 Interim Conditions - ""In addition, the Company's supplemental financial and operational representations, including risk assessments, must be accurate as of the Execution Date and remain correct at the Closing Date, except for items identified as 'verified solely at Execution'.""
Choices: ","Fail","Answer the following multiple choice question. The entire content of your response should be of the following format: 'ANSWER: $LETTER' (without quotes) where LETTER is one of {letters}.

{question}

{choices}

Instruction: Read the following excerpt from a merger agreement and answer the multiple-choice question by choosing the option that best characterizes the timing for when the representations and warranties must be reaffirmed according to the bring down provision.

Question: Based on the provisions below, at which points must the representations and warranties be accurate and/or reaffirmed?

Option A: Solely as of the Closing Date
Option B: Only at the Effective Time and again at Closing
Option C: As of the Agreement date with subsequent confirmation at the Closing Date

Merger Agreement Excerpt: Section 8.5 Conditions Precedent for Merger Completion. The Merger shall be subject to the condition that all representations and warranties provided by the Company, except those expressly limited to a specific historical reference, shall be accurate as of the date of this Agreement. They are required to be maintained in true and correct form at the Effective Time. Furthermore, any deviation observed after the Effective Time but before the Closing Date must be rectified so that, by the Closing Date, such representations and warranties reflect the status as though verified at Closing. (Refer to Exhibit B for additional qualification timelines.)
Choices: "
"19","Answer the following multiple choice question. The entire content of your response should be of the following format: 'ANSWER: $LETTER' (without quotes) where LETTER is one of {letters}.

{question}

{choices}

Instruction: Read the following segments of a merger agreement and answer the multiple-choice question by choosing the option that best characterizes the timing requirement for the representations and warranties under the bring down provision.

Question: According to the bring down provision, when must the representations and warranties be made?
Option A: Only at Closing
Option B: At the Execution Date (Signing) and at Closing

Merger Agreement: Section 5.3 Conditions Precedent - The Acquirer’s obligation to complete the transaction is contingent upon all representations and warranties of the Target being true and correct as of the Execution Date and continuing to be so as of the Closing Date, except where expressly stated to apply solely as of a designated date.

Merger Agreement: Section 11.4 Additional Representations - Notwithstanding any other provision, except for representations that expressly specify a particular date, all other representations and warranties shall be re-certified at the Closing Date as if originally made at that time.
Choices: ","Fail","Answer the following multiple choice question. The entire content of your response should be of the following format: 'ANSWER: $LETTER' (without quotes) where LETTER is one of {letters}.

{question}

{choices}

Instruction: Read the following excerpt from a merger agreement and answer the multiple-choice question by choosing the option that best characterizes the timing for when the representations and warranties must be reaffirmed according to the bring down provision.

Question: Based on the provisions below, at which points must the representations and warranties be accurate and/or reaffirmed?

Option A: Solely as of the Closing Date
Option B: Only at the Effective Time and again at Closing
Option C: As of the Agreement date with subsequent confirmation at the Closing Date

Merger Agreement Excerpt: Section 8.5 Conditions Precedent for Merger Completion. The Merger shall be subject to the condition that all representations and warranties provided by the Company, except those expressly limited to a specific historical reference, shall be accurate as of the date of this Agreement. They are required to be maintained in true and correct form at the Effective Time. Furthermore, any deviation observed after the Effective Time but before the Closing Date must be rectified so that, by the Closing Date, such representations and warranties reflect the status as though verified at Closing. (Refer to Exhibit B for additional qualification timelines.)
Choices: "
"20","Answer the following multiple choice question. The entire content of your response should be of the following format: 'ANSWER: $LETTER' (without quotes) where LETTER is one of {letters}.

{question}

{choices}

Instruction: Read the segment of a merger agreement and answer the multiple-choice question by choosing the option that best characterizes the agreement.
Question: According to the bring down provision in the following segment, when must the representations and warranties be reconfirmed?
Option A: At Closing Only
Option B: At Signing & At Closing

Merger Agreement: Section 8.4 Conditions Precedent. (a) Except for those representations and warranties expressly stated to be applicable solely as of the date of execution of this Agreement, all representations and warranties are made effective on the execution date and must continue to hold true as of the Closing Date. (b) Notwithstanding paragraph (a), provided that the representations and warranties made on the execution date are determined to be true at that time, no further bring-down verification is triggered at signing; however, representations and warranties not limited to the execution date must be expressly reconfirmed at the Closing Date. (Page 112)
Answer:
Choices: ","Fail","Answer the following multiple choice question. The entire content of your response should be of the following format: 'ANSWER: $LETTER' (without quotes) where LETTER is one of {letters}.

{question}

{choices}

Instruction: Read the following excerpt from a merger agreement and answer the multiple-choice question by choosing the option that best characterizes the timing for when the representations and warranties must be reaffirmed according to the bring down provision.

Question: Based on the provisions below, at which points must the representations and warranties be accurate and/or reaffirmed?

Option A: Solely as of the Closing Date
Option B: Only at the Effective Time and again at Closing
Option C: As of the Agreement date with subsequent confirmation at the Closing Date

Merger Agreement Excerpt: Section 8.5 Conditions Precedent for Merger Completion. The Merger shall be subject to the condition that all representations and warranties provided by the Company, except those expressly limited to a specific historical reference, shall be accurate as of the date of this Agreement. They are required to be maintained in true and correct form at the Effective Time. Furthermore, any deviation observed after the Effective Time but before the Closing Date must be rectified so that, by the Closing Date, such representations and warranties reflect the status as though verified at Closing. (Refer to Exhibit B for additional qualification timelines.)
Choices: "
"21","Answer the following multiple choice question. The entire content of your response should be of the following format: 'ANSWER: $LETTER' (without quotes) where LETTER is one of {letters}.

{question}

{choices}

Instruction: Read the following segments from a merger agreement and answer the question: When are representations and warranties required to be provided according to the bring down provisions?

Merger Agreement: Article 5.1 Conditions Precedent to Merger. All representations and warranties of the Company that are not designated to be made as of a 'Specific Date' shall be confirmed as being true and correct solely as of the Closing Date. Any certification made prior to the Closing shall automatically carry forward unless an exception is noted. (Page 55)

Merger Agreement: Article 5.2 Stand-Alone Affirmations. Notwithstanding Article 5.1, the representations and warranties concerning the Company’s organizational structure, financial accounts, and compliance records must be independently reaffirmed at the time of signing this Agreement and then re-certified at the Closing Date. (Page 60)

Question: Based on the above provisions, when must the representations and warranties be provided according to the bring down clause?
Choices: ","Fail","Answer the following multiple choice question. The entire content of your response should be of the following format: 'ANSWER: $LETTER' (without quotes) where LETTER is one of {letters}.

{question}

{choices}

Instruction: Read the following excerpt from a merger agreement and answer the multiple-choice question by choosing the option that best characterizes the timing for when the representations and warranties must be reaffirmed according to the bring down provision.

Question: Based on the provisions below, at which points must the representations and warranties be accurate and/or reaffirmed?

Option A: Solely as of the Closing Date
Option B: Only at the Effective Time and again at Closing
Option C: As of the Agreement date with subsequent confirmation at the Closing Date

Merger Agreement Excerpt: Section 8.5 Conditions Precedent for Merger Completion. The Merger shall be subject to the condition that all representations and warranties provided by the Company, except those expressly limited to a specific historical reference, shall be accurate as of the date of this Agreement. They are required to be maintained in true and correct form at the Effective Time. Furthermore, any deviation observed after the Effective Time but before the Closing Date must be rectified so that, by the Closing Date, such representations and warranties reflect the status as though verified at Closing. (Refer to Exhibit B for additional qualification timelines.)
Choices: "
"22","Answer the following multiple choice question. The entire content of your response should be of the following format: 'ANSWER: $LETTER' (without quotes) where LETTER is one of {letters}.

{question}

{choices}

Instruction: Read the segments of a merger agreement and answer the multiple-choice question by choosing the option that best characterizes the agreement.

Question: When are representations and warranties required to be made according to the bring down provision?
Option A: At Closing Only
Option B: At Signing & At Closing

Merger Agreement: Section 10.3 Conditions Precedent to Closing. The Company’s obligation to consummate the Merger is subject to the condition that all representations and warranties contained in this Agreement, without regard to any materiality qualifiers, are confirmed to be true and correct as of the Closing Date, except where a representation expressly specifies a fixed date.

Merger Agreement: Article IV Corporate Representations. For any representation or warranty that is not expressly limited to a particular date, it shall be deemed accurate as of both the execution date of this Agreement and as of the Closing Date, as if reissued at each of these time points. (Page 112)
Choices: ","Fail","Answer the following multiple choice question. The entire content of your response should be of the following format: 'ANSWER: $LETTER' (without quotes) where LETTER is one of {letters}.

{question}

{choices}

Instruction: Read the following excerpt from a merger agreement and answer the multiple-choice question by choosing the option that best characterizes the timing for when the representations and warranties must be reaffirmed according to the bring down provision.

Question: Based on the provisions below, at which points must the representations and warranties be accurate and/or reaffirmed?

Option A: Solely as of the Closing Date
Option B: Only at the Effective Time and again at Closing
Option C: As of the Agreement date with subsequent confirmation at the Closing Date

Merger Agreement Excerpt: Section 8.5 Conditions Precedent for Merger Completion. The Merger shall be subject to the condition that all representations and warranties provided by the Company, except those expressly limited to a specific historical reference, shall be accurate as of the date of this Agreement. They are required to be maintained in true and correct form at the Effective Time. Furthermore, any deviation observed after the Effective Time but before the Closing Date must be rectified so that, by the Closing Date, such representations and warranties reflect the status as though verified at Closing. (Refer to Exhibit B for additional qualification timelines.)
Choices: "
"23","Answer the following multiple choice question. The entire content of your response should be of the following format: 'ANSWER: $LETTER' (without quotes) where LETTER is one of {letters}.

{question}

{choices}

Instruction: Read the following merger agreement excerpts and answer the multiple-choice question by choosing the option that best characterizes the agreement.

Question: When are representations and warranties required to be made according to the bring down provision?
Option A: At Closing Only
Option B: At Signing & At Closing

Merger Agreement Excerpts:
Section 10.2 – Conditions for Finalization. 
The Seller’s representations and warranties, with the exception of those expressly qualifying historical facts as of the Agreement Date, shall be true and correct as of the Closing Date. Representations made as of any specific earlier date remain limited to that date and are not subject to updating. 

Section 13.5 – Supplemental Representations. 
Notwithstanding any preliminary disclosures made at the time of signing, the parties affirm that for the purpose of the bring down provision, the sole requirement is that all representations and warranties are reaffirmed and confirmed as being true and correct at the Closing Date. No additional confirmation at the signing date is required under the bring down provision.

Please provide your answer.
Choices: ","Fail","Answer the following multiple choice question. The entire content of your response should be of the following format: 'ANSWER: $LETTER' (without quotes) where LETTER is one of {letters}.

{question}

{choices}

Instruction: Read the following excerpt from a merger agreement and answer the multiple-choice question by choosing the option that best characterizes the timing for when the representations and warranties must be reaffirmed according to the bring down provision.

Question: Based on the provisions below, at which points must the representations and warranties be accurate and/or reaffirmed?

Option A: Solely as of the Closing Date
Option B: Only at the Effective Time and again at Closing
Option C: As of the Agreement date with subsequent confirmation at the Closing Date

Merger Agreement Excerpt: Section 8.5 Conditions Precedent for Merger Completion. The Merger shall be subject to the condition that all representations and warranties provided by the Company, except those expressly limited to a specific historical reference, shall be accurate as of the date of this Agreement. They are required to be maintained in true and correct form at the Effective Time. Furthermore, any deviation observed after the Effective Time but before the Closing Date must be rectified so that, by the Closing Date, such representations and warranties reflect the status as though verified at Closing. (Refer to Exhibit B for additional qualification timelines.)
Choices: "
"24","Answer the following multiple choice question. The entire content of your response should be of the following format: 'ANSWER: $LETTER' (without quotes) where LETTER is one of {letters}.

{question}

{choices}

Instruction: Read the segment of a merger agreement and answer the multiple-choice question by choosing the option that best characterizes the agreement.
Question: According to the bring down provision, at which points must the representations and warranties be accurate?
Option A: At Closing Only
Option B: At Signing & At Closing

Merger Agreement: Section 10.4 Additional Conditions: ""Notwithstanding any other provision herein, all representations and warranties of the Company, except those explicitly stated to be made as of a subsequent date, shall be true and correct as of the Execution Date. However, if the Closing occurs more than fifteen business days after the Execution Date, such representations shall be reaffirmed as of the Closing Date."" (Page 102)

Merger Agreement: Section 12.1 Covenants Precedent: ""In addition to any earlier representations, the Company shall provide a reaffirmation of its representations and warranties at the time of Closing, with the reaffirmation reflecting any changes since the Execution Date, except for those representations that are expressly fixed as of the Execution Date."" (Page 115)
Choices: ","Fail","Answer the following multiple choice question. The entire content of your response should be of the following format: 'ANSWER: $LETTER' (without quotes) where LETTER is one of {letters}.

{question}

{choices}

Instruction: Read the following excerpt from a merger agreement and answer the multiple-choice question by choosing the option that best characterizes the timing for when the representations and warranties must be reaffirmed according to the bring down provision.

Question: Based on the provisions below, at which points must the representations and warranties be accurate and/or reaffirmed?

Option A: Solely as of the Closing Date
Option B: Only at the Effective Time and again at Closing
Option C: As of the Agreement date with subsequent confirmation at the Closing Date

Merger Agreement Excerpt: Section 8.5 Conditions Precedent for Merger Completion. The Merger shall be subject to the condition that all representations and warranties provided by the Company, except those expressly limited to a specific historical reference, shall be accurate as of the date of this Agreement. They are required to be maintained in true and correct form at the Effective Time. Furthermore, any deviation observed after the Effective Time but before the Closing Date must be rectified so that, by the Closing Date, such representations and warranties reflect the status as though verified at Closing. (Refer to Exhibit B for additional qualification timelines.)
Choices: "
"25","Answer the following multiple choice question. The entire content of your response should be of the following format: 'ANSWER: $LETTER' (without quotes) where LETTER is one of {letters}.

{question}

{choices}

Instruction: Read the segment of a merger agreement and answer the multiple-choice question by choosing the option that best characterizes the agreement.
Question: According to the bring down provision in the excerpts below, when are the representations and warranties required to be made?
Option A: Only at the Closing Date
Option B: Both at the Offer Agreement Date and at the Closing Date

Merger Agreement Excerpts:
Section 10.2 (Confirmation of Representations): ""Except for representations that are expressly limited to a specific date, every representation and warranty provided by the Company shall be true and correct as of the Closing Date.""

Section 8.4 (Conditions Precedent to the Offer): ""For the purposes of validating the Offer, the representations and warranties set forth in Schedule IV shall be confirmed as of the Offer Agreement Date; provided, however, that such confirmation is not a substitute for the recertification required at Closing, and the representations and warranties must be updated and reconfirmed as of the Closing Date.""

Based on the above provisions, determine the appropriate timing for the representations and warranties as required by the bring down provision.
Choices: ","Fail","Answer the following multiple choice question. The entire content of your response should be of the following format: 'ANSWER: $LETTER' (without quotes) where LETTER is one of {letters}.

{question}

{choices}

Instruction: Read the following excerpt from a merger agreement and answer the multiple-choice question by choosing the option that best characterizes the timing for when the representations and warranties must be reaffirmed according to the bring down provision.

Question: Based on the provisions below, at which points must the representations and warranties be accurate and/or reaffirmed?

Option A: Solely as of the Closing Date
Option B: Only at the Effective Time and again at Closing
Option C: As of the Agreement date with subsequent confirmation at the Closing Date

Merger Agreement Excerpt: Section 8.5 Conditions Precedent for Merger Completion. The Merger shall be subject to the condition that all representations and warranties provided by the Company, except those expressly limited to a specific historical reference, shall be accurate as of the date of this Agreement. They are required to be maintained in true and correct form at the Effective Time. Furthermore, any deviation observed after the Effective Time but before the Closing Date must be rectified so that, by the Closing Date, such representations and warranties reflect the status as though verified at Closing. (Refer to Exhibit B for additional qualification timelines.)
Choices: "
"26","Answer the following multiple choice question. The entire content of your response should be of the following format: 'ANSWER: $LETTER' (without quotes) where LETTER is one of {letters}.

{question}

{choices}

Instruction: Read the following segment from the Revised Merger Integration Agreement and answer the multiple-choice question by selecting the option that best characterizes when the representations and warranties of the Company must be true and correct.
Question: According to the bring down provision in this Agreement, when must the representations and warranties of the Company be true and correct?
Option A: At the Closing Date only
Option B: At the time of execution (Signing) and at the Closing Date

Revised Merger Integration Agreement:
Clause A.10 Representations and Warranties. Except where expressly stated, every representation and warranty of the Company is declared to be valid at the time it is made and must continue to be true and correct as of the Closing Date. For any representation that is expressly dated, the obligation applies only to that specified date.

Clause B.5 Conditions Precedent. As a condition to the obligations of the parties, all representations and warranties are required to be reconfirmed at the Effective Time, which is defined as the later of (i) the date of full execution of this Agreement by all parties, or (ii) the Closing Date. Note that there is no separate requirement for reconfirmation at the time of execution if it does not coincide with the Closing Date.

Answer:
Choices: ","Fail","Answer the following multiple choice question. The entire content of your response should be of the following format: 'ANSWER: $LETTER' (without quotes) where LETTER is one of {letters}.

{question}

{choices}

Instruction: Read the following excerpt from a merger agreement and answer the multiple-choice question by choosing the option that best characterizes the timing for when the representations and warranties must be reaffirmed according to the bring down provision.

Question: Based on the provisions below, at which points must the representations and warranties be accurate and/or reaffirmed?

Option A: Solely as of the Closing Date
Option B: Only at the Effective Time and again at Closing
Option C: As of the Agreement date with subsequent confirmation at the Closing Date

Merger Agreement Excerpt: Section 8.5 Conditions Precedent for Merger Completion. The Merger shall be subject to the condition that all representations and warranties provided by the Company, except those expressly limited to a specific historical reference, shall be accurate as of the date of this Agreement. They are required to be maintained in true and correct form at the Effective Time. Furthermore, any deviation observed after the Effective Time but before the Closing Date must be rectified so that, by the Closing Date, such representations and warranties reflect the status as though verified at Closing. (Refer to Exhibit B for additional qualification timelines.)
Choices: "
"27","Answer the following multiple choice question. The entire content of your response should be of the following format: 'ANSWER: $LETTER' (without quotes) where LETTER is one of {letters}.

{question}

{choices}

Instruction: Read the segment of a merger agreement and answer the multiple-choice question by choosing the option that best characterizes the timing for representations and warranties according to the bring down provision.

Question: Based on the provisions below, when must the representations and warranties be accurate?
Option A: At Closing Only
Option B: At Signing & At Closing

Merger Agreement Excerpts:
Segment 1: Section 8.4 Representations and Warranties for the Seller: ""Except for specific representations expressly designated with a particular date, all representations and warranties by the Seller shall be true and correct as of the Execution Date of this Agreement and shall continue to be true and correct as of the Closing Date, with no modifications permitted thereafter.""
Segment 2: Section 10.1 Conditions Precedent for the Buyer: ""Notwithstanding any prior statements, the Buyer’s representations and warranties are required to be true and correct only as of the Closing Date, except for any provisions with an attached specific date, in which case they are only required to be accurate as of that specified date.""
Segment 3: Section 12.7 Final Bring Down Condition: ""For all other representations and warranties not explicitly referenced in Section 8.4 or Section 10.1, the representations and warranties shall be accurate at the time of Signing and shall remain so as of the Closing Date.""

Identify the timing for representations and warranties based on these provisions.
Choices: ","Fail","Answer the following multiple choice question. The entire content of your response should be of the following format: 'ANSWER: $LETTER' (without quotes) where LETTER is one of {letters}.

{question}

{choices}

Instruction: Read the following excerpt from a merger agreement and answer the multiple-choice question by choosing the option that best characterizes the timing for when the representations and warranties must be reaffirmed according to the bring down provision.

Question: Based on the provisions below, at which points must the representations and warranties be accurate and/or reaffirmed?

Option A: Solely as of the Closing Date
Option B: Only at the Effective Time and again at Closing
Option C: As of the Agreement date with subsequent confirmation at the Closing Date

Merger Agreement Excerpt: Section 8.5 Conditions Precedent for Merger Completion. The Merger shall be subject to the condition that all representations and warranties provided by the Company, except those expressly limited to a specific historical reference, shall be accurate as of the date of this Agreement. They are required to be maintained in true and correct form at the Effective Time. Furthermore, any deviation observed after the Effective Time but before the Closing Date must be rectified so that, by the Closing Date, such representations and warranties reflect the status as though verified at Closing. (Refer to Exhibit B for additional qualification timelines.)
Choices: "
"28","Answer the following multiple choice question. The entire content of your response should be of the following format: 'ANSWER: $LETTER' (without quotes) where LETTER is one of {letters}.

{question}

{choices}

Instruction: Read the following excerpts from a merger agreement and answer the multiple-choice question by choosing the option that best characterizes the timing requirement for representations and warranties.

Question: When are the representations and warranties required to be made according to the bring down provision?
Option A: At Closing Only
Option B: At Signing & At Closing

Merger Agreement Excerpt 1 (Section 8.3 - Conditions to Closing): ""Subject to any applicable waiver, each representation and warranty provided by the Seller shall be true and correct as of the Closing Date, except for those representations which are expressly qualified as of a specific date."" 

Merger Agreement Excerpt 2 (Section 12.1 - Ongoing Covenants): ""Notwithstanding the provision in Section 8.3, all other representations and warranties not expressly made as of a specific date shall be construed to be accurate as of the date of this Agreement and reaffirmed as of the Closing Date, as if made on both said dates.""
Choices: ","Fail","Answer the following multiple choice question. The entire content of your response should be of the following format: 'ANSWER: $LETTER' (without quotes) where LETTER is one of {letters}.

{question}

{choices}

Instruction: Read the following excerpt from a merger agreement and answer the multiple-choice question by choosing the option that best characterizes the timing for when the representations and warranties must be reaffirmed according to the bring down provision.

Question: Based on the provisions below, at which points must the representations and warranties be accurate and/or reaffirmed?

Option A: Solely as of the Closing Date
Option B: Only at the Effective Time and again at Closing
Option C: As of the Agreement date with subsequent confirmation at the Closing Date

Merger Agreement Excerpt: Section 8.5 Conditions Precedent for Merger Completion. The Merger shall be subject to the condition that all representations and warranties provided by the Company, except those expressly limited to a specific historical reference, shall be accurate as of the date of this Agreement. They are required to be maintained in true and correct form at the Effective Time. Furthermore, any deviation observed after the Effective Time but before the Closing Date must be rectified so that, by the Closing Date, such representations and warranties reflect the status as though verified at Closing. (Refer to Exhibit B for additional qualification timelines.)
Choices: "
"29","Answer the following multiple choice question. The entire content of your response should be of the following format: 'ANSWER: $LETTER' (without quotes) where LETTER is one of {letters}.

{question}

{choices}

Instruction: Read the following merger agreement excerpts and answer the multiple-choice question by choosing the option that best characterizes the bring down provision for representations and warranties.

Question: Based on the provisions below, when must the Company's representations and warranties be accurate?
Option A: At Closing Only
Option B: At Signing & At Closing

Merger Agreement: Section 8.5 Conditions Precedent. The Company’s representations and warranties, covering areas such as organizational matters, regulatory compliance, and financial statements, are required to be true and correct as of the Signing Date and must be continuously maintained through the Closing Date. Representations expressly made as of a specific date are confined to that date unless they are otherwise re-certified.

Merger Agreement: Section 12.2 Continuing Representations. Notwithstanding any previous terms, all representations and warranties that are not exclusively defined as of a specific date shall be re-attested and confirmed as true and correct at the Closing Date to account for any interim changes.
Choices: ","Fail","Answer the following multiple choice question. The entire content of your response should be of the following format: 'ANSWER: $LETTER' (without quotes) where LETTER is one of {letters}.

{question}

{choices}

Instruction: Read the following excerpt from a merger agreement and answer the multiple-choice question by choosing the option that best characterizes the timing for when the representations and warranties must be reaffirmed according to the bring down provision.

Question: Based on the provisions below, at which points must the representations and warranties be accurate and/or reaffirmed?

Option A: Solely as of the Closing Date
Option B: Only at the Effective Time and again at Closing
Option C: As of the Agreement date with subsequent confirmation at the Closing Date

Merger Agreement Excerpt: Section 8.5 Conditions Precedent for Merger Completion. The Merger shall be subject to the condition that all representations and warranties provided by the Company, except those expressly limited to a specific historical reference, shall be accurate as of the date of this Agreement. They are required to be maintained in true and correct form at the Effective Time. Furthermore, any deviation observed after the Effective Time but before the Closing Date must be rectified so that, by the Closing Date, such representations and warranties reflect the status as though verified at Closing. (Refer to Exhibit B for additional qualification timelines.)
Choices: "
"30","Answer the following multiple choice question. The entire content of your response should be of the following format: 'ANSWER: $LETTER' (without quotes) where LETTER is one of {letters}.

{question}

{choices}

Instruction: Read the segment of a merger agreement and answer the multiple-choice question by choosing the option that best characterizes the agreement.

Question: Based on the 'multi-timed bring down provision' provided, when are representations and warranties required to be made?

Option A: Exclusively at Closing for all representations
Option B: At Signing for representations expressly marked 'as of Signing' and at Closing for all remaining representations

Merger Agreement: Section 9.3 Conditions Precedent for Completion. The obligations of the parties to consummate the Merger are subject to the following conditions: 
(i) Each of the representations and warranties contained in Articles IV and V, except those expressly designated as ""as of Signing,"" shall be true and correct as of the Closing Date, as though made on that date; 
(ii) Any representation expressly marked ""as of Signing"" is deemed acceptable if it is true as of the execution date of this Agreement, regardless of its status at Closing; 
(iii) For any representations not explicitly time-stamped as ""as of Signing,"" verification is only required at Closing, notwithstanding any interim updates provided by the Seller.

Determine the appropriate timing requirement for the representations and warranties based on the above provisions.
Choices: ","Fail","Answer the following multiple choice question. The entire content of your response should be of the following format: 'ANSWER: $LETTER' (without quotes) where LETTER is one of {letters}.

{question}

{choices}

Instruction: Read the following excerpt from a merger agreement and answer the multiple-choice question by choosing the option that best characterizes the timing for when the representations and warranties must be reaffirmed according to the bring down provision.

Question: Based on the provisions below, at which points must the representations and warranties be accurate and/or reaffirmed?

Option A: Solely as of the Closing Date
Option B: Only at the Effective Time and again at Closing
Option C: As of the Agreement date with subsequent confirmation at the Closing Date

Merger Agreement Excerpt: Section 8.5 Conditions Precedent for Merger Completion. The Merger shall be subject to the condition that all representations and warranties provided by the Company, except those expressly limited to a specific historical reference, shall be accurate as of the date of this Agreement. They are required to be maintained in true and correct form at the Effective Time. Furthermore, any deviation observed after the Effective Time but before the Closing Date must be rectified so that, by the Closing Date, such representations and warranties reflect the status as though verified at Closing. (Refer to Exhibit B for additional qualification timelines.)
Choices: "
"31","Answer the following multiple choice question. The entire content of your response should be of the following format: 'ANSWER: $LETTER' (without quotes) where LETTER is one of {letters}.

{question}

{choices}

Instruction: Read the segments of a merger agreement and answer the multiple-choice question by choosing the option that best characterizes the timing of the representations and warranties in relation to the bring down provision.

Merger Agreement:
Section 5.1 Conditions Precedent: The Seller represents and warrants that all statements made herein are true and accurate as of the Agreement Date and shall be maintained without material change until the Closing Date. Any representation made without reference to a specific date is deemed to be applicable at both the Agreement Date and at Closing.

Section 8.4 Verification of Representations: Notwithstanding the foregoing, for the purpose of the Offer, the Seller shall re-confirm all representations and warranties not expressly made as of a specific date immediately prior to the Offer Expiration Time, as if made anew at that time.

Question: According to the bring down provision in this Agreement, when are the representations and warranties required to be made?
Choices: ","Fail","Answer the following multiple choice question. The entire content of your response should be of the following format: 'ANSWER: $LETTER' (without quotes) where LETTER is one of {letters}.

{question}

{choices}

Instruction: Read the following excerpt from a merger agreement and answer the multiple-choice question by choosing the option that best characterizes the timing for when the representations and warranties must be reaffirmed according to the bring down provision.

Question: Based on the provisions below, at which points must the representations and warranties be accurate and/or reaffirmed?

Option A: Solely as of the Closing Date
Option B: Only at the Effective Time and again at Closing
Option C: As of the Agreement date with subsequent confirmation at the Closing Date

Merger Agreement Excerpt: Section 8.5 Conditions Precedent for Merger Completion. The Merger shall be subject to the condition that all representations and warranties provided by the Company, except those expressly limited to a specific historical reference, shall be accurate as of the date of this Agreement. They are required to be maintained in true and correct form at the Effective Time. Furthermore, any deviation observed after the Effective Time but before the Closing Date must be rectified so that, by the Closing Date, such representations and warranties reflect the status as though verified at Closing. (Refer to Exhibit B for additional qualification timelines.)
Choices: "
"32","Answer the following multiple choice question. The entire content of your response should be of the following format: 'ANSWER: $LETTER' (without quotes) where LETTER is one of {letters}.

{question}

{choices}

Instruction: Read the segments of a merger agreement and answer the multiple-choice question by choosing the option that best characterizes the requirement for representations and warranties under the bring down provision.

Question: According to the bring down provision, when are the representations and warranties required to be made?
Option A: At Closing Only
Option B: At Signing & At Closing

Merger Agreement: Section 8.4 – Representations and Warranties of Seller. Except for those representations which are expressly designated in Section 8.4(a) to be as of a prior specific date, each representation and warranty shall be deemed true and correct as of the Closing Date. Notwithstanding the foregoing, for all representations not subject to the specific date exception, the condition of the Seller shall also be reflected as of the effective date of this Agreement.

Merger Agreement: Section 11.3 – Conditions Precedent to Closing. Notwithstanding any conflicting clause, all representations and warranties made by the Seller, except those reserved under Section 8.4(a), shall be considered as made on the date hereof and shall be reconfirmed at the Closing Date as if originally made on the date hereof, thereby ensuring their accuracy over both time periods.
Choices: ","Fail","Answer the following multiple choice question. The entire content of your response should be of the following format: 'ANSWER: $LETTER' (without quotes) where LETTER is one of {letters}.

{question}

{choices}

Instruction: Read the following excerpt from a merger agreement and answer the multiple-choice question by choosing the option that best characterizes the timing for when the representations and warranties must be reaffirmed according to the bring down provision.

Question: Based on the provisions below, at which points must the representations and warranties be accurate and/or reaffirmed?

Option A: Solely as of the Closing Date
Option B: Only at the Effective Time and again at Closing
Option C: As of the Agreement date with subsequent confirmation at the Closing Date

Merger Agreement Excerpt: Section 8.5 Conditions Precedent for Merger Completion. The Merger shall be subject to the condition that all representations and warranties provided by the Company, except those expressly limited to a specific historical reference, shall be accurate as of the date of this Agreement. They are required to be maintained in true and correct form at the Effective Time. Furthermore, any deviation observed after the Effective Time but before the Closing Date must be rectified so that, by the Closing Date, such representations and warranties reflect the status as though verified at Closing. (Refer to Exhibit B for additional qualification timelines.)
Choices: "
"33","Answer the following multiple choice question. The entire content of your response should be of the following format: 'ANSWER: $LETTER' (without quotes) where LETTER is one of {letters}.

{question}

{choices}

Instruction: Read the following excerpts from a merger agreement and answer the multiple-choice question by choosing the option that best characterizes the bring down provision.
Question: According to the bring down provision, when must the representations and warranties be accurate?
Option A: At Closing Only
Option B: At Signing & At Closing

Merger Agreement Excerpt 1 - Section 8.3 Conditions to Closing: ""All representations and warranties made by the Company shall be true and correct as of the Closing Date. Representations expressly qualified with the phrase 'as of the signing date' are limited to that date; however, any unqualified representations shall be reaffirmed at Closing as if originally made on that date.""

Merger Agreement Excerpt 2 - Section 5.7 Resurgence Clause: ""Notwithstanding any prior provisions, the Company affirms that all representations and warranties that are not explicitly designated to a specific date shall be deemed to be made at the date of this Agreement's execution and shall be reiterated at Closing as if made anew. This dual timing ensures continuous validity and compliance with the bring down provision.""
Choices: ","Fail","Answer the following multiple choice question. The entire content of your response should be of the following format: 'ANSWER: $LETTER' (without quotes) where LETTER is one of {letters}.

{question}

{choices}

Instruction: Read the following excerpt from a merger agreement and answer the multiple-choice question by choosing the option that best characterizes the timing for when the representations and warranties must be reaffirmed according to the bring down provision.

Question: Based on the provisions below, at which points must the representations and warranties be accurate and/or reaffirmed?

Option A: Solely as of the Closing Date
Option B: Only at the Effective Time and again at Closing
Option C: As of the Agreement date with subsequent confirmation at the Closing Date

Merger Agreement Excerpt: Section 8.5 Conditions Precedent for Merger Completion. The Merger shall be subject to the condition that all representations and warranties provided by the Company, except those expressly limited to a specific historical reference, shall be accurate as of the date of this Agreement. They are required to be maintained in true and correct form at the Effective Time. Furthermore, any deviation observed after the Effective Time but before the Closing Date must be rectified so that, by the Closing Date, such representations and warranties reflect the status as though verified at Closing. (Refer to Exhibit B for additional qualification timelines.)
Choices: "
"34","Answer the following multiple choice question. The entire content of your response should be of the following format: 'ANSWER: $LETTER' (without quotes) where LETTER is one of {letters}.

{question}

{choices}

Instruction: Read the following segments of a merger agreement and answer the multiple-choice question by choosing the option that best characterizes when the representations and warranties must be made according to the bring down provision.

Merger Agreement: Section 8.3 Conditions Precedent to the Transaction. The Parties agree that every representation and warranty of the Seller that is not expressly designated as of a specific earlier date (in accordance with Clause 8.3(b)) shall be deemed to be continuously true and correct from the Effective Execution Date through to the Closing Date, and must be reaffirmed at Closing.

Merger Agreement: Section 4.5 Additional Conditions. All representations and warranties that are not explicitly time-stamped shall be confirmed as of both the Effective Execution Date and the Closing Date, as if made on those respective dates.

Question: When are the representations and warranties required to be made according to the bring down provision?
Option A: At the Effective Execution Date only
Option B: At both the Effective Execution Date and the Closing Date
Choices: ","Fail","Answer the following multiple choice question. The entire content of your response should be of the following format: 'ANSWER: $LETTER' (without quotes) where LETTER is one of {letters}.

{question}

{choices}

Instruction: Read the following excerpt from a merger agreement and answer the multiple-choice question by choosing the option that best characterizes the timing for when the representations and warranties must be reaffirmed according to the bring down provision.

Question: Based on the provisions below, at which points must the representations and warranties be accurate and/or reaffirmed?

Option A: Solely as of the Closing Date
Option B: Only at the Effective Time and again at Closing
Option C: As of the Agreement date with subsequent confirmation at the Closing Date

Merger Agreement Excerpt: Section 8.5 Conditions Precedent for Merger Completion. The Merger shall be subject to the condition that all representations and warranties provided by the Company, except those expressly limited to a specific historical reference, shall be accurate as of the date of this Agreement. They are required to be maintained in true and correct form at the Effective Time. Furthermore, any deviation observed after the Effective Time but before the Closing Date must be rectified so that, by the Closing Date, such representations and warranties reflect the status as though verified at Closing. (Refer to Exhibit B for additional qualification timelines.)
Choices: "
"35","Answer the following multiple choice question. The entire content of your response should be of the following format: 'ANSWER: $LETTER' (without quotes) where LETTER is one of {letters}.

{question}

{choices}

Instruction: Read the section of a merger agreement and answer the multiple-choice question by choosing the option that best characterizes the timing requirement of the representations and warranties under the bring down provision.
Question: According to the bring down provision, when must the Company's representations and warranties be true and correct?
Option A: At Closing Only
Option B: At Signing & At Closing

Merger Agreement Excerpt:
Section 8.3 Conditions to the Merger: The obligations of the Acquirer to complete the Merger are contingent upon, among other conditions, the accuracy of all representations and warranties of the Company. Specifically, the representations and warranties set forth in Article V shall be true and correct as of the date of this Agreement and shall be reaffirmed as of the Closing Date as if originally made on such date, except for those expressly provided to be made as of a specific historical date.

Section 11.5 Conditions Precedent: Notwithstanding the provisions of Section 8.3, with respect to all representations not included in Schedule T, the Company’s representations and warranties are required to be true and correct only as of the Closing Date. However, where any representation expressly references both the signing date and the Closing Date, the restatement at Closing will prevail for pre-closing conditions while maintaining the original representations for interim reliance.

Answer:
Choices: ","Fail","Answer the following multiple choice question. The entire content of your response should be of the following format: 'ANSWER: $LETTER' (without quotes) where LETTER is one of {letters}.

{question}

{choices}

Instruction: Read the following excerpt from a merger agreement and answer the multiple-choice question by choosing the option that best characterizes the timing for when the representations and warranties must be reaffirmed according to the bring down provision.

Question: Based on the provisions below, at which points must the representations and warranties be accurate and/or reaffirmed?

Option A: Solely as of the Closing Date
Option B: Only at the Effective Time and again at Closing
Option C: As of the Agreement date with subsequent confirmation at the Closing Date

Merger Agreement Excerpt: Section 8.5 Conditions Precedent for Merger Completion. The Merger shall be subject to the condition that all representations and warranties provided by the Company, except those expressly limited to a specific historical reference, shall be accurate as of the date of this Agreement. They are required to be maintained in true and correct form at the Effective Time. Furthermore, any deviation observed after the Effective Time but before the Closing Date must be rectified so that, by the Closing Date, such representations and warranties reflect the status as though verified at Closing. (Refer to Exhibit B for additional qualification timelines.)
Choices: "
"36","Answer the following multiple choice question. The entire content of your response should be of the following format: 'ANSWER: $LETTER' (without quotes) where LETTER is one of {letters}.

{question}

{choices}

Instruction: Read the segments of a merger agreement and answer the multiple-choice question by choosing the option that best characterizes the bring down provision regarding the timing of representations and warranties.

Question: When are representations and warranties required to be made according to the bring down provision?
Option A: At Closing Only
Option B: At Signing & At Closing

Merger Agreement Excerpts:

Section 14.5 - Conditions for Validity: 
""Except as expressly provided in Section 14.5(b), every representation and warranty of the Seller shall be taken as of the Closing Date, thereby ensuring that no material adverse changes have occurred subsequent to the execution of this Agreement. For all purposes under this Agreement, the representations that are not qualified by a specific effective date are required to be true and correct as of the Closing Date.""

Section 3.9 - Pre-Closing Adjustments and Early Confirmation: 
""Notwithstanding Section 14.5, the representations and warranties concerning regulatory compliance, historical operations, and capital structure shall be established at the time of Offer Initiation, serving as a preliminary certification. Such representations, once established at Offer Initiation, must be reaffirmed at the Closing Date as a part of the bring down process to ensure that no material deterioration has occurred. In cases where a representation is expressly tied to the Offer Initiation date, its confirmation at Closing is not required if accompanied by a contemporaneous certification of unchanged status; however, absent such certification, the standard bring down applies.""

Based on the above, choose the option that best characterizes when the representations and warranties are required.
Choices: ","Fail","Answer the following multiple choice question. The entire content of your response should be of the following format: 'ANSWER: $LETTER' (without quotes) where LETTER is one of {letters}.

{question}

{choices}

Instruction: Read the following excerpt from a merger agreement and answer the multiple-choice question by choosing the option that best characterizes the timing for when the representations and warranties must be reaffirmed according to the bring down provision.

Question: Based on the provisions below, at which points must the representations and warranties be accurate and/or reaffirmed?

Option A: Solely as of the Closing Date
Option B: Only at the Effective Time and again at Closing
Option C: As of the Agreement date with subsequent confirmation at the Closing Date

Merger Agreement Excerpt: Section 8.5 Conditions Precedent for Merger Completion. The Merger shall be subject to the condition that all representations and warranties provided by the Company, except those expressly limited to a specific historical reference, shall be accurate as of the date of this Agreement. They are required to be maintained in true and correct form at the Effective Time. Furthermore, any deviation observed after the Effective Time but before the Closing Date must be rectified so that, by the Closing Date, such representations and warranties reflect the status as though verified at Closing. (Refer to Exhibit B for additional qualification timelines.)
Choices: "
"37","Answer the following multiple choice question. The entire content of your response should be of the following format: 'ANSWER: $LETTER' (without quotes) where LETTER is one of {letters}.

{question}

{choices}

Instruction: Read the following excerpts from a merger agreement and answer the multiple-choice question by choosing the option that best characterizes the timing requirement for representations and warranties.

Question: When are representations and warranties required to be made according to the bring down provision?
Option A: At Closing Only
Option B: At Signing & At Closing

Merger Agreement:
Section 8.5 Conditions Precedent. The obligations of the Company to consummate the Merger are subject to the satisfaction of certain conditions. Among these, it is required that each representation and warranty of the Company shall be true and correct as of the Closing Date, except in instances where a representation is expressly qualified as being made as of the date of this Agreement.

Section 11.3 Supplemental Conditions. Notwithstanding Section 8.5, it is further stipulated that, unless a representation or warranty is limited by an express date other than the date hereof, every such representation and warranty shall be accurate in all respects as of the date hereof (i.e., the date of execution of this Agreement) and shall be reiterated at and as of the Closing Date as though made anew.


Choices: ","Fail","Answer the following multiple choice question. The entire content of your response should be of the following format: 'ANSWER: $LETTER' (without quotes) where LETTER is one of {letters}.

{question}

{choices}

Instruction: Read the following excerpt from a merger agreement and answer the multiple-choice question by choosing the option that best characterizes the timing for when the representations and warranties must be reaffirmed according to the bring down provision.

Question: Based on the provisions below, at which points must the representations and warranties be accurate and/or reaffirmed?

Option A: Solely as of the Closing Date
Option B: Only at the Effective Time and again at Closing
Option C: As of the Agreement date with subsequent confirmation at the Closing Date

Merger Agreement Excerpt: Section 8.5 Conditions Precedent for Merger Completion. The Merger shall be subject to the condition that all representations and warranties provided by the Company, except those expressly limited to a specific historical reference, shall be accurate as of the date of this Agreement. They are required to be maintained in true and correct form at the Effective Time. Furthermore, any deviation observed after the Effective Time but before the Closing Date must be rectified so that, by the Closing Date, such representations and warranties reflect the status as though verified at Closing. (Refer to Exhibit B for additional qualification timelines.)
Choices: "
"38","Answer the following multiple choice question. The entire content of your response should be of the following format: 'ANSWER: $LETTER' (without quotes) where LETTER is one of {letters}.

{question}

{choices}

Instruction: Read the segment of a merger agreement and answer the multiple-choice question by choosing the option that best characterizes the agreement.

Question: When are representations and warranties required to be made according to the bringdown provision?
Option A: At Closing Only
Option B: At Signing & At Closing

Merger Agreement: 
Section 9.3 – Pre-Closing Verification. Subject to the conditions herein, each representation and warranty of Alpha Corp contained in this Agreement shall be true and correct as of the Closing Date, except for those representations expressly stated to be as of a specific date, which remain binding solely on that date. 

Section 11.4 – Ongoing Disclosure and Confirmations. Notwithstanding Section 9.3, it is further provided that, for the purposes of ensuring accuracy throughout the transaction, all representations and warranties not expressly confined to a specific date, as set forth in Article III, shall be deemed to have been established at the date of this Agreement and reaffirmed as of the Effective Time, which is construed as the Closing Date. If any material discrepancy is later identified, such representations shall be treated as if made as of both the date of this Agreement and the Effective Time.
Choices: ","Fail","Answer the following multiple choice question. The entire content of your response should be of the following format: 'ANSWER: $LETTER' (without quotes) where LETTER is one of {letters}.

{question}

{choices}

Instruction: Read the following excerpt from a merger agreement and answer the multiple-choice question by choosing the option that best characterizes the timing for when the representations and warranties must be reaffirmed according to the bring down provision.

Question: Based on the provisions below, at which points must the representations and warranties be accurate and/or reaffirmed?

Option A: Solely as of the Closing Date
Option B: Only at the Effective Time and again at Closing
Option C: As of the Agreement date with subsequent confirmation at the Closing Date

Merger Agreement Excerpt: Section 8.5 Conditions Precedent for Merger Completion. The Merger shall be subject to the condition that all representations and warranties provided by the Company, except those expressly limited to a specific historical reference, shall be accurate as of the date of this Agreement. They are required to be maintained in true and correct form at the Effective Time. Furthermore, any deviation observed after the Effective Time but before the Closing Date must be rectified so that, by the Closing Date, such representations and warranties reflect the status as though verified at Closing. (Refer to Exhibit B for additional qualification timelines.)
Choices: "
"39","Answer the following multiple choice question. The entire content of your response should be of the following format: 'ANSWER: $LETTER' (without quotes) where LETTER is one of {letters}.

{question}

{choices}

Instruction: Read the segment of a merger agreement and answer the multiple-choice question by choosing the option that best characterizes when the representations and warranties are required to be made according to the bring down provision.

Question: When are the representations and warranties required to be made?
Option A: At the Signing Date Only
Option B: At both the Signing Date and the Closing Date

Merger Agreement:
Section 8.1 Conditions to the Obligations. The Company shall provide its representations and warranties which shall be true and correct as of the Signing Date. However, any representation or warranty expressly made as of a specific date shall only be binding as of that particular date.

Section 10.4 Additional Conditions Precedent to Closing. All representations and warranties which are not expressly made as of a specific date are required to be reaffirmed and remain true and correct as of the Closing Date, as if made on and as of the Closing Date.
Choices: ","Fail","Answer the following multiple choice question. The entire content of your response should be of the following format: 'ANSWER: $LETTER' (without quotes) where LETTER is one of {letters}.

{question}

{choices}

Instruction: Read the following excerpt from a merger agreement and answer the multiple-choice question by choosing the option that best characterizes the timing for when the representations and warranties must be reaffirmed according to the bring down provision.

Question: Based on the provisions below, at which points must the representations and warranties be accurate and/or reaffirmed?

Option A: Solely as of the Closing Date
Option B: Only at the Effective Time and again at Closing
Option C: As of the Agreement date with subsequent confirmation at the Closing Date

Merger Agreement Excerpt: Section 8.5 Conditions Precedent for Merger Completion. The Merger shall be subject to the condition that all representations and warranties provided by the Company, except those expressly limited to a specific historical reference, shall be accurate as of the date of this Agreement. They are required to be maintained in true and correct form at the Effective Time. Furthermore, any deviation observed after the Effective Time but before the Closing Date must be rectified so that, by the Closing Date, such representations and warranties reflect the status as though verified at Closing. (Refer to Exhibit B for additional qualification timelines.)
Choices: "
"40","Answer the following multiple choice question. The entire content of your response should be of the following format: 'ANSWER: $LETTER' (without quotes) where LETTER is one of {letters}.

{question}

{choices}

Instruction: Read the following merger agreement excerpts and answer the multiple-choice question by choosing the option that best characterizes the timing requirements for the representations and warranties according to the bring down provision.
Question: When are representations and warranties required to be made?
Option A: At Closing Only
Option B: At Signing & At Closing

Merger Agreement Excerpt 1 (Section 8.4 - Conditions to the Obligations of the Sponsor): ""The obligations of the Sponsor under this Agreement are subject to the condition that all representations and warranties contained herein shall be true and correct as of the Closing Date, as if made at such time; however, each representation enumerated in Article V shall also be confirmed as true and correct as of the date of execution of this Agreement.""

Merger Agreement Excerpt 2 (Section 11.1 - Representations and Warranties Certification): ""Notwithstanding any other provision in this Agreement, all representations and warranties, excluding the financial statements attached in Schedule A, shall be certified to be accurate both at the time of execution and as of the Closing Date, as if reissued at Closing, to ensure comprehensive compliance with the bring down provision.""
Choices: ","Fail","Answer the following multiple choice question. The entire content of your response should be of the following format: 'ANSWER: $LETTER' (without quotes) where LETTER is one of {letters}.

{question}

{choices}

Instruction: Read the following excerpt from a merger agreement and answer the multiple-choice question by choosing the option that best characterizes the timing for when the representations and warranties must be reaffirmed according to the bring down provision.

Question: Based on the provisions below, at which points must the representations and warranties be accurate and/or reaffirmed?

Option A: Solely as of the Closing Date
Option B: Only at the Effective Time and again at Closing
Option C: As of the Agreement date with subsequent confirmation at the Closing Date

Merger Agreement Excerpt: Section 8.5 Conditions Precedent for Merger Completion. The Merger shall be subject to the condition that all representations and warranties provided by the Company, except those expressly limited to a specific historical reference, shall be accurate as of the date of this Agreement. They are required to be maintained in true and correct form at the Effective Time. Furthermore, any deviation observed after the Effective Time but before the Closing Date must be rectified so that, by the Closing Date, such representations and warranties reflect the status as though verified at Closing. (Refer to Exhibit B for additional qualification timelines.)
Choices: "
"41","Answer the following multiple choice question. The entire content of your response should be of the following format: 'ANSWER: $LETTER' (without quotes) where LETTER is one of {letters}.

{question}

{choices}

Instruction: Read the following segments of a merger agreement and answer the multiple-choice question by choosing the option that best characterizes the timing for the representations and warranties according to the bring down provision.
Question: When are the representations and warranties required to be made according to the bring down provision?
Option A: At the Effective Time Only
Option B: At Signing & At Closing

Merger Agreement:
Section 8.1 Conditions Precedent to Completion. The obligations of the Buyer and Seller to consummate the transaction are subject to the condition that each representation and warranty of the Company be true and correct as of the Effective Time. Notwithstanding this, certain representations that are expressly designated as being made as of the Signing Date need only be accurate at signing.

Section 11.3 Additional Conditions for Closing. In order to finalize the transaction, all representations and warranties, except those previously designated as exclusively as of the Signing Date, shall be reaffirmed and confirmed to be accurate as of the Closing Date, as if made anew at such time.

Based on these provisions, determine the overall timing at which the representations and warranties must be made.
Choices: ","Fail","Answer the following multiple choice question. The entire content of your response should be of the following format: 'ANSWER: $LETTER' (without quotes) where LETTER is one of {letters}.

{question}

{choices}

Instruction: Read the following excerpt from a merger agreement and answer the multiple-choice question by choosing the option that best characterizes the timing for when the representations and warranties must be reaffirmed according to the bring down provision.

Question: Based on the provisions below, at which points must the representations and warranties be accurate and/or reaffirmed?

Option A: Solely as of the Closing Date
Option B: Only at the Effective Time and again at Closing
Option C: As of the Agreement date with subsequent confirmation at the Closing Date

Merger Agreement Excerpt: Section 8.5 Conditions Precedent for Merger Completion. The Merger shall be subject to the condition that all representations and warranties provided by the Company, except those expressly limited to a specific historical reference, shall be accurate as of the date of this Agreement. They are required to be maintained in true and correct form at the Effective Time. Furthermore, any deviation observed after the Effective Time but before the Closing Date must be rectified so that, by the Closing Date, such representations and warranties reflect the status as though verified at Closing. (Refer to Exhibit B for additional qualification timelines.)
Choices: "
"42","Answer the following multiple choice question. The entire content of your response should be of the following format: 'ANSWER: $LETTER' (without quotes) where LETTER is one of {letters}.

{question}

{choices}

Instruction: Read the segments of a merger agreement and answer the multiple-choice question by choosing the option that best characterizes the agreement.

Question: According to the bring down provisions below, when must the Company's representations and warranties be verified?
Option A: At Closing Only
Option B: At Signing & At Closing

Merger Agreement Excerpts:

Segment One (Article 11.3 - Conditions to the Merger): ""Except for the representations expressly made as of 'the Agreement Date,' all representations and warranties of the Company shall be deemed made and verified as of the Closing Date. Notwithstanding, any representation not fixed to a specific date shall be continuously complied with from the time of Signing through the Commitment Date and maintained until the Closing Date.""

Segment Two (Article 15.2 - Additional Conditions): ""Notwithstanding Article 11.3, the Company is required to reaffirm all representations and warranties that are not explicitly denoted as of the Agreement Date at the time of Signing. This reaffirmation is binding and must be upheld without Material Adverse Change until the Closing Date. Representations made without a specified date must therefore be verified both at Signing and at Closing as if reasserted at Signing.""
Choices: ","Fail","Answer the following multiple choice question. The entire content of your response should be of the following format: 'ANSWER: $LETTER' (without quotes) where LETTER is one of {letters}.

{question}

{choices}

Instruction: Read the following excerpt from a merger agreement and answer the multiple-choice question by choosing the option that best characterizes the timing for when the representations and warranties must be reaffirmed according to the bring down provision.

Question: Based on the provisions below, at which points must the representations and warranties be accurate and/or reaffirmed?

Option A: Solely as of the Closing Date
Option B: Only at the Effective Time and again at Closing
Option C: As of the Agreement date with subsequent confirmation at the Closing Date

Merger Agreement Excerpt: Section 8.5 Conditions Precedent for Merger Completion. The Merger shall be subject to the condition that all representations and warranties provided by the Company, except those expressly limited to a specific historical reference, shall be accurate as of the date of this Agreement. They are required to be maintained in true and correct form at the Effective Time. Furthermore, any deviation observed after the Effective Time but before the Closing Date must be rectified so that, by the Closing Date, such representations and warranties reflect the status as though verified at Closing. (Refer to Exhibit B for additional qualification timelines.)
Choices: "
"43","Answer the following multiple choice question. The entire content of your response should be of the following format: 'ANSWER: $LETTER' (without quotes) where LETTER is one of {letters}.

{question}

{choices}

Instruction: Read the following segments of a merger agreement and answer the multiple-choice question by choosing the option that best characterizes the timing for when representations and warranties are required according to the bring down provision.

Question: When are representations and warranties required to be made according to the bring down provision?
Option A: At Closing Only
Option B: At Signing & At Closing

Merger Agreement Excerpts:
Segment 1 (Section 9.4 Conditions to Closing): ""All representations and warranties of the Seller that are not expressly made as of a specific date shall be accurate and complete as of the Closing Date. Any such representation not otherwise qualified shall be re-verified immediately prior to Closing to confirm its continued validity.""

Segment 2 (Section 4.5 Continuity of Representations): ""Notwithstanding the foregoing, except for those representations expressly stated as of a later date, the Seller hereby represents and warrants that all statements made in this Agreement shall be deemed made as of the Agreement Execution Time and shall remain true and enforceable until Closing, thus obligating the Seller to confirm these representations at both Signing and Closing.""

Based on these provisions, determine the requirement for the bring down of representations and warranties.
Choices: ","Fail","Answer the following multiple choice question. The entire content of your response should be of the following format: 'ANSWER: $LETTER' (without quotes) where LETTER is one of {letters}.

{question}

{choices}

Instruction: Read the following excerpt from a merger agreement and answer the multiple-choice question by choosing the option that best characterizes the timing for when the representations and warranties must be reaffirmed according to the bring down provision.

Question: Based on the provisions below, at which points must the representations and warranties be accurate and/or reaffirmed?

Option A: Solely as of the Closing Date
Option B: Only at the Effective Time and again at Closing
Option C: As of the Agreement date with subsequent confirmation at the Closing Date

Merger Agreement Excerpt: Section 8.5 Conditions Precedent for Merger Completion. The Merger shall be subject to the condition that all representations and warranties provided by the Company, except those expressly limited to a specific historical reference, shall be accurate as of the date of this Agreement. They are required to be maintained in true and correct form at the Effective Time. Furthermore, any deviation observed after the Effective Time but before the Closing Date must be rectified so that, by the Closing Date, such representations and warranties reflect the status as though verified at Closing. (Refer to Exhibit B for additional qualification timelines.)
Choices: "
"44","Answer the following multiple choice question. The entire content of your response should be of the following format: 'ANSWER: $LETTER' (without quotes) where LETTER is one of {letters}.

{question}

{choices}

Instruction: Read the segment of a merger agreement and answer the multiple-choice question by choosing the option that best characterizes the agreement.
Question: When are representations and warranties considered required to be affirmed under the bring down provision?
Option A: Exclusively at the time of Closing.
Option B: At both the Signing and Closing Dates.

Merger Agreement Excerpt #1 (Section 8.1): ""In order for the Transaction to proceed, all representations and warranties made by the Company that are not explicitly designated as 'with respect to a fixed date' shall be maintained as true and correct as of the Closing Date, notwithstanding any prior verification requirements. Representations specifically labeled as 'fixed date' shall be effective only as of that fixed date and do not require re-affirmation at Signing."" (Page 45)

Merger Agreement Excerpt #2 (Section 11.3): ""Notwithstanding the provisions of Section 8.1, all other representations and warranties that are not subject to a fixed date limitation shall be asserted and confirmed as of both the date of this Agreement and as of the Closing Date to ensure ongoing accuracy and enforceability throughout the Transaction."" (Page 102)
Choices: ","Fail","Answer the following multiple choice question. The entire content of your response should be of the following format: 'ANSWER: $LETTER' (without quotes) where LETTER is one of {letters}.

{question}

{choices}

Instruction: Read the following excerpt from a merger agreement and answer the multiple-choice question by choosing the option that best characterizes the timing for when the representations and warranties must be reaffirmed according to the bring down provision.

Question: Based on the provisions below, at which points must the representations and warranties be accurate and/or reaffirmed?

Option A: Solely as of the Closing Date
Option B: Only at the Effective Time and again at Closing
Option C: As of the Agreement date with subsequent confirmation at the Closing Date

Merger Agreement Excerpt: Section 8.5 Conditions Precedent for Merger Completion. The Merger shall be subject to the condition that all representations and warranties provided by the Company, except those expressly limited to a specific historical reference, shall be accurate as of the date of this Agreement. They are required to be maintained in true and correct form at the Effective Time. Furthermore, any deviation observed after the Effective Time but before the Closing Date must be rectified so that, by the Closing Date, such representations and warranties reflect the status as though verified at Closing. (Refer to Exhibit B for additional qualification timelines.)
Choices: "
"45","Answer the following multiple choice question. The entire content of your response should be of the following format: 'ANSWER: $LETTER' (without quotes) where LETTER is one of {letters}.

{question}

{choices}

Instruction: Read the following segments of a merger agreement and answer the multiple-choice question by choosing the option that best characterizes the timing obligation for representations and warranties under the bring down provision.

Question: When are representations and warranties required to be made according to the bring down provision?
Option A: At Closing Only
Option B: At Signing & At Closing

Merger Agreement: Section 10.4 Conditions to Merger Execution. The obligations of the Purchaser to finalize the Merger are subject to the satisfaction (or waiver by the Board) of the following condition: (a) All material representations and warranties, except for those specifically related to tax liabilities, shall be true and correct as of the Closing Date only. (Page 45)

Merger Agreement: Section 4.1 Reaffirmation of Representations. Notwithstanding Section 10.4, all representations and warranties set forth in Article III of this Agreement shall be continuously reaffirmed, being accurate as of both the execution date of this Agreement (the Signing Date) and as of the Closing Date, except for disclosures that are expressly limited to a specified date. (Page 78)
Choices: ","Fail","Answer the following multiple choice question. The entire content of your response should be of the following format: 'ANSWER: $LETTER' (without quotes) where LETTER is one of {letters}.

{question}

{choices}

Instruction: Read the following excerpt from a merger agreement and answer the multiple-choice question by choosing the option that best characterizes the timing for when the representations and warranties must be reaffirmed according to the bring down provision.

Question: Based on the provisions below, at which points must the representations and warranties be accurate and/or reaffirmed?

Option A: Solely as of the Closing Date
Option B: Only at the Effective Time and again at Closing
Option C: As of the Agreement date with subsequent confirmation at the Closing Date

Merger Agreement Excerpt: Section 8.5 Conditions Precedent for Merger Completion. The Merger shall be subject to the condition that all representations and warranties provided by the Company, except those expressly limited to a specific historical reference, shall be accurate as of the date of this Agreement. They are required to be maintained in true and correct form at the Effective Time. Furthermore, any deviation observed after the Effective Time but before the Closing Date must be rectified so that, by the Closing Date, such representations and warranties reflect the status as though verified at Closing. (Refer to Exhibit B for additional qualification timelines.)
Choices: "
"46","Answer the following multiple choice question. The entire content of your response should be of the following format: 'ANSWER: $LETTER' (without quotes) where LETTER is one of {letters}.

{question}

{choices}

Instruction: Read the segment of a share purchase and merger contract and answer the multiple-choice question by choosing the option that best describes when the representations and warranties shall be confirmed according to the bring-down provision.
Question: According to the bring-down provision, when are the representations and warranties required to be confirmed?
Option A: At Closing exclusively
Option B: Both at the Contract Execution Date and at the Closing

Contract Clause I: ""All representations and warranties of the Seller set forth in Article IV shall be accurate, without reliance on any materiality qualifications, as of the Closing Date. If any representation is expressly stated as of a distinct date, it shall not be subject to this clause."" (Page 56)

Contract Clause II: ""Notwithstanding the above, except for those representations made as of a designated historical date, the Seller confirms that all other representations and warranties shall be deemed effective as of the Contract Execution Date and shall be reaffirmed at Closing as if made anew."" (Page 78)
Choices: ","Fail","Answer the following multiple choice question. The entire content of your response should be of the following format: 'ANSWER: $LETTER' (without quotes) where LETTER is one of {letters}.

{question}

{choices}

Instruction: Read the following excerpt from a merger agreement and answer the multiple-choice question by choosing the option that best characterizes the timing for when the representations and warranties must be reaffirmed according to the bring down provision.

Question: Based on the provisions below, at which points must the representations and warranties be accurate and/or reaffirmed?

Option A: Solely as of the Closing Date
Option B: Only at the Effective Time and again at Closing
Option C: As of the Agreement date with subsequent confirmation at the Closing Date

Merger Agreement Excerpt: Section 8.5 Conditions Precedent for Merger Completion. The Merger shall be subject to the condition that all representations and warranties provided by the Company, except those expressly limited to a specific historical reference, shall be accurate as of the date of this Agreement. They are required to be maintained in true and correct form at the Effective Time. Furthermore, any deviation observed after the Effective Time but before the Closing Date must be rectified so that, by the Closing Date, such representations and warranties reflect the status as though verified at Closing. (Refer to Exhibit B for additional qualification timelines.)
Choices: "
"47","Answer the following multiple choice question. The entire content of your response should be of the following format: 'ANSWER: $LETTER' (without quotes) where LETTER is one of {letters}.

{question}

{choices}

Instruction: Read the following segments of a merger agreement and answer the multiple-choice question by choosing the option that best characterizes the timing at which the representations and warranties are required to be made according to the bring down provision.

Question: When are the representations and warranties required to be made according to the bring down provision?
Option A: At Closing Only
Option B: At Signing & At Closing

Merger Agreement Excerpt 1 (Section 8.3 – Representations and Conditions of the Company):
""Each representation and warranty set forth in Article III of this Agreement shall be true and correct as of the Closing Date. Notwithstanding the foregoing, any representation expressly made as of the date of this Agreement shall be deemed satisfied upon execution, except that its accuracy shall be reconfirmed as of the Closing Date.""

Merger Agreement Excerpt 2 (Section 12.4 – Conditions Precedent to the Closing):
""All representations and warranties of the Company set forth in Article III shall be made initially at the Effective Time, and, subject to the exceptions expressly provided herein, shall continue to be true and correct as of the Closing Date as if made on and as of such date.""

Review the provisions carefully and select the choice that best describes the requirement for making the representations and warranties.
Choices: ","Fail","Answer the following multiple choice question. The entire content of your response should be of the following format: 'ANSWER: $LETTER' (without quotes) where LETTER is one of {letters}.

{question}

{choices}

Instruction: Read the following excerpt from a merger agreement and answer the multiple-choice question by choosing the option that best characterizes the timing for when the representations and warranties must be reaffirmed according to the bring down provision.

Question: Based on the provisions below, at which points must the representations and warranties be accurate and/or reaffirmed?

Option A: Solely as of the Closing Date
Option B: Only at the Effective Time and again at Closing
Option C: As of the Agreement date with subsequent confirmation at the Closing Date

Merger Agreement Excerpt: Section 8.5 Conditions Precedent for Merger Completion. The Merger shall be subject to the condition that all representations and warranties provided by the Company, except those expressly limited to a specific historical reference, shall be accurate as of the date of this Agreement. They are required to be maintained in true and correct form at the Effective Time. Furthermore, any deviation observed after the Effective Time but before the Closing Date must be rectified so that, by the Closing Date, such representations and warranties reflect the status as though verified at Closing. (Refer to Exhibit B for additional qualification timelines.)
Choices: "
"48","Answer the following multiple choice question. The entire content of your response should be of the following format: 'ANSWER: $LETTER' (without quotes) where LETTER is one of {letters}.

{question}

{choices}

Instruction: Read the following segments of a transaction agreement and answer the multiple-choice question by choosing the option that best characterizes the timing of representations and warranties under the bring down provision.
Question: When are the representations and warranties required to be made according to the bring down provision?
Option A: At Closing Only
Option B: At Signing & At Closing

Transaction Agreement:
Section 10.2 Conditions to Closing Obligations: ""The representations and warranties of the Company shall be fully accurate and correct as of the Closing Date. Notwithstanding any representations made prior to this point, any matter not expressly denoted as 'as of the Agreement Date' must be confirmed exclusively at Closing.""

Section 3.8 Confirmatory Provisions: ""All representations and warranties, except those individually marked 'as of the Agreement Date', are to be reaffirmed at the designated Effective Commencement Time, which, for all intents and purposes, is equivalent to the Closing Date. Representations made earlier for informational purposes do not constitute a binding certification at signing.""

Section 12.5 Miscellaneous: ""No representation and warranty shall require dual certification at both signing and closing if the language herein dictates an 'as of Closing Date' standard. Any such prior representations are deemed non-binding with respect to the bring down requirement.""
Choices: ","Fail","Answer the following multiple choice question. The entire content of your response should be of the following format: 'ANSWER: $LETTER' (without quotes) where LETTER is one of {letters}.

{question}

{choices}

Instruction: Read the following excerpt from a merger agreement and answer the multiple-choice question by choosing the option that best characterizes the timing for when the representations and warranties must be reaffirmed according to the bring down provision.

Question: Based on the provisions below, at which points must the representations and warranties be accurate and/or reaffirmed?

Option A: Solely as of the Closing Date
Option B: Only at the Effective Time and again at Closing
Option C: As of the Agreement date with subsequent confirmation at the Closing Date

Merger Agreement Excerpt: Section 8.5 Conditions Precedent for Merger Completion. The Merger shall be subject to the condition that all representations and warranties provided by the Company, except those expressly limited to a specific historical reference, shall be accurate as of the date of this Agreement. They are required to be maintained in true and correct form at the Effective Time. Furthermore, any deviation observed after the Effective Time but before the Closing Date must be rectified so that, by the Closing Date, such representations and warranties reflect the status as though verified at Closing. (Refer to Exhibit B for additional qualification timelines.)
Choices: "
"49","Answer the following multiple choice question. The entire content of your response should be of the following format: 'ANSWER: $LETTER' (without quotes) where LETTER is one of {letters}.

{question}

{choices}

Instruction: Read the segment of a merger agreement and answer the multiple-choice question by choosing the option that best characterizes the timing for representations and warranties under the bring down provision.
Question: According to the excerpts provided, when must the Seller's representations and warranties be accurate?
Option A: At Closing Only
Option B: At Signing & At Closing

Merger Agreement Excerpts:
Section 8.1 – Conditions to Closing Obligations:
""Notwithstanding any other provision, each representation and warranty provided by the Seller under this Agreement shall be true and correct as of the Closing Date. Any representation expressly made as of a specific date shall be deemed accurate only for that date.""

Section 11.4 – Certification to the Offer:
""In connection with the Offer, the Seller certifies that all representations and warranties, except those detailed in Sections 2.1 and 2.3, were accurate on the Execution Date and shall be reaffirmed as of the Effective Certification Date, which shall be treated as equivalent to the Closing Date for the purposes of this Agreement.""

[Do not include the answer letter in the text field]
Choices: ","Fail","Answer the following multiple choice question. The entire content of your response should be of the following format: 'ANSWER: $LETTER' (without quotes) where LETTER is one of {letters}.

{question}

{choices}

Instruction: Read the following excerpt from a merger agreement and answer the multiple-choice question by choosing the option that best characterizes the timing for when the representations and warranties must be reaffirmed according to the bring down provision.

Question: Based on the provisions below, at which points must the representations and warranties be accurate and/or reaffirmed?

Option A: Solely as of the Closing Date
Option B: Only at the Effective Time and again at Closing
Option C: As of the Agreement date with subsequent confirmation at the Closing Date

Merger Agreement Excerpt: Section 8.5 Conditions Precedent for Merger Completion. The Merger shall be subject to the condition that all representations and warranties provided by the Company, except those expressly limited to a specific historical reference, shall be accurate as of the date of this Agreement. They are required to be maintained in true and correct form at the Effective Time. Furthermore, any deviation observed after the Effective Time but before the Closing Date must be rectified so that, by the Closing Date, such representations and warranties reflect the status as though verified at Closing. (Refer to Exhibit B for additional qualification timelines.)
Choices: "
"50","Answer the following multiple choice question. The entire content of your response should be of the following format: 'ANSWER: $LETTER' (without quotes) where LETTER is one of {letters}.

{question}

{choices}

Instruction: Read the following segments of a merger agreement and answer the multiple-choice question by choosing the option that best characterizes the agreement.

Question: When are representations and warranties required to be made according to the bring down provision?
Option A: At Closing Only
Option B: At Signing & At Closing

Merger Agreement:
Section 5.4 Conditions to the Obligations of the Company. The Company’s representations and warranties set forth in this Agreement, except those expressly qualified by a specific date, shall be true and correct as of the Closing Date. No further certification is required after the Closing Date for such representations.

Section 8.7 Continuous Representation and Certification. Notwithstanding Section 5.4, all remaining representations and warranties of the Company shall be true and correct as of the date hereof and must be reaffirmed at the Closing Date. To evidence this, an executed certificate by the Chief Executive Officer confirming the accuracy of these representations as of the date hereof shall be delivered contemporaneously with the Agreement and updated at Closing as necessary.

Based on the provisions above, indicate when the representations and warranties are required.
Choices: ","Fail","Answer the following multiple choice question. The entire content of your response should be of the following format: 'ANSWER: $LETTER' (without quotes) where LETTER is one of {letters}.

{question}

{choices}

Instruction: Read the following excerpt from a merger agreement and answer the multiple-choice question by choosing the option that best characterizes the timing for when the representations and warranties must be reaffirmed according to the bring down provision.

Question: Based on the provisions below, at which points must the representations and warranties be accurate and/or reaffirmed?

Option A: Solely as of the Closing Date
Option B: Only at the Effective Time and again at Closing
Option C: As of the Agreement date with subsequent confirmation at the Closing Date

Merger Agreement Excerpt: Section 8.5 Conditions Precedent for Merger Completion. The Merger shall be subject to the condition that all representations and warranties provided by the Company, except those expressly limited to a specific historical reference, shall be accurate as of the date of this Agreement. They are required to be maintained in true and correct form at the Effective Time. Furthermore, any deviation observed after the Effective Time but before the Closing Date must be rectified so that, by the Closing Date, such representations and warranties reflect the status as though verified at Closing. (Refer to Exhibit B for additional qualification timelines.)
Choices: "
"51","Answer the following multiple choice question. The entire content of your response should be of the following format: 'ANSWER: $LETTER' (without quotes) where LETTER is one of {letters}.

{question}

{choices}

Instruction: Read the following excerpts from a merger agreement and answer the multiple-choice question by choosing the option that best characterizes when representations and warranties must be made under the bring down provision.

Question: When are representations and warranties required to be made according to the bring down provision?
Option A: At Closing Only
Option B: At Signing & At Closing

Merger Agreement Excerpts:

Section 8.1 – Conditions to the Transaction: ""The parties agree that, subject to the exceptions expressly noted herein, all representations and warranties provided by the Company shall be true and correct as of the date this Agreement is executed. Furthermore, these representations and warranties shall be reaffirmed as of the Closing Date to ensure that there have been no material changes, thereby effectuating a complete bring down of their accuracy at Closing.""

Section 12.3 – Verification Clause: ""Notwithstanding any other provision of this Agreement, the Company certifies that all representations and warranties, unless otherwise qualified to a specific date, shall be accurate as of the time of execution of this Agreement. For such representations, no additional verification shall be required at Closing.""

Based on the above, which timing correctly reflects the requirements under the bring down provision?
Choices: ","Fail","Answer the following multiple choice question. The entire content of your response should be of the following format: 'ANSWER: $LETTER' (without quotes) where LETTER is one of {letters}.

{question}

{choices}

Instruction: Read the following excerpt from a merger agreement and answer the multiple-choice question by choosing the option that best characterizes the timing for when the representations and warranties must be reaffirmed according to the bring down provision.

Question: Based on the provisions below, at which points must the representations and warranties be accurate and/or reaffirmed?

Option A: Solely as of the Closing Date
Option B: Only at the Effective Time and again at Closing
Option C: As of the Agreement date with subsequent confirmation at the Closing Date

Merger Agreement Excerpt: Section 8.5 Conditions Precedent for Merger Completion. The Merger shall be subject to the condition that all representations and warranties provided by the Company, except those expressly limited to a specific historical reference, shall be accurate as of the date of this Agreement. They are required to be maintained in true and correct form at the Effective Time. Furthermore, any deviation observed after the Effective Time but before the Closing Date must be rectified so that, by the Closing Date, such representations and warranties reflect the status as though verified at Closing. (Refer to Exhibit B for additional qualification timelines.)
Choices: "
"52","Answer the following multiple choice question. The entire content of your response should be of the following format: 'ANSWER: $LETTER' (without quotes) where LETTER is one of {letters}.

{question}

{choices}

Instruction: Read the following segments of a merger agreement and answer the multiple-choice question by choosing the option that best characterizes the timing of the representations and warranties required by the bring down provision.

Question: When are representations and warranties required to be made according to the bring down provision?
Option A: At Closing Only
Option B: At Signing & At Closing

Merger Agreement: Section 5.4 Conditions to Obligations of Seller. The Seller’s representations and warranties shall be accurate and true as of the Closing Date, except for those expressly qualified to refer to an earlier historical date. (Page 52)

Merger Agreement: Section 10.3 Additional Conditions. Notwithstanding Section 5.4, all representations and warranties contained in this Agreement shall be made effective as of the Agreement Date and shall be reaffirmed as true and accurate on and as of the Closing Date as if made on both dates. (Page 108)
Choices: ","Fail","Answer the following multiple choice question. The entire content of your response should be of the following format: 'ANSWER: $LETTER' (without quotes) where LETTER is one of {letters}.

{question}

{choices}

Instruction: Read the following excerpt from a merger agreement and answer the multiple-choice question by choosing the option that best characterizes the timing for when the representations and warranties must be reaffirmed according to the bring down provision.

Question: Based on the provisions below, at which points must the representations and warranties be accurate and/or reaffirmed?

Option A: Solely as of the Closing Date
Option B: Only at the Effective Time and again at Closing
Option C: As of the Agreement date with subsequent confirmation at the Closing Date

Merger Agreement Excerpt: Section 8.5 Conditions Precedent for Merger Completion. The Merger shall be subject to the condition that all representations and warranties provided by the Company, except those expressly limited to a specific historical reference, shall be accurate as of the date of this Agreement. They are required to be maintained in true and correct form at the Effective Time. Furthermore, any deviation observed after the Effective Time but before the Closing Date must be rectified so that, by the Closing Date, such representations and warranties reflect the status as though verified at Closing. (Refer to Exhibit B for additional qualification timelines.)
Choices: "
"53","Answer the following multiple choice question. The entire content of your response should be of the following format: 'ANSWER: $LETTER' (without quotes) where LETTER is one of {letters}.

{question}

{choices}

Instruction: Read the segment of a merger agreement and answer the multiple-choice question by choosing the option that best characterizes the agreement.

Question: When are representations and warranties required to be made according to the bring down provision?

Option A: At Closing Only
Option B: At Signing & At Closing

Merger Agreement Excerpts:

Section 10.3 - Conditions for Closing. The obligations of the parties are subject to the verification that each representation and warranty contained in Article IV is accurate as of the date of this Agreement and, except where expressly provided to be as of a specific date for particular items, shall be reaffirmed as of the Closing Date as if recited anew at Closing.

Section 12.5 - Financing and Regulatory Conditions. Notwithstanding any other provision herein, all representations and warranties made in Article IV, excluding those expressly limited to a specific timeframe, shall be deemed accurate as of the date of this Agreement and shall maintain such accuracy at the Closing Date. In the event of any material change between the Agreement date and the Closing Date, the parties may require further assurances; however, the fundamental requirement is that the representations be valid at both Signing and at Closing.

Answer:
Choices: ","Fail","Answer the following multiple choice question. The entire content of your response should be of the following format: 'ANSWER: $LETTER' (without quotes) where LETTER is one of {letters}.

{question}

{choices}

Instruction: Read the following excerpt from a merger agreement and answer the multiple-choice question by choosing the option that best characterizes the timing for when the representations and warranties must be reaffirmed according to the bring down provision.

Question: Based on the provisions below, at which points must the representations and warranties be accurate and/or reaffirmed?

Option A: Solely as of the Closing Date
Option B: Only at the Effective Time and again at Closing
Option C: As of the Agreement date with subsequent confirmation at the Closing Date

Merger Agreement Excerpt: Section 8.5 Conditions Precedent for Merger Completion. The Merger shall be subject to the condition that all representations and warranties provided by the Company, except those expressly limited to a specific historical reference, shall be accurate as of the date of this Agreement. They are required to be maintained in true and correct form at the Effective Time. Furthermore, any deviation observed after the Effective Time but before the Closing Date must be rectified so that, by the Closing Date, such representations and warranties reflect the status as though verified at Closing. (Refer to Exhibit B for additional qualification timelines.)
Choices: "
"54","Answer the following multiple choice question. The entire content of your response should be of the following format: 'ANSWER: $LETTER' (without quotes) where LETTER is one of {letters}.

{question}

{choices}

Instruction: Read the following segments of an Acquisition Agreement and answer the multiple-choice question by choosing the option that best characterizes the requirements for representations and warranties under the bring down provision.

Question: When are the representations and warranties required to be made according to the bring down provision?
Option A: At Closing Only
Option B: At Signing & At Closing

Acquisition Agreement: 
Section 8.1 – Conditions to Commitments of Seller:
""All representations and warranties provided by the Seller under this Agreement shall be true and correct as of the Closing Date, except for those expressly made as of a specific earlier date. However, in accordance with the Bring Down Clause set forth in Section 10.3, any representations and warranties not expressly dated must be reaffirmed as of the date of execution of this Agreement and maintained as true at the Closing Date, thereby ensuring their continued validity.""

Section 10.3 – Bring Down Clause:
""For the avoidance of doubt, all representations and warranties contained herein that are not explicitly designated as being as of a specific prior date are deemed to have been made at the time of signing and must be effective and true as of the Closing Date. This requirement is intended to address any material changes that may occur between the time of execution and the Closing.""

Choices: ","Fail","Answer the following multiple choice question. The entire content of your response should be of the following format: 'ANSWER: $LETTER' (without quotes) where LETTER is one of {letters}.

{question}

{choices}

Instruction: Read the following excerpt from a merger agreement and answer the multiple-choice question by choosing the option that best characterizes the timing for when the representations and warranties must be reaffirmed according to the bring down provision.

Question: Based on the provisions below, at which points must the representations and warranties be accurate and/or reaffirmed?

Option A: Solely as of the Closing Date
Option B: Only at the Effective Time and again at Closing
Option C: As of the Agreement date with subsequent confirmation at the Closing Date

Merger Agreement Excerpt: Section 8.5 Conditions Precedent for Merger Completion. The Merger shall be subject to the condition that all representations and warranties provided by the Company, except those expressly limited to a specific historical reference, shall be accurate as of the date of this Agreement. They are required to be maintained in true and correct form at the Effective Time. Furthermore, any deviation observed after the Effective Time but before the Closing Date must be rectified so that, by the Closing Date, such representations and warranties reflect the status as though verified at Closing. (Refer to Exhibit B for additional qualification timelines.)
Choices: "
"55","Answer the following multiple choice question. The entire content of your response should be of the following format: 'ANSWER: $LETTER' (without quotes) where LETTER is one of {letters}.

{question}

{choices}

Instruction: Read the following segments of a merger agreement and then choose the option that best characterizes when representations and warranties are required to be made in accordance with the bring down provision.
Question: When are representations and warranties required to be made according to the bring down provision?
Option A: At Closing Only
Option B: At Signing & At Closing

Merger Agreement Segment 1 (Article 5 Conditions to Completion): ""Notwithstanding other provisions, each of the Company's representations and warranties, except those expressly designated as 'specific-date' representations, shall be true and correct as of the Effective Date immediately preceding Closing, ensuring that the Company's condition remains consistent until Closing (see Section 4.2 for exceptions)."" (Page 58)

Merger Agreement Segment 2 (Amendment 3 - Special Conditions): ""Without limiting the foregoing, and subject to any written waiver, all representations and warranties, unless specific in Section 4.3 as being valid only as of a particular signing date, shall be reconfirmed both at the Signing Date and reiterated as of the moment immediately prior to Closing to reflect any interim changes affecting the Company's operations."" (Page 75)
Choices: ","Fail","Answer the following multiple choice question. The entire content of your response should be of the following format: 'ANSWER: $LETTER' (without quotes) where LETTER is one of {letters}.

{question}

{choices}

Instruction: Read the following excerpt from a merger agreement and answer the multiple-choice question by choosing the option that best characterizes the timing for when the representations and warranties must be reaffirmed according to the bring down provision.

Question: Based on the provisions below, at which points must the representations and warranties be accurate and/or reaffirmed?

Option A: Solely as of the Closing Date
Option B: Only at the Effective Time and again at Closing
Option C: As of the Agreement date with subsequent confirmation at the Closing Date

Merger Agreement Excerpt: Section 8.5 Conditions Precedent for Merger Completion. The Merger shall be subject to the condition that all representations and warranties provided by the Company, except those expressly limited to a specific historical reference, shall be accurate as of the date of this Agreement. They are required to be maintained in true and correct form at the Effective Time. Furthermore, any deviation observed after the Effective Time but before the Closing Date must be rectified so that, by the Closing Date, such representations and warranties reflect the status as though verified at Closing. (Refer to Exhibit B for additional qualification timelines.)
Choices: "
"56","Answer the following multiple choice question. The entire content of your response should be of the following format: 'ANSWER: $LETTER' (without quotes) where LETTER is one of {letters}.

{question}

{choices}

Instruction: Read the segment of a merger agreement and answer the multiple-choice question by choosing the option that best characterizes the timing requirement for representations and warranties.
Question: According to the bring down provision, when must the Seller’s representations and warranties be true and correct?
Option A: At Closing Only
Option B: At Signing & At Closing

Merger Agreement: Section 8.1 Conditions Precedent – Notwithstanding any other provisions, all representations and warranties set forth in this Agreement shall be executed as of the Execution Date, and, except for those explicitly marked 'as of Execution Date' only, shall be re-affirmed at the Closing Date to ensure they remain true.
Merger Agreement: Section 11.5 Buyer Conditions – The Buyer's obligation to consummate the Transaction is contingent upon receiving a certificate from the Seller’s CFO confirming that every representation and warranty (including those not designated exclusively as of the Execution Date) was made on the Execution Date and remains true as of the Closing Date.

Choices: ","Fail","Answer the following multiple choice question. The entire content of your response should be of the following format: 'ANSWER: $LETTER' (without quotes) where LETTER is one of {letters}.

{question}

{choices}

Instruction: Read the following excerpt from a merger agreement and answer the multiple-choice question by choosing the option that best characterizes the timing for when the representations and warranties must be reaffirmed according to the bring down provision.

Question: Based on the provisions below, at which points must the representations and warranties be accurate and/or reaffirmed?

Option A: Solely as of the Closing Date
Option B: Only at the Effective Time and again at Closing
Option C: As of the Agreement date with subsequent confirmation at the Closing Date

Merger Agreement Excerpt: Section 8.5 Conditions Precedent for Merger Completion. The Merger shall be subject to the condition that all representations and warranties provided by the Company, except those expressly limited to a specific historical reference, shall be accurate as of the date of this Agreement. They are required to be maintained in true and correct form at the Effective Time. Furthermore, any deviation observed after the Effective Time but before the Closing Date must be rectified so that, by the Closing Date, such representations and warranties reflect the status as though verified at Closing. (Refer to Exhibit B for additional qualification timelines.)
Choices: "
"57","Answer the following multiple choice question. The entire content of your response should be of the following format: 'ANSWER: $LETTER' (without quotes) where LETTER is one of {letters}.

{question}

{choices}

Instruction: Read the segment of a merger agreement and answer the multiple-choice question by choosing the option that best characterizes the agreement.
Question: According to the bring down provision, when must the representations and warranties be true and correct?
Option A: At Closing Only
Option B: At Signing & At Closing

Merger Agreement: Section 8.3 Conditions and Representations. The Company’s representations and warranties, except those expressly made as of a designated date, shall be true and correct as of the Closing Date for the purpose of satisfying the conditions to consummate the transaction.

Merger Agreement: Section 9.1 Additional Conditions. For all representations and warranties that do not specify a fixed effective date, they must be true and correct as of the Agreement Date and must continue to be accurate as of the Closing Date. This confirmation ensures that their validity spans from the time of signing through to closing.
Answer:
Choices: ","Fail","Answer the following multiple choice question. The entire content of your response should be of the following format: 'ANSWER: $LETTER' (without quotes) where LETTER is one of {letters}.

{question}

{choices}

Instruction: Read the following excerpt from a merger agreement and answer the multiple-choice question by choosing the option that best characterizes the timing for when the representations and warranties must be reaffirmed according to the bring down provision.

Question: Based on the provisions below, at which points must the representations and warranties be accurate and/or reaffirmed?

Option A: Solely as of the Closing Date
Option B: Only at the Effective Time and again at Closing
Option C: As of the Agreement date with subsequent confirmation at the Closing Date

Merger Agreement Excerpt: Section 8.5 Conditions Precedent for Merger Completion. The Merger shall be subject to the condition that all representations and warranties provided by the Company, except those expressly limited to a specific historical reference, shall be accurate as of the date of this Agreement. They are required to be maintained in true and correct form at the Effective Time. Furthermore, any deviation observed after the Effective Time but before the Closing Date must be rectified so that, by the Closing Date, such representations and warranties reflect the status as though verified at Closing. (Refer to Exhibit B for additional qualification timelines.)
Choices: "
"58","Answer the following multiple choice question. The entire content of your response should be of the following format: 'ANSWER: $LETTER' (without quotes) where LETTER is one of {letters}.

{question}

{choices}

Instruction: Read the segment of a merger agreement and answer the multiple-choice question by choosing the option that best characterizes the timing requirement for the representations and warranties under the bring down provision.
Question: According to the agreement, when must the Seller's representations and warranties be true and correct?
Option A: At Closing Only
Option B: At Signing & At Closing

Merger Agreement Excerpt 1: Section 8.3 Conditions for Completion. The obligations of both parties are contingent upon the representations and warranties of the Seller being true and correct as of the Closing Date, except for any representations expressly made as of a specific date, which need only be true as of that date. (Page 100)

Merger Agreement Excerpt 2: Section 11.1 Representations Update. Notwithstanding any other provision herein, the Seller further represents that, as of the Execution Date, all representations and warranties not subject to a specified date shall be accurate and complete, and shall continue to be true and correct at the time of Closing, as if made on the Closing Date. This requirement applies irrespective of any preliminary verifications unless the representation is expressly qualified by the term ""materially consistent"". (Page 123)
Choices: ","Fail","Answer the following multiple choice question. The entire content of your response should be of the following format: 'ANSWER: $LETTER' (without quotes) where LETTER is one of {letters}.

{question}

{choices}

Instruction: Read the following excerpt from a merger agreement and answer the multiple-choice question by choosing the option that best characterizes the timing for when the representations and warranties must be reaffirmed according to the bring down provision.

Question: Based on the provisions below, at which points must the representations and warranties be accurate and/or reaffirmed?

Option A: Solely as of the Closing Date
Option B: Only at the Effective Time and again at Closing
Option C: As of the Agreement date with subsequent confirmation at the Closing Date

Merger Agreement Excerpt: Section 8.5 Conditions Precedent for Merger Completion. The Merger shall be subject to the condition that all representations and warranties provided by the Company, except those expressly limited to a specific historical reference, shall be accurate as of the date of this Agreement. They are required to be maintained in true and correct form at the Effective Time. Furthermore, any deviation observed after the Effective Time but before the Closing Date must be rectified so that, by the Closing Date, such representations and warranties reflect the status as though verified at Closing. (Refer to Exhibit B for additional qualification timelines.)
Choices: "
"59","Answer the following multiple choice question. The entire content of your response should be of the following format: 'ANSWER: $LETTER' (without quotes) where LETTER is one of {letters}.

{question}

{choices}

Instruction: Read the following segments of a merger agreement and answer the multiple-choice question by choosing the option that best characterizes the timing at which the representations and warranties must be true.

Question: According to the bring down provision, when must the representations and warranties be true?
Option A: At Closing Only
Option B: Both at Signing and at Closing

Merger Agreement Excerpt 1 (Section 8.1 Conditions of the Acquirer): ""All representations and warranties provided by the Target, without any materiality qualifiers unless expressly specified otherwise, shall be true and correct as of the Closing Date. Representations that are explicitly stated as of the signing date remain valid only as of that date.""

Merger Agreement Excerpt 2 (Section 4.5 Additional Representations): ""Notwithstanding any other provision, all other representations and warranties of the Target shall be accurate and binding as of the date this Agreement is executed and must continue to be true as of the Closing Date, effectively requiring them to be reaffirmed at both Signing and Closing.""

Provide your answer based solely on the segments above.
Choices: ","Fail","Answer the following multiple choice question. The entire content of your response should be of the following format: 'ANSWER: $LETTER' (without quotes) where LETTER is one of {letters}.

{question}

{choices}

Instruction: Read the following excerpt from a merger agreement and answer the multiple-choice question by choosing the option that best characterizes the timing for when the representations and warranties must be reaffirmed according to the bring down provision.

Question: Based on the provisions below, at which points must the representations and warranties be accurate and/or reaffirmed?

Option A: Solely as of the Closing Date
Option B: Only at the Effective Time and again at Closing
Option C: As of the Agreement date with subsequent confirmation at the Closing Date

Merger Agreement Excerpt: Section 8.5 Conditions Precedent for Merger Completion. The Merger shall be subject to the condition that all representations and warranties provided by the Company, except those expressly limited to a specific historical reference, shall be accurate as of the date of this Agreement. They are required to be maintained in true and correct form at the Effective Time. Furthermore, any deviation observed after the Effective Time but before the Closing Date must be rectified so that, by the Closing Date, such representations and warranties reflect the status as though verified at Closing. (Refer to Exhibit B for additional qualification timelines.)
Choices: "
"60","Answer the following multiple choice question. The entire content of your response should be of the following format: 'ANSWER: $LETTER' (without quotes) where LETTER is one of {letters}.

{question}

{choices}

Instruction: Read the following segments of a merger agreement and choose the option that best characterizes when the representations and warranties of the Company must be true and correct according to the bring down provision.

Option A: At Closing Only
Option B: At Signing & At Closing

Merger Agreement Segment 1 (Section 9.3 Conditions to Closing):
""The Company’s representations and warranties, as set forth herein, shall be true and correct as of the Closing Date. However, in order to reflect all verified material facts, such representations are initially reviewed and confirmed at execution of this Agreement, with any material changes subsequently updated at Closing.""

Merger Agreement Segment 2 (Section 2.7 Representations and Warranties):
""All representations and warranties of the Company aforesaid shall be valid as of the Effective Time. For the purposes of this Agreement, the Effective Time shall be defined as follows: if this Agreement is executed after 10:00 a.m. ET, then the Effective Time shall be the date of execution; if executed at or before 10:00 a.m. ET, then the Effective Time shall be deemed to be the Closing Date. Notwithstanding the above, any representation predicated upon a specific date is limited solely to that date.""

Question: Based on the above, when are the representations and warranties required to be made pursuant to the bring down provision?
Choices: ","Fail","Answer the following multiple choice question. The entire content of your response should be of the following format: 'ANSWER: $LETTER' (without quotes) where LETTER is one of {letters}.

{question}

{choices}

Instruction: Read the following excerpt from a merger agreement and answer the multiple-choice question by choosing the option that best characterizes the timing for when the representations and warranties must be reaffirmed according to the bring down provision.

Question: Based on the provisions below, at which points must the representations and warranties be accurate and/or reaffirmed?

Option A: Solely as of the Closing Date
Option B: Only at the Effective Time and again at Closing
Option C: As of the Agreement date with subsequent confirmation at the Closing Date

Merger Agreement Excerpt: Section 8.5 Conditions Precedent for Merger Completion. The Merger shall be subject to the condition that all representations and warranties provided by the Company, except those expressly limited to a specific historical reference, shall be accurate as of the date of this Agreement. They are required to be maintained in true and correct form at the Effective Time. Furthermore, any deviation observed after the Effective Time but before the Closing Date must be rectified so that, by the Closing Date, such representations and warranties reflect the status as though verified at Closing. (Refer to Exhibit B for additional qualification timelines.)
Choices: "
"61","Answer the following multiple choice question. The entire content of your response should be of the following format: 'ANSWER: $LETTER' (without quotes) where LETTER is one of {letters}.

{question}

{choices}

Instruction: Read the following segments of a merger agreement and answer the multiple-choice question by choosing the option that best characterizes the timing for representations and warranties as required by the bring down provision.

Question: When are the representations and warranties required to be made according to the bring down provision?
Option A: At Closing Only
Option B: At Signing and At Closing

Merger Agreement Segment 1: Section 8.3 Conditions to Obligations of Acquirer. In addition to the other conditions specified herein, the Acquirer’s obligation to consummate this transaction is conditioned on all representations and warranties of the Company being true and correct as of the Closing Date. However, any representations expressly made as of a particular date are limited to that date only.

Merger Agreement Segment 2: Section 10.1 Representations and Warranties of the Company. Notwithstanding Section 8.3, unless a representation is expressly qualified as of a specific date, such representations and warranties are deemed to have been made on the Execution Date and must remain true and correct from the time of execution through to the Closing Date.
Choices: ","Fail","Answer the following multiple choice question. The entire content of your response should be of the following format: 'ANSWER: $LETTER' (without quotes) where LETTER is one of {letters}.

{question}

{choices}

Instruction: Read the following excerpt from a merger agreement and answer the multiple-choice question by choosing the option that best characterizes the timing for when the representations and warranties must be reaffirmed according to the bring down provision.

Question: Based on the provisions below, at which points must the representations and warranties be accurate and/or reaffirmed?

Option A: Solely as of the Closing Date
Option B: Only at the Effective Time and again at Closing
Option C: As of the Agreement date with subsequent confirmation at the Closing Date

Merger Agreement Excerpt: Section 8.5 Conditions Precedent for Merger Completion. The Merger shall be subject to the condition that all representations and warranties provided by the Company, except those expressly limited to a specific historical reference, shall be accurate as of the date of this Agreement. They are required to be maintained in true and correct form at the Effective Time. Furthermore, any deviation observed after the Effective Time but before the Closing Date must be rectified so that, by the Closing Date, such representations and warranties reflect the status as though verified at Closing. (Refer to Exhibit B for additional qualification timelines.)
Choices: "
"62","Answer the following multiple choice question. The entire content of your response should be of the following format: 'ANSWER: $LETTER' (without quotes) where LETTER is one of {letters}.

{question}

{choices}

Instruction: Read the segment of a merger agreement and answer the multiple-choice question by choosing the option that best characterizes the agreement.
Question: When are representations and warranties required to be made according to the bring down provision?
Option A: At Closing Only
Option B: At Signing & At Closing

Merger Agreement: Section 8.1 Conditions Precedent. The Seller’s representations and warranties, except for those expressly limited to a specific prior date, are deemed to have been made as of the date of this Agreement and are intended to remain operative until the Closing Date. In the absence of any supplemental or updated confirmations, these representations shall persist without alteration, thereby necessitating their initial establishment at Signing.

Merger Agreement: Section 12.4 Additional Conditions. Notwithstanding Section 8.1, the Buyer reserves the right to require, at the Closing Date, a bring down certification expressly confirming that all representations and warranties originally made as of the Agreement Date continue to be accurate as of the Closing Date, except where explicitly qualified otherwise.
Choices: ","Fail","Answer the following multiple choice question. The entire content of your response should be of the following format: 'ANSWER: $LETTER' (without quotes) where LETTER is one of {letters}.

{question}

{choices}

Instruction: Read the following excerpt from a merger agreement and answer the multiple-choice question by choosing the option that best characterizes the timing for when the representations and warranties must be reaffirmed according to the bring down provision.

Question: Based on the provisions below, at which points must the representations and warranties be accurate and/or reaffirmed?

Option A: Solely as of the Closing Date
Option B: Only at the Effective Time and again at Closing
Option C: As of the Agreement date with subsequent confirmation at the Closing Date

Merger Agreement Excerpt: Section 8.5 Conditions Precedent for Merger Completion. The Merger shall be subject to the condition that all representations and warranties provided by the Company, except those expressly limited to a specific historical reference, shall be accurate as of the date of this Agreement. They are required to be maintained in true and correct form at the Effective Time. Furthermore, any deviation observed after the Effective Time but before the Closing Date must be rectified so that, by the Closing Date, such representations and warranties reflect the status as though verified at Closing. (Refer to Exhibit B for additional qualification timelines.)
Choices: "
"63","Answer the following multiple choice question. The entire content of your response should be of the following format: 'ANSWER: $LETTER' (without quotes) where LETTER is one of {letters}.

{question}

{choices}

Instruction: Read the following segments of a merger agreement and answer the multiple-choice question by choosing the option that best characterizes the timing of the representations and warranties as required by the bring down provision.

Question: When are representations and warranties required to be made according to the bring down provision?
Option A: At Closing Only
Option B: At Signing & At Closing

Merger Agreement: Section 10.1 Conditions Precedent. ""The Company’s representations and warranties provided herein, without regard to any materiality thresholds, shall be accurate and complete as of the Closing Date, except for those expressly noted as 'initial statements.' (Page 102)""

Merger Agreement: Section 4.3 Pre-Closing Verification. ""Notwithstanding Section 10.1, all representations and warranties that are designated as 'initial statements' are made as of the Execution Date and must be reaffirmed at that time, with any subsequent updates ensuring they remain as originally stated at the Closing Date. For the purpose of this clause, the Execution Date is considered the signing date of this Agreement."" (Page 45)
Choices: ","Fail","Answer the following multiple choice question. The entire content of your response should be of the following format: 'ANSWER: $LETTER' (without quotes) where LETTER is one of {letters}.

{question}

{choices}

Instruction: Read the following excerpt from a merger agreement and answer the multiple-choice question by choosing the option that best characterizes the timing for when the representations and warranties must be reaffirmed according to the bring down provision.

Question: Based on the provisions below, at which points must the representations and warranties be accurate and/or reaffirmed?

Option A: Solely as of the Closing Date
Option B: Only at the Effective Time and again at Closing
Option C: As of the Agreement date with subsequent confirmation at the Closing Date

Merger Agreement Excerpt: Section 8.5 Conditions Precedent for Merger Completion. The Merger shall be subject to the condition that all representations and warranties provided by the Company, except those expressly limited to a specific historical reference, shall be accurate as of the date of this Agreement. They are required to be maintained in true and correct form at the Effective Time. Furthermore, any deviation observed after the Effective Time but before the Closing Date must be rectified so that, by the Closing Date, such representations and warranties reflect the status as though verified at Closing. (Refer to Exhibit B for additional qualification timelines.)
Choices: "
"64","Answer the following multiple choice question. The entire content of your response should be of the following format: 'ANSWER: $LETTER' (without quotes) where LETTER is one of {letters}.

{question}

{choices}

Instruction: Read the following segments extracted from a merger agreement and answer the multiple-choice question by choosing the option that best characterizes when the Seller’s representations and warranties are required to be made according to the bring down provision.

Question: When are the Seller’s representations and warranties required to be made according to the bring down provision?
Option A: At Execution Date Only
Option B: At Execution Date & At Closing Date

Merger Agreement Excerpts:
Segment 1 (Section 8.1 Conditions): ""The Seller's representations and warranties shall be true and correct as of the Closing Date, except for those expressly stated to be effective as of the Execution Date.""
Segment 2 (Section 11.2 Supplementary Conditions): ""For the purpose of ensuring ongoing accuracy, the Seller shall reaffirm all representations and warranties as of the Execution Date, and such representations shall continue without interruption until the Closing Date, at which point they must again be true and correct as though newly made, unless otherwise specified.""
Segment 3 (Section 3.5 Additional Representations): ""All representations and warranties set forth in this Agreement are intended to be effective at both the Execution Date and reconfirmed at the Closing Date, notwithstanding certain covenants that apply exclusively to the Closing Date.""

Answer:
Choices: ","Fail","Answer the following multiple choice question. The entire content of your response should be of the following format: 'ANSWER: $LETTER' (without quotes) where LETTER is one of {letters}.

{question}

{choices}

Instruction: Read the following excerpt from a merger agreement and answer the multiple-choice question by choosing the option that best characterizes the timing for when the representations and warranties must be reaffirmed according to the bring down provision.

Question: Based on the provisions below, at which points must the representations and warranties be accurate and/or reaffirmed?

Option A: Solely as of the Closing Date
Option B: Only at the Effective Time and again at Closing
Option C: As of the Agreement date with subsequent confirmation at the Closing Date

Merger Agreement Excerpt: Section 8.5 Conditions Precedent for Merger Completion. The Merger shall be subject to the condition that all representations and warranties provided by the Company, except those expressly limited to a specific historical reference, shall be accurate as of the date of this Agreement. They are required to be maintained in true and correct form at the Effective Time. Furthermore, any deviation observed after the Effective Time but before the Closing Date must be rectified so that, by the Closing Date, such representations and warranties reflect the status as though verified at Closing. (Refer to Exhibit B for additional qualification timelines.)
Choices: "
"65","Answer the following multiple choice question. The entire content of your response should be of the following format: 'ANSWER: $LETTER' (without quotes) where LETTER is one of {letters}.

{question}

{choices}

Instruction: Read the segment of an acquisition agreement and answer the multiple-choice question by choosing the option that best characterizes the timing requirements for the representations and warranties according to the bring down provision.

Question: When are representations and warranties required to be made according to the bring down provision?
Option A: At Closing Only
Option B: At the Effective Execution Date and reaffirmed at Closing

Acquisition Agreement Excerpts:

Section 8.1 Conditions Precedent: Subject to waiver or satisfaction by the Acquirer, all representations and warranties of the Target shall be confirmed as true as of the Closing Date, except those explicitly designated as 'Effective as of a Specific Date,' which are deemed correct at that earlier date only. (Page 89)

Section 8.2 Representations for Offer: In addition to the foregoing, any representations and warranties not marked 'Effective as of a Specific Date' must be true as of the Effective Execution Date and then reaffirmed as if newly made at the Closing Date. Conversely, those designated 'Effective as of a Specific Date' need only meet the requirement at that specific date. (Page 92)
Choices: ","Fail","Answer the following multiple choice question. The entire content of your response should be of the following format: 'ANSWER: $LETTER' (without quotes) where LETTER is one of {letters}.

{question}

{choices}

Instruction: Read the following excerpt from a merger agreement and answer the multiple-choice question by choosing the option that best characterizes the timing for when the representations and warranties must be reaffirmed according to the bring down provision.

Question: Based on the provisions below, at which points must the representations and warranties be accurate and/or reaffirmed?

Option A: Solely as of the Closing Date
Option B: Only at the Effective Time and again at Closing
Option C: As of the Agreement date with subsequent confirmation at the Closing Date

Merger Agreement Excerpt: Section 8.5 Conditions Precedent for Merger Completion. The Merger shall be subject to the condition that all representations and warranties provided by the Company, except those expressly limited to a specific historical reference, shall be accurate as of the date of this Agreement. They are required to be maintained in true and correct form at the Effective Time. Furthermore, any deviation observed after the Effective Time but before the Closing Date must be rectified so that, by the Closing Date, such representations and warranties reflect the status as though verified at Closing. (Refer to Exhibit B for additional qualification timelines.)
Choices: "
"66","Answer the following multiple choice question. The entire content of your response should be of the following format: 'ANSWER: $LETTER' (without quotes) where LETTER is one of {letters}.

{question}

{choices}

Instruction: Read the following segments of a merger agreement and answer the multiple-choice question by choosing the option that best characterizes the required timing for the representations and warranties according to the bring down provision.
Question: When are representations and warranties required to be made according to the bring down provision?
Option A: At Closing Only
Option B: At Signing & At Closing

Merger Agreement:
Section 8.4 Conditions to Obligations of Acquirer. Notwithstanding any other provision herein, each representation and warranty of the Company, except those expressly marked as 'as of a specific date', shall be true and correct as of the Closing Date. However, for representations not expressly designated with a specific timing qualification, the Company shall deliver an initial certificate at the time of Signing, and such representations must be reaffirmed by a subsequent certificate at Closing.

Section 10.3 Continuous Representations. Pursuant to Section 10.3, all representations provided without an explicit time qualifier are deemed incomplete unless they are confirmed both at the execution of this Agreement (the Signing Date) and maintained as true at the Expiration Time, which in this transaction is functionally equivalent to the Closing Date.
Answer:
Choices: ","Fail","Answer the following multiple choice question. The entire content of your response should be of the following format: 'ANSWER: $LETTER' (without quotes) where LETTER is one of {letters}.

{question}

{choices}

Instruction: Read the following excerpt from a merger agreement and answer the multiple-choice question by choosing the option that best characterizes the timing for when the representations and warranties must be reaffirmed according to the bring down provision.

Question: Based on the provisions below, at which points must the representations and warranties be accurate and/or reaffirmed?

Option A: Solely as of the Closing Date
Option B: Only at the Effective Time and again at Closing
Option C: As of the Agreement date with subsequent confirmation at the Closing Date

Merger Agreement Excerpt: Section 8.5 Conditions Precedent for Merger Completion. The Merger shall be subject to the condition that all representations and warranties provided by the Company, except those expressly limited to a specific historical reference, shall be accurate as of the date of this Agreement. They are required to be maintained in true and correct form at the Effective Time. Furthermore, any deviation observed after the Effective Time but before the Closing Date must be rectified so that, by the Closing Date, such representations and warranties reflect the status as though verified at Closing. (Refer to Exhibit B for additional qualification timelines.)
Choices: "
"67","Answer the following multiple choice question. The entire content of your response should be of the following format: 'ANSWER: $LETTER' (without quotes) where LETTER is one of {letters}.

{question}

{choices}

Instruction: Read the following segments of a merger agreement and answer the multiple-choice question by selecting the option that best characterizes the timing requirements for the accuracy of the Company's representations and warranties.

Question: Based on the provided merger agreement excerpts, when must the representations and warranties be accurate to comply with the bring down provision?
Option A: They must be accurate only as of the Closing Date.
Option B: They must be accurate both as of the date of the Agreement and as of the Closing Date.

Merger Agreement Excerpt 1 - Section 9.1 Confirmation of Representations: ""Each representation and warranty of the Company, except for those that expressly specify accuracy as of a designated earlier date, shall be accurate in all material respects as of the date of this Agreement and shall remain accurate as of the Closing Date as though made on and as of the Closing Date.""

Merger Agreement Excerpt 2 - Section 9.2 Supplementary Conditions: ""Notwithstanding Section 9.1, any representation and warranty which is made as of a specific time point is limited to that time; however, in the absence of such a specification, the accuracy of the representations and warranties must be maintained through to the Closing Date.""
Choices: ","Fail","Answer the following multiple choice question. The entire content of your response should be of the following format: 'ANSWER: $LETTER' (without quotes) where LETTER is one of {letters}.

{question}

{choices}

Instruction: Read the following excerpt from a merger agreement and answer the multiple-choice question by choosing the option that best characterizes the timing for when the representations and warranties must be reaffirmed according to the bring down provision.

Question: Based on the provisions below, at which points must the representations and warranties be accurate and/or reaffirmed?

Option A: Solely as of the Closing Date
Option B: Only at the Effective Time and again at Closing
Option C: As of the Agreement date with subsequent confirmation at the Closing Date

Merger Agreement Excerpt: Section 8.5 Conditions Precedent for Merger Completion. The Merger shall be subject to the condition that all representations and warranties provided by the Company, except those expressly limited to a specific historical reference, shall be accurate as of the date of this Agreement. They are required to be maintained in true and correct form at the Effective Time. Furthermore, any deviation observed after the Effective Time but before the Closing Date must be rectified so that, by the Closing Date, such representations and warranties reflect the status as though verified at Closing. (Refer to Exhibit B for additional qualification timelines.)
Choices: "
"68","Answer the following multiple choice question. The entire content of your response should be of the following format: 'ANSWER: $LETTER' (without quotes) where LETTER is one of {letters}.

{question}

{choices}

Instruction: Read the segment of a merger agreement and answer the multiple-choice question by choosing the option that best characterizes the timing at which representations and warranties must be made under the bring down provision.
Question: When are representations and warranties required to be made according to the bring down provision?
Option A: At Closing Only
Option B: At Signing & At Closing

Merger Agreement:
Section 10.2 – Conditions for Completion. The Acquiring Party’s obligation to complete the merger is conditioned upon the Company’s representations and warranties being fully accurate. Specifically, (a) all representations and warranties, unless expressly made as of a particular historical date, must be accurate as of the Signing Date; and (b) these representations and warranties shall be reconfirmed and remain true and correct as of the Closing Date, with no waiver granted prior to Closing relieving the Company from this requirement.

Section 12.8 – Verification of Representations. For risk mitigation purposes, all parties agree that the verification process shall verify that all representations and warranties, including those initially made as of the Signing Date, are confirmed as true as of the Closing Date.
Choices: ","Fail","Answer the following multiple choice question. The entire content of your response should be of the following format: 'ANSWER: $LETTER' (without quotes) where LETTER is one of {letters}.

{question}

{choices}

Instruction: Read the following excerpt from a merger agreement and answer the multiple-choice question by choosing the option that best characterizes the timing for when the representations and warranties must be reaffirmed according to the bring down provision.

Question: Based on the provisions below, at which points must the representations and warranties be accurate and/or reaffirmed?

Option A: Solely as of the Closing Date
Option B: Only at the Effective Time and again at Closing
Option C: As of the Agreement date with subsequent confirmation at the Closing Date

Merger Agreement Excerpt: Section 8.5 Conditions Precedent for Merger Completion. The Merger shall be subject to the condition that all representations and warranties provided by the Company, except those expressly limited to a specific historical reference, shall be accurate as of the date of this Agreement. They are required to be maintained in true and correct form at the Effective Time. Furthermore, any deviation observed after the Effective Time but before the Closing Date must be rectified so that, by the Closing Date, such representations and warranties reflect the status as though verified at Closing. (Refer to Exhibit B for additional qualification timelines.)
Choices: "
"69","Answer the following multiple choice question. The entire content of your response should be of the following format: 'ANSWER: $LETTER' (without quotes) where LETTER is one of {letters}.

{question}

{choices}

Instruction: Read the following excerpts from an Acquisition Agreement and answer the multiple-choice question by choosing the option that best characterizes the agreement.

Question: According to the bring down provisions, when are the representations and warranties required to be made?

Option A: At Closing Only
Option B: At Signing & At Closing

Acquisition Agreement: Section 8.3 Conditions to Closing. In order for the obligations under this Agreement to be enforceable, all representations and warranties made by the Company shall be true and correct as of the Effective Time. For those representations not expressly qualified as of a specific date, the Company shall ensure that they remain accurate on the Closing Date as well. However, any representation explicitly stated as of the signature date shall be deemed sufficient if accurate only as of that signing, unless a material change is identified.

Acquisition Agreement: Clause 11B Additional Closing Requirements. Notwithstanding Section 8.3, the Company is required to reaffirm, at the Closing Time, that all representations and warranties remain free of any material adverse changes. Representations originally made as of the Effective Time that do not carry a stated date must therefore be reconfirmed at Closing to validate the continued absence of any qualifying change.
Choices: ","Fail","Answer the following multiple choice question. The entire content of your response should be of the following format: 'ANSWER: $LETTER' (without quotes) where LETTER is one of {letters}.

{question}

{choices}

Instruction: Read the following excerpt from a merger agreement and answer the multiple-choice question by choosing the option that best characterizes the timing for when the representations and warranties must be reaffirmed according to the bring down provision.

Question: Based on the provisions below, at which points must the representations and warranties be accurate and/or reaffirmed?

Option A: Solely as of the Closing Date
Option B: Only at the Effective Time and again at Closing
Option C: As of the Agreement date with subsequent confirmation at the Closing Date

Merger Agreement Excerpt: Section 8.5 Conditions Precedent for Merger Completion. The Merger shall be subject to the condition that all representations and warranties provided by the Company, except those expressly limited to a specific historical reference, shall be accurate as of the date of this Agreement. They are required to be maintained in true and correct form at the Effective Time. Furthermore, any deviation observed after the Effective Time but before the Closing Date must be rectified so that, by the Closing Date, such representations and warranties reflect the status as though verified at Closing. (Refer to Exhibit B for additional qualification timelines.)
Choices: "
"70","Answer the following multiple choice question. The entire content of your response should be of the following format: 'ANSWER: $LETTER' (without quotes) where LETTER is one of {letters}.

{question}

{choices}

Instruction: Read the segment of a purchase agreement and answer the multiple-choice question by choosing the option that best characterizes when the representations and warranties are required to be accurate according to the bring down provision.
Question: At what timing are representations and warranties required to be accurate?
Option A: Only at Final Closing.
Option B: At Execution (Signing) and reaffirmed at Final Closing.

Merger Agreement Segment 1: Section 8.4 Representations and Warranties. Except for those representations explicitly marked as 'Updated', all representations provided by the Seller are declared effective as of the Execution date and shall remain operative unchanged until Final Closing. Representations indicated with the term 'Updated' must be reconfirmed at Final Closing.

Merger Agreement Segment 2: Section 10.1 Conditions. Without limiting Section 8.4, any representation or warranty not expressly confined to the Execution date is deemed to persist in effect from the time of Execution through to Final Closing, effectively requiring reconfirmation at both stages. No representation is verified solely at Final Closing unless explicitly stated otherwise.
Choices: ","Fail","Answer the following multiple choice question. The entire content of your response should be of the following format: 'ANSWER: $LETTER' (without quotes) where LETTER is one of {letters}.

{question}

{choices}

Instruction: Read the following excerpt from a merger agreement and answer the multiple-choice question by choosing the option that best characterizes the timing for when the representations and warranties must be reaffirmed according to the bring down provision.

Question: Based on the provisions below, at which points must the representations and warranties be accurate and/or reaffirmed?

Option A: Solely as of the Closing Date
Option B: Only at the Effective Time and again at Closing
Option C: As of the Agreement date with subsequent confirmation at the Closing Date

Merger Agreement Excerpt: Section 8.5 Conditions Precedent for Merger Completion. The Merger shall be subject to the condition that all representations and warranties provided by the Company, except those expressly limited to a specific historical reference, shall be accurate as of the date of this Agreement. They are required to be maintained in true and correct form at the Effective Time. Furthermore, any deviation observed after the Effective Time but before the Closing Date must be rectified so that, by the Closing Date, such representations and warranties reflect the status as though verified at Closing. (Refer to Exhibit B for additional qualification timelines.)
Choices: "
"71","Answer the following multiple choice question. The entire content of your response should be of the following format: 'ANSWER: $LETTER' (without quotes) where LETTER is one of {letters}.

{question}

{choices}

Instruction: Read the following segments of a merger agreement and answer the multiple-choice question by choosing the option that best characterizes the timing requirement for the representations and warranties under the bring down provision.

Segment 1 (Section 6.8 Representations and Warranties): ""The Company represents and warrants that all statements made herein are true and correct as of the date of this Agreement and shall continue to be true and correct as of the Closing Date, with the understanding that any representation specifically made as of a particular date need only be valid on that date.""

Segment 2 (Section 11.3 Reaffirmation of Representations): ""Notwithstanding any representations provided at the time of execution, the Company is only required by the bring down provision to confirm that all representations and warranties remain accurate immediately prior to the Closing Date. No additional affirmation at the signing of the Agreement is necessary.""

Question: Based on the above excerpts, when are the representations and warranties required to be made according to the bring down provision?
Option A: At Closing Only
Option B: At Signing & At Closing
Choices: ","Fail","Answer the following multiple choice question. The entire content of your response should be of the following format: 'ANSWER: $LETTER' (without quotes) where LETTER is one of {letters}.

{question}

{choices}

Instruction: Read the following excerpt from a merger agreement and answer the multiple-choice question by choosing the option that best characterizes the timing for when the representations and warranties must be reaffirmed according to the bring down provision.

Question: Based on the provisions below, at which points must the representations and warranties be accurate and/or reaffirmed?

Option A: Solely as of the Closing Date
Option B: Only at the Effective Time and again at Closing
Option C: As of the Agreement date with subsequent confirmation at the Closing Date

Merger Agreement Excerpt: Section 8.5 Conditions Precedent for Merger Completion. The Merger shall be subject to the condition that all representations and warranties provided by the Company, except those expressly limited to a specific historical reference, shall be accurate as of the date of this Agreement. They are required to be maintained in true and correct form at the Effective Time. Furthermore, any deviation observed after the Effective Time but before the Closing Date must be rectified so that, by the Closing Date, such representations and warranties reflect the status as though verified at Closing. (Refer to Exhibit B for additional qualification timelines.)
Choices: "
"72","Answer the following multiple choice question. The entire content of your response should be of the following format: 'ANSWER: $LETTER' (without quotes) where LETTER is one of {letters}.

{question}

{choices}

Instruction: Read the segment of a merger agreement and answer the multiple-choice question by choosing the option that best characterizes the timing requirements of the representations and warranties.

Question: According to the bring down provision, when must the representations and warranties be accurate?
Option A: At Closing Only
Option B: At Signing & At Closing

Merger Agreement: Section 11.3 – Conditions for Completion. Notwithstanding any other provision, each representation and warranty contained in this Agreement shall be true and correct as of the Closing Date without material qualification, except for those expressly made as of a specific date.

Merger Agreement: Section 3.7 – Pre-Closing Verification. In addition to Section 11.3, it is further agreed that all representations and warranties, except those that are specifically stated to be as of a certain date, must have been verified and confirmed at the time of execution of this Agreement and must continue to be true and correct at the Closing Date, as if made at the time of execution.
Choices: ","Fail","Answer the following multiple choice question. The entire content of your response should be of the following format: 'ANSWER: $LETTER' (without quotes) where LETTER is one of {letters}.

{question}

{choices}

Instruction: Read the following excerpt from a merger agreement and answer the multiple-choice question by choosing the option that best characterizes the timing for when the representations and warranties must be reaffirmed according to the bring down provision.

Question: Based on the provisions below, at which points must the representations and warranties be accurate and/or reaffirmed?

Option A: Solely as of the Closing Date
Option B: Only at the Effective Time and again at Closing
Option C: As of the Agreement date with subsequent confirmation at the Closing Date

Merger Agreement Excerpt: Section 8.5 Conditions Precedent for Merger Completion. The Merger shall be subject to the condition that all representations and warranties provided by the Company, except those expressly limited to a specific historical reference, shall be accurate as of the date of this Agreement. They are required to be maintained in true and correct form at the Effective Time. Furthermore, any deviation observed after the Effective Time but before the Closing Date must be rectified so that, by the Closing Date, such representations and warranties reflect the status as though verified at Closing. (Refer to Exhibit B for additional qualification timelines.)
Choices: "
"73","Answer the following multiple choice question. The entire content of your response should be of the following format: 'ANSWER: $LETTER' (without quotes) where LETTER is one of {letters}.

{question}

{choices}

Instruction: Read the segment of the merger agreement and answer the multiple-choice question by choosing the option that accurately reflects the timing requirements for the representations and warranties under the bring down provision.

Question: When are representations and warranties required to be made according to the bring down provision?
Option A: At Closing Only
Option B: At Signing & At Closing

Merger Agreement: Section 8.3 Conditions Precedent. The obligations of the Company to complete the Merger are subject to the condition that each representation and warranty contained in this Agreement shall be true and correct as of the Closing Date. Notwithstanding the foregoing, any representation and warranty expressly stated as of the date hereof shall be verified by submission of a certificate at the time of Execution, evidencing that such statement was true on the date of Signing (Page 112).

Merger Agreement: Section 10.1 Additional Requirements. For all representations and warranties not expressly tied to a specific date, the Company shall ensure that they are true and correct as of the date of Execution and shall continue to be corroborated as of the Closing Date, effectively requiring affirmation at both times (Page 126).
Choices: ","Fail","Answer the following multiple choice question. The entire content of your response should be of the following format: 'ANSWER: $LETTER' (without quotes) where LETTER is one of {letters}.

{question}

{choices}

Instruction: Read the following excerpt from a merger agreement and answer the multiple-choice question by choosing the option that best characterizes the timing for when the representations and warranties must be reaffirmed according to the bring down provision.

Question: Based on the provisions below, at which points must the representations and warranties be accurate and/or reaffirmed?

Option A: Solely as of the Closing Date
Option B: Only at the Effective Time and again at Closing
Option C: As of the Agreement date with subsequent confirmation at the Closing Date

Merger Agreement Excerpt: Section 8.5 Conditions Precedent for Merger Completion. The Merger shall be subject to the condition that all representations and warranties provided by the Company, except those expressly limited to a specific historical reference, shall be accurate as of the date of this Agreement. They are required to be maintained in true and correct form at the Effective Time. Furthermore, any deviation observed after the Effective Time but before the Closing Date must be rectified so that, by the Closing Date, such representations and warranties reflect the status as though verified at Closing. (Refer to Exhibit B for additional qualification timelines.)
Choices: "
"74","Answer the following multiple choice question. The entire content of your response should be of the following format: 'ANSWER: $LETTER' (without quotes) where LETTER is one of {letters}.

{question}

{choices}

Instruction: Read the following segments from a merger agreement and answer the multiple-choice question by choosing the option that best characterizes the timing requirements for representations and warranties under the bring down provision.

Question: When are representations and warranties required to be made according to the bring down provision?
Option A: At Closing Only
Option B: At Signing & At Closing

Merger Agreement Segment 1: Section 8.7 Conditions of the Merger. Notwithstanding any conflicting provisions in this Agreement, each representation and warranty of the Company that is not expressly designated as an 'Execution Date Representation' shall be true and correct as of the Closing Date. However, any representation made at execution shall be deemed effective only if it remains true at the Closing Date.

Merger Agreement Segment 2: Section 10.2 Reaffirmation of Representations. For purposes of satisfying the conditions to the merger, all representations and warranties of the Company, except those explicitly marked in Section 2.1 as 'Execution Date Representations,' must be made both at the time of signing this Agreement and reaffirmed as of the Closing Date, as if made at both instances.
Choices: ","Fail","Answer the following multiple choice question. The entire content of your response should be of the following format: 'ANSWER: $LETTER' (without quotes) where LETTER is one of {letters}.

{question}

{choices}

Instruction: Read the following excerpt from a merger agreement and answer the multiple-choice question by choosing the option that best characterizes the timing for when the representations and warranties must be reaffirmed according to the bring down provision.

Question: Based on the provisions below, at which points must the representations and warranties be accurate and/or reaffirmed?

Option A: Solely as of the Closing Date
Option B: Only at the Effective Time and again at Closing
Option C: As of the Agreement date with subsequent confirmation at the Closing Date

Merger Agreement Excerpt: Section 8.5 Conditions Precedent for Merger Completion. The Merger shall be subject to the condition that all representations and warranties provided by the Company, except those expressly limited to a specific historical reference, shall be accurate as of the date of this Agreement. They are required to be maintained in true and correct form at the Effective Time. Furthermore, any deviation observed after the Effective Time but before the Closing Date must be rectified so that, by the Closing Date, such representations and warranties reflect the status as though verified at Closing. (Refer to Exhibit B for additional qualification timelines.)
Choices: "
"75","Answer the following multiple choice question. The entire content of your response should be of the following format: 'ANSWER: $LETTER' (without quotes) where LETTER is one of {letters}.

{question}

{choices}

Instruction: Read the following segments of a merger agreement and answer the multiple-choice question by selecting the option that best characterizes the agreement.

Question: When are representations and warranties required to be made according to the bring down provision?
Option A: At Closing Only
Option B: At Signing & At Closing

Merger Agreement (Segment 1): Section 10.3 Representations. Except for those representations expressly made as of a specified date, each representation and warranty of the Company contained in this Agreement shall be true and correct as of the Closing Date. (Page 55)

Merger Agreement (Segment 2): Section 12.5 Interim Verification. In order to ensure that the initial assertions remain reliable, the Company further represents that all representations and warranties set forth in Article VI shall be confirmed as of the Signing Date and remain materially unchanged through to the Closing Date. (Page 78)
Choices: ","Fail","Answer the following multiple choice question. The entire content of your response should be of the following format: 'ANSWER: $LETTER' (without quotes) where LETTER is one of {letters}.

{question}

{choices}

Instruction: Read the following excerpt from a merger agreement and answer the multiple-choice question by choosing the option that best characterizes the timing for when the representations and warranties must be reaffirmed according to the bring down provision.

Question: Based on the provisions below, at which points must the representations and warranties be accurate and/or reaffirmed?

Option A: Solely as of the Closing Date
Option B: Only at the Effective Time and again at Closing
Option C: As of the Agreement date with subsequent confirmation at the Closing Date

Merger Agreement Excerpt: Section 8.5 Conditions Precedent for Merger Completion. The Merger shall be subject to the condition that all representations and warranties provided by the Company, except those expressly limited to a specific historical reference, shall be accurate as of the date of this Agreement. They are required to be maintained in true and correct form at the Effective Time. Furthermore, any deviation observed after the Effective Time but before the Closing Date must be rectified so that, by the Closing Date, such representations and warranties reflect the status as though verified at Closing. (Refer to Exhibit B for additional qualification timelines.)
Choices: "
"76","Answer the following multiple choice question. The entire content of your response should be of the following format: 'ANSWER: $LETTER' (without quotes) where LETTER is one of {letters}.

{question}

{choices}

Instruction: Read the following excerpts from a merger agreement and answer the question by choosing the option that best characterizes the timing of representations and warranties under the bring down provision.

Question: When are representations and warranties required to be made according to the bring down provision?
Option A: At Closing Only
Option B: At Signing & At Closing

Merger Agreement Excerpt 1 (Section 5.3 Conditions Precedent): ""Notwithstanding any subsequent provision, all representations and warranties made by XYZ Inc. in Article VI shall be accurate as of the Date of this Agreement and shall be reaffirmed as of the Closing Date, except for those expressly stated to be effective only as of a specific earlier date.""

Merger Agreement Excerpt 2 (Section 11.4 Representations): ""For the purposes of this Agreement, unless a representation specifically indicates an earlier applicable date, every representation and warranty is deemed to be attested as of the Effective Time, which is the Closing Date.""
Choices: ","Fail","Answer the following multiple choice question. The entire content of your response should be of the following format: 'ANSWER: $LETTER' (without quotes) where LETTER is one of {letters}.

{question}

{choices}

Instruction: Read the following excerpt from a merger agreement and answer the multiple-choice question by choosing the option that best characterizes the timing for when the representations and warranties must be reaffirmed according to the bring down provision.

Question: Based on the provisions below, at which points must the representations and warranties be accurate and/or reaffirmed?

Option A: Solely as of the Closing Date
Option B: Only at the Effective Time and again at Closing
Option C: As of the Agreement date with subsequent confirmation at the Closing Date

Merger Agreement Excerpt: Section 8.5 Conditions Precedent for Merger Completion. The Merger shall be subject to the condition that all representations and warranties provided by the Company, except those expressly limited to a specific historical reference, shall be accurate as of the date of this Agreement. They are required to be maintained in true and correct form at the Effective Time. Furthermore, any deviation observed after the Effective Time but before the Closing Date must be rectified so that, by the Closing Date, such representations and warranties reflect the status as though verified at Closing. (Refer to Exhibit B for additional qualification timelines.)
Choices: "
"77","Answer the following multiple choice question. The entire content of your response should be of the following format: 'ANSWER: $LETTER' (without quotes) where LETTER is one of {letters}.

{question}

{choices}

Instruction: Read the segment of a merger agreement and answer the multiple-choice question by choosing the option that best characterizes the agreement.
Question: According to the bring down provision in the excerpts below, when must the Company's representations and warranties be true and correct?
Option A: At Closing Only
Option B: At Signing & At Closing

Merger Agreement: Section 9.1(d) Conditions Precedent. Notwithstanding any prior representations, each of the Company's representations and warranties contained herein shall be true and correct as of the Execution Date of this Agreement and shall be reconfirmed as true and correct at the Closing Date, except for items expressly identified as transitional in Schedule 9. (Page 102)

Merger Agreement: Section 10.4 Affirmations. Furthermore, the Company undertakes that, except as otherwise disclosed in Section 10.2, its representations and warranties are first attested to as of the Effective Date of this Agreement and must be reaffirmed at the Closing Date to account for any material intervening changes. (Page 105)
Choices: ","Fail","Answer the following multiple choice question. The entire content of your response should be of the following format: 'ANSWER: $LETTER' (without quotes) where LETTER is one of {letters}.

{question}

{choices}

Instruction: Read the following excerpt from a merger agreement and answer the multiple-choice question by choosing the option that best characterizes the timing for when the representations and warranties must be reaffirmed according to the bring down provision.

Question: Based on the provisions below, at which points must the representations and warranties be accurate and/or reaffirmed?

Option A: Solely as of the Closing Date
Option B: Only at the Effective Time and again at Closing
Option C: As of the Agreement date with subsequent confirmation at the Closing Date

Merger Agreement Excerpt: Section 8.5 Conditions Precedent for Merger Completion. The Merger shall be subject to the condition that all representations and warranties provided by the Company, except those expressly limited to a specific historical reference, shall be accurate as of the date of this Agreement. They are required to be maintained in true and correct form at the Effective Time. Furthermore, any deviation observed after the Effective Time but before the Closing Date must be rectified so that, by the Closing Date, such representations and warranties reflect the status as though verified at Closing. (Refer to Exhibit B for additional qualification timelines.)
Choices: "
"78","Answer the following multiple choice question. The entire content of your response should be of the following format: 'ANSWER: $LETTER' (without quotes) where LETTER is one of {letters}.

{question}

{choices}

Instruction: Read the following segments of a merger agreement and answer the question by choosing the correct option:

Question: According to the bring down provision, when are the Company's representations and warranties required to be made?
Option A: At Signing & At Closing
Option B: At Closing Only

Merger Agreement:
Section 5.1 - Representations and Warranties: Except where a representation or warranty is expressly stated as of the Effective Date (i.e., the date of signing), each representation and warranty of the Company shall be true and correct as of the Closing Date. Notwithstanding the foregoing, any representation and warranty made expressly as of the Effective Date shall be deemed to have been affirmed at both the signing and again at Closing, without requiring a repeated verification for continuity of accuracy.

Section 11.3 - Conditions Precedent: The obligations of the Parties to effect the Closing are subject to the satisfaction or waiver of certain conditions, including that every representation and warranty not qualified by an 'as of the Effective Date' qualifier must be accurate at the Closing. However, representations and warranties specified as of the Effective Date are required to be confirmed both at the execution of this Agreement and at the Closing Date, as if made simultaneously on both dates.

Answer the question based solely on the provisions above.
Choices: ","Fail","Answer the following multiple choice question. The entire content of your response should be of the following format: 'ANSWER: $LETTER' (without quotes) where LETTER is one of {letters}.

{question}

{choices}

Instruction: Read the following excerpt from a merger agreement and answer the multiple-choice question by choosing the option that best characterizes the timing for when the representations and warranties must be reaffirmed according to the bring down provision.

Question: Based on the provisions below, at which points must the representations and warranties be accurate and/or reaffirmed?

Option A: Solely as of the Closing Date
Option B: Only at the Effective Time and again at Closing
Option C: As of the Agreement date with subsequent confirmation at the Closing Date

Merger Agreement Excerpt: Section 8.5 Conditions Precedent for Merger Completion. The Merger shall be subject to the condition that all representations and warranties provided by the Company, except those expressly limited to a specific historical reference, shall be accurate as of the date of this Agreement. They are required to be maintained in true and correct form at the Effective Time. Furthermore, any deviation observed after the Effective Time but before the Closing Date must be rectified so that, by the Closing Date, such representations and warranties reflect the status as though verified at Closing. (Refer to Exhibit B for additional qualification timelines.)
Choices: "
"79","Answer the following multiple choice question. The entire content of your response should be of the following format: 'ANSWER: $LETTER' (without quotes) where LETTER is one of {letters}.

{question}

{choices}

Instruction: Read the following excerpts from a merger agreement and answer the multiple-choice question by choosing the option that best characterizes the timing of representations and warranties under the bring down provision.
Question: When are representations and warranties required to be made according to the bring down provision?
Option A: At Closing Only
Option B: At Signing & At Closing

Merger Agreement Excerpt 1 (Section 8.4 – Conditions to Closing): 'The completion of the merger is subject to the condition that every representation and warranty of the Seller is accurate and complete as of the Closing Date, except for those expressly qualified to be accurate as of an earlier specified date.'

Merger Agreement Excerpt 2 (Section 11.2 – Continuing Representations and Covenants): 'All representations and warranties which are not expressly stated as being accurate on a specific earlier date shall be maintained as true from the date of signing through the Closing, thereby requiring confirmation at both signing and closing.'
Choices: ","Fail","Answer the following multiple choice question. The entire content of your response should be of the following format: 'ANSWER: $LETTER' (without quotes) where LETTER is one of {letters}.

{question}

{choices}

Instruction: Read the following excerpt from a merger agreement and answer the multiple-choice question by choosing the option that best characterizes the timing for when the representations and warranties must be reaffirmed according to the bring down provision.

Question: Based on the provisions below, at which points must the representations and warranties be accurate and/or reaffirmed?

Option A: Solely as of the Closing Date
Option B: Only at the Effective Time and again at Closing
Option C: As of the Agreement date with subsequent confirmation at the Closing Date

Merger Agreement Excerpt: Section 8.5 Conditions Precedent for Merger Completion. The Merger shall be subject to the condition that all representations and warranties provided by the Company, except those expressly limited to a specific historical reference, shall be accurate as of the date of this Agreement. They are required to be maintained in true and correct form at the Effective Time. Furthermore, any deviation observed after the Effective Time but before the Closing Date must be rectified so that, by the Closing Date, such representations and warranties reflect the status as though verified at Closing. (Refer to Exhibit B for additional qualification timelines.)
Choices: "
"80","Answer the following multiple choice question. The entire content of your response should be of the following format: 'ANSWER: $LETTER' (without quotes) where LETTER is one of {letters}.

{question}

{choices}

Instruction: Read the following segments of a hypothetical merger agreement and answer the multiple-choice question by choosing the option that best characterizes the timing requirement under the bring down provision.

Question: According to the provided merger agreement segments, when must the representations and warranties be true and correct?

Option A: At Closing Only
Option B: At Signing & At Closing

Merger Agreement Segment 1 (Section 3.2 – Initial Representations): ""All representations and warranties contained in Article II, except the representation regarding the status of intellectual property rights, shall be made and deemed correct as of the Execution Date. Notwithstanding the foregoing, the representation concerning intellectual property is subject to an update and shall be re-certified as of the Closing Date.""

Merger Agreement Segment 2 (Section 7.8 – Bring Down Provision): ""Notwithstanding any prior statement, each representation and warranty not expressly limited to a specific date shall be reconfirmed and, if necessary, corrected at Closing to ensure its continuing accuracy as of such date. In no event shall any representation be solely valid if not reconfirmed at Closing, except where explicitly identified as fixed as of the Execution Date.""
Choices: ","Fail","Answer the following multiple choice question. The entire content of your response should be of the following format: 'ANSWER: $LETTER' (without quotes) where LETTER is one of {letters}.

{question}

{choices}

Instruction: Read the following excerpt from a merger agreement and answer the multiple-choice question by choosing the option that best characterizes the timing for when the representations and warranties must be reaffirmed according to the bring down provision.

Question: Based on the provisions below, at which points must the representations and warranties be accurate and/or reaffirmed?

Option A: Solely as of the Closing Date
Option B: Only at the Effective Time and again at Closing
Option C: As of the Agreement date with subsequent confirmation at the Closing Date

Merger Agreement Excerpt: Section 8.5 Conditions Precedent for Merger Completion. The Merger shall be subject to the condition that all representations and warranties provided by the Company, except those expressly limited to a specific historical reference, shall be accurate as of the date of this Agreement. They are required to be maintained in true and correct form at the Effective Time. Furthermore, any deviation observed after the Effective Time but before the Closing Date must be rectified so that, by the Closing Date, such representations and warranties reflect the status as though verified at Closing. (Refer to Exhibit B for additional qualification timelines.)
Choices: "
"81","Answer the following multiple choice question. The entire content of your response should be of the following format: 'ANSWER: $LETTER' (without quotes) where LETTER is one of {letters}.

{question}

{choices}

Instruction: Read the following excerpts from a transaction agreement and answer the multiple-choice question by choosing the option that best characterizes the timing requirement for representations and warranties.

Question: When are representations and warranties required to be made according to the bring down provision?
Option A: At Closing Only
Option B: At Signing & At Closing

Transaction Agreement:
Section 8.4 Conditions to Closing Obligations: In order for Party X to complete the Transaction, each representation and warranty provided by the Company, except those expressly limited to a specific historical date, shall be deemed accurate and fully operative as of the Closing Date. No additional affirmation is required at the time of signing unless expressly stated within the representation.

Section 11.1 Additional Conditions to Effecting the Transaction: Notwithstanding Section 8.4, all representations and warranties that are not expressly confined to a specific historical date must be accurate and complete both at the time of executing this Agreement and again as of the Closing Date, as if newly made on the Closing Date, thereby ensuring continuous validity.

Choices: ","Fail","Answer the following multiple choice question. The entire content of your response should be of the following format: 'ANSWER: $LETTER' (without quotes) where LETTER is one of {letters}.

{question}

{choices}

Instruction: Read the following excerpt from a merger agreement and answer the multiple-choice question by choosing the option that best characterizes the timing for when the representations and warranties must be reaffirmed according to the bring down provision.

Question: Based on the provisions below, at which points must the representations and warranties be accurate and/or reaffirmed?

Option A: Solely as of the Closing Date
Option B: Only at the Effective Time and again at Closing
Option C: As of the Agreement date with subsequent confirmation at the Closing Date

Merger Agreement Excerpt: Section 8.5 Conditions Precedent for Merger Completion. The Merger shall be subject to the condition that all representations and warranties provided by the Company, except those expressly limited to a specific historical reference, shall be accurate as of the date of this Agreement. They are required to be maintained in true and correct form at the Effective Time. Furthermore, any deviation observed after the Effective Time but before the Closing Date must be rectified so that, by the Closing Date, such representations and warranties reflect the status as though verified at Closing. (Refer to Exhibit B for additional qualification timelines.)
Choices: "
"82","Answer the following multiple choice question. The entire content of your response should be of the following format: 'ANSWER: $LETTER' (without quotes) where LETTER is one of {letters}.

{question}

{choices}

Instruction: Read the segment of a merger agreement and answer the multiple-choice question by choosing the option that best characterizes the agreement.
Question: When are representations and warranties required to be made according to the bring down provision?
Option A: At Closing Only
Option B: At Signing & At Closing

Merger Agreement Excerpts:
Section 8.1 Conditions to the Merger. The closing of the Merger is subject to the condition that all representations and warranties of the Company, except those expressly made as of a specified date, shall be true and correct as of the Closing Date. (Page 55)

Section 10.3 Supplementary Representations. Notwithstanding the foregoing, the Company further represents that all other representations and warranties contained in Article V shall be true and correct as of the date hereof and shall be reaffirmed as of the Closing Date, except where such representations expressly provide for a different reference date. (Page 78)
Choices: ","Fail","Answer the following multiple choice question. The entire content of your response should be of the following format: 'ANSWER: $LETTER' (without quotes) where LETTER is one of {letters}.

{question}

{choices}

Instruction: Read the following excerpt from a merger agreement and answer the multiple-choice question by choosing the option that best characterizes the timing for when the representations and warranties must be reaffirmed according to the bring down provision.

Question: Based on the provisions below, at which points must the representations and warranties be accurate and/or reaffirmed?

Option A: Solely as of the Closing Date
Option B: Only at the Effective Time and again at Closing
Option C: As of the Agreement date with subsequent confirmation at the Closing Date

Merger Agreement Excerpt: Section 8.5 Conditions Precedent for Merger Completion. The Merger shall be subject to the condition that all representations and warranties provided by the Company, except those expressly limited to a specific historical reference, shall be accurate as of the date of this Agreement. They are required to be maintained in true and correct form at the Effective Time. Furthermore, any deviation observed after the Effective Time but before the Closing Date must be rectified so that, by the Closing Date, such representations and warranties reflect the status as though verified at Closing. (Refer to Exhibit B for additional qualification timelines.)
Choices: "
"83","Answer the following multiple choice question. The entire content of your response should be of the following format: 'ANSWER: $LETTER' (without quotes) where LETTER is one of {letters}.

{question}

{choices}

Instruction: Read the following segments of a merger agreement and answer the multiple-choice question by choosing the option that best characterizes the timing requirement of the representations and warranties under the bring down provision.
Question: When are representations and warranties required to be made according to the bring down provision?
Option A: At Closing Only
Option B: At Signing & At Closing

Merger Agreement:
Section 10.2 Conditions Precedent. Except as expressly provided in this Agreement, every representation and warranty contained herein shall be deemed to have been made as of the Execution Date (i.e., the date this Agreement is signed) and shall continue in full force and effect such that they are reaffirmed as of the Closing Date, as if made anew on the Closing Date. Any representation that is expressly qualified with a specific date shall only need to be true as of that specified date.

Section 10.4 Supplemental Conditions. Notwithstanding any language in Article VIII regarding intermediary time checkpoints (including any reference to a Confirmation Period), no additional temporal affirmation of the representations and warranties is required beyond the Execution Date and the Closing Date.
Choices: ","Fail","Answer the following multiple choice question. The entire content of your response should be of the following format: 'ANSWER: $LETTER' (without quotes) where LETTER is one of {letters}.

{question}

{choices}

Instruction: Read the following excerpt from a merger agreement and answer the multiple-choice question by choosing the option that best characterizes the timing for when the representations and warranties must be reaffirmed according to the bring down provision.

Question: Based on the provisions below, at which points must the representations and warranties be accurate and/or reaffirmed?

Option A: Solely as of the Closing Date
Option B: Only at the Effective Time and again at Closing
Option C: As of the Agreement date with subsequent confirmation at the Closing Date

Merger Agreement Excerpt: Section 8.5 Conditions Precedent for Merger Completion. The Merger shall be subject to the condition that all representations and warranties provided by the Company, except those expressly limited to a specific historical reference, shall be accurate as of the date of this Agreement. They are required to be maintained in true and correct form at the Effective Time. Furthermore, any deviation observed after the Effective Time but before the Closing Date must be rectified so that, by the Closing Date, such representations and warranties reflect the status as though verified at Closing. (Refer to Exhibit B for additional qualification timelines.)
Choices: "
"84","Answer the following multiple choice question. The entire content of your response should be of the following format: 'ANSWER: $LETTER' (without quotes) where LETTER is one of {letters}.

{question}

{choices}

Instruction: Read the following segments of an acquisition agreement and answer the multiple-choice question by choosing the option that best captures when the representations and warranties must be in effect.

Question: According to the bring down provisions, at which times must the Seller’s representations and warranties be accurate?
Option A: At Closing Only
Option B: At Signing & At Closing

Acquisition Agreement Segment 1 (Page 45): 'Section 5.1 – Immediately upon execution of this Agreement, every representation and warranty provided by the Seller shall continue to be true and correct as of the Closing Date, notwithstanding any due diligence performed at signing.'

Acquisition Agreement Segment 2 (Page 102): 'Section 9.3 – Notwithstanding Section 5.1, for any representations and warranties not expressly limited to a specific date, it is required that such statements be accurate as of the Date of Execution of this Agreement and subsequently confirmed at the Closing, except where a fixed date is explicitly stated.'
Choices: ","Fail","Answer the following multiple choice question. The entire content of your response should be of the following format: 'ANSWER: $LETTER' (without quotes) where LETTER is one of {letters}.

{question}

{choices}

Instruction: Read the following excerpt from a merger agreement and answer the multiple-choice question by choosing the option that best characterizes the timing for when the representations and warranties must be reaffirmed according to the bring down provision.

Question: Based on the provisions below, at which points must the representations and warranties be accurate and/or reaffirmed?

Option A: Solely as of the Closing Date
Option B: Only at the Effective Time and again at Closing
Option C: As of the Agreement date with subsequent confirmation at the Closing Date

Merger Agreement Excerpt: Section 8.5 Conditions Precedent for Merger Completion. The Merger shall be subject to the condition that all representations and warranties provided by the Company, except those expressly limited to a specific historical reference, shall be accurate as of the date of this Agreement. They are required to be maintained in true and correct form at the Effective Time. Furthermore, any deviation observed after the Effective Time but before the Closing Date must be rectified so that, by the Closing Date, such representations and warranties reflect the status as though verified at Closing. (Refer to Exhibit B for additional qualification timelines.)
Choices: "
"85","Answer the following multiple choice question. The entire content of your response should be of the following format: 'ANSWER: $LETTER' (without quotes) where LETTER is one of {letters}.

{question}

{choices}

Instruction: Read the segment of a merger agreement and answer the multiple-choice question by choosing the option that best characterizes the agreement.
Question: When are representations and warranties required to be made according to the bring down provision?
Option A: At Closing Only
Option B: At Signing & At Closing

Merger Agreement: Section 8.3 Conditions to Finalize Transaction. The Seller’s representations and warranties shall be deemed accurate exclusively as of the Closing Date for purposes of executing the transaction, except for specific items that expressly state a timing modification in this section.

Merger Agreement: Section 9.4 Reaffirmation of Seller Representations. Notwithstanding Section 8.3, unless a representation is individually marked as effective solely for the Closing Date, the Seller shall be required to reaffirm all such representations and warranties as of the Date of Execution and again at the Closing Date, thereby ensuring their continued accuracy throughout the transaction process.

Answer:
Choices: ","Fail","Answer the following multiple choice question. The entire content of your response should be of the following format: 'ANSWER: $LETTER' (without quotes) where LETTER is one of {letters}.

{question}

{choices}

Instruction: Read the following excerpt from a merger agreement and answer the multiple-choice question by choosing the option that best characterizes the timing for when the representations and warranties must be reaffirmed according to the bring down provision.

Question: Based on the provisions below, at which points must the representations and warranties be accurate and/or reaffirmed?

Option A: Solely as of the Closing Date
Option B: Only at the Effective Time and again at Closing
Option C: As of the Agreement date with subsequent confirmation at the Closing Date

Merger Agreement Excerpt: Section 8.5 Conditions Precedent for Merger Completion. The Merger shall be subject to the condition that all representations and warranties provided by the Company, except those expressly limited to a specific historical reference, shall be accurate as of the date of this Agreement. They are required to be maintained in true and correct form at the Effective Time. Furthermore, any deviation observed after the Effective Time but before the Closing Date must be rectified so that, by the Closing Date, such representations and warranties reflect the status as though verified at Closing. (Refer to Exhibit B for additional qualification timelines.)
Choices: "
"86","Answer the following multiple choice question. The entire content of your response should be of the following format: 'ANSWER: $LETTER' (without quotes) where LETTER is one of {letters}.

{question}

{choices}

Instruction: Read the following segments of a merger agreement and answer the multiple-choice question by choosing the option that best characterizes the timing of the representations and warranties under the bring down provision.

Question: According to the bring down provision, when must the representations and warranties be true?
Option A: At Closing Only
Option B: At Signing & At Closing

Merger Agreement Excerpt 1 (Section 4.7 – Conditions Precedent): ""In order to satisfy the conditions precedent, all representations, warranties, and statements made by the Seller shall be deemed accurate as of the Closing Date. Notwithstanding the foregoing, any representation that expressly states an earlier effective date shall only be deemed accurate as of that earlier specified date."" (Page 45)

Merger Agreement Excerpt 2 (Section 10.3 – Affirmations): ""Notwithstanding Section 4.7, it is further agreed that all remaining representations and warranties shall be true and correct both on the date of this Agreement and at the Effective Time, which is defined as the date on which the parties execute this Agreement, with the understanding that if the Effective Time is subsequently designated as the Closing Date, the accuracy of these representations and warranties must be reaffirmed at Closing."" (Page 12)

Answer:
Choices: ","Fail","Answer the following multiple choice question. The entire content of your response should be of the following format: 'ANSWER: $LETTER' (without quotes) where LETTER is one of {letters}.

{question}

{choices}

Instruction: Read the following excerpt from a merger agreement and answer the multiple-choice question by choosing the option that best characterizes the timing for when the representations and warranties must be reaffirmed according to the bring down provision.

Question: Based on the provisions below, at which points must the representations and warranties be accurate and/or reaffirmed?

Option A: Solely as of the Closing Date
Option B: Only at the Effective Time and again at Closing
Option C: As of the Agreement date with subsequent confirmation at the Closing Date

Merger Agreement Excerpt: Section 8.5 Conditions Precedent for Merger Completion. The Merger shall be subject to the condition that all representations and warranties provided by the Company, except those expressly limited to a specific historical reference, shall be accurate as of the date of this Agreement. They are required to be maintained in true and correct form at the Effective Time. Furthermore, any deviation observed after the Effective Time but before the Closing Date must be rectified so that, by the Closing Date, such representations and warranties reflect the status as though verified at Closing. (Refer to Exhibit B for additional qualification timelines.)
Choices: "
"87","Answer the following multiple choice question. The entire content of your response should be of the following format: 'ANSWER: $LETTER' (without quotes) where LETTER is one of {letters}.

{question}

{choices}

Instruction: Read the segment of a merger agreement and answer the multiple-choice question by choosing the option that best characterizes the timing requirements for representations and warranties.
Question: When are representations and warranties required to be made according to the bring down provision?
Option A: At Closing Only
Option B: At Signing & At Closing

Merger Agreement Excerpts:
Section 8.1 – Conditions to Obligations of Parent and Subsidiary. The obligations of Parent and Subsidiary to complete the merger are subject to, among other conditions, the representations and warranties of the Company being accurate. In this regard, apart from specific representations applicable solely to pre-Execution events, each representation and warranty shall be true and correct as of the Closing Date, with the provision that any deficiencies identified before that time must be remedied promptly upon notice. (Page 45)

Section 10.3 – Conditions to Payment for Shares. Notwithstanding any clause to the contrary, the representations and warranties of the Company, except those expressly limited to an earlier defined date, shall be accurate as of the date of execution of this Agreement and reaffirmed as of the Closing Date, as though continuously made from the execution date through to closing. (Page 72)
Choices: ","Fail","Answer the following multiple choice question. The entire content of your response should be of the following format: 'ANSWER: $LETTER' (without quotes) where LETTER is one of {letters}.

{question}

{choices}

Instruction: Read the following excerpt from a merger agreement and answer the multiple-choice question by choosing the option that best characterizes the timing for when the representations and warranties must be reaffirmed according to the bring down provision.

Question: Based on the provisions below, at which points must the representations and warranties be accurate and/or reaffirmed?

Option A: Solely as of the Closing Date
Option B: Only at the Effective Time and again at Closing
Option C: As of the Agreement date with subsequent confirmation at the Closing Date

Merger Agreement Excerpt: Section 8.5 Conditions Precedent for Merger Completion. The Merger shall be subject to the condition that all representations and warranties provided by the Company, except those expressly limited to a specific historical reference, shall be accurate as of the date of this Agreement. They are required to be maintained in true and correct form at the Effective Time. Furthermore, any deviation observed after the Effective Time but before the Closing Date must be rectified so that, by the Closing Date, such representations and warranties reflect the status as though verified at Closing. (Refer to Exhibit B for additional qualification timelines.)
Choices: "
"88","Answer the following multiple choice question. The entire content of your response should be of the following format: 'ANSWER: $LETTER' (without quotes) where LETTER is one of {letters}.

{question}

{choices}

Instruction: Read the following segments of a merger agreement and answer the multiple-choice question by choosing the option that best characterizes the timing at which the Company’s representations and warranties must be made according to the bring down provision.

Segment from Section 8.2 – Conditions Precedent:
""Subject to the terms of this Agreement, all representations and warranties of the Company are deemed to have been made as of the date hereof and shall remain in full force and effect as of the Closing Date. In cases where the representation specifically states it is made solely as of a historical date, no reaffirmation is required.""

Segment from Section 11.6 – Final Bring-Down Provision:
""To ensure the consummation of this transaction, notwithstanding any representations made at the signing, the Company is required to bring down (i.e., reconfirm) all of its representations and warranties at the Closing Date. The representations provided at the signing serve as the baseline and are binding unless a material change arises prior to closing.""

Question: Based on the above segments, when are the representations and warranties required to be made according to the bring down provision?
Option A: At Closing Only
Option B: At Signing & At Closing
Choices: ","Fail","Answer the following multiple choice question. The entire content of your response should be of the following format: 'ANSWER: $LETTER' (without quotes) where LETTER is one of {letters}.

{question}

{choices}

Instruction: Read the following excerpt from a merger agreement and answer the multiple-choice question by choosing the option that best characterizes the timing for when the representations and warranties must be reaffirmed according to the bring down provision.

Question: Based on the provisions below, at which points must the representations and warranties be accurate and/or reaffirmed?

Option A: Solely as of the Closing Date
Option B: Only at the Effective Time and again at Closing
Option C: As of the Agreement date with subsequent confirmation at the Closing Date

Merger Agreement Excerpt: Section 8.5 Conditions Precedent for Merger Completion. The Merger shall be subject to the condition that all representations and warranties provided by the Company, except those expressly limited to a specific historical reference, shall be accurate as of the date of this Agreement. They are required to be maintained in true and correct form at the Effective Time. Furthermore, any deviation observed after the Effective Time but before the Closing Date must be rectified so that, by the Closing Date, such representations and warranties reflect the status as though verified at Closing. (Refer to Exhibit B for additional qualification timelines.)
Choices: "
"89","Answer the following multiple choice question. The entire content of your response should be of the following format: 'ANSWER: $LETTER' (without quotes) where LETTER is one of {letters}.

{question}

{choices}

Instruction: Read the following segments of a merger agreement and answer the multiple-choice question by choosing the option that best characterizes the timing requirements for representations and warranties under the bring down provision.

Question: When are representations and warranties required to be made according to the bring down provision?
Option A: At Closing Only
Option B: At Signing & At Closing

Merger Agreement: Section 8.4 (Conditions to Parent's Obligation): ""All representations and warranties set forth in Section 3.2 shall be accurate and complete as of the Signing Date, and the Company shall confirm that they remain so as of the Closing Date, except where expressly provided otherwise."" (Page 45)

Merger Agreement: Section 12.1 (Conditions to Effectiveness): ""All representations and warranties not specified in Section 8.4 shall be true and correct solely as of the Closing Date, and shall be deemed made on and as of the Closing Date."" (Page 78)
Choices: ","Fail","Answer the following multiple choice question. The entire content of your response should be of the following format: 'ANSWER: $LETTER' (without quotes) where LETTER is one of {letters}.

{question}

{choices}

Instruction: Read the following excerpt from a merger agreement and answer the multiple-choice question by choosing the option that best characterizes the timing for when the representations and warranties must be reaffirmed according to the bring down provision.

Question: Based on the provisions below, at which points must the representations and warranties be accurate and/or reaffirmed?

Option A: Solely as of the Closing Date
Option B: Only at the Effective Time and again at Closing
Option C: As of the Agreement date with subsequent confirmation at the Closing Date

Merger Agreement Excerpt: Section 8.5 Conditions Precedent for Merger Completion. The Merger shall be subject to the condition that all representations and warranties provided by the Company, except those expressly limited to a specific historical reference, shall be accurate as of the date of this Agreement. They are required to be maintained in true and correct form at the Effective Time. Furthermore, any deviation observed after the Effective Time but before the Closing Date must be rectified so that, by the Closing Date, such representations and warranties reflect the status as though verified at Closing. (Refer to Exhibit B for additional qualification timelines.)
Choices: "
"90","Answer the following multiple choice question. The entire content of your response should be of the following format: 'ANSWER: $LETTER' (without quotes) where LETTER is one of {letters}.

{question}

{choices}

Instruction: Read the following excerpts from an acquisition agreement and answer the multiple-choice question by choosing the option that best describes the timing requirement for the representations and warranties under the bring down provision.

Question: According to the Agreement, when must the representations and warranties be affirmed under the bring down provision?
Option A: Solely as of the Transaction Closing
Option B: At both the Signing Date and the Transaction Closing

Acquisition Agreement:

Section 9.1 - General Conditions. The consummation of the Acquisition is contingent upon the fact that, except for any representations expressly stated to be determined as of a specific earlier date, all representations and warranties of the Company shall be true and correct as of the Transaction Closing Date. Any failure prior to this time must be remedied or taken into account in accordance with the terms hereof. (Page 102)

Section 11.3 - Additional Covenants. Notwithstanding Section 9.1, the representations and warranties related to the Company's financial statements and material contracts are designated as ""ongoing representations."" Such representations shall be maintained and verified as true and correct not only at the Transaction Closing Date but also as of the Signing Date, thereby ensuring continuity of accuracy throughout the duration of the Agreement. (Page 115)
Choices: ","Fail","Answer the following multiple choice question. The entire content of your response should be of the following format: 'ANSWER: $LETTER' (without quotes) where LETTER is one of {letters}.

{question}

{choices}

Instruction: Read the following excerpt from a merger agreement and answer the multiple-choice question by choosing the option that best characterizes the timing for when the representations and warranties must be reaffirmed according to the bring down provision.

Question: Based on the provisions below, at which points must the representations and warranties be accurate and/or reaffirmed?

Option A: Solely as of the Closing Date
Option B: Only at the Effective Time and again at Closing
Option C: As of the Agreement date with subsequent confirmation at the Closing Date

Merger Agreement Excerpt: Section 8.5 Conditions Precedent for Merger Completion. The Merger shall be subject to the condition that all representations and warranties provided by the Company, except those expressly limited to a specific historical reference, shall be accurate as of the date of this Agreement. They are required to be maintained in true and correct form at the Effective Time. Furthermore, any deviation observed after the Effective Time but before the Closing Date must be rectified so that, by the Closing Date, such representations and warranties reflect the status as though verified at Closing. (Refer to Exhibit B for additional qualification timelines.)
Choices: "
"91","Answer the following multiple choice question. The entire content of your response should be of the following format: 'ANSWER: $LETTER' (without quotes) where LETTER is one of {letters}.

{question}

{choices}

Instruction: Read the following segments of a merger agreement and answer the multiple-choice question by choosing the option that best characterizes the requirement.
Question: When are representations and warranties required to be made according to the bring down provision?
Option A: At Closing Only
Option B: At Signing & At Closing

Merger Agreement: Section 10.1 Conditions Precedent. The obligations of the parties to consummate the merger are subject to the condition that, as of the Closing Date, every representation and warranty of the Company is true and correct, except for those expressly indicated as true as of a prior specified date. (Page 102)

Merger Agreement: Section 4.5 Representations and Warranties Verification. In addition to their initial making at the date of this Agreement, all representations and warranties provided herein, except those made as of an expressly designated date, must be re-verified and confirmed to be true at the Signing Date and remain accurate as if freshly made at the Closing Date. (Page 45)
Choices: ","Fail","Answer the following multiple choice question. The entire content of your response should be of the following format: 'ANSWER: $LETTER' (without quotes) where LETTER is one of {letters}.

{question}

{choices}

Instruction: Read the following excerpt from a merger agreement and answer the multiple-choice question by choosing the option that best characterizes the timing for when the representations and warranties must be reaffirmed according to the bring down provision.

Question: Based on the provisions below, at which points must the representations and warranties be accurate and/or reaffirmed?

Option A: Solely as of the Closing Date
Option B: Only at the Effective Time and again at Closing
Option C: As of the Agreement date with subsequent confirmation at the Closing Date

Merger Agreement Excerpt: Section 8.5 Conditions Precedent for Merger Completion. The Merger shall be subject to the condition that all representations and warranties provided by the Company, except those expressly limited to a specific historical reference, shall be accurate as of the date of this Agreement. They are required to be maintained in true and correct form at the Effective Time. Furthermore, any deviation observed after the Effective Time but before the Closing Date must be rectified so that, by the Closing Date, such representations and warranties reflect the status as though verified at Closing. (Refer to Exhibit B for additional qualification timelines.)
Choices: "
"92","Answer the following multiple choice question. The entire content of your response should be of the following format: 'ANSWER: $LETTER' (without quotes) where LETTER is one of {letters}.

{question}

{choices}

Instruction: Read the segment of a merger agreement and answer the multiple-choice question by choosing the option that best describes the timing of the representations and warranties as required by the bring down provision.
Question: When must the Company's representations and warranties be true and correct?
Option A: At Closing Only
Option B: At Signing & At Closing

Merger Agreement: 
Section 8.5 – Conditions Precedent (Page 55): ""Prior to the Closing Date, the Company shall certify that all representations and warranties contained in this Agreement are accurate and complete as of the Closing Date, except for those expressly indicated as 'as of the date of this Agreement'.""

Section 10.3 – Additional Representations (Page 80): ""For the representations and warranties set forth in Article IV, except for clause 4.02, the Company shall ensure that these representations and warranties are maintained continuously and remain true and correct both as of the date of this Agreement and as of the Closing Date, as if made at each of these times.""
Choices: ","Fail","Answer the following multiple choice question. The entire content of your response should be of the following format: 'ANSWER: $LETTER' (without quotes) where LETTER is one of {letters}.

{question}

{choices}

Instruction: Read the following excerpt from a merger agreement and answer the multiple-choice question by choosing the option that best characterizes the timing for when the representations and warranties must be reaffirmed according to the bring down provision.

Question: Based on the provisions below, at which points must the representations and warranties be accurate and/or reaffirmed?

Option A: Solely as of the Closing Date
Option B: Only at the Effective Time and again at Closing
Option C: As of the Agreement date with subsequent confirmation at the Closing Date

Merger Agreement Excerpt: Section 8.5 Conditions Precedent for Merger Completion. The Merger shall be subject to the condition that all representations and warranties provided by the Company, except those expressly limited to a specific historical reference, shall be accurate as of the date of this Agreement. They are required to be maintained in true and correct form at the Effective Time. Furthermore, any deviation observed after the Effective Time but before the Closing Date must be rectified so that, by the Closing Date, such representations and warranties reflect the status as though verified at Closing. (Refer to Exhibit B for additional qualification timelines.)
Choices: "
"93","Answer the following multiple choice question. The entire content of your response should be of the following format: 'ANSWER: $LETTER' (without quotes) where LETTER is one of {letters}.

{question}

{choices}

Instruction: Review the following excerpt from a merger agreement and select the option that best characterizes when the company's representations and warranties are required to be affirmed according to the bring down provision.
Question: According to the bring down clause, when must the company's representations and warranties be verified?
Option A: At the Closing Date exclusively.
Option B: As of the Agreement Date for representations expressly dated as such, and as of the Closing Date for all others.

Merger Agreement Excerpts:
Clause 8.3 Term and Timing of Warranties: ""Except for those warranties expressly stated to be made as of the Agreement Date (see Clause 8.3(a)), all representations and warranties of the Company shall be updated and confirmed as of the Closing Date, which shall serve as the effective verification date for such warranties.""

Clause 9.2 Special Conditions: ""Notwithstanding Clause 8.3, representations identified in Exhibit C, being critical to the valuation, shall be deemed effective as of the Agreement Date; every other warranty shall not be final unless reaffirmed as of the Closing Date.""
Choices: ","Fail","Answer the following multiple choice question. The entire content of your response should be of the following format: 'ANSWER: $LETTER' (without quotes) where LETTER is one of {letters}.

{question}

{choices}

Instruction: Read the following excerpt from a merger agreement and answer the multiple-choice question by choosing the option that best characterizes the timing for when the representations and warranties must be reaffirmed according to the bring down provision.

Question: Based on the provisions below, at which points must the representations and warranties be accurate and/or reaffirmed?

Option A: Solely as of the Closing Date
Option B: Only at the Effective Time and again at Closing
Option C: As of the Agreement date with subsequent confirmation at the Closing Date

Merger Agreement Excerpt: Section 8.5 Conditions Precedent for Merger Completion. The Merger shall be subject to the condition that all representations and warranties provided by the Company, except those expressly limited to a specific historical reference, shall be accurate as of the date of this Agreement. They are required to be maintained in true and correct form at the Effective Time. Furthermore, any deviation observed after the Effective Time but before the Closing Date must be rectified so that, by the Closing Date, such representations and warranties reflect the status as though verified at Closing. (Refer to Exhibit B for additional qualification timelines.)
Choices: "
"94","Answer the following multiple choice question. The entire content of your response should be of the following format: 'ANSWER: $LETTER' (without quotes) where LETTER is one of {letters}.

{question}

{choices}

Instruction: Read the segment of a merger agreement and answer the multiple-choice question by choosing the option that best characterizes when the representations and warranties must be made according to the bring down provision.
Question: Based on the following excerpts, determine when the representations and warranties of the Company are required to be reaffirmed.
Option A: At Closing Only
Option B: At Signing & At Closing

Merger Agreement Excerpt 1: Section 8.4 Conditions to the Merger: ""Under the terms of this Section, all representations and warranties of the Company shall be true and correct as of the Closing Date, except for those disclosures specified in Article III, which, where expressly indicated, are deemed accurate as of the Agreement Date.""

Merger Agreement Excerpt 2: Section 10.2 Additional Conditions: ""For purposes of this Agreement, all representations and warranties set forth in Article IV (excluding those in Section 4.05) shall be accurate as of the Offer Acceptance Time and must be reconfirmed as of the Closing Date, ensuring their validity at both the initial commitment and at finalization.""

Determine the correct understanding of the timing requirements.
Choices: ","Fail","Answer the following multiple choice question. The entire content of your response should be of the following format: 'ANSWER: $LETTER' (without quotes) where LETTER is one of {letters}.

{question}

{choices}

Instruction: Read the following excerpt from a merger agreement and answer the multiple-choice question by choosing the option that best characterizes the timing for when the representations and warranties must be reaffirmed according to the bring down provision.

Question: Based on the provisions below, at which points must the representations and warranties be accurate and/or reaffirmed?

Option A: Solely as of the Closing Date
Option B: Only at the Effective Time and again at Closing
Option C: As of the Agreement date with subsequent confirmation at the Closing Date

Merger Agreement Excerpt: Section 8.5 Conditions Precedent for Merger Completion. The Merger shall be subject to the condition that all representations and warranties provided by the Company, except those expressly limited to a specific historical reference, shall be accurate as of the date of this Agreement. They are required to be maintained in true and correct form at the Effective Time. Furthermore, any deviation observed after the Effective Time but before the Closing Date must be rectified so that, by the Closing Date, such representations and warranties reflect the status as though verified at Closing. (Refer to Exhibit B for additional qualification timelines.)
Choices: "
"95","Answer the following multiple choice question. The entire content of your response should be of the following format: 'ANSWER: $LETTER' (without quotes) where LETTER is one of {letters}.

{question}

{choices}

Instruction: Read the following segment of a merger agreement and answer the multiple-choice question by choosing the option that best characterizes the timing of representations and warranties required under the bring down provision.

Question: When must the Seller's representations and warranties be verified according to the bring down provisions?
Option A: Only at the Transaction Closing Date
Option B: At both the Initial Effective Date (execution date) and at the Transaction Closing Date

Merger Agreement Excerpts:
Section 9.3 Conditions Precedent (Page 108): ""Each representation and warranty provided by the Seller shall be accurate as of the Transaction Closing Date. However, representations expressly made as of an earlier date remain binding only if they are not qualified by temporal language.""

Section 11.4 Conditions for Tender (Page 112): ""Notwithstanding any conflicting provisions herein, all representations and warranties that are not expressly qualified must be true and correct as of the Initial Effective Date (the date on which this Agreement is executed) and shall continue in effect until Final Closing, except for those representations which specify a particular historical date, in which case accuracy is only required as of that specified date.""
Answer:
Choices: ","Fail","Answer the following multiple choice question. The entire content of your response should be of the following format: 'ANSWER: $LETTER' (without quotes) where LETTER is one of {letters}.

{question}

{choices}

Instruction: Read the following excerpt from a merger agreement and answer the multiple-choice question by choosing the option that best characterizes the timing for when the representations and warranties must be reaffirmed according to the bring down provision.

Question: Based on the provisions below, at which points must the representations and warranties be accurate and/or reaffirmed?

Option A: Solely as of the Closing Date
Option B: Only at the Effective Time and again at Closing
Option C: As of the Agreement date with subsequent confirmation at the Closing Date

Merger Agreement Excerpt: Section 8.5 Conditions Precedent for Merger Completion. The Merger shall be subject to the condition that all representations and warranties provided by the Company, except those expressly limited to a specific historical reference, shall be accurate as of the date of this Agreement. They are required to be maintained in true and correct form at the Effective Time. Furthermore, any deviation observed after the Effective Time but before the Closing Date must be rectified so that, by the Closing Date, such representations and warranties reflect the status as though verified at Closing. (Refer to Exhibit B for additional qualification timelines.)
Choices: "
"96","Answer the following multiple choice question. The entire content of your response should be of the following format: 'ANSWER: $LETTER' (without quotes) where LETTER is one of {letters}.

{question}

{choices}

Instruction: Read the following segments of a merger agreement and answer the multiple-choice question by choosing the option that best characterizes the timing requirement for representations and warranties under the bring down provision.

Question: When are the representations and warranties required to be made according to the bring down provision?
Option A: At Closing Only
Option B: At Signing & At Closing

Merger Agreement Excerpt 1 (Section 8.5 Conditions to Effect the Merger):
""The obligations to effect the merger are subject to the condition that the representations and warranties of the Company, as set forth in this Agreement, shall be true and correct as of the Closing Date. Notwithstanding, any representations expressly made as of a particular earlier date need only be true as of that designated date.""

Merger Agreement Excerpt 2 (Section 3.7 Final Conditions Precedent):
""In addition to Section 8.5, it is further provided that all representations and warranties of the Company not expressly confined to a specific prior date shall be true and correct as of the date of this Agreement and shall continue to be true as of the Closing Date.""
Choices: ","Fail","Answer the following multiple choice question. The entire content of your response should be of the following format: 'ANSWER: $LETTER' (without quotes) where LETTER is one of {letters}.

{question}

{choices}

Instruction: Read the following excerpt from a merger agreement and answer the multiple-choice question by choosing the option that best characterizes the timing for when the representations and warranties must be reaffirmed according to the bring down provision.

Question: Based on the provisions below, at which points must the representations and warranties be accurate and/or reaffirmed?

Option A: Solely as of the Closing Date
Option B: Only at the Effective Time and again at Closing
Option C: As of the Agreement date with subsequent confirmation at the Closing Date

Merger Agreement Excerpt: Section 8.5 Conditions Precedent for Merger Completion. The Merger shall be subject to the condition that all representations and warranties provided by the Company, except those expressly limited to a specific historical reference, shall be accurate as of the date of this Agreement. They are required to be maintained in true and correct form at the Effective Time. Furthermore, any deviation observed after the Effective Time but before the Closing Date must be rectified so that, by the Closing Date, such representations and warranties reflect the status as though verified at Closing. (Refer to Exhibit B for additional qualification timelines.)
Choices: "
"97","Answer the following multiple choice question. The entire content of your response should be of the following format: 'ANSWER: $LETTER' (without quotes) where LETTER is one of {letters}.

{question}

{choices}

Instruction: Read the following excerpts of a merger agreement and answer the multiple-choice question by choosing the option that best characterizes the timing requirements for representations and warranties.

Question: According to the bring down provision, when must the Seller’s representations and warranties be true and correct?
Option A: At Closing Only
Option B: At Execution (Signing) & At Closing

Merger Agreement Excerpt 1: Section 5.4 Representations and Warranties. Notwithstanding any other provision herein, all representations and warranties made by the Seller shall be true and correct in all material respects as of the Execution Date. Further, unless expressly marked as ""final"" and applicable solely as of the Execution Date, such representations are required to be re-affirmed and updated as of the Closing Date, as if freshly made on that date.

Merger Agreement Excerpt 2: Section 9.1 Conditions Precedent. The Buyer's obligation to consummate the merger is contingent upon receiving a certificate confirming that all representations and warranties, except those explicitly designated as ""Execution Only"", are accurate both at the Execution Date and as of the Closing Date. Representations not bearing any specific designation are deemed to carry this dual timing obligation.
Choices: ","Fail","Answer the following multiple choice question. The entire content of your response should be of the following format: 'ANSWER: $LETTER' (without quotes) where LETTER is one of {letters}.

{question}

{choices}

Instruction: Read the following excerpt from a merger agreement and answer the multiple-choice question by choosing the option that best characterizes the timing for when the representations and warranties must be reaffirmed according to the bring down provision.

Question: Based on the provisions below, at which points must the representations and warranties be accurate and/or reaffirmed?

Option A: Solely as of the Closing Date
Option B: Only at the Effective Time and again at Closing
Option C: As of the Agreement date with subsequent confirmation at the Closing Date

Merger Agreement Excerpt: Section 8.5 Conditions Precedent for Merger Completion. The Merger shall be subject to the condition that all representations and warranties provided by the Company, except those expressly limited to a specific historical reference, shall be accurate as of the date of this Agreement. They are required to be maintained in true and correct form at the Effective Time. Furthermore, any deviation observed after the Effective Time but before the Closing Date must be rectified so that, by the Closing Date, such representations and warranties reflect the status as though verified at Closing. (Refer to Exhibit B for additional qualification timelines.)
Choices: "
"98","Answer the following multiple choice question. The entire content of your response should be of the following format: 'ANSWER: $LETTER' (without quotes) where LETTER is one of {letters}.

{question}

{choices}

Instruction: Read the segment of a merger agreement and answer the multiple-choice question by choosing the option that best characterizes the timing requirement for representations and warranties.

Question: When are representations and warranties required to be made according to the bring down provision?
Option A: At Definitive Closing Only
Option B: At Offer Acceptance Deadline & at Definitive Closing

Merger Agreement: Section 8.4 Conditions to the Obligations of Special Purpose Entities. The obligations of the Special Purpose Entities to consummate the merger are subject to the condition that all representations and warranties of the Company be true and correct as of the Definitive Closing Date. Notwithstanding the foregoing, any representation expressly made as of an earlier specified date shall be deemed valid only if true as of such earlier date. (Page 112)

Merger Agreement: Section 10.2 Conditions to Payment Obligations. In addition to the foregoing, the obligations regarding payment shall be contingent upon the accuracy of those representations and warranties specifically relating to the Company’s financial statements, which must be true and correct as of the Offer Acceptance Deadline and continuously remain so until the Effective Date. (Page 129)
Choices: ","Fail","Answer the following multiple choice question. The entire content of your response should be of the following format: 'ANSWER: $LETTER' (without quotes) where LETTER is one of {letters}.

{question}

{choices}

Instruction: Read the following excerpt from a merger agreement and answer the multiple-choice question by choosing the option that best characterizes the timing for when the representations and warranties must be reaffirmed according to the bring down provision.

Question: Based on the provisions below, at which points must the representations and warranties be accurate and/or reaffirmed?

Option A: Solely as of the Closing Date
Option B: Only at the Effective Time and again at Closing
Option C: As of the Agreement date with subsequent confirmation at the Closing Date

Merger Agreement Excerpt: Section 8.5 Conditions Precedent for Merger Completion. The Merger shall be subject to the condition that all representations and warranties provided by the Company, except those expressly limited to a specific historical reference, shall be accurate as of the date of this Agreement. They are required to be maintained in true and correct form at the Effective Time. Furthermore, any deviation observed after the Effective Time but before the Closing Date must be rectified so that, by the Closing Date, such representations and warranties reflect the status as though verified at Closing. (Refer to Exhibit B for additional qualification timelines.)
Choices: "
"99","Answer the following multiple choice question. The entire content of your response should be of the following format: 'ANSWER: $LETTER' (without quotes) where LETTER is one of {letters}.

{question}

{choices}

Instruction: Read the following excerpt from a merger agreement and answer the multiple-choice question by choosing the option that best characterizes the timing requirements for the representations and warranties under the bring down provision.
Question: When are representations and warranties required to be made according to the bring down provision?
Option A: At Closing Only
Option B: At Signing & At Closing

Merger Agreement:
Section 5.4 Representations: The Company certifies that all its representations and warranties set forth in this Agreement are true and correct as of the Agreement Execution Date. Notwithstanding the foregoing, unless explicitly confined to the Agreement Execution Date, such representations shall be reaffirmed and regarded as effective as of the Closing Date, as if made anew at that time.

Section 8.1 Conditions Precedent: The Parties’ obligations under this Agreement are conditioned upon the concurrent truth of all representations and warranties at Closing. However, representations that are expressly made as of a specific date, namely the Agreement Execution Date, are deemed sufficient without requiring a further update at Closing.
Choices: ","Fail","Answer the following multiple choice question. The entire content of your response should be of the following format: 'ANSWER: $LETTER' (without quotes) where LETTER is one of {letters}.

{question}

{choices}

Instruction: Read the following excerpt from a merger agreement and answer the multiple-choice question by choosing the option that best characterizes the timing for when the representations and warranties must be reaffirmed according to the bring down provision.

Question: Based on the provisions below, at which points must the representations and warranties be accurate and/or reaffirmed?

Option A: Solely as of the Closing Date
Option B: Only at the Effective Time and again at Closing
Option C: As of the Agreement date with subsequent confirmation at the Closing Date

Merger Agreement Excerpt: Section 8.5 Conditions Precedent for Merger Completion. The Merger shall be subject to the condition that all representations and warranties provided by the Company, except those expressly limited to a specific historical reference, shall be accurate as of the date of this Agreement. They are required to be maintained in true and correct form at the Effective Time. Furthermore, any deviation observed after the Effective Time but before the Closing Date must be rectified so that, by the Closing Date, such representations and warranties reflect the status as though verified at Closing. (Refer to Exhibit B for additional qualification timelines.)
Choices: "
"100","Answer the following multiple choice question. The entire content of your response should be of the following format: 'ANSWER: $LETTER' (without quotes) where LETTER is one of {letters}.

{question}

{choices}

Instruction: Read the following segments from a proposed merger agreement and answer the multiple-choice question by choosing the option that best characterizes the agreement.

Question: When are representations and warranties required to be made according to the bring down provision?
Option A: At Closing Only
Option B: At Signing & At Closing

Merger Agreement: Section 12.4 Conditions Precedent. The parties agree that every representation and warranty provided by the Company shall be accurate and complete as of the Closing Date. However, any representation expressly stated to be 'as of the date hereof' shall only reflect the condition at the time of execution. (Page 45)

Merger Agreement: Section 13.1 Additional Conditions. It is further stipulated that, notwithstanding the designation in Section 12.4, all representations and warranties not explicitly confined to a specific point in time must be true both as of the signing of this Agreement and as of the Closing Date, thereby ensuring no material discrepancies arise between these two temporal benchmarks. (Page 78)
Choices: ","Fail","Answer the following multiple choice question. The entire content of your response should be of the following format: 'ANSWER: $LETTER' (without quotes) where LETTER is one of {letters}.

{question}

{choices}

Instruction: Read the following excerpt from a merger agreement and answer the multiple-choice question by choosing the option that best characterizes the timing for when the representations and warranties must be reaffirmed according to the bring down provision.

Question: Based on the provisions below, at which points must the representations and warranties be accurate and/or reaffirmed?

Option A: Solely as of the Closing Date
Option B: Only at the Effective Time and again at Closing
Option C: As of the Agreement date with subsequent confirmation at the Closing Date

Merger Agreement Excerpt: Section 8.5 Conditions Precedent for Merger Completion. The Merger shall be subject to the condition that all representations and warranties provided by the Company, except those expressly limited to a specific historical reference, shall be accurate as of the date of this Agreement. They are required to be maintained in true and correct form at the Effective Time. Furthermore, any deviation observed after the Effective Time but before the Closing Date must be rectified so that, by the Closing Date, such representations and warranties reflect the status as though verified at Closing. (Refer to Exhibit B for additional qualification timelines.)
Choices: "
"101","Answer the following multiple choice question. The entire content of your response should be of the following format: 'ANSWER: $LETTER' (without quotes) where LETTER is one of {letters}.

{question}

{choices}

Instruction: Read the segment of a merger agreement and answer the multiple-choice question by choosing the option that best characterizes the agreement.
Question: According to the bring down provision, when are the Seller's representations and warranties required to be made?
Option A: At Closing Only
Option B: At Signing & At Closing

Merger Agreement: Section 8.3 Conditions Precedent. The Seller hereby represents and warrants that all statements set forth in this Agreement, except those expressly designated as of a prior historical date, are true and correct as of both the date of execution of this Agreement and as of the Effective Time. (Page 42)

Merger Agreement: Section 12.4 Confirmation of Representations. Notwithstanding Section 8.3, for the purposes of the bring down provision and without reference to any statements made as of a specific historical date, the Seller shall further confirm that all representations and warranties remain true and correct solely as of the Closing Date, as if made on and as of such date. (Page 88)
Choices: ","Fail","Answer the following multiple choice question. The entire content of your response should be of the following format: 'ANSWER: $LETTER' (without quotes) where LETTER is one of {letters}.

{question}

{choices}

Instruction: Read the following excerpt from a merger agreement and answer the multiple-choice question by choosing the option that best characterizes the timing for when the representations and warranties must be reaffirmed according to the bring down provision.

Question: Based on the provisions below, at which points must the representations and warranties be accurate and/or reaffirmed?

Option A: Solely as of the Closing Date
Option B: Only at the Effective Time and again at Closing
Option C: As of the Agreement date with subsequent confirmation at the Closing Date

Merger Agreement Excerpt: Section 8.5 Conditions Precedent for Merger Completion. The Merger shall be subject to the condition that all representations and warranties provided by the Company, except those expressly limited to a specific historical reference, shall be accurate as of the date of this Agreement. They are required to be maintained in true and correct form at the Effective Time. Furthermore, any deviation observed after the Effective Time but before the Closing Date must be rectified so that, by the Closing Date, such representations and warranties reflect the status as though verified at Closing. (Refer to Exhibit B for additional qualification timelines.)
Choices: "
"102","Answer the following multiple choice question. The entire content of your response should be of the following format: 'ANSWER: $LETTER' (without quotes) where LETTER is one of {letters}.

{question}

{choices}

Instruction: Read the segment of a merger agreement and answer the multiple-choice question by choosing the option that best characterizes the agreement.

Question: According to the bring down provision, at what times must the Company's representations and warranties be accurate?

Option A: At Closing Only
Option B: At Signing & At Closing

Merger Agreement:
Section 5.3 – Conditions to Closing:
""Except for those representations expressly limited to a specific date, all representations and warranties of the Company shall be correct as of the Effective Closing Date only. For the purposes of this section, no reaffirmation is required at the time of execution of this Agreement.""

Section 8.4 – Conditions to Payment:
""Notwithstanding the provisions of Section 5.3, it is further required that all representations and warranties of the Company be continuously maintained and remain accurate as of both the execution date of this Agreement and the Effective Closing Date, as though reaffirmed at each such point, except for representations that are explicitly tied to a predetermined date.""

Please provide your answer based solely on the above excerpts.
Choices: ","Fail","Answer the following multiple choice question. The entire content of your response should be of the following format: 'ANSWER: $LETTER' (without quotes) where LETTER is one of {letters}.

{question}

{choices}

Instruction: Read the following excerpt from a merger agreement and answer the multiple-choice question by choosing the option that best characterizes the timing for when the representations and warranties must be reaffirmed according to the bring down provision.

Question: Based on the provisions below, at which points must the representations and warranties be accurate and/or reaffirmed?

Option A: Solely as of the Closing Date
Option B: Only at the Effective Time and again at Closing
Option C: As of the Agreement date with subsequent confirmation at the Closing Date

Merger Agreement Excerpt: Section 8.5 Conditions Precedent for Merger Completion. The Merger shall be subject to the condition that all representations and warranties provided by the Company, except those expressly limited to a specific historical reference, shall be accurate as of the date of this Agreement. They are required to be maintained in true and correct form at the Effective Time. Furthermore, any deviation observed after the Effective Time but before the Closing Date must be rectified so that, by the Closing Date, such representations and warranties reflect the status as though verified at Closing. (Refer to Exhibit B for additional qualification timelines.)
Choices: "
"103","Answer the following multiple choice question. The entire content of your response should be of the following format: 'ANSWER: $LETTER' (without quotes) where LETTER is one of {letters}.

{question}

{choices}

Instruction: Read the segment of a merger agreement and answer the multiple-choice question by choosing the option that best characterizes the agreement.
Question: When are representations and warranties required to be made according to the bring down provision?
Option A: At Closing Only
Option B: At Signing & At Closing

Merger Agreement: Section 8.7 Pre-Closing Conditions. The representations and warranties of the Seller, except for those expressly made as of a specified date, shall be true and correct solely as of the Closing Date to facilitate the final close of the transaction. (Page 58)

Merger Agreement: Section 10.4 Supplemental Conditions. Notwithstanding the foregoing, provided that any representation or warranty expressly qualified as of a specific date is deemed fulfilled on that date, all other representations and warranties set forth in Article II shall be true and correct both as of the date of execution and as of the Closing Date, as though made on and as of the latter, except where the failure to do so would not result in a material breach of the Agreement. (Page 104)
Choices: ","Fail","Answer the following multiple choice question. The entire content of your response should be of the following format: 'ANSWER: $LETTER' (without quotes) where LETTER is one of {letters}.

{question}

{choices}

Instruction: Read the following excerpt from a merger agreement and answer the multiple-choice question by choosing the option that best characterizes the timing for when the representations and warranties must be reaffirmed according to the bring down provision.

Question: Based on the provisions below, at which points must the representations and warranties be accurate and/or reaffirmed?

Option A: Solely as of the Closing Date
Option B: Only at the Effective Time and again at Closing
Option C: As of the Agreement date with subsequent confirmation at the Closing Date

Merger Agreement Excerpt: Section 8.5 Conditions Precedent for Merger Completion. The Merger shall be subject to the condition that all representations and warranties provided by the Company, except those expressly limited to a specific historical reference, shall be accurate as of the date of this Agreement. They are required to be maintained in true and correct form at the Effective Time. Furthermore, any deviation observed after the Effective Time but before the Closing Date must be rectified so that, by the Closing Date, such representations and warranties reflect the status as though verified at Closing. (Refer to Exhibit B for additional qualification timelines.)
Choices: "
"104","Answer the following multiple choice question. The entire content of your response should be of the following format: 'ANSWER: $LETTER' (without quotes) where LETTER is one of {letters}.

{question}

{choices}

Instruction: Read the excerpts of the merger agreement and answer the multiple-choice question by choosing the option that best characterizes the timing requirement for the Company’s representations and warranties.

Question: According to the bring-down provision in the excerpts, when must the representations and warranties be correct?
Option A: At Closing Only
Option B: At Signing & At Closing

Merger Agreement Excerpts:
Section 8.5 – Conditions to Finality. Upon execution of this Agreement, and provided no waiver is granted, each representation and warranty provided by the Company shall be true and correct as of the Signing Date. Notwithstanding the foregoing, the fundamental representations relating to the Company's financial condition shall be updated and confirmed as of the Closing Date to account for any material changes occurring post-signing.

Section 10.3 – Supplementary Conditions. All other representations and warranties of the Company, except those explicitly addressing tax liabilities, must be true in all material respects as of the Closing Date, without reference to any interim modifications that may have occurred since the Signing Date. (Page 102)
Choices: ","Fail","Answer the following multiple choice question. The entire content of your response should be of the following format: 'ANSWER: $LETTER' (without quotes) where LETTER is one of {letters}.

{question}

{choices}

Instruction: Read the following excerpt from a merger agreement and answer the multiple-choice question by choosing the option that best characterizes the timing for when the representations and warranties must be reaffirmed according to the bring down provision.

Question: Based on the provisions below, at which points must the representations and warranties be accurate and/or reaffirmed?

Option A: Solely as of the Closing Date
Option B: Only at the Effective Time and again at Closing
Option C: As of the Agreement date with subsequent confirmation at the Closing Date

Merger Agreement Excerpt: Section 8.5 Conditions Precedent for Merger Completion. The Merger shall be subject to the condition that all representations and warranties provided by the Company, except those expressly limited to a specific historical reference, shall be accurate as of the date of this Agreement. They are required to be maintained in true and correct form at the Effective Time. Furthermore, any deviation observed after the Effective Time but before the Closing Date must be rectified so that, by the Closing Date, such representations and warranties reflect the status as though verified at Closing. (Refer to Exhibit B for additional qualification timelines.)
Choices: "
"105","Answer the following multiple choice question. The entire content of your response should be of the following format: 'ANSWER: $LETTER' (without quotes) where LETTER is one of {letters}.

{question}

{choices}

Instruction: Read the segment of a merger agreement and answer the multiple-choice question by choosing the option that best characterizes the agreement.
Question: When are representations and warranties required to be made according to the bring down provision?
Option A: At Closing Only
Option B: At Signing & At Closing

Merger Agreement Excerpt 1 (Section 8.5 Conditions to Closing): The consummation of the transaction is subject to the condition that each representation and warranty of the Company, unless expressly made as of a specified date, shall be true and correct as of the Closing Date only.

Merger Agreement Excerpt 2 (Section 3.4 Reaffirmation Requirements): Notwithstanding the foregoing, all representations and warranties provided herein must be verified at the time of execution and sustained without material deviation until the Closing Date, effectively binding them at both the Execution Date and the Closing Date.
Choices: ","Fail","Answer the following multiple choice question. The entire content of your response should be of the following format: 'ANSWER: $LETTER' (without quotes) where LETTER is one of {letters}.

{question}

{choices}

Instruction: Read the following excerpt from a merger agreement and answer the multiple-choice question by choosing the option that best characterizes the timing for when the representations and warranties must be reaffirmed according to the bring down provision.

Question: Based on the provisions below, at which points must the representations and warranties be accurate and/or reaffirmed?

Option A: Solely as of the Closing Date
Option B: Only at the Effective Time and again at Closing
Option C: As of the Agreement date with subsequent confirmation at the Closing Date

Merger Agreement Excerpt: Section 8.5 Conditions Precedent for Merger Completion. The Merger shall be subject to the condition that all representations and warranties provided by the Company, except those expressly limited to a specific historical reference, shall be accurate as of the date of this Agreement. They are required to be maintained in true and correct form at the Effective Time. Furthermore, any deviation observed after the Effective Time but before the Closing Date must be rectified so that, by the Closing Date, such representations and warranties reflect the status as though verified at Closing. (Refer to Exhibit B for additional qualification timelines.)
Choices: "
"106","Answer the following multiple choice question. The entire content of your response should be of the following format: 'ANSWER: $LETTER' (without quotes) where LETTER is one of {letters}.

{question}

{choices}

Instruction: Read the following segment of a merger agreement and answer the multiple-choice question by choosing the option that best characterizes the agreement.

Question: According to the bring down provision in the agreement, when must the representations and warranties be maintained?
Option A: Only as of the Closing Date
Option B: Both at the Signing Date and at the Closing Date

Merger Agreement Excerpt 1: Section 10.4 Conditions for Transaction Completion. The Company shall ensure that all representations and warranties, without adjustment for any materiality exceptions, remain accurate and valid as of the Effective Time. For the purposes of this Agreement, the Effective Time shall be the later of the date of execution of this Agreement or the Closing Date, as applicable to the representation in issue.

Merger Agreement Excerpt 2: Section 14.1 Conditions for Parent's Obligations. Notwithstanding Section 10.4, the Company's specific representations regarding financial disclosures and contractual obligations are required to be true and correct as of the date of this Agreement and must be continuously reaffirmed as of the Closing Date, as though each were separately made at those times.

Answer:
Choices: ","Fail","Answer the following multiple choice question. The entire content of your response should be of the following format: 'ANSWER: $LETTER' (without quotes) where LETTER is one of {letters}.

{question}

{choices}

Instruction: Read the following excerpt from a merger agreement and answer the multiple-choice question by choosing the option that best characterizes the timing for when the representations and warranties must be reaffirmed according to the bring down provision.

Question: Based on the provisions below, at which points must the representations and warranties be accurate and/or reaffirmed?

Option A: Solely as of the Closing Date
Option B: Only at the Effective Time and again at Closing
Option C: As of the Agreement date with subsequent confirmation at the Closing Date

Merger Agreement Excerpt: Section 8.5 Conditions Precedent for Merger Completion. The Merger shall be subject to the condition that all representations and warranties provided by the Company, except those expressly limited to a specific historical reference, shall be accurate as of the date of this Agreement. They are required to be maintained in true and correct form at the Effective Time. Furthermore, any deviation observed after the Effective Time but before the Closing Date must be rectified so that, by the Closing Date, such representations and warranties reflect the status as though verified at Closing. (Refer to Exhibit B for additional qualification timelines.)
Choices: "
"107","Answer the following multiple choice question. The entire content of your response should be of the following format: 'ANSWER: $LETTER' (without quotes) where LETTER is one of {letters}.

{question}

{choices}

Instruction: Read the following segments of a merger agreement and answer the multiple-choice question by selecting the option that best characterizes the timing of the representations and warranties under the bring-down provision.

Question: According to the bring-down provisions set forth below, when must the representations and warranties be true and correct?
Option A: At Closing Only
Option B: At Signing & At Closing

Merger Agreement:
Section 12.1 Conditions Precedent: 
""The Company represents and warrants that each representation set forth in Article V shall be true and correct as of the Closing Date, except that any representation expressly limited to a specific fixed date shall only reflect accuracy as of that fixed date.""

Section 14.3 Reaffirmation Procedure: 
""Notwithstanding Section 12.1, all other representations and warranties not specifically confined by a fixed date in Article V or those stated under Article IX shall be true and correct as of the date hereof and are to be reaffirmed as if reissued on the Closing Date.""

Section 20.2 Special Provisions: 
""For the representations and warranties contained in Article IX, no further bring-down is required beyond confirmation at the Closing Date.""

Choices: ","Fail","Answer the following multiple choice question. The entire content of your response should be of the following format: 'ANSWER: $LETTER' (without quotes) where LETTER is one of {letters}.

{question}

{choices}

Instruction: Read the following excerpt from a merger agreement and answer the multiple-choice question by choosing the option that best characterizes the timing for when the representations and warranties must be reaffirmed according to the bring down provision.

Question: Based on the provisions below, at which points must the representations and warranties be accurate and/or reaffirmed?

Option A: Solely as of the Closing Date
Option B: Only at the Effective Time and again at Closing
Option C: As of the Agreement date with subsequent confirmation at the Closing Date

Merger Agreement Excerpt: Section 8.5 Conditions Precedent for Merger Completion. The Merger shall be subject to the condition that all representations and warranties provided by the Company, except those expressly limited to a specific historical reference, shall be accurate as of the date of this Agreement. They are required to be maintained in true and correct form at the Effective Time. Furthermore, any deviation observed after the Effective Time but before the Closing Date must be rectified so that, by the Closing Date, such representations and warranties reflect the status as though verified at Closing. (Refer to Exhibit B for additional qualification timelines.)
Choices: "
"108","Answer the following multiple choice question. The entire content of your response should be of the following format: 'ANSWER: $LETTER' (without quotes) where LETTER is one of {letters}.

{question}

{choices}

Instruction: Read the following segments of a merger agreement and answer the multiple-choice question by choosing the option that best characterizes when the representations and warranties are required to be made.

Question: According to the bring down provision described below, when must the representations and warranties be made?
Option A: At Execution Date only
Option B: At Effective Time only
Option C: At Execution Date (Signing) and again at Closing Date
Option D: At Signing Date only

Merger Agreement Segment 1: Section 4.3 Conditions Precedent for Acquirer. ""The representations and warranties of the Target shall be true and correct as of the Execution Date. However, if any material discrepancies are discovered prior to Closing, these representations shall be reaffirmed on the Closing Date.""

Merger Agreement Segment 2: Section 8.1 Additional Conditions. ""All representations and warranties set forth in Article VII, unless expressly indicated to be as of a specific date, shall be deemed accurate as of the Effective Time – defined herein as the later of the Signing Date or the Offer Acceptance Date – thereby serving as the initial benchmark for due diligence.""
Choices: ","Fail","Answer the following multiple choice question. The entire content of your response should be of the following format: 'ANSWER: $LETTER' (without quotes) where LETTER is one of {letters}.

{question}

{choices}

Instruction: Read the following excerpt from a merger agreement and answer the multiple-choice question by choosing the option that best characterizes the timing for when the representations and warranties must be reaffirmed according to the bring down provision.

Question: Based on the provisions below, at which points must the representations and warranties be accurate and/or reaffirmed?

Option A: Solely as of the Closing Date
Option B: Only at the Effective Time and again at Closing
Option C: As of the Agreement date with subsequent confirmation at the Closing Date

Merger Agreement Excerpt: Section 8.5 Conditions Precedent for Merger Completion. The Merger shall be subject to the condition that all representations and warranties provided by the Company, except those expressly limited to a specific historical reference, shall be accurate as of the date of this Agreement. They are required to be maintained in true and correct form at the Effective Time. Furthermore, any deviation observed after the Effective Time but before the Closing Date must be rectified so that, by the Closing Date, such representations and warranties reflect the status as though verified at Closing. (Refer to Exhibit B for additional qualification timelines.)
Choices: "
"109","Answer the following multiple choice question. The entire content of your response should be of the following format: 'ANSWER: $LETTER' (without quotes) where LETTER is one of {letters}.

{question}

{choices}

Instruction: Read the segment of a merger agreement and answer the multiple-choice question by choosing the option that best characterizes the agreement.

Question: According to the bring down provision in the excerpts provided, when are the representations and warranties required to be confirmed?

Option A: As of the Closing Date only
Option B: As of both the Signing Date and the Closing Date

Merger Agreement Excerpts:

Section 8.7. Representations and Warranties. The Company hereby represents that, except for representations expressly qualified as of a specific datum, all such representations and warranties shall be deemed to be accurate as of the date of this Agreement's execution and shall continue to be accurate as of the Closing Date. Any minor deviations that do not materially affect the Company's obligations shall not void this stipulation. (Page 45)

Section 10.3. Conditions Precedent. Notwithstanding the foregoing, with respect to the representations and warranties enumerated in Article IV that are not made as of a specified date, such representations shall be independently reaffirmed solely as of the Closing Date, except where expressly incorporated under the 'Persisting Accuracy' clause. (Page 89)
Choices: ","Fail","Answer the following multiple choice question. The entire content of your response should be of the following format: 'ANSWER: $LETTER' (without quotes) where LETTER is one of {letters}.

{question}

{choices}

Instruction: Read the following excerpt from a merger agreement and answer the multiple-choice question by choosing the option that best characterizes the timing for when the representations and warranties must be reaffirmed according to the bring down provision.

Question: Based on the provisions below, at which points must the representations and warranties be accurate and/or reaffirmed?

Option A: Solely as of the Closing Date
Option B: Only at the Effective Time and again at Closing
Option C: As of the Agreement date with subsequent confirmation at the Closing Date

Merger Agreement Excerpt: Section 8.5 Conditions Precedent for Merger Completion. The Merger shall be subject to the condition that all representations and warranties provided by the Company, except those expressly limited to a specific historical reference, shall be accurate as of the date of this Agreement. They are required to be maintained in true and correct form at the Effective Time. Furthermore, any deviation observed after the Effective Time but before the Closing Date must be rectified so that, by the Closing Date, such representations and warranties reflect the status as though verified at Closing. (Refer to Exhibit B for additional qualification timelines.)
Choices: "
"110","Answer the following multiple choice question. The entire content of your response should be of the following format: 'ANSWER: $LETTER' (without quotes) where LETTER is one of {letters}.

{question}

{choices}

Instruction: Read the following segments from the Share Acquisition Agreement and answer the multiple-choice question by choosing the option that best characterizes the timing for which representations and warranties must be verified.
Question: When are representations and warranties required to be made according to the bring down provision?
Option A: At Closing Only
Option B: At Signing & At Closing

Segment 1 (Section 8.3 Representations and Warranties): ""Each representation and warranty made by the Company shall be true and correct as of the Closing Date, except for those representations expressly made as of the Fixed Date, which need only be accurate as of that Fixed Date.""

Segment 2 (Section 10.04 Conditions Precedent to Closing): ""The Company's general representations and warranties, as provided in this Agreement, shall be first certified by the Company at the Agreement Execution Date and then reaffirmed at the Closing Date as if made anew. This dual certification ensures that any changes between execution and closing are appropriately captured.""

Choices: ","Fail","Answer the following multiple choice question. The entire content of your response should be of the following format: 'ANSWER: $LETTER' (without quotes) where LETTER is one of {letters}.

{question}

{choices}

Instruction: Read the following excerpt from a merger agreement and answer the multiple-choice question by choosing the option that best characterizes the timing for when the representations and warranties must be reaffirmed according to the bring down provision.

Question: Based on the provisions below, at which points must the representations and warranties be accurate and/or reaffirmed?

Option A: Solely as of the Closing Date
Option B: Only at the Effective Time and again at Closing
Option C: As of the Agreement date with subsequent confirmation at the Closing Date

Merger Agreement Excerpt: Section 8.5 Conditions Precedent for Merger Completion. The Merger shall be subject to the condition that all representations and warranties provided by the Company, except those expressly limited to a specific historical reference, shall be accurate as of the date of this Agreement. They are required to be maintained in true and correct form at the Effective Time. Furthermore, any deviation observed after the Effective Time but before the Closing Date must be rectified so that, by the Closing Date, such representations and warranties reflect the status as though verified at Closing. (Refer to Exhibit B for additional qualification timelines.)
Choices: "
"111","Answer the following multiple choice question. The entire content of your response should be of the following format: 'ANSWER: $LETTER' (without quotes) where LETTER is one of {letters}.

{question}

{choices}

Instruction: Read the following segments of a merger agreement and answer the multiple-choice question by choosing the option that best characterizes the agreement.
Question: According to the bring down provision, when are the representations and warranties required to be made?
Option A: At Closing Only
Option B: At Signing & At Closing

Merger Agreement Excerpt 1: Section 8.4 Conditions Precedent. In order to satisfy the conditions to closing, every representation and warranty set forth in Article V shall be accurate ""as of the Closing Date."" However, for those representations explicitly concerning corporate existence and regulatory compliance, the assertion is made as of the Agreement Date and shall be updated for material changes prior to closing.
(Page 52)

Merger Agreement Excerpt 2: Section 9.10 Additional Covenants. Notwithstanding any other provision herein, all other representations and warranties not referenced in Section 8.4 are required to be true and correct ""as of the Effective Time,"" which is defined as both (i) the date on which this Agreement is executed and (ii) the Closing Date. The parties shall reconfirm these representations immediately prior to closing to ensure their continued accuracy.
(Page 103)
Choices: ","Fail","Answer the following multiple choice question. The entire content of your response should be of the following format: 'ANSWER: $LETTER' (without quotes) where LETTER is one of {letters}.

{question}

{choices}

Instruction: Read the following excerpt from a merger agreement and answer the multiple-choice question by choosing the option that best characterizes the timing for when the representations and warranties must be reaffirmed according to the bring down provision.

Question: Based on the provisions below, at which points must the representations and warranties be accurate and/or reaffirmed?

Option A: Solely as of the Closing Date
Option B: Only at the Effective Time and again at Closing
Option C: As of the Agreement date with subsequent confirmation at the Closing Date

Merger Agreement Excerpt: Section 8.5 Conditions Precedent for Merger Completion. The Merger shall be subject to the condition that all representations and warranties provided by the Company, except those expressly limited to a specific historical reference, shall be accurate as of the date of this Agreement. They are required to be maintained in true and correct form at the Effective Time. Furthermore, any deviation observed after the Effective Time but before the Closing Date must be rectified so that, by the Closing Date, such representations and warranties reflect the status as though verified at Closing. (Refer to Exhibit B for additional qualification timelines.)
Choices: "
"112","Answer the following multiple choice question. The entire content of your response should be of the following format: 'ANSWER: $LETTER' (without quotes) where LETTER is one of {letters}.

{question}

{choices}

Instruction: Read the following segments of a recently drafted merger agreement and answer the multiple-choice question by choosing the option that best characterizes the timing criteria for the representations and warranties.

Question: According to the bring down provision, when must the representations and warranties be accurate?

Option A: At Closing Only
Option B: At Signing and at Closing

Merger Agreement:
Section 8.4 Conditions to Finalizing the Transaction: ""All representations and warranties made by the Seller shall be true and correct as of the Closing Date, except where specially designated to be true as of a specific earlier date.""
(Page 45)

Section 2.1 Representations and Warranties: ""Notwithstanding the foregoing, each representation and warranty made by the Seller is deemed to have been made as of the date of this Agreement (the Signing Date) and shall remain true and correct as of both the Signing Date and the Closing Date, subject to required disclosures of any material adverse changes occurring after the Signing Date.""
(Page 12)
Choices: ","Fail","Answer the following multiple choice question. The entire content of your response should be of the following format: 'ANSWER: $LETTER' (without quotes) where LETTER is one of {letters}.

{question}

{choices}

Instruction: Read the following excerpt from a merger agreement and answer the multiple-choice question by choosing the option that best characterizes the timing for when the representations and warranties must be reaffirmed according to the bring down provision.

Question: Based on the provisions below, at which points must the representations and warranties be accurate and/or reaffirmed?

Option A: Solely as of the Closing Date
Option B: Only at the Effective Time and again at Closing
Option C: As of the Agreement date with subsequent confirmation at the Closing Date

Merger Agreement Excerpt: Section 8.5 Conditions Precedent for Merger Completion. The Merger shall be subject to the condition that all representations and warranties provided by the Company, except those expressly limited to a specific historical reference, shall be accurate as of the date of this Agreement. They are required to be maintained in true and correct form at the Effective Time. Furthermore, any deviation observed after the Effective Time but before the Closing Date must be rectified so that, by the Closing Date, such representations and warranties reflect the status as though verified at Closing. (Refer to Exhibit B for additional qualification timelines.)
Choices: "
"113","Answer the following multiple choice question. The entire content of your response should be of the following format: 'ANSWER: $LETTER' (without quotes) where LETTER is one of {letters}.

{question}

{choices}

Instruction: Read the following segments of a merger agreement and answer the multiple-choice question by choosing the option that best characterizes the timing requirements for representations and warranties under the bring down provision.

Question: When are representations and warranties required to be made according to the bring down provision?
Option A: At Closing Only
Option B: At Signing & At Closing

Merger Agreement: Section 10.4 Conditions to Obligations. (a) All representations and warranties of the Company, except for those expressly limited to a particular event, shall be true and correct as of the date of this Agreement and as of the Closing Date, as though made on both dates. (Page 55)

Merger Agreement: Section 12.1 Buyer's Conditions. (b) Notwithstanding any other provision, the representations and warranties provided in this Agreement shall be accurate as of the Signing Date; however, any subsequent adjustments or modifications are only effective at the Closing Date. (Page 102)
Choices: ","Fail","Answer the following multiple choice question. The entire content of your response should be of the following format: 'ANSWER: $LETTER' (without quotes) where LETTER is one of {letters}.

{question}

{choices}

Instruction: Read the following excerpt from a merger agreement and answer the multiple-choice question by choosing the option that best characterizes the timing for when the representations and warranties must be reaffirmed according to the bring down provision.

Question: Based on the provisions below, at which points must the representations and warranties be accurate and/or reaffirmed?

Option A: Solely as of the Closing Date
Option B: Only at the Effective Time and again at Closing
Option C: As of the Agreement date with subsequent confirmation at the Closing Date

Merger Agreement Excerpt: Section 8.5 Conditions Precedent for Merger Completion. The Merger shall be subject to the condition that all representations and warranties provided by the Company, except those expressly limited to a specific historical reference, shall be accurate as of the date of this Agreement. They are required to be maintained in true and correct form at the Effective Time. Furthermore, any deviation observed after the Effective Time but before the Closing Date must be rectified so that, by the Closing Date, such representations and warranties reflect the status as though verified at Closing. (Refer to Exhibit B for additional qualification timelines.)
Choices: "
"114","Answer the following multiple choice question. The entire content of your response should be of the following format: 'ANSWER: $LETTER' (without quotes) where LETTER is one of {letters}.

{question}

{choices}

Instruction: Read the excerpt of a merger agreement and answer the multiple-choice question by choosing the option that best characterizes the agreement.
Question: According to the bring down provision, when must the Company’s representations and warranties be verified?
Option A: At Closing Only
Option B: At Signing & At Closing

Merger Agreement: Section 8.4 Timing of Representations. Notwithstanding any other provision herein, the Company’s representations and warranties shall be initially made and delivered as of the Agreement Date. Representations not expressly limited to a specified verification date shall be re-attested as of the Closing Date.

Merger Agreement: Annex II – Re-Attestation Requirements for the Offer. All representations and warranties, except those relating exclusively to the corporate organizational structure detailed in Section 4.1, must be re-attested immediately following the Offer Expiration and then again as of the Closing Date, with such re-attestations being effective as if made on those dates.
Choices: ","Fail","Answer the following multiple choice question. The entire content of your response should be of the following format: 'ANSWER: $LETTER' (without quotes) where LETTER is one of {letters}.

{question}

{choices}

Instruction: Read the following excerpt from a merger agreement and answer the multiple-choice question by choosing the option that best characterizes the timing for when the representations and warranties must be reaffirmed according to the bring down provision.

Question: Based on the provisions below, at which points must the representations and warranties be accurate and/or reaffirmed?

Option A: Solely as of the Closing Date
Option B: Only at the Effective Time and again at Closing
Option C: As of the Agreement date with subsequent confirmation at the Closing Date

Merger Agreement Excerpt: Section 8.5 Conditions Precedent for Merger Completion. The Merger shall be subject to the condition that all representations and warranties provided by the Company, except those expressly limited to a specific historical reference, shall be accurate as of the date of this Agreement. They are required to be maintained in true and correct form at the Effective Time. Furthermore, any deviation observed after the Effective Time but before the Closing Date must be rectified so that, by the Closing Date, such representations and warranties reflect the status as though verified at Closing. (Refer to Exhibit B for additional qualification timelines.)
Choices: "
"115","Answer the following multiple choice question. The entire content of your response should be of the following format: 'ANSWER: $LETTER' (without quotes) where LETTER is one of {letters}.

{question}

{choices}

Instruction: Read the following segments of a merger agreement and answer the multiple-choice question by choosing the option that best characterizes when representations and warranties must be verified under the bring down provision.

Question: According to the agreement excerpts, when must the representations and warranties be accurate?
Option A: At the Effective Time only
Option B: At the Date of Agreement and then again at the Closing Date

Merger Agreement Excerpts:
Segment 1 (Section 8.4 Conditions for Closing, Page 112): ""Notwithstanding any other provision herein, each representation and warranty of the Company shall be true as of the date hereof and must continue to be accurate as of the actual Closing Date. Any material deviation as of these times shall be deemed a breach of this Agreement.""

Segment 2 (Section 10.1 Reaffirmation of Representations, Page 47): ""Except for those representations expressly qualified as of a specific date, all representations and warranties are initially deemed made at the Effective Time. However, to satisfy the conditions for our continued obligations, such representations must be reaffirmed and maintained at and as of the Closing Date. Failure to do so shall allow for immediate termination of the Agreement.""
Choices: ","Fail","Answer the following multiple choice question. The entire content of your response should be of the following format: 'ANSWER: $LETTER' (without quotes) where LETTER is one of {letters}.

{question}

{choices}

Instruction: Read the following excerpt from a merger agreement and answer the multiple-choice question by choosing the option that best characterizes the timing for when the representations and warranties must be reaffirmed according to the bring down provision.

Question: Based on the provisions below, at which points must the representations and warranties be accurate and/or reaffirmed?

Option A: Solely as of the Closing Date
Option B: Only at the Effective Time and again at Closing
Option C: As of the Agreement date with subsequent confirmation at the Closing Date

Merger Agreement Excerpt: Section 8.5 Conditions Precedent for Merger Completion. The Merger shall be subject to the condition that all representations and warranties provided by the Company, except those expressly limited to a specific historical reference, shall be accurate as of the date of this Agreement. They are required to be maintained in true and correct form at the Effective Time. Furthermore, any deviation observed after the Effective Time but before the Closing Date must be rectified so that, by the Closing Date, such representations and warranties reflect the status as though verified at Closing. (Refer to Exhibit B for additional qualification timelines.)
Choices: "
"116","Answer the following multiple choice question. The entire content of your response should be of the following format: 'ANSWER: $LETTER' (without quotes) where LETTER is one of {letters}.

{question}

{choices}

Instruction: Read the segment of a merger agreement and answer the multiple-choice question by choosing the option that best characterizes the agreement.
Question: According to the bring down provision in this merger agreement, when must the representations and warranties be made?
Option A: At Closing Only
Option B: At Signing and at Closing

Merger Agreement: Section 8.5 ""Conditions to Closing"". The obligations of the Parties to consummate the merger are contingent upon the representations and warranties of the Company being accurate ""as of the Closing Date"" in all respects, except where representations are expressly qualified to be effective as of a specified earlier date. (Page 52)

Merger Agreement: Section 9.01 ""Supplementary Representations"". Notwithstanding Section 8.5, all representations and warranties set forth herein shall be deemed to have been first made and true as of the date of the Agreement and must be reconfirmed as of the Closing Date, unless they are expressly stated to apply only to a designated prior date. (Page 78)
Choices: ","Fail","Answer the following multiple choice question. The entire content of your response should be of the following format: 'ANSWER: $LETTER' (without quotes) where LETTER is one of {letters}.

{question}

{choices}

Instruction: Read the following excerpt from a merger agreement and answer the multiple-choice question by choosing the option that best characterizes the timing for when the representations and warranties must be reaffirmed according to the bring down provision.

Question: Based on the provisions below, at which points must the representations and warranties be accurate and/or reaffirmed?

Option A: Solely as of the Closing Date
Option B: Only at the Effective Time and again at Closing
Option C: As of the Agreement date with subsequent confirmation at the Closing Date

Merger Agreement Excerpt: Section 8.5 Conditions Precedent for Merger Completion. The Merger shall be subject to the condition that all representations and warranties provided by the Company, except those expressly limited to a specific historical reference, shall be accurate as of the date of this Agreement. They are required to be maintained in true and correct form at the Effective Time. Furthermore, any deviation observed after the Effective Time but before the Closing Date must be rectified so that, by the Closing Date, such representations and warranties reflect the status as though verified at Closing. (Refer to Exhibit B for additional qualification timelines.)
Choices: "
"117","Answer the following multiple choice question. The entire content of your response should be of the following format: 'ANSWER: $LETTER' (without quotes) where LETTER is one of {letters}.

{question}

{choices}

Instruction: Read the following segments of a merger agreement and answer the multiple-choice question by choosing the option that best characterizes the time requirements for the representations and warranties as mandated by the bring down provision.

Extract 1 (Section 8.2 – Conditions for Effecting the Merger): ""Each representation and warranty of the Company shall be valid and accurate as of the Closing Date exclusively. Notwithstanding, any representation expressly stated with an effective date in Article V is governed solely by that specified date, and is not required to be reaffirmed at Closing.""

Extract 2 (Section 11.1 – Additional Conditions): ""The consummation of the Closing is conditioned upon the redelivery of all material representations and warranties. Specifically, such representations must be re-delivered and confirmed as accurate on the Execution Date, and subsequently, all material representations and warranties (with the exception of those relating solely to the financial statements) must again be confirmed as of the Closing Date.""

Based on the above provisions, what is the best characterization of when representations and warranties are required to be made according to the bring down provision?

Option A: They are required only at the time of Closing.
Option B: They are required both on the Execution Date and at the time of Closing.
Choices: ","Fail","Answer the following multiple choice question. The entire content of your response should be of the following format: 'ANSWER: $LETTER' (without quotes) where LETTER is one of {letters}.

{question}

{choices}

Instruction: Read the following excerpt from a merger agreement and answer the multiple-choice question by choosing the option that best characterizes the timing for when the representations and warranties must be reaffirmed according to the bring down provision.

Question: Based on the provisions below, at which points must the representations and warranties be accurate and/or reaffirmed?

Option A: Solely as of the Closing Date
Option B: Only at the Effective Time and again at Closing
Option C: As of the Agreement date with subsequent confirmation at the Closing Date

Merger Agreement Excerpt: Section 8.5 Conditions Precedent for Merger Completion. The Merger shall be subject to the condition that all representations and warranties provided by the Company, except those expressly limited to a specific historical reference, shall be accurate as of the date of this Agreement. They are required to be maintained in true and correct form at the Effective Time. Furthermore, any deviation observed after the Effective Time but before the Closing Date must be rectified so that, by the Closing Date, such representations and warranties reflect the status as though verified at Closing. (Refer to Exhibit B for additional qualification timelines.)
Choices: "
"118","Answer the following multiple choice question. The entire content of your response should be of the following format: 'ANSWER: $LETTER' (without quotes) where LETTER is one of {letters}.

{question}

{choices}

Instruction: Read the segment of a merger agreement and answer the multiple-choice question by choosing the option that best characterizes the agreement.
Question: According to the bring down provisions, when must the representations and warranties be made?
Option A: At Closing Only
Option B: At Signing & At Closing

Merger Agreement: Section 5.3 Conditions to the Obligations of Seller. Except for representations expressly limited to a specific factual date, every representation and warranty contained in this Agreement is required to be true and correct as of the Closing Date. Representations containing language referencing a specific date shall be interpreted as valid only for that designated date.

Merger Agreement: Section 10.1 Supplementary Representations. Notwithstanding Section 5.3, the representations set forth in Article III are made as of the date hereof and are reaffirmed as of the Closing Date. Any representation not expressly qualifying its timing is deemed to adhere to this dual-timing requirement.
Choices: ","Fail","Answer the following multiple choice question. The entire content of your response should be of the following format: 'ANSWER: $LETTER' (without quotes) where LETTER is one of {letters}.

{question}

{choices}

Instruction: Read the following excerpt from a merger agreement and answer the multiple-choice question by choosing the option that best characterizes the timing for when the representations and warranties must be reaffirmed according to the bring down provision.

Question: Based on the provisions below, at which points must the representations and warranties be accurate and/or reaffirmed?

Option A: Solely as of the Closing Date
Option B: Only at the Effective Time and again at Closing
Option C: As of the Agreement date with subsequent confirmation at the Closing Date

Merger Agreement Excerpt: Section 8.5 Conditions Precedent for Merger Completion. The Merger shall be subject to the condition that all representations and warranties provided by the Company, except those expressly limited to a specific historical reference, shall be accurate as of the date of this Agreement. They are required to be maintained in true and correct form at the Effective Time. Furthermore, any deviation observed after the Effective Time but before the Closing Date must be rectified so that, by the Closing Date, such representations and warranties reflect the status as though verified at Closing. (Refer to Exhibit B for additional qualification timelines.)
Choices: "
"119","Answer the following multiple choice question. The entire content of your response should be of the following format: 'ANSWER: $LETTER' (without quotes) where LETTER is one of {letters}.

{question}

{choices}

Instruction: Read the following segments of a merger agreement and answer the multiple-choice question by choosing the option that best characterizes the agreement.

Question: When are representations and warranties required to be made according to the bring down provision?
Option A: At Closing Only
Option B: At Signing & At Closing

Merger Agreement: Section 8.3 Conditions for the Execution of the Transaction. The Company shall ensure that all its representations and warranties, as provided herein, remain true, correct, and free of material deviations as of the Effective Time and shall be reasserted on the Closing Date. However, any representations not expressly designated as being made as of a specific date are subject to verification solely on the Closing Date. (Page 103)

Merger Agreement: Section 10.1 Verification of Covenants. Notwithstanding any other provision, the representations and warranties contained in Article V, with the exception of those explicitly made as of a previously specified date, must be accurate as of the date of this Agreement and must be reaffirmed at the Closing Date as if made anew at that time. (Page 112)
Choices: ","Fail","Answer the following multiple choice question. The entire content of your response should be of the following format: 'ANSWER: $LETTER' (without quotes) where LETTER is one of {letters}.

{question}

{choices}

Instruction: Read the following excerpt from a merger agreement and answer the multiple-choice question by choosing the option that best characterizes the timing for when the representations and warranties must be reaffirmed according to the bring down provision.

Question: Based on the provisions below, at which points must the representations and warranties be accurate and/or reaffirmed?

Option A: Solely as of the Closing Date
Option B: Only at the Effective Time and again at Closing
Option C: As of the Agreement date with subsequent confirmation at the Closing Date

Merger Agreement Excerpt: Section 8.5 Conditions Precedent for Merger Completion. The Merger shall be subject to the condition that all representations and warranties provided by the Company, except those expressly limited to a specific historical reference, shall be accurate as of the date of this Agreement. They are required to be maintained in true and correct form at the Effective Time. Furthermore, any deviation observed after the Effective Time but before the Closing Date must be rectified so that, by the Closing Date, such representations and warranties reflect the status as though verified at Closing. (Refer to Exhibit B for additional qualification timelines.)
Choices: "
"120","Answer the following multiple choice question. The entire content of your response should be of the following format: 'ANSWER: $LETTER' (without quotes) where LETTER is one of {letters}.

{question}

{choices}

Instruction: Read the following segments of a merger agreement and answer the multiple-choice question by choosing the option that best characterizes when the Company's representations and warranties must be accurate according to the bring down provision.

Segment 1 – Merger Agreement: Section 12.5 Conditions Precedent. In this section, it is stipulated that all representations and warranties listed in Schedule A shall be true and correct as of the Closing Date. Any representation expressly made as of a particular date in Schedule A shall only be required to be accurate on that specified date.

Segment 2 – Merger Agreement: Section 15.2 Additional Conditions. Notwithstanding Section 12.5, all representations and warranties not embodied in Schedule A, particularly those regarding the Company's financial condition and operational status, shall be true and correct as of the date of this Agreement and shall continue to be so as of the Closing Date, as though reiterated at Closing.

Question: When are the representations and warranties required to be made according to the bring down provision?
Option A: At Closing Only
Option B: At Signing & At Closing
Choices: ","Fail","Answer the following multiple choice question. The entire content of your response should be of the following format: 'ANSWER: $LETTER' (without quotes) where LETTER is one of {letters}.

{question}

{choices}

Instruction: Read the following excerpt from a merger agreement and answer the multiple-choice question by choosing the option that best characterizes the timing for when the representations and warranties must be reaffirmed according to the bring down provision.

Question: Based on the provisions below, at which points must the representations and warranties be accurate and/or reaffirmed?

Option A: Solely as of the Closing Date
Option B: Only at the Effective Time and again at Closing
Option C: As of the Agreement date with subsequent confirmation at the Closing Date

Merger Agreement Excerpt: Section 8.5 Conditions Precedent for Merger Completion. The Merger shall be subject to the condition that all representations and warranties provided by the Company, except those expressly limited to a specific historical reference, shall be accurate as of the date of this Agreement. They are required to be maintained in true and correct form at the Effective Time. Furthermore, any deviation observed after the Effective Time but before the Closing Date must be rectified so that, by the Closing Date, such representations and warranties reflect the status as though verified at Closing. (Refer to Exhibit B for additional qualification timelines.)
Choices: "
"121","Answer the following multiple choice question. The entire content of your response should be of the following format: 'ANSWER: $LETTER' (without quotes) where LETTER is one of {letters}.

{question}

{choices}

Instruction: Read the segment of a merger agreement and answer the multiple-choice question by choosing the option that best characterizes the timing requirement for the representations and warranties.
Question: According to the bring down provision, when are the representations and warranties required to be made?
Option A: At Closing Only
Option B: At Signing & At Closing

Merger Agreement: Section 8.4 Conditions for Effectuation. In connection with the consummation of the Transaction, the Seller shall ensure that each representation and warranty not expressly made as of a specified date is true and correct as of the date of this Agreement and, simultaneously, as of the Effective Time, with any discrepancies remedied prior to Closing. (Page 45)

Merger Agreement: Section 11.3 Additional Conditions to the Offer. Notwithstanding any provision herein, all representations and warranties, except those in clause (d) that are specifically dated, shall be deemed to be made as of and remain accurate at the Closing Date. (Page 92)
Choices: ","Fail","Answer the following multiple choice question. The entire content of your response should be of the following format: 'ANSWER: $LETTER' (without quotes) where LETTER is one of {letters}.

{question}

{choices}

Instruction: Read the following excerpt from a merger agreement and answer the multiple-choice question by choosing the option that best characterizes the timing for when the representations and warranties must be reaffirmed according to the bring down provision.

Question: Based on the provisions below, at which points must the representations and warranties be accurate and/or reaffirmed?

Option A: Solely as of the Closing Date
Option B: Only at the Effective Time and again at Closing
Option C: As of the Agreement date with subsequent confirmation at the Closing Date

Merger Agreement Excerpt: Section 8.5 Conditions Precedent for Merger Completion. The Merger shall be subject to the condition that all representations and warranties provided by the Company, except those expressly limited to a specific historical reference, shall be accurate as of the date of this Agreement. They are required to be maintained in true and correct form at the Effective Time. Furthermore, any deviation observed after the Effective Time but before the Closing Date must be rectified so that, by the Closing Date, such representations and warranties reflect the status as though verified at Closing. (Refer to Exhibit B for additional qualification timelines.)
Choices: "
"122","Answer the following multiple choice question. The entire content of your response should be of the following format: 'ANSWER: $LETTER' (without quotes) where LETTER is one of {letters}.

{question}

{choices}

Instruction: Read the following segments of a merger agreement and answer the multiple-choice question by choosing the option that best characterizes the timing requirement for representations and warranties.

Question: When are representations and warranties required to be made according to the bring down provision?
Option A: At Closing Only
Option B: At Signing & At Closing

Merger Agreement: Section 8.5 – Conditions to the Seller’s Obligations. The Seller’s obligations to complete the merger are contingent upon the representations and warranties being true and correct as of the Closing Date, except for those declarations that specifically state their accuracy as of the Agreement date, which need not be reaffirmed at Closing.

Merger Agreement: Section 10.2 – Supplemental Representations. Notwithstanding Section 8.5, all remaining representations and warranties of the Seller, regardless of any prior qualification, shall be confirmed as being true and correct both at the date of this Agreement and then again, as if freshly made, at the Closing Date.

Based on the provisions above, determine the correct timing for the representations and warranties under this bring down provision.
Choices: ","Fail","Answer the following multiple choice question. The entire content of your response should be of the following format: 'ANSWER: $LETTER' (without quotes) where LETTER is one of {letters}.

{question}

{choices}

Instruction: Read the following excerpt from a merger agreement and answer the multiple-choice question by choosing the option that best characterizes the timing for when the representations and warranties must be reaffirmed according to the bring down provision.

Question: Based on the provisions below, at which points must the representations and warranties be accurate and/or reaffirmed?

Option A: Solely as of the Closing Date
Option B: Only at the Effective Time and again at Closing
Option C: As of the Agreement date with subsequent confirmation at the Closing Date

Merger Agreement Excerpt: Section 8.5 Conditions Precedent for Merger Completion. The Merger shall be subject to the condition that all representations and warranties provided by the Company, except those expressly limited to a specific historical reference, shall be accurate as of the date of this Agreement. They are required to be maintained in true and correct form at the Effective Time. Furthermore, any deviation observed after the Effective Time but before the Closing Date must be rectified so that, by the Closing Date, such representations and warranties reflect the status as though verified at Closing. (Refer to Exhibit B for additional qualification timelines.)
Choices: "
"123","Answer the following multiple choice question. The entire content of your response should be of the following format: 'ANSWER: $LETTER' (without quotes) where LETTER is one of {letters}.

{question}

{choices}

Instruction: Read the following segments of a merger agreement and answer the multiple-choice question by choosing the option that best characterizes the timing requirements for the representations and warranties according to the bring down provision.
Question: When are representations and warranties required to be made according to the bring down provision?
Option A: At Closing Only
Option B: At Signing & At Closing

Merger Agreement: Section 8.7 Conditions to Closing. Notwithstanding any other provisions herein, each representation and warranty of the Company shall be deemed to be true and correct as of the Closing Date, except that any representation expressly made as of a specified date is confined solely to that specific date.

Merger Agreement: Section 5.3 Conditions to Performance. Parent’s obligation to consummate the merger is subject to the condition that the Company’s representations and warranties are true and correct as of the date of this Agreement and are reaffirmed as of the Closing Date, as though made on each of those dates. Absent any date-specific caveat, all representations must be validated at signing and subsequently at closing.

Merger Agreement: Section 10.1 Additional Conditions. For the purposes of this Agreement, all representations and warranties not expressly modified by a specific date requirement are to be continuously true and are intended to be asserted both at the time of signing and at the Closing Date.

Choices: ","Fail","Answer the following multiple choice question. The entire content of your response should be of the following format: 'ANSWER: $LETTER' (without quotes) where LETTER is one of {letters}.

{question}

{choices}

Instruction: Read the following excerpt from a merger agreement and answer the multiple-choice question by choosing the option that best characterizes the timing for when the representations and warranties must be reaffirmed according to the bring down provision.

Question: Based on the provisions below, at which points must the representations and warranties be accurate and/or reaffirmed?

Option A: Solely as of the Closing Date
Option B: Only at the Effective Time and again at Closing
Option C: As of the Agreement date with subsequent confirmation at the Closing Date

Merger Agreement Excerpt: Section 8.5 Conditions Precedent for Merger Completion. The Merger shall be subject to the condition that all representations and warranties provided by the Company, except those expressly limited to a specific historical reference, shall be accurate as of the date of this Agreement. They are required to be maintained in true and correct form at the Effective Time. Furthermore, any deviation observed after the Effective Time but before the Closing Date must be rectified so that, by the Closing Date, such representations and warranties reflect the status as though verified at Closing. (Refer to Exhibit B for additional qualification timelines.)
Choices: "
"124","Answer the following multiple choice question. The entire content of your response should be of the following format: 'ANSWER: $LETTER' (without quotes) where LETTER is one of {letters}.

{question}

{choices}

Instruction: Read the merged segments of the merger agreement and answer the multiple-choice question by choosing the option that best characterizes the timing of the representations and warranties under the bring down provision.

Question: According to the bring down provision, when must the representations and warranties be true and correct?
Option A: At Closing Only
Option B: At Signing & At Closing

Merger Agreement:
Section 9. Conditions for Closing: ""Each representation and warranty of the Target shall be true and correct as of the Closing Date, except for those expressly made as of a designated date, which require confirmation only as of that specified date.""

Section 12. Supplemental Representations: ""All remaining representations and warranties not covered in Section 9 must be maintained as true and correct as of both the Agreement Date and the Effective Time, with the Effective Time being held to be the Signing Date unless otherwise specified. This dual timing requirement applies notwithstanding any provisions to the contrary in other chapters. In the event of regulatory delays, such dates shall be correspondingly adjusted.""

Note: Section 3.1 defines the Effective Time as the Signing Date, barring modifications elsewhere in the agreement.
Choices: ","Fail","Answer the following multiple choice question. The entire content of your response should be of the following format: 'ANSWER: $LETTER' (without quotes) where LETTER is one of {letters}.

{question}

{choices}

Instruction: Read the following excerpt from a merger agreement and answer the multiple-choice question by choosing the option that best characterizes the timing for when the representations and warranties must be reaffirmed according to the bring down provision.

Question: Based on the provisions below, at which points must the representations and warranties be accurate and/or reaffirmed?

Option A: Solely as of the Closing Date
Option B: Only at the Effective Time and again at Closing
Option C: As of the Agreement date with subsequent confirmation at the Closing Date

Merger Agreement Excerpt: Section 8.5 Conditions Precedent for Merger Completion. The Merger shall be subject to the condition that all representations and warranties provided by the Company, except those expressly limited to a specific historical reference, shall be accurate as of the date of this Agreement. They are required to be maintained in true and correct form at the Effective Time. Furthermore, any deviation observed after the Effective Time but before the Closing Date must be rectified so that, by the Closing Date, such representations and warranties reflect the status as though verified at Closing. (Refer to Exhibit B for additional qualification timelines.)
Choices: "
"125","Answer the following multiple choice question. The entire content of your response should be of the following format: 'ANSWER: $LETTER' (without quotes) where LETTER is one of {letters}.

{question}

{choices}

Instruction: Read the following merger agreement excerpts and answer the multiple-choice question by choosing the option that best characterizes when the representations and warranties are required to be made according to the bring down provision.

Question: Based on the excerpts below, when must the representations and warranties be true and correct?

Option A: At Closing Only
Option B: At Signing & At Closing

Merger Agreement Excerpt 1 (Section 8.4): ""The obligations of the Parties are subject to the condition that each of the representations and warranties of the Company, without giving effect to any specified exceptions, shall be true and correct as of the Closing Date, save for those expressly made as of a specific historical date."" (Page 52)

Merger Agreement Excerpt 2 (Section 10.1): ""Notwithstanding any reference herein to later dates, all other representations and warranties not expressly assigned a different temporal marker shall be deemed to have been made at the date of this Agreement and shall continue to hold as of the Closing Date, with the same effect as if made on and as of that Closing Date, except where such representations are qualified to be true only as of an earlier determinate date."" (Page 78)
Choices: ","Fail","Answer the following multiple choice question. The entire content of your response should be of the following format: 'ANSWER: $LETTER' (without quotes) where LETTER is one of {letters}.

{question}

{choices}

Instruction: Read the following excerpt from a merger agreement and answer the multiple-choice question by choosing the option that best characterizes the timing for when the representations and warranties must be reaffirmed according to the bring down provision.

Question: Based on the provisions below, at which points must the representations and warranties be accurate and/or reaffirmed?

Option A: Solely as of the Closing Date
Option B: Only at the Effective Time and again at Closing
Option C: As of the Agreement date with subsequent confirmation at the Closing Date

Merger Agreement Excerpt: Section 8.5 Conditions Precedent for Merger Completion. The Merger shall be subject to the condition that all representations and warranties provided by the Company, except those expressly limited to a specific historical reference, shall be accurate as of the date of this Agreement. They are required to be maintained in true and correct form at the Effective Time. Furthermore, any deviation observed after the Effective Time but before the Closing Date must be rectified so that, by the Closing Date, such representations and warranties reflect the status as though verified at Closing. (Refer to Exhibit B for additional qualification timelines.)
Choices: "
"126","Answer the following multiple choice question. The entire content of your response should be of the following format: 'ANSWER: $LETTER' (without quotes) where LETTER is one of {letters}.

{question}

{choices}

Instruction: Read the segment of a merger agreement and answer the multiple-choice question by choosing the option that best characterizes the agreement.
Question: According to the bring down provision, at what times must the representations and warranties be reaffirmed?
Option A: Only as of the Closing Date
Option B: Both at the time of signing the Agreement and as of the Closing Date

Merger Agreement:
Section 4.7 - Reaffirmation of Representations. All representations and warranties provided in this Agreement, except those explicitly identified as static in Section 4.7(b), shall be true and correct as of the Closing Date. However, any representation in Section 4.7(a)(iii) that is specifically made as of an event shall only need to be accurate as of that event.

Section 6.3 - Pre-Closing Reaffirmations. Notwithstanding Section 4.7, all material representations regarding the Company’s financial condition and operations, as detailed in Section 6.3(a), shall be true and correct both at the time of executing this Agreement and again as of the Closing Date, as if made anew at both instances.
Answer:
Choices: ","Fail","Answer the following multiple choice question. The entire content of your response should be of the following format: 'ANSWER: $LETTER' (without quotes) where LETTER is one of {letters}.

{question}

{choices}

Instruction: Read the following excerpt from a merger agreement and answer the multiple-choice question by choosing the option that best characterizes the timing for when the representations and warranties must be reaffirmed according to the bring down provision.

Question: Based on the provisions below, at which points must the representations and warranties be accurate and/or reaffirmed?

Option A: Solely as of the Closing Date
Option B: Only at the Effective Time and again at Closing
Option C: As of the Agreement date with subsequent confirmation at the Closing Date

Merger Agreement Excerpt: Section 8.5 Conditions Precedent for Merger Completion. The Merger shall be subject to the condition that all representations and warranties provided by the Company, except those expressly limited to a specific historical reference, shall be accurate as of the date of this Agreement. They are required to be maintained in true and correct form at the Effective Time. Furthermore, any deviation observed after the Effective Time but before the Closing Date must be rectified so that, by the Closing Date, such representations and warranties reflect the status as though verified at Closing. (Refer to Exhibit B for additional qualification timelines.)
Choices: "
"127","Answer the following multiple choice question. The entire content of your response should be of the following format: 'ANSWER: $LETTER' (without quotes) where LETTER is one of {letters}.

{question}

{choices}

Instruction: Read the segment of a merger agreement and answer the multiple-choice question by choosing the option that best characterizes the agreement.
Question: When are representations and warranties required to be made according to the bring down provision?
Option A: At Closing Only
Option B: At Signing & At Closing

Merger Agreement: Section 9.5 – Representations and Closing Conditions. ""All representations and warranties contained herein, except those expressly made as of a specified date, shall be accurate and enforceable as of the Closing Date. No interim updates are required except in the case of material changes."" (Page 122)

Merger Agreement: Section 4.7 – Initial Representations. ""Notwithstanding Section 9.5, the representations and warranties set forth in Article V are rendered as of the date of this Agreement and shall remain valid without modification until the Closing Date, thereby necessitating their reconfirmation both at execution and upon Closing."" (Page 45)
Choices: ","Fail","Answer the following multiple choice question. The entire content of your response should be of the following format: 'ANSWER: $LETTER' (without quotes) where LETTER is one of {letters}.

{question}

{choices}

Instruction: Read the following excerpt from a merger agreement and answer the multiple-choice question by choosing the option that best characterizes the timing for when the representations and warranties must be reaffirmed according to the bring down provision.

Question: Based on the provisions below, at which points must the representations and warranties be accurate and/or reaffirmed?

Option A: Solely as of the Closing Date
Option B: Only at the Effective Time and again at Closing
Option C: As of the Agreement date with subsequent confirmation at the Closing Date

Merger Agreement Excerpt: Section 8.5 Conditions Precedent for Merger Completion. The Merger shall be subject to the condition that all representations and warranties provided by the Company, except those expressly limited to a specific historical reference, shall be accurate as of the date of this Agreement. They are required to be maintained in true and correct form at the Effective Time. Furthermore, any deviation observed after the Effective Time but before the Closing Date must be rectified so that, by the Closing Date, such representations and warranties reflect the status as though verified at Closing. (Refer to Exhibit B for additional qualification timelines.)
Choices: "
"128","Answer the following multiple choice question. The entire content of your response should be of the following format: 'ANSWER: $LETTER' (without quotes) where LETTER is one of {letters}.

{question}

{choices}

Instruction: Read the segment of our Mergers & Acquisitions Agreement and answer the multiple-choice question by choosing the option that best summarizes the requirements.
Question: In relation to the bring down provision, when must the representations and warranties be accurate?
Option A: At Closing Only
Option B: At Signing and At Closing

Mergers & Acquisitions Agreement Excerpts:
Section 8.1 Pre-Closing Conditions. The parties agree that, except for representations explicitly made as of a specified earlier date, all representations and warranties shall be accurate as of the Closing Date. No statement made solely to satisfy this section shall bind the parties prior to Closing.

Section 10.3 Representations and Warranties. Notwithstanding Section 8.1, all representations and warranties not expressly limited by date in this Agreement shall be made true as of the date of this Agreement and shall continue to be true as of the Closing Date, with such statements being reaffirmed in writing at Closing. (Page 112)
Choices: ","Fail","Answer the following multiple choice question. The entire content of your response should be of the following format: 'ANSWER: $LETTER' (without quotes) where LETTER is one of {letters}.

{question}

{choices}

Instruction: Read the following excerpt from a merger agreement and answer the multiple-choice question by choosing the option that best characterizes the timing for when the representations and warranties must be reaffirmed according to the bring down provision.

Question: Based on the provisions below, at which points must the representations and warranties be accurate and/or reaffirmed?

Option A: Solely as of the Closing Date
Option B: Only at the Effective Time and again at Closing
Option C: As of the Agreement date with subsequent confirmation at the Closing Date

Merger Agreement Excerpt: Section 8.5 Conditions Precedent for Merger Completion. The Merger shall be subject to the condition that all representations and warranties provided by the Company, except those expressly limited to a specific historical reference, shall be accurate as of the date of this Agreement. They are required to be maintained in true and correct form at the Effective Time. Furthermore, any deviation observed after the Effective Time but before the Closing Date must be rectified so that, by the Closing Date, such representations and warranties reflect the status as though verified at Closing. (Refer to Exhibit B for additional qualification timelines.)
Choices: "
"129","Answer the following multiple choice question. The entire content of your response should be of the following format: 'ANSWER: $LETTER' (without quotes) where LETTER is one of {letters}.

{question}

{choices}

Instruction: Read the following segments of a merger agreement and answer the multiple-choice question by selecting the option that best characterizes when the Seller's representations and warranties must be true and correct according to the bring down provision.

Question: According to the agreement, when are the Seller's representations and warranties required to be true and correct?
Option A: At Closing Only
Option B: At Signing & At Closing

Merger Agreement Excerpt 1 (Section 8.5 - Validity of Representations and Warranties): ""All representations and warranties provided by the Seller, except those that are expressly stated as of a particular date, shall be true and correct as of the Closing Date. No requirement exists to reconfirm these representations at any earlier time. (Page 52)""

Merger Agreement Excerpt 2 (Section 11.3 - Reconfirmation and Bring Down): ""For the purpose of ensuring the continued validity of this Agreement, the Seller further represents and warrants that, except for certain explicitly dated provisions, all representations and warranties shall be accurate as of both the date of execution of this Agreement and as of the Closing Date, as if made anew at Closing. (Page 87)""
Choices: ","Fail","Answer the following multiple choice question. The entire content of your response should be of the following format: 'ANSWER: $LETTER' (without quotes) where LETTER is one of {letters}.

{question}

{choices}

Instruction: Read the following excerpt from a merger agreement and answer the multiple-choice question by choosing the option that best characterizes the timing for when the representations and warranties must be reaffirmed according to the bring down provision.

Question: Based on the provisions below, at which points must the representations and warranties be accurate and/or reaffirmed?

Option A: Solely as of the Closing Date
Option B: Only at the Effective Time and again at Closing
Option C: As of the Agreement date with subsequent confirmation at the Closing Date

Merger Agreement Excerpt: Section 8.5 Conditions Precedent for Merger Completion. The Merger shall be subject to the condition that all representations and warranties provided by the Company, except those expressly limited to a specific historical reference, shall be accurate as of the date of this Agreement. They are required to be maintained in true and correct form at the Effective Time. Furthermore, any deviation observed after the Effective Time but before the Closing Date must be rectified so that, by the Closing Date, such representations and warranties reflect the status as though verified at Closing. (Refer to Exhibit B for additional qualification timelines.)
Choices: "
"130","Answer the following multiple choice question. The entire content of your response should be of the following format: 'ANSWER: $LETTER' (without quotes) where LETTER is one of {letters}.

{question}

{choices}

Instruction: Read the following segments of a merger agreement and answer the multiple-choice question by choosing the option that best characterizes the timing requirements for representations and warranties according to the bring down provision.

Question: When are representations and warranties required to be made according to the bring down provision?
Option A: At Closing Only
Option B: At Signing & At Closing

Merger Agreement: Section 8.3 Representations and Warranties. (a) Except for those specifically designated in Section 8.3(b) as 'as of the Signing Date only', all representations and warranties made by the Seller shall be true and correct as of both the date of this Agreement (Signing Date) and as of the Effective Closing Date, as though made at both times. (b) Representations and warranties expressly stated 'as of the Signing Date only' need not be reaffirmed at the Effective Closing Date. (Page 107)

Merger Agreement: Conditions to Closing. The Buyer's obligation to consummate the Merger is subject to the condition that, at Offer Acceptance Time, all Seller representations and warranties—except for those covered in Section 8.3(b)—are confirmed to be accurate as of the Signing Date and are reaffirmed to be accurate as of the Effective Closing Date. (Page 112)
Choices: ","Fail","Answer the following multiple choice question. The entire content of your response should be of the following format: 'ANSWER: $LETTER' (without quotes) where LETTER is one of {letters}.

{question}

{choices}

Instruction: Read the following excerpt from a merger agreement and answer the multiple-choice question by choosing the option that best characterizes the timing for when the representations and warranties must be reaffirmed according to the bring down provision.

Question: Based on the provisions below, at which points must the representations and warranties be accurate and/or reaffirmed?

Option A: Solely as of the Closing Date
Option B: Only at the Effective Time and again at Closing
Option C: As of the Agreement date with subsequent confirmation at the Closing Date

Merger Agreement Excerpt: Section 8.5 Conditions Precedent for Merger Completion. The Merger shall be subject to the condition that all representations and warranties provided by the Company, except those expressly limited to a specific historical reference, shall be accurate as of the date of this Agreement. They are required to be maintained in true and correct form at the Effective Time. Furthermore, any deviation observed after the Effective Time but before the Closing Date must be rectified so that, by the Closing Date, such representations and warranties reflect the status as though verified at Closing. (Refer to Exhibit B for additional qualification timelines.)
Choices: "
"131","Answer the following multiple choice question. The entire content of your response should be of the following format: 'ANSWER: $LETTER' (without quotes) where LETTER is one of {letters}.

{question}

{choices}

Instruction: Read the following segments of a merger agreement and answer the multiple-choice question by choosing the option that best characterizes the agreement.
Question: When are representations and warranties required to be made according to the bring down provision?
Option A: At Closing Only
Option B: At Signing & At Closing

Merger Agreement: Section 8.1 Conditions Precedent. The obligations of the Acquirer and Target to consummate the Transaction are subject to the satisfaction or waiver of the following condition: (a) all representations and warranties contained in Article III shall be true and correct as of the Date of this Agreement, and shall continue to remain so without material change until the Closing Date, except when any representation is expressly limited to a specific date, in which case such representation is limited to that date only. (Page 45)

Merger Agreement: Section 9.3 Interim Representations. Notwithstanding Section 8.1, with respect to those representations and warranties not expressly limited to a specified date, the Target shall re-affirm that they remain true and correct as of the Closing Date as though made on and as of such date, provided that no material adverse event has occurred between the Agreement Date and the Closing Date. (Page 52)
Choices: ","Fail","Answer the following multiple choice question. The entire content of your response should be of the following format: 'ANSWER: $LETTER' (without quotes) where LETTER is one of {letters}.

{question}

{choices}

Instruction: Read the following excerpt from a merger agreement and answer the multiple-choice question by choosing the option that best characterizes the timing for when the representations and warranties must be reaffirmed according to the bring down provision.

Question: Based on the provisions below, at which points must the representations and warranties be accurate and/or reaffirmed?

Option A: Solely as of the Closing Date
Option B: Only at the Effective Time and again at Closing
Option C: As of the Agreement date with subsequent confirmation at the Closing Date

Merger Agreement Excerpt: Section 8.5 Conditions Precedent for Merger Completion. The Merger shall be subject to the condition that all representations and warranties provided by the Company, except those expressly limited to a specific historical reference, shall be accurate as of the date of this Agreement. They are required to be maintained in true and correct form at the Effective Time. Furthermore, any deviation observed after the Effective Time but before the Closing Date must be rectified so that, by the Closing Date, such representations and warranties reflect the status as though verified at Closing. (Refer to Exhibit B for additional qualification timelines.)
Choices: "
"132","Answer the following multiple choice question. The entire content of your response should be of the following format: 'ANSWER: $LETTER' (without quotes) where LETTER is one of {letters}.

{question}

{choices}

Instruction: Read the segment of a merger agreement and answer the multiple-choice question by choosing the option that best characterizes the agreement.
Question: When are representations and warranties required to be made according to the bring down provision?
Option A: At Closing Only
Option B: At Signing & At Closing

Merger Agreement: Section 8.1 Representation Validity. The representations and warranties provided by the Company are made as of the date of this Agreement and shall remain true and correct as of the Closing Date, except for those which are expressly designated as of another specific date.

Merger Agreement: Section 5.4 Additional Conditions. For the purposes of satisfying the bring down provision, all representations and warranties initially made at the signing of the Agreement must be reconfirmed as of the Closing Date to verify that no material adverse changes have occurred between the two dates.
Choices: ","Fail","Answer the following multiple choice question. The entire content of your response should be of the following format: 'ANSWER: $LETTER' (without quotes) where LETTER is one of {letters}.

{question}

{choices}

Instruction: Read the following excerpt from a merger agreement and answer the multiple-choice question by choosing the option that best characterizes the timing for when the representations and warranties must be reaffirmed according to the bring down provision.

Question: Based on the provisions below, at which points must the representations and warranties be accurate and/or reaffirmed?

Option A: Solely as of the Closing Date
Option B: Only at the Effective Time and again at Closing
Option C: As of the Agreement date with subsequent confirmation at the Closing Date

Merger Agreement Excerpt: Section 8.5 Conditions Precedent for Merger Completion. The Merger shall be subject to the condition that all representations and warranties provided by the Company, except those expressly limited to a specific historical reference, shall be accurate as of the date of this Agreement. They are required to be maintained in true and correct form at the Effective Time. Furthermore, any deviation observed after the Effective Time but before the Closing Date must be rectified so that, by the Closing Date, such representations and warranties reflect the status as though verified at Closing. (Refer to Exhibit B for additional qualification timelines.)
Choices: "
"133","Answer the following multiple choice question. The entire content of your response should be of the following format: 'ANSWER: $LETTER' (without quotes) where LETTER is one of {letters}.

{question}

{choices}

Instruction: Read the following segments of a merger agreement and answer the multiple-choice question by choosing the option that best reflects when representations and warranties are required to be made under the bring down provision.

Question: According to the bring down provision in the merger agreement, when must the Seller’s representations and warranties be made?
Option A: At Closing Only
Option B: At Signing & At Closing

Merger Agreement:
Section 12.7 Conditions to Closing. The Seller’s representations and warranties, except for those expressly designated as ""as of a specific date,"" shall be true and correct as of the Closing Date. Notwithstanding, any representation not specifically limited to a particular date is still subject to confirmation at Closing.

Section 15.3 Financial Representations. In addition to the general requirements, all representations concerning the Seller’s financial condition shall be made at the time of execution of this Agreement and reaffirmed as of the Closing Date to ensure that no material adverse changes have occurred.
Choices: ","Fail","Answer the following multiple choice question. The entire content of your response should be of the following format: 'ANSWER: $LETTER' (without quotes) where LETTER is one of {letters}.

{question}

{choices}

Instruction: Read the following excerpt from a merger agreement and answer the multiple-choice question by choosing the option that best characterizes the timing for when the representations and warranties must be reaffirmed according to the bring down provision.

Question: Based on the provisions below, at which points must the representations and warranties be accurate and/or reaffirmed?

Option A: Solely as of the Closing Date
Option B: Only at the Effective Time and again at Closing
Option C: As of the Agreement date with subsequent confirmation at the Closing Date

Merger Agreement Excerpt: Section 8.5 Conditions Precedent for Merger Completion. The Merger shall be subject to the condition that all representations and warranties provided by the Company, except those expressly limited to a specific historical reference, shall be accurate as of the date of this Agreement. They are required to be maintained in true and correct form at the Effective Time. Furthermore, any deviation observed after the Effective Time but before the Closing Date must be rectified so that, by the Closing Date, such representations and warranties reflect the status as though verified at Closing. (Refer to Exhibit B for additional qualification timelines.)
Choices: "
"134","Answer the following multiple choice question. The entire content of your response should be of the following format: 'ANSWER: $LETTER' (without quotes) where LETTER is one of {letters}.

{question}

{choices}

Instruction: Read the segment of a merger agreement and answer the multiple-choice question by choosing the option that best characterizes the timing for the Company's representations and warranties under the bring down provision.

Question: According to the bring down provision, when must the Company's representations and warranties be affirmed?
Option A: At Closing Only
Option B: At Signing and at Closing

Merger Agreement Excerpts:
Clause 4.2 Conditions to Closing: Notwithstanding any other provision in this Agreement, each representation and warranty provided by the Company shall be accurate and complete as of the Closing Date. Representations given as of a specific date shall apply solely to that date. (Page 34)

Clause 9.4 Pre-Closing Representations: In addition to the requirements of Clause 4.2, all other representations and warranties not expressly tied to a specific date shall be confirmed on the date of this Agreement and again at Closing, thereby ensuring their consistency throughout the deal process. (Page 68)
Choices: ","Fail","Answer the following multiple choice question. The entire content of your response should be of the following format: 'ANSWER: $LETTER' (without quotes) where LETTER is one of {letters}.

{question}

{choices}

Instruction: Read the following excerpt from a merger agreement and answer the multiple-choice question by choosing the option that best characterizes the timing for when the representations and warranties must be reaffirmed according to the bring down provision.

Question: Based on the provisions below, at which points must the representations and warranties be accurate and/or reaffirmed?

Option A: Solely as of the Closing Date
Option B: Only at the Effective Time and again at Closing
Option C: As of the Agreement date with subsequent confirmation at the Closing Date

Merger Agreement Excerpt: Section 8.5 Conditions Precedent for Merger Completion. The Merger shall be subject to the condition that all representations and warranties provided by the Company, except those expressly limited to a specific historical reference, shall be accurate as of the date of this Agreement. They are required to be maintained in true and correct form at the Effective Time. Furthermore, any deviation observed after the Effective Time but before the Closing Date must be rectified so that, by the Closing Date, such representations and warranties reflect the status as though verified at Closing. (Refer to Exhibit B for additional qualification timelines.)
Choices: "
"135","Answer the following multiple choice question. The entire content of your response should be of the following format: 'ANSWER: $LETTER' (without quotes) where LETTER is one of {letters}.

{question}

{choices}

Instruction: Read the following segments of a merger agreement and answer the multiple-choice question by choosing the option that best characterizes the agreement.

Question: When are representations and warranties required to be made according to the bring down provision?
Option A: At Closing Only
Option B: At Signing & At Closing

Merger Agreement:
Section 8.3 Pre-Closing Conditions. The Company’s representations and warranties, as set forth in Article IV, shall be deemed true and correct as of the Agreement Date (i.e., the date of execution of this Agreement) and shall be reaffirmed as of the Closing Date. Notably, matters falling within a de minimis variation threshold shall not constitute a breach of this condition.

Section 11.5 Conditions Precedent for Closing. Notwithstanding any provision herein, all other representations and warranties not specifically tied to tax matters shall be accurate in all respects as of the Closing Date, except that representations made without an explicit date may rely on their veracity as of the Agreement Date; however, for the purposes of the bring down provision, such representations must be recertified at Closing as if made anew on that date.

Choices: ","Fail","Answer the following multiple choice question. The entire content of your response should be of the following format: 'ANSWER: $LETTER' (without quotes) where LETTER is one of {letters}.

{question}

{choices}

Instruction: Read the following excerpt from a merger agreement and answer the multiple-choice question by choosing the option that best characterizes the timing for when the representations and warranties must be reaffirmed according to the bring down provision.

Question: Based on the provisions below, at which points must the representations and warranties be accurate and/or reaffirmed?

Option A: Solely as of the Closing Date
Option B: Only at the Effective Time and again at Closing
Option C: As of the Agreement date with subsequent confirmation at the Closing Date

Merger Agreement Excerpt: Section 8.5 Conditions Precedent for Merger Completion. The Merger shall be subject to the condition that all representations and warranties provided by the Company, except those expressly limited to a specific historical reference, shall be accurate as of the date of this Agreement. They are required to be maintained in true and correct form at the Effective Time. Furthermore, any deviation observed after the Effective Time but before the Closing Date must be rectified so that, by the Closing Date, such representations and warranties reflect the status as though verified at Closing. (Refer to Exhibit B for additional qualification timelines.)
Choices: "
"136","Answer the following multiple choice question. The entire content of your response should be of the following format: 'ANSWER: $LETTER' (without quotes) where LETTER is one of {letters}.

{question}

{choices}

Instruction: Read the following segments of a merger agreement and answer the multiple-choice question by choosing the option that best characterizes when the Seller's representations and warranties must be confirmed according to the bring down provision.

Question: When are representations and warranties required to be made according to the bring down provision?
Option A: At Closing Only
Option B: At Signing & At Closing

Merger Agreement: Section 8.5 Conditions for Obligations of the Buyer. In order to proceed with the consummation of the transaction, the Buyer must verify that each of the Seller’s representations and warranties is true and correct as of the Actual Closing Date; however, any representation that specifically references a historical date shall be deemed accurate solely as of that specific date. (Page 92)

Merger Agreement: Section 10.2 Verification of Representations and Warranties. Notwithstanding the foregoing provision, it is further stipulated that all representations and warranties of the Seller shall be confirmed to be accurate as of the date of this Agreement and shall be reaffirmed as if made anew on the Effective Date, except for certain representations explicitly confined to events occurring prior to the Commencement Date. (Page 103)
Choices: ","Fail","Answer the following multiple choice question. The entire content of your response should be of the following format: 'ANSWER: $LETTER' (without quotes) where LETTER is one of {letters}.

{question}

{choices}

Instruction: Read the following excerpt from a merger agreement and answer the multiple-choice question by choosing the option that best characterizes the timing for when the representations and warranties must be reaffirmed according to the bring down provision.

Question: Based on the provisions below, at which points must the representations and warranties be accurate and/or reaffirmed?

Option A: Solely as of the Closing Date
Option B: Only at the Effective Time and again at Closing
Option C: As of the Agreement date with subsequent confirmation at the Closing Date

Merger Agreement Excerpt: Section 8.5 Conditions Precedent for Merger Completion. The Merger shall be subject to the condition that all representations and warranties provided by the Company, except those expressly limited to a specific historical reference, shall be accurate as of the date of this Agreement. They are required to be maintained in true and correct form at the Effective Time. Furthermore, any deviation observed after the Effective Time but before the Closing Date must be rectified so that, by the Closing Date, such representations and warranties reflect the status as though verified at Closing. (Refer to Exhibit B for additional qualification timelines.)
Choices: "
"137","Answer the following multiple choice question. The entire content of your response should be of the following format: 'ANSWER: $LETTER' (without quotes) where LETTER is one of {letters}.

{question}

{choices}

Instruction: Read the following merger agreement segments and answer the multiple-choice question by choosing the option that best characterizes the timing requirements for representations and warranties.

Question: When are representations and warranties required to be made according to the bring down provision?
Option A: At Closing Only
Option B: At Signing & At Closing

Merger Agreement: Section 5.6 Conditions to Seller’s Obligations. The Seller’s obligations to consummate the transaction are contingent upon the satisfaction of the following conditions: (a) Representations and Warranties. Except for those representations expressly made as of a particular date, all representations and warranties provided by the Seller shall be true and correct, in all material respects, as of the Effective Date and as of the Closing Date, as if made on and as of such dates. (Page 45)

Merger Agreement: Section 8.4 Additional Conditions to Buyer’s Obligations. In addition to the conditions mentioned above, the representations and warranties of the Seller set forth in Article III (excluding those addressed in clauses (i) and (ii)) shall be true and correct at the time of executing this Agreement and shall continue to be reaffirmed as of the Closing Date, as if made simultaneously at signing and at closing. (Page 92)
Choices: ","Fail","Answer the following multiple choice question. The entire content of your response should be of the following format: 'ANSWER: $LETTER' (without quotes) where LETTER is one of {letters}.

{question}

{choices}

Instruction: Read the following excerpt from a merger agreement and answer the multiple-choice question by choosing the option that best characterizes the timing for when the representations and warranties must be reaffirmed according to the bring down provision.

Question: Based on the provisions below, at which points must the representations and warranties be accurate and/or reaffirmed?

Option A: Solely as of the Closing Date
Option B: Only at the Effective Time and again at Closing
Option C: As of the Agreement date with subsequent confirmation at the Closing Date

Merger Agreement Excerpt: Section 8.5 Conditions Precedent for Merger Completion. The Merger shall be subject to the condition that all representations and warranties provided by the Company, except those expressly limited to a specific historical reference, shall be accurate as of the date of this Agreement. They are required to be maintained in true and correct form at the Effective Time. Furthermore, any deviation observed after the Effective Time but before the Closing Date must be rectified so that, by the Closing Date, such representations and warranties reflect the status as though verified at Closing. (Refer to Exhibit B for additional qualification timelines.)
Choices: "
"138","Answer the following multiple choice question. The entire content of your response should be of the following format: 'ANSWER: $LETTER' (without quotes) where LETTER is one of {letters}.

{question}

{choices}

Instruction: Read the segment of a merger agreement and answer the multiple-choice question by choosing the option that best characterizes the agreement.

Question: According to the bring down provisions in the following segments, when are the representations and warranties required to be made?
Option A: At Closing Only
Option B: At Signing & At Closing

Merger Agreement Excerpts:
Segment A: Section 8.3 Conditions to the Closing. ""Notwithstanding any other provisions herein, each representation and warranty specifically enumerated in this Section shall be true and correct as of the Closing Date, except where expressly stated to be limited to a particular date.""

Segment B: Section 5.4 Representations of Seller. ""In addition to the foregoing, all other representations and warranties not subject to a specific date qualifier shall be true and correct as of the date hereof, as well as continuously throughout the period to the Closing Date, and again confirmed as if made on and as of the Closing Date.""

Answer:
Choices: ","Fail","Answer the following multiple choice question. The entire content of your response should be of the following format: 'ANSWER: $LETTER' (without quotes) where LETTER is one of {letters}.

{question}

{choices}

Instruction: Read the following excerpt from a merger agreement and answer the multiple-choice question by choosing the option that best characterizes the timing for when the representations and warranties must be reaffirmed according to the bring down provision.

Question: Based on the provisions below, at which points must the representations and warranties be accurate and/or reaffirmed?

Option A: Solely as of the Closing Date
Option B: Only at the Effective Time and again at Closing
Option C: As of the Agreement date with subsequent confirmation at the Closing Date

Merger Agreement Excerpt: Section 8.5 Conditions Precedent for Merger Completion. The Merger shall be subject to the condition that all representations and warranties provided by the Company, except those expressly limited to a specific historical reference, shall be accurate as of the date of this Agreement. They are required to be maintained in true and correct form at the Effective Time. Furthermore, any deviation observed after the Effective Time but before the Closing Date must be rectified so that, by the Closing Date, such representations and warranties reflect the status as though verified at Closing. (Refer to Exhibit B for additional qualification timelines.)
Choices: "
"139","Answer the following multiple choice question. The entire content of your response should be of the following format: 'ANSWER: $LETTER' (without quotes) where LETTER is one of {letters}.

{question}

{choices}

Instruction: Read the following segments of a merger agreement and answer the multiple-choice question by choosing the option that best characterizes the timing requirement for representations and warranties under the bring down provision.

Question: When are representations and warranties required to be made according to the bring down provision?
Option A: At Closing Only
Option B: At Signing & At Closing

Merger Agreement Segment 1 (Clause 4.7 Conditions):
""The parties agree that, except for any representation specifically designated as of a prior date, every representation and warranty contained herein shall be true and correct as of the Final Closing Date. (Page 45)""

Merger Agreement Segment 2 (Clause 10.1 Supplementary Conditions):
""Notwithstanding the provisions of Clause 4.7, all representations and warranties not expressly performed as of a prior specific date shall be deemed to be made both as of the Execution Date and reiterated as of the Final Closing Date, as if reasserted at such time, to ensure consistency throughout the term of this Agreement. (Page 112)""
Choices: ","Fail","Answer the following multiple choice question. The entire content of your response should be of the following format: 'ANSWER: $LETTER' (without quotes) where LETTER is one of {letters}.

{question}

{choices}

Instruction: Read the following excerpt from a merger agreement and answer the multiple-choice question by choosing the option that best characterizes the timing for when the representations and warranties must be reaffirmed according to the bring down provision.

Question: Based on the provisions below, at which points must the representations and warranties be accurate and/or reaffirmed?

Option A: Solely as of the Closing Date
Option B: Only at the Effective Time and again at Closing
Option C: As of the Agreement date with subsequent confirmation at the Closing Date

Merger Agreement Excerpt: Section 8.5 Conditions Precedent for Merger Completion. The Merger shall be subject to the condition that all representations and warranties provided by the Company, except those expressly limited to a specific historical reference, shall be accurate as of the date of this Agreement. They are required to be maintained in true and correct form at the Effective Time. Furthermore, any deviation observed after the Effective Time but before the Closing Date must be rectified so that, by the Closing Date, such representations and warranties reflect the status as though verified at Closing. (Refer to Exhibit B for additional qualification timelines.)
Choices: "
"140","Answer the following multiple choice question. The entire content of your response should be of the following format: 'ANSWER: $LETTER' (without quotes) where LETTER is one of {letters}.

{question}

{choices}

Instruction: Read the excerpts from the merger agreement and answer the multiple-choice question by choosing the option that best characterizes the agreement.

Question: According to the bring down provision in the merger agreement, when are the representations and warranties required to be made?
Option A: At Closing Only
Option B: At Signing & At Closing

Merger Agreement: Section 5.3 Representations and Warranties. Except for those representations and warranties expressly designated as being made as of a particular specified date (for example, the initial offering date), each representation and warranty provided by the Parties shall be accurate and complete as of the Closing Date. (Page 54)

Merger Agreement: Section 9.7 Ongoing Certifications. Notwithstanding Section 5.3, all representations and warranties not committed to a specific historical date, including all material representations described in Article IV, must be reaffirmed as accurate both as of the date hereof and at the Closing Date as if made anew for the Closing, except where explicitly provided otherwise. (Page 88)

Answer:
Choices: ","Fail","Answer the following multiple choice question. The entire content of your response should be of the following format: 'ANSWER: $LETTER' (without quotes) where LETTER is one of {letters}.

{question}

{choices}

Instruction: Read the following excerpt from a merger agreement and answer the multiple-choice question by choosing the option that best characterizes the timing for when the representations and warranties must be reaffirmed according to the bring down provision.

Question: Based on the provisions below, at which points must the representations and warranties be accurate and/or reaffirmed?

Option A: Solely as of the Closing Date
Option B: Only at the Effective Time and again at Closing
Option C: As of the Agreement date with subsequent confirmation at the Closing Date

Merger Agreement Excerpt: Section 8.5 Conditions Precedent for Merger Completion. The Merger shall be subject to the condition that all representations and warranties provided by the Company, except those expressly limited to a specific historical reference, shall be accurate as of the date of this Agreement. They are required to be maintained in true and correct form at the Effective Time. Furthermore, any deviation observed after the Effective Time but before the Closing Date must be rectified so that, by the Closing Date, such representations and warranties reflect the status as though verified at Closing. (Refer to Exhibit B for additional qualification timelines.)
Choices: "
"141","Answer the following multiple choice question. The entire content of your response should be of the following format: 'ANSWER: $LETTER' (without quotes) where LETTER is one of {letters}.

{question}

{choices}

Instruction: Read the segment of a merger agreement and answer the multiple-choice question by choosing the option that best characterizes the agreement.
Question: Under the bring down provision, which timing best determines when the Company's representations and warranties are required to be accurate?
Option A: At Closing Only
Option B: At Signing & At Closing

Merger Agreement: Section 8.1 Conditions to Obligations of the Acquiror. The obligations of the Acquiror to close the transaction are subject, among other conditions, to the verification that each representation and warranty of the Target Company, as specified herein and without reference to any materiality thresholds or other disqualifying exceptions, shall be accurate as of the Final Closing Date. Notwithstanding the foregoing, any representation expressly stated as of a particular prior date is only required to be accurate as of that specified date.

Merger Agreement: Section 9.3 Additional Conditions Relating to Representations. In supplement to the aforementioned requirements, the representations and warranties provided by the Target Company shall be validated at both the time of the Agreement's execution (the signing date) and as of the Final Closing Date. However, any representation that is tied to a historically defined effective date shall be evaluated solely at that historical timestamp.

Determine the timing requirement that best applies to the representations and warranties under the bring down provision.
Choices: ","Fail","Answer the following multiple choice question. The entire content of your response should be of the following format: 'ANSWER: $LETTER' (without quotes) where LETTER is one of {letters}.

{question}

{choices}

Instruction: Read the following excerpt from a merger agreement and answer the multiple-choice question by choosing the option that best characterizes the timing for when the representations and warranties must be reaffirmed according to the bring down provision.

Question: Based on the provisions below, at which points must the representations and warranties be accurate and/or reaffirmed?

Option A: Solely as of the Closing Date
Option B: Only at the Effective Time and again at Closing
Option C: As of the Agreement date with subsequent confirmation at the Closing Date

Merger Agreement Excerpt: Section 8.5 Conditions Precedent for Merger Completion. The Merger shall be subject to the condition that all representations and warranties provided by the Company, except those expressly limited to a specific historical reference, shall be accurate as of the date of this Agreement. They are required to be maintained in true and correct form at the Effective Time. Furthermore, any deviation observed after the Effective Time but before the Closing Date must be rectified so that, by the Closing Date, such representations and warranties reflect the status as though verified at Closing. (Refer to Exhibit B for additional qualification timelines.)
Choices: "
"142","Answer the following multiple choice question. The entire content of your response should be of the following format: 'ANSWER: $LETTER' (without quotes) where LETTER is one of {letters}.

{question}

{choices}

Instruction: Read the segment of a merger agreement and answer the multiple-choice question by choosing the option that best characterizes the agreement.
Question: According to the bring down provision delineated below, when are the Seller's representations and warranties required to be affirmed?
Option A: At Closing Only
Option B: At Signing & At Closing

Merger Agreement:
Section 8.4 – Clawback and Affirmation of Representations. Notwithstanding any conflicting provision, all representations and warranties provided by the Seller in this Agreement shall be deemed accurate as of the Effective Date (defined as the date of execution of this Agreement) and must be reaffirmed at the Closing Date as if made afresh, except for those representations expressly bound to a specified past date.

Section 11.3 – Conditions Precedent for Closing. The obligations of the Seller include ensuring that his representations and warranties (excluding those contingent solely on pre-contractual events) are true and correct as of both the date of this Agreement and as of the Closing Date, with each set being affirmed independently as if newly stated at the respective times.
Choices: ","Fail","Answer the following multiple choice question. The entire content of your response should be of the following format: 'ANSWER: $LETTER' (without quotes) where LETTER is one of {letters}.

{question}

{choices}

Instruction: Read the following excerpt from a merger agreement and answer the multiple-choice question by choosing the option that best characterizes the timing for when the representations and warranties must be reaffirmed according to the bring down provision.

Question: Based on the provisions below, at which points must the representations and warranties be accurate and/or reaffirmed?

Option A: Solely as of the Closing Date
Option B: Only at the Effective Time and again at Closing
Option C: As of the Agreement date with subsequent confirmation at the Closing Date

Merger Agreement Excerpt: Section 8.5 Conditions Precedent for Merger Completion. The Merger shall be subject to the condition that all representations and warranties provided by the Company, except those expressly limited to a specific historical reference, shall be accurate as of the date of this Agreement. They are required to be maintained in true and correct form at the Effective Time. Furthermore, any deviation observed after the Effective Time but before the Closing Date must be rectified so that, by the Closing Date, such representations and warranties reflect the status as though verified at Closing. (Refer to Exhibit B for additional qualification timelines.)
Choices: "
"143","Answer the following multiple choice question. The entire content of your response should be of the following format: 'ANSWER: $LETTER' (without quotes) where LETTER is one of {letters}.

{question}

{choices}

Instruction: Read the following segments of a merger agreement and answer the multiple-choice question by choosing the option that best characterizes the agreement.

Question: According to the bring down provisions, when are the Seller’s representations and warranties required to be made?
Option A: At Closing Only
Option B: At Deal Initiation & At Closing

Merger Agreement: Section 8.5 – Final Conditions. The Seller’s representations and warranties set forth in this Agreement shall be true and correct as of the Closing Date. Where specific representations are expressly made as of a prior date, those representations shall be limited to that date only; (Page 102)

Merger Agreement: Section 3.4 – Interim Conditions. Except for representations expressly dated for the Closing Date, all other representations and warranties shall be deemed accurate as of the Deal Initiation Date and must be reconfirmed at the Closing Date to account for any material changes occurring in the interim; (Page 47)
Choices: ","Fail","Answer the following multiple choice question. The entire content of your response should be of the following format: 'ANSWER: $LETTER' (without quotes) where LETTER is one of {letters}.

{question}

{choices}

Instruction: Read the following excerpt from a merger agreement and answer the multiple-choice question by choosing the option that best characterizes the timing for when the representations and warranties must be reaffirmed according to the bring down provision.

Question: Based on the provisions below, at which points must the representations and warranties be accurate and/or reaffirmed?

Option A: Solely as of the Closing Date
Option B: Only at the Effective Time and again at Closing
Option C: As of the Agreement date with subsequent confirmation at the Closing Date

Merger Agreement Excerpt: Section 8.5 Conditions Precedent for Merger Completion. The Merger shall be subject to the condition that all representations and warranties provided by the Company, except those expressly limited to a specific historical reference, shall be accurate as of the date of this Agreement. They are required to be maintained in true and correct form at the Effective Time. Furthermore, any deviation observed after the Effective Time but before the Closing Date must be rectified so that, by the Closing Date, such representations and warranties reflect the status as though verified at Closing. (Refer to Exhibit B for additional qualification timelines.)
Choices: "
"144","Answer the following multiple choice question. The entire content of your response should be of the following format: 'ANSWER: $LETTER' (without quotes) where LETTER is one of {letters}.

{question}

{choices}

Instruction: Read the segment of a merger agreement and answer the multiple-choice question by choosing the option that best characterizes the timing of the representations and warranties requirement.
Question: When are representations and warranties required to be made according to the bring down provision?
Option A: At Closing Only
Option B: At Signing & At Closing

Merger Agreement Excerpts:
Section 8.3 Guarantees of Consolidated Subsidiaries: The obligations of the Parties, including all representations and warranties contained herein, shall be subject to the condition that each representation and warranty (excluding those expressly designated in Clause (c)) is true and correct solely as of the Definitive Closing Date. Clause (c) representations, concerning financial disclosures, shall be as of the Initial Agreement Date.

Section 10.1 Conditions for Finalization: Notwithstanding other provisions, it is required that, in order to satisfy the brought down condition, all representations and warranties be true and correct both at the time of the Initial Agreement Date (as evidenced by the certificate delivered at signing) and at the Definitive Closing Date, as if reaffirmed on both dates.
Answer:
Choices: ","Fail","Answer the following multiple choice question. The entire content of your response should be of the following format: 'ANSWER: $LETTER' (without quotes) where LETTER is one of {letters}.

{question}

{choices}

Instruction: Read the following excerpt from a merger agreement and answer the multiple-choice question by choosing the option that best characterizes the timing for when the representations and warranties must be reaffirmed according to the bring down provision.

Question: Based on the provisions below, at which points must the representations and warranties be accurate and/or reaffirmed?

Option A: Solely as of the Closing Date
Option B: Only at the Effective Time and again at Closing
Option C: As of the Agreement date with subsequent confirmation at the Closing Date

Merger Agreement Excerpt: Section 8.5 Conditions Precedent for Merger Completion. The Merger shall be subject to the condition that all representations and warranties provided by the Company, except those expressly limited to a specific historical reference, shall be accurate as of the date of this Agreement. They are required to be maintained in true and correct form at the Effective Time. Furthermore, any deviation observed after the Effective Time but before the Closing Date must be rectified so that, by the Closing Date, such representations and warranties reflect the status as though verified at Closing. (Refer to Exhibit B for additional qualification timelines.)
Choices: "
"145","Answer the following multiple choice question. The entire content of your response should be of the following format: 'ANSWER: $LETTER' (without quotes) where LETTER is one of {letters}.

{question}

{choices}

Instruction: Read the segment of a merger agreement and answer the multiple-choice question by choosing the option that best characterizes the bring down provision.
Question: When are representations and warranties of the Company required to be made according to the bring down provision?
Option A: At Closing Only
Option B: At Signing & At Closing

Merger Agreement: Section 8.2 Conditions to Complete the Transaction. The Company's representations and warranties, unless explicitly stated as of a specified date, shall be accurate as of the Closing Date. There is no obligation in this section to reaffirm these representations prior to the Closing (Page 55).

Merger Agreement: Section 12.04 Conditions for Tender Offer. Notwithstanding Section 8.2, all representations and warranties that are not limited to a specific date shall be verified to be true at the Effective Time, defined as the date of signing of this Agreement, and must be maintained as true and correct as of the Closing Date. Minor discrepancies deemed immaterial do not affect this requirement (Page 102).
Choices: ","Fail","Answer the following multiple choice question. The entire content of your response should be of the following format: 'ANSWER: $LETTER' (without quotes) where LETTER is one of {letters}.

{question}

{choices}

Instruction: Read the following excerpt from a merger agreement and answer the multiple-choice question by choosing the option that best characterizes the timing for when the representations and warranties must be reaffirmed according to the bring down provision.

Question: Based on the provisions below, at which points must the representations and warranties be accurate and/or reaffirmed?

Option A: Solely as of the Closing Date
Option B: Only at the Effective Time and again at Closing
Option C: As of the Agreement date with subsequent confirmation at the Closing Date

Merger Agreement Excerpt: Section 8.5 Conditions Precedent for Merger Completion. The Merger shall be subject to the condition that all representations and warranties provided by the Company, except those expressly limited to a specific historical reference, shall be accurate as of the date of this Agreement. They are required to be maintained in true and correct form at the Effective Time. Furthermore, any deviation observed after the Effective Time but before the Closing Date must be rectified so that, by the Closing Date, such representations and warranties reflect the status as though verified at Closing. (Refer to Exhibit B for additional qualification timelines.)
Choices: "
"146","Answer the following multiple choice question. The entire content of your response should be of the following format: 'ANSWER: $LETTER' (without quotes) where LETTER is one of {letters}.

{question}

{choices}

Instruction: Read the following segments from a merger agreement and answer the multiple-choice question by choosing the option that best characterizes when representations and warranties are required to be made according to the bring down provision.

Merger Agreement: Section 10.4 Contingencies. The Company’s representations and warranties shall be true and complete as of the Execution Date (i.e., the date this Agreement is signed), and for the purposes of the bring down provision, these representations shall be reconfirmed in full as of the Closing Date. Notwithstanding the foregoing, any representation expressly made as of a specific date other than Closing shall be operative solely for that designated date.

Merger Agreement: Exhibit A, Clause 2 - Conditions for the Offer. Notwithstanding Section 10.4, any representation and warranty that is not explicitly tied to a specific date shall require reconfirmation only as of the Closing Date.

Question: When are the representations and warranties required to be made according to the bring down provision?
Option A: At Closing Only
Option B: At Signing & At Closing
Choices: ","Fail","Answer the following multiple choice question. The entire content of your response should be of the following format: 'ANSWER: $LETTER' (without quotes) where LETTER is one of {letters}.

{question}

{choices}

Instruction: Read the following excerpt from a merger agreement and answer the multiple-choice question by choosing the option that best characterizes the timing for when the representations and warranties must be reaffirmed according to the bring down provision.

Question: Based on the provisions below, at which points must the representations and warranties be accurate and/or reaffirmed?

Option A: Solely as of the Closing Date
Option B: Only at the Effective Time and again at Closing
Option C: As of the Agreement date with subsequent confirmation at the Closing Date

Merger Agreement Excerpt: Section 8.5 Conditions Precedent for Merger Completion. The Merger shall be subject to the condition that all representations and warranties provided by the Company, except those expressly limited to a specific historical reference, shall be accurate as of the date of this Agreement. They are required to be maintained in true and correct form at the Effective Time. Furthermore, any deviation observed after the Effective Time but before the Closing Date must be rectified so that, by the Closing Date, such representations and warranties reflect the status as though verified at Closing. (Refer to Exhibit B for additional qualification timelines.)
Choices: "
"147","Answer the following multiple choice question. The entire content of your response should be of the following format: 'ANSWER: $LETTER' (without quotes) where LETTER is one of {letters}.

{question}

{choices}

Instruction: Read the following excerpts from a merger agreement and answer the multiple-choice question by choosing the option that best characterizes when representations and warranties are required according to the bring down provision.

Option A: At Closing Only
Option B: At Signing & At Closing

Merger Agreement Excerpt 1: Section 10.1 Conditions Regarding Representations and Warranties. In this section, it is stated that ""each representation and warranty of the Seller shall be accurate as of the Closing Date, except where a representation is expressly qualified to be effective as of the Signing Date."" 

Merger Agreement Excerpt 2: Section 12.3 Additional Conditions. Notwithstanding the provisions of Section 10.1, this section requires that ""for purposes of this Agreement, every representation and warranty made under Article V must be certified in writing on the date of execution of this Agreement and shall continue to be reaffirmed as if made anew at the Closing Date, thereby binding the Seller at both points in time."" 

Question: When are the representations and warranties required to be made according to the bring down provision?
Choices: ","Fail","Answer the following multiple choice question. The entire content of your response should be of the following format: 'ANSWER: $LETTER' (without quotes) where LETTER is one of {letters}.

{question}

{choices}

Instruction: Read the following excerpt from a merger agreement and answer the multiple-choice question by choosing the option that best characterizes the timing for when the representations and warranties must be reaffirmed according to the bring down provision.

Question: Based on the provisions below, at which points must the representations and warranties be accurate and/or reaffirmed?

Option A: Solely as of the Closing Date
Option B: Only at the Effective Time and again at Closing
Option C: As of the Agreement date with subsequent confirmation at the Closing Date

Merger Agreement Excerpt: Section 8.5 Conditions Precedent for Merger Completion. The Merger shall be subject to the condition that all representations and warranties provided by the Company, except those expressly limited to a specific historical reference, shall be accurate as of the date of this Agreement. They are required to be maintained in true and correct form at the Effective Time. Furthermore, any deviation observed after the Effective Time but before the Closing Date must be rectified so that, by the Closing Date, such representations and warranties reflect the status as though verified at Closing. (Refer to Exhibit B for additional qualification timelines.)
Choices: "
"148","Answer the following multiple choice question. The entire content of your response should be of the following format: 'ANSWER: $LETTER' (without quotes) where LETTER is one of {letters}.

{question}

{choices}

Instruction: Read the following segments of a merger agreement and answer the multiple-choice question by choosing the option that best characterizes the bring down timing provision.

Question: When are representations and warranties required to be made according to the bring down provision?
Option A: At Closing Only
Option B: At Signing & At Closing

Merger Agreement:
Section 8.3 - Conditions Precedent to Closing: ""All representations and warranties of the Company, except those expressly made as of a designated historical date in this Agreement, shall be true and correct in all material respects as of the date of this Agreement and shall be reaffirmed as of the Closing Date, notwithstanding any disclaimers regarding material adverse effects.""

Section 10.2 - Ongoing Representations: ""To maintain the efficacy of the representations, any statement not qualified by a specific date must be accurate as of the date of execution of this Agreement (Signing) and must additionally be confirmed as of the Closing Date, as if made anew at Closing.""
Choices: ","Fail","Answer the following multiple choice question. The entire content of your response should be of the following format: 'ANSWER: $LETTER' (without quotes) where LETTER is one of {letters}.

{question}

{choices}

Instruction: Read the following excerpt from a merger agreement and answer the multiple-choice question by choosing the option that best characterizes the timing for when the representations and warranties must be reaffirmed according to the bring down provision.

Question: Based on the provisions below, at which points must the representations and warranties be accurate and/or reaffirmed?

Option A: Solely as of the Closing Date
Option B: Only at the Effective Time and again at Closing
Option C: As of the Agreement date with subsequent confirmation at the Closing Date

Merger Agreement Excerpt: Section 8.5 Conditions Precedent for Merger Completion. The Merger shall be subject to the condition that all representations and warranties provided by the Company, except those expressly limited to a specific historical reference, shall be accurate as of the date of this Agreement. They are required to be maintained in true and correct form at the Effective Time. Furthermore, any deviation observed after the Effective Time but before the Closing Date must be rectified so that, by the Closing Date, such representations and warranties reflect the status as though verified at Closing. (Refer to Exhibit B for additional qualification timelines.)
Choices: "
"149","Answer the following multiple choice question. The entire content of your response should be of the following format: 'ANSWER: $LETTER' (without quotes) where LETTER is one of {letters}.

{question}

{choices}

Instruction: Read the segment of a merger agreement and answer the multiple-choice question by choosing the option that best describes when the representations and warranties are required to be made according to the bring down provision.

Question: According to the bring down provision, when must the representations and warranties be true?
Option A: Only as of the Closing Date
Option B: As of the Signing Date and the Closing Date

Merger Agreement Segment 1:
Section 8.4 Conditions Precedent: In order to satisfy its closing obligations, the Acquiring Party requires that all representations and warranties provided by the Target, except those expressly fixed as of a specific date, shall be true and correct solely as of the Closing Date. No further reaffirmation is necessary if the representations fall under this category.

Merger Agreement Segment 2:
Section 10.1 Additional Covenants: The Target shall furnish certificates, at its own expense, attesting that its representations and warranties, particularly those set forth in Article II (with the exception of any representations expressly deemed as of the effective date), have remained continuously true from the date of this Agreement until the Closing Date. This continuous truth certification does not alter the bring down obligation which is limited to the Closing Date.
Choices: ","Fail","Answer the following multiple choice question. The entire content of your response should be of the following format: 'ANSWER: $LETTER' (without quotes) where LETTER is one of {letters}.

{question}

{choices}

Instruction: Read the following excerpt from a merger agreement and answer the multiple-choice question by choosing the option that best characterizes the timing for when the representations and warranties must be reaffirmed according to the bring down provision.

Question: Based on the provisions below, at which points must the representations and warranties be accurate and/or reaffirmed?

Option A: Solely as of the Closing Date
Option B: Only at the Effective Time and again at Closing
Option C: As of the Agreement date with subsequent confirmation at the Closing Date

Merger Agreement Excerpt: Section 8.5 Conditions Precedent for Merger Completion. The Merger shall be subject to the condition that all representations and warranties provided by the Company, except those expressly limited to a specific historical reference, shall be accurate as of the date of this Agreement. They are required to be maintained in true and correct form at the Effective Time. Furthermore, any deviation observed after the Effective Time but before the Closing Date must be rectified so that, by the Closing Date, such representations and warranties reflect the status as though verified at Closing. (Refer to Exhibit B for additional qualification timelines.)
Choices: "
