"index","question","result","failed_on"
"0","Answer the following multiple choice question. The last line of your response should be of the following format: 'ANSWER: $LETTER' (without quotes) where LETTER is one of {letters}. Think step by step before answering.

{question}

{choices}

Instruction: Read the segment of a merger agreement and answer the multiple-choice question by choosing the option that best characterizes the agreement.

Question: When are representations and warranties required to be made according to the bring down provision?
Option A: At Closing Only
Option B: At Signing & At Closing

Merger Agreement Excerpts:
Section 10.1 Conditions Precedent (Page 135): ""Each representation and warranty of the Target, except those expressly designated as being made as of a specific date, shall be true and correct as of the Closing Date. Any representation expressly tied to a predetermined date is only required to be accurate as of that date.""

Section 10.3 Additional Pre-Closing Covenants (Page 142): ""Notwithstanding Section 10.1, for the purposes of satisfying the Offer conditions, every representation and warranty that is not otherwise confined to a specific date must have been continuously maintained from the execution date of this Agreement through to the Closing Date, thereby requiring validation both at signing and at closing.""
Choices: ","Pass",""
"1","Answer the following multiple choice question. The last line of your response should be of the following format: 'ANSWER: $LETTER' (without quotes) where LETTER is one of {letters}. Think step by step before answering.

{question}

{choices}

Instruction: Read the following segments of a merger agreement and answer the multiple-choice question by choosing the option that best characterizes the timing of the representations and warranties under the bring down provision.

Question: When are representations and warranties required to be made according to the bring down provision?
Option A: At Closing Only
Option B: At Signing & At Closing

Merger Agreement Excerpts:

Segment 1 - Section 10.3.1 Verification of Representations (Page 45):
""The Company hereby represents and warrants that, except for those representations expressly made as of a specific date, all representations set forth in Article V shall have been true and correct as of the date of this Agreement, and the Company shall ensure that such representations continue to be accurate as of the Closing Date, provided that any deviations not resulting in a material adverse effect shall not be deemed a breach.""

Segment 2 - Section 12.2 Final Confirmation (Page 89):
""Notwithstanding any prior statements, each and every representation and warranty contained in Article V, unless it is clearly qualified as being valid as of a specific date, is required to be reconfirmed and re-attested as of the Closing Date. Representations that explicitly reference the Agreement Date are exempt from this reconfirmation obligation.""

Choices: ","Fail","Answer the following multiple choice question. The last line of your response should be of the following format: 'ANSWER: $LETTER' (without quotes) where LETTER is one of {letters}. Think step by step before answering.

{question}

{choices}

Instruction: Read the segment of a merger agreement and answer the multiple-choice question by choosing the option that best characterizes the agreement.

Question: When are representations and warranties required to be made according to the bring down provision?
Option A: At Closing Only
Option B: At Signing & At Closing

Merger Agreement Excerpts:
Section 10.1 Conditions Precedent (Page 135): ""Each representation and warranty of the Target, except those expressly designated as being made as of a specific date, shall be true and correct as of the Closing Date. Any representation expressly tied to a predetermined date is only required to be accurate as of that date.""

Section 10.3 Additional Pre-Closing Covenants (Page 142): ""Notwithstanding Section 10.1, for the purposes of satisfying the Offer conditions, every representation and warranty that is not otherwise confined to a specific date must have been continuously maintained from the execution date of this Agreement through to the Closing Date, thereby requiring validation both at signing and at closing.""
Choices: "
"2","Answer the following multiple choice question. The last line of your response should be of the following format: 'ANSWER: $LETTER' (without quotes) where LETTER is one of {letters}. Think step by step before answering.

{question}

{choices}

Instruction: Read the following segments of a merger agreement and answer the multiple-choice question by choosing the option that best characterizes the timing requirement for representations and warranties according to the bring down provision.

Question: When must the representations and warranties be true and correct?
Option A: Only at the Closing Date
Option B: Both at the Execution Date and at the Closing Date

Merger Agreement: Section 8.3 Representations and Warranties. Except where a representation or warranty is expressly stated to be 'as of [a specified date]', it is deemed to have been made at the Execution Date of this Agreement and must continue to hold true without material change until and including the Closing Date. (Page 45)

Merger Agreement: Section 10.2 Conditions to the Merger. For all representations and warranties not otherwise qualified by a reference to a particular date, the parties agree that such representations and warranties are required to be true and correct both as of the Execution Date and, upon revalidation, as of the Closing Date as if they were made at both times. (Page 102)
Choices: ","Fail","Answer the following multiple choice question. The last line of your response should be of the following format: 'ANSWER: $LETTER' (without quotes) where LETTER is one of {letters}. Think step by step before answering.

{question}

{choices}

Instruction: Read the segment of a merger agreement and answer the multiple-choice question by choosing the option that best characterizes the agreement.

Question: When are representations and warranties required to be made according to the bring down provision?
Option A: At Closing Only
Option B: At Signing & At Closing

Merger Agreement Excerpts:
Section 10.1 Conditions Precedent (Page 135): ""Each representation and warranty of the Target, except those expressly designated as being made as of a specific date, shall be true and correct as of the Closing Date. Any representation expressly tied to a predetermined date is only required to be accurate as of that date.""

Section 10.3 Additional Pre-Closing Covenants (Page 142): ""Notwithstanding Section 10.1, for the purposes of satisfying the Offer conditions, every representation and warranty that is not otherwise confined to a specific date must have been continuously maintained from the execution date of this Agreement through to the Closing Date, thereby requiring validation both at signing and at closing.""
Choices: "
"3","Answer the following multiple choice question. The last line of your response should be of the following format: 'ANSWER: $LETTER' (without quotes) where LETTER is one of {letters}. Think step by step before answering.

{question}

{choices}

Instruction: Read the following segments of a merger agreement and answer the multiple-choice question by choosing the option that best characterizes the timing of representations and warranties according to the bring down provision.

Question: When are the representations and warranties required to be made according to the bring down provision?
Option A: At Closing Only
Option B: At Signing & At Closing

Merger Agreement Segment 1 (Section 9.4): ""The Company shall ensure that each representation and warranty provided under this Agreement is fully accurate and unqualified as of the Closing Date, except where explicitly made as of a specified earlier date.""

Merger Agreement Segment 2 (Section 3.5): ""Notwithstanding the foregoing, all representations and warranties that do not specify an effective date shall be deemed to have been made as of the date of execution and shall be reaffirmed at the Closing Date, thereby binding the Company both at signing and at closing.""

Merger Agreement Segment 3 (Section 12.1): ""For the purposes of the Offer, any representation or warranty not expressly identified as fixed as of a specific date shall be considered valid both at Offer Acceptance Time and continuously until the Closing.""

Please answer:
Choices: ","Fail","Answer the following multiple choice question. The last line of your response should be of the following format: 'ANSWER: $LETTER' (without quotes) where LETTER is one of {letters}. Think step by step before answering.

{question}

{choices}

Instruction: Read the segment of a merger agreement and answer the multiple-choice question by choosing the option that best characterizes the agreement.

Question: When are representations and warranties required to be made according to the bring down provision?
Option A: At Closing Only
Option B: At Signing & At Closing

Merger Agreement Excerpts:
Section 10.1 Conditions Precedent (Page 135): ""Each representation and warranty of the Target, except those expressly designated as being made as of a specific date, shall be true and correct as of the Closing Date. Any representation expressly tied to a predetermined date is only required to be accurate as of that date.""

Section 10.3 Additional Pre-Closing Covenants (Page 142): ""Notwithstanding Section 10.1, for the purposes of satisfying the Offer conditions, every representation and warranty that is not otherwise confined to a specific date must have been continuously maintained from the execution date of this Agreement through to the Closing Date, thereby requiring validation both at signing and at closing.""
Choices: "
"4","Answer the following multiple choice question. The last line of your response should be of the following format: 'ANSWER: $LETTER' (without quotes) where LETTER is one of {letters}. Think step by step before answering.

{question}

{choices}

Instruction: Read the segment of a purchase agreement and answer the multiple-choice question by choosing the option that best characterizes the bring down provision.

Question: Under what timing requirement must the Seller’s representations and warranties be reconfirmed according to the bring down provision?
Option A: At Closing Only
Option B: At Signing & At Closing

Purchase Agreement Excerpts:
Section 8.4 Conditions to Closing. Except for those representations specifically expressed as being made 'as of the signing date' (listed in Section 8.4(b)(ii)), every representation and warranty provided by the Seller must be true and correct as of the Closing Date. The expressions made 'as of the signing date' are deemed accurate solely as of that date and are not subject to reconfirmation at Closing.

Section 10.1 Supplemental Conditions. The Seller’s representations and warranties shall be reaffirmed as of the Effective Time, which is defined as the later of the signing date or the Closing Date. However, in instances where a representation is expressly qualified as being made as of a preceding date (e.g., the signing date), that representation is only required to remain accurate as of that specified date and will not be updated at Closing.
Choices: ","Fail","Answer the following multiple choice question. The last line of your response should be of the following format: 'ANSWER: $LETTER' (without quotes) where LETTER is one of {letters}. Think step by step before answering.

{question}

{choices}

Instruction: Read the segment of a merger agreement and answer the multiple-choice question by choosing the option that best characterizes the agreement.

Question: When are representations and warranties required to be made according to the bring down provision?
Option A: At Closing Only
Option B: At Signing & At Closing

Merger Agreement Excerpts:
Section 10.1 Conditions Precedent (Page 135): ""Each representation and warranty of the Target, except those expressly designated as being made as of a specific date, shall be true and correct as of the Closing Date. Any representation expressly tied to a predetermined date is only required to be accurate as of that date.""

Section 10.3 Additional Pre-Closing Covenants (Page 142): ""Notwithstanding Section 10.1, for the purposes of satisfying the Offer conditions, every representation and warranty that is not otherwise confined to a specific date must have been continuously maintained from the execution date of this Agreement through to the Closing Date, thereby requiring validation both at signing and at closing.""
Choices: "
"5","Answer the following multiple choice question. The last line of your response should be of the following format: 'ANSWER: $LETTER' (without quotes) where LETTER is one of {letters}. Think step by step before answering.

{question}

{choices}

Instruction: Read the following segments of a merger agreement and answer the multiple-choice question by choosing the option that best characterizes the bring down requirement for representations and warranties.
Question: According to the bring down provision in the agreement, when must the representations and warranties be made?
Option A: At Closing Only
Option B: At Signing & At Closing

Merger Agreement:
Section 5.7 Conditions to Obtain Financing: The obligations of the Financing Party to fund the Transaction are subject to the satisfaction or waiver by the Parent of the following condition: (a) Each representation and warranty provided by the Company, except where explicitly limited, shall be true and correct as of the Funding Date, which is the date on which the financing commitment is confirmed. (Page 120)

Section 9.4 Conditions to Closing: Notwithstanding any prior date references, all representations and warranties provided by the Company in Article VII shall be reaffirmed to be true and correct as of the Closing Date as though made anew on that date; however, unless a representation or warranty expressly specifies a different reference point, it shall be deemed valid as of the signature date. (Page 138)
Choices: ","Fail","Answer the following multiple choice question. The last line of your response should be of the following format: 'ANSWER: $LETTER' (without quotes) where LETTER is one of {letters}. Think step by step before answering.

{question}

{choices}

Instruction: Read the segment of a merger agreement and answer the multiple-choice question by choosing the option that best characterizes the agreement.

Question: When are representations and warranties required to be made according to the bring down provision?
Option A: At Closing Only
Option B: At Signing & At Closing

Merger Agreement Excerpts:
Section 10.1 Conditions Precedent (Page 135): ""Each representation and warranty of the Target, except those expressly designated as being made as of a specific date, shall be true and correct as of the Closing Date. Any representation expressly tied to a predetermined date is only required to be accurate as of that date.""

Section 10.3 Additional Pre-Closing Covenants (Page 142): ""Notwithstanding Section 10.1, for the purposes of satisfying the Offer conditions, every representation and warranty that is not otherwise confined to a specific date must have been continuously maintained from the execution date of this Agreement through to the Closing Date, thereby requiring validation both at signing and at closing.""
Choices: "
"6","Answer the following multiple choice question. The last line of your response should be of the following format: 'ANSWER: $LETTER' (without quotes) where LETTER is one of {letters}. Think step by step before answering.

{question}

{choices}

Instruction: Read the segment of a merger agreement and answer the multiple-choice question by choosing the option that best characterizes the agreement.
Question: When are representations and warranties required to be made according to the bring down provision?
Option A: At Closing Only
Option B: At Signing & At Closing

Merger Agreement: Section 4.3 Conditions Precedent for Seller. The Seller represents that every material representation and warranty contained in this Agreement shall be accurate as of the Effective Time, which, unless expressly modified herein for specific clauses, is deemed to be as if made on the Execution Date. Notwithstanding the foregoing, the representations concerning environmental matters set forth in Paragraph 4.3(b) shall only be subject to verification as of the Closing Date. (Page 45)

Merger Agreement: Section 9.1 Reaffirmation of Representations. Notwithstanding any other provision, each representation and warranty, including those related to financial statements and operational compliance, shall not only be true and complete as of the date hereof (the Execution Date) but shall also be reconfirmed and remain valid as of the Closing Date to ensure the ongoing integrity of the Agreement. (Page 102)
Choices: ","Fail","Answer the following multiple choice question. The last line of your response should be of the following format: 'ANSWER: $LETTER' (without quotes) where LETTER is one of {letters}. Think step by step before answering.

{question}

{choices}

Instruction: Read the segment of a merger agreement and answer the multiple-choice question by choosing the option that best characterizes the agreement.

Question: When are representations and warranties required to be made according to the bring down provision?
Option A: At Closing Only
Option B: At Signing & At Closing

Merger Agreement Excerpts:
Section 10.1 Conditions Precedent (Page 135): ""Each representation and warranty of the Target, except those expressly designated as being made as of a specific date, shall be true and correct as of the Closing Date. Any representation expressly tied to a predetermined date is only required to be accurate as of that date.""

Section 10.3 Additional Pre-Closing Covenants (Page 142): ""Notwithstanding Section 10.1, for the purposes of satisfying the Offer conditions, every representation and warranty that is not otherwise confined to a specific date must have been continuously maintained from the execution date of this Agreement through to the Closing Date, thereby requiring validation both at signing and at closing.""
Choices: "
"7","Answer the following multiple choice question. The last line of your response should be of the following format: 'ANSWER: $LETTER' (without quotes) where LETTER is one of {letters}. Think step by step before answering.

{question}

{choices}

Instruction: Read the segment of a merger agreement and answer the multiple-choice question by choosing the option that best characterizes the bring down provision requirements.
Question: When are representations and warranties required to be made according to the bring down provision?
Option A: At Closing Only
Option B: At Signing & At Closing

Merger Agreement: Section 8.4 Conditions Complementary to Seller’s Obligations. The Seller’s obligations to complete the Merger are subject to the following conditions: (a) Each representation and warranty in Article V, except those explicitly designated as historical, shall be accurate as of the Agreement Date; (b) these representations and warranties shall be reconfirmed and, if necessary, restated as if made on and as of the Closing Date, except for certain transitional adjustments described in Section 8.4(c) which are only required to be certified at the Agreement Date.

Merger Agreement: Section 10.1 Due Diligence and Affirmation. Notwithstanding any provision to the contrary, any representation and warranty not subject to the exception in Section 8.4(c) shall be deemed to be made at the time of the Agreement Date and reconfirmed at the Closing Date, ensuring their continuous accuracy from signing through closing.

Answer:
Choices: ","Fail","Answer the following multiple choice question. The last line of your response should be of the following format: 'ANSWER: $LETTER' (without quotes) where LETTER is one of {letters}. Think step by step before answering.

{question}

{choices}

Instruction: Read the segment of a merger agreement and answer the multiple-choice question by choosing the option that best characterizes the agreement.

Question: When are representations and warranties required to be made according to the bring down provision?
Option A: At Closing Only
Option B: At Signing & At Closing

Merger Agreement Excerpts:
Section 10.1 Conditions Precedent (Page 135): ""Each representation and warranty of the Target, except those expressly designated as being made as of a specific date, shall be true and correct as of the Closing Date. Any representation expressly tied to a predetermined date is only required to be accurate as of that date.""

Section 10.3 Additional Pre-Closing Covenants (Page 142): ""Notwithstanding Section 10.1, for the purposes of satisfying the Offer conditions, every representation and warranty that is not otherwise confined to a specific date must have been continuously maintained from the execution date of this Agreement through to the Closing Date, thereby requiring validation both at signing and at closing.""
Choices: "
"8","Answer the following multiple choice question. The last line of your response should be of the following format: 'ANSWER: $LETTER' (without quotes) where LETTER is one of {letters}. Think step by step before answering.

{question}

{choices}

Instruction: Read the segment of a merger agreement and answer the multiple-choice question by choosing the option that best characterizes the agreement.
Question: When are representations and warranties required to be made according to the bring down provision?
Option A: At Closing Only
Option B: At Signing & At Closing

Merger Agreement: Section 10. Conditions to Obligations of Parent and Acquirer. The obligations of the Parent and the Acquirer to consummate the Merger shall be conditional on the satisfaction or waiver (in accordance with applicable law) of the following: (a) each of the representations and warranties of the Company, with the exception of those expressly designated as pertaining solely to the Closing Date, must be accurate as of the Date of Execution of this Agreement and remain accurate as of the Closing Date; provided that any representation made as of a specifically designated date will only be applicable to that date. (Page 45)

Merger Agreement: Section 13. Final Conditions Precedent. Notwithstanding the foregoing, it is further required that prior to the Closing Date, the Company reaffirms all representations and warranties as of the Closing Date without necessitating an intermediate update, except for those expressly identified as subject to change solely at the time of execution. (Page 90)
Choices: ","Fail","Answer the following multiple choice question. The last line of your response should be of the following format: 'ANSWER: $LETTER' (without quotes) where LETTER is one of {letters}. Think step by step before answering.

{question}

{choices}

Instruction: Read the segment of a merger agreement and answer the multiple-choice question by choosing the option that best characterizes the agreement.

Question: When are representations and warranties required to be made according to the bring down provision?
Option A: At Closing Only
Option B: At Signing & At Closing

Merger Agreement Excerpts:
Section 10.1 Conditions Precedent (Page 135): ""Each representation and warranty of the Target, except those expressly designated as being made as of a specific date, shall be true and correct as of the Closing Date. Any representation expressly tied to a predetermined date is only required to be accurate as of that date.""

Section 10.3 Additional Pre-Closing Covenants (Page 142): ""Notwithstanding Section 10.1, for the purposes of satisfying the Offer conditions, every representation and warranty that is not otherwise confined to a specific date must have been continuously maintained from the execution date of this Agreement through to the Closing Date, thereby requiring validation both at signing and at closing.""
Choices: "
"9","Answer the following multiple choice question. The last line of your response should be of the following format: 'ANSWER: $LETTER' (without quotes) where LETTER is one of {letters}. Think step by step before answering.

{question}

{choices}

Instruction: Read the following segments of a merger agreement and answer the multiple-choice question by choosing the option that best characterizes the timing requirements for representations and warranties under the bring down provision.

Question: Based on the provided segments, when are the representations and warranties required to be made?
Option A: At Closing Only
Option B: At Signing & At Closing

Merger Agreement Segment 1:
Section 10.3 Conditions Precedent. The parties agree that, except for representations and warranties expressly made as of a specific earlier date, all representations and warranties of the Company shall be true and correct as of the Closing Date.

Merger Agreement Segment 2:
Section 10.8 Pre-Closing Affirmations. Notwithstanding Section 10.3, it is further provided that all representations and warranties set forth in Article IV of this Agreement shall be accurate as of the date of this Agreement and shall be reaffirmed as of the Closing Date. In the absence of an express qualification to the contrary, these representations are deemed to have been made at both the date of this Agreement and at the Closing Date.
Choices: ","Fail","Answer the following multiple choice question. The last line of your response should be of the following format: 'ANSWER: $LETTER' (without quotes) where LETTER is one of {letters}. Think step by step before answering.

{question}

{choices}

Instruction: Read the segment of a merger agreement and answer the multiple-choice question by choosing the option that best characterizes the agreement.

Question: When are representations and warranties required to be made according to the bring down provision?
Option A: At Closing Only
Option B: At Signing & At Closing

Merger Agreement Excerpts:
Section 10.1 Conditions Precedent (Page 135): ""Each representation and warranty of the Target, except those expressly designated as being made as of a specific date, shall be true and correct as of the Closing Date. Any representation expressly tied to a predetermined date is only required to be accurate as of that date.""

Section 10.3 Additional Pre-Closing Covenants (Page 142): ""Notwithstanding Section 10.1, for the purposes of satisfying the Offer conditions, every representation and warranty that is not otherwise confined to a specific date must have been continuously maintained from the execution date of this Agreement through to the Closing Date, thereby requiring validation both at signing and at closing.""
Choices: "
"10","Answer the following multiple choice question. The last line of your response should be of the following format: 'ANSWER: $LETTER' (without quotes) where LETTER is one of {letters}. Think step by step before answering.

{question}

{choices}

Instruction: Read the following excerpts from a merger agreement and answer the multiple-choice question by choosing the option that best characterizes the timing during which the representations and warranties must be accurate.
Question: Based on the provided excerpts, when are the representations and warranties required to be true?
Option A: At Closing Only
Option B: At Signing and At Closing

Merger Agreement Excerpt 1: Section 8.4 Conditions Precedent. Notwithstanding any other provisions herein, it is declared that all representations and warranties of the Company, including those related to its financial condition and statutory compliance, shall be accurate as of the Signing Date and remain continuously valid until and including the Closing Date. Any discrepancies arising after the Signing Date must be addressed to maintain continuity.

Merger Agreement Excerpt 2: Section 10.2 Confirmation and Bring Down. The Agreement further stipulates that unless a representation is expressly limited to an earlier date, it must be re-affirmed and evidenced as being true and correct as of the Closing Date. To facilitate this, the Company shall deliver a certificate from its Chief Executive Officer at the Closing Date confirming the continuance of all representations and warranties made at Signing, with appropriate adjustments for any intervening modifications.
Choices: ","Fail","Answer the following multiple choice question. The last line of your response should be of the following format: 'ANSWER: $LETTER' (without quotes) where LETTER is one of {letters}. Think step by step before answering.

{question}

{choices}

Instruction: Read the segment of a merger agreement and answer the multiple-choice question by choosing the option that best characterizes the agreement.

Question: When are representations and warranties required to be made according to the bring down provision?
Option A: At Closing Only
Option B: At Signing & At Closing

Merger Agreement Excerpts:
Section 10.1 Conditions Precedent (Page 135): ""Each representation and warranty of the Target, except those expressly designated as being made as of a specific date, shall be true and correct as of the Closing Date. Any representation expressly tied to a predetermined date is only required to be accurate as of that date.""

Section 10.3 Additional Pre-Closing Covenants (Page 142): ""Notwithstanding Section 10.1, for the purposes of satisfying the Offer conditions, every representation and warranty that is not otherwise confined to a specific date must have been continuously maintained from the execution date of this Agreement through to the Closing Date, thereby requiring validation both at signing and at closing.""
Choices: "
"11","Answer the following multiple choice question. The last line of your response should be of the following format: 'ANSWER: $LETTER' (without quotes) where LETTER is one of {letters}. Think step by step before answering.

{question}

{choices}

Instruction: Read the segment of the Acquisition Agreement and answer the multiple-choice question by choosing the option that best characterizes the timing of the representations and warranties required under the bringdown provision.
Question: Based on the provisions below, when must the representations and warranties be true and correct?
Option A: At Closing Only
Option B: At Signing & At Closing

Acquisition Agreement Excerpt 1: Section 8.3 Conditions to Completion. Subject to the fulfillment of all pre-closing conditions, all representations and warranties provided by the Company, except those expressly designated as 'revised' in Schedule 2, shall be accurate and not materially changed as of the Execution Date and shall remain valid as if made anew immediately prior to the Closing.

Acquisition Agreement Excerpt 2: Section 10.1 Confirmations and Final Covenants. Notwithstanding any other provision in this Agreement, except where a representation is expressly qualified to an earlier date, the representations and warranties contained herein shall be deemed effective only if they are maintained without material alteration up to and including the Closing Date.

Determine the timing at which the representations and warranties are required to be made in accordance with the bringdown provision.
Choices: ","Fail","Answer the following multiple choice question. The last line of your response should be of the following format: 'ANSWER: $LETTER' (without quotes) where LETTER is one of {letters}. Think step by step before answering.

{question}

{choices}

Instruction: Read the segment of a merger agreement and answer the multiple-choice question by choosing the option that best characterizes the agreement.

Question: When are representations and warranties required to be made according to the bring down provision?
Option A: At Closing Only
Option B: At Signing & At Closing

Merger Agreement Excerpts:
Section 10.1 Conditions Precedent (Page 135): ""Each representation and warranty of the Target, except those expressly designated as being made as of a specific date, shall be true and correct as of the Closing Date. Any representation expressly tied to a predetermined date is only required to be accurate as of that date.""

Section 10.3 Additional Pre-Closing Covenants (Page 142): ""Notwithstanding Section 10.1, for the purposes of satisfying the Offer conditions, every representation and warranty that is not otherwise confined to a specific date must have been continuously maintained from the execution date of this Agreement through to the Closing Date, thereby requiring validation both at signing and at closing.""
Choices: "
"12","Answer the following multiple choice question. The last line of your response should be of the following format: 'ANSWER: $LETTER' (without quotes) where LETTER is one of {letters}. Think step by step before answering.

{question}

{choices}

Instruction: Read the segment of a merger agreement and answer the multiple-choice question by choosing the option that best characterizes the timing for the representations and warranties as required by the bring down provision.
Question: When are the representations and warranties required to be made according to the bring down provision?
Option A: At Closing Only
Option B: At Signing & At Closing

Merger Agreement: Section 5.1 Conditions Precedent. Notwithstanding any other provision, all representations and warranties of the Company, except those expressly stated to be based on a specific prior date, shall be true and correct at the time they are made and must remain so as of the Closing Date. (Page 43)

Merger Agreement: Section 8.4 Additional Conditions. Notably, aside from the general requirement set forth in Section 5.1, the representations and warranties which are not date-specific must be re-affirmed at the time of execution of this Agreement, with such confirmations being made as of the signing date and again as of the Closing Date, as if made concurrently at each such time. (Page 97)
Choices: ","Fail","Answer the following multiple choice question. The last line of your response should be of the following format: 'ANSWER: $LETTER' (without quotes) where LETTER is one of {letters}. Think step by step before answering.

{question}

{choices}

Instruction: Read the segment of a merger agreement and answer the multiple-choice question by choosing the option that best characterizes the agreement.

Question: When are representations and warranties required to be made according to the bring down provision?
Option A: At Closing Only
Option B: At Signing & At Closing

Merger Agreement Excerpts:
Section 10.1 Conditions Precedent (Page 135): ""Each representation and warranty of the Target, except those expressly designated as being made as of a specific date, shall be true and correct as of the Closing Date. Any representation expressly tied to a predetermined date is only required to be accurate as of that date.""

Section 10.3 Additional Pre-Closing Covenants (Page 142): ""Notwithstanding Section 10.1, for the purposes of satisfying the Offer conditions, every representation and warranty that is not otherwise confined to a specific date must have been continuously maintained from the execution date of this Agreement through to the Closing Date, thereby requiring validation both at signing and at closing.""
Choices: "
"13","Answer the following multiple choice question. The last line of your response should be of the following format: 'ANSWER: $LETTER' (without quotes) where LETTER is one of {letters}. Think step by step before answering.

{question}

{choices}

Instruction: Read the segment of a merger agreement and answer the multiple-choice question by choosing the option that best characterizes the timing for making representations and warranties according to the bring down provision.
Question: When are the Seller's representations and warranties required to be made according to the bring down provisions?
Option A: At Closing Only
Option B: At Signing & At Closing

Merger Agreement: 
Section 8.1 Verification of Seller Representations. The Seller warrants that all representations set forth in this Agreement, without regard to any disclaimers related to materiality or specified exceptions, shall be true and correct as of the Closing Date. Provided, however, that where a specific effective date is designated for any representation, such representation shall be deemed verified solely as of that designated date.

Section 10.4 Additional Seller Conditions. Notwithstanding Section 8.1, it is further agreed that, except for those representations expressly limited by a specific effective date, all remaining Seller representations and warranties not enumerated under Sections 3.1 and 3.2 shall be true and correct as of the Proposal Acceptance Time, acting as the time of execution, and must continue to be accurate through the Closing Date as if made on both occasions.
Choices: ","Fail","Answer the following multiple choice question. The last line of your response should be of the following format: 'ANSWER: $LETTER' (without quotes) where LETTER is one of {letters}. Think step by step before answering.

{question}

{choices}

Instruction: Read the segment of a merger agreement and answer the multiple-choice question by choosing the option that best characterizes the agreement.

Question: When are representations and warranties required to be made according to the bring down provision?
Option A: At Closing Only
Option B: At Signing & At Closing

Merger Agreement Excerpts:
Section 10.1 Conditions Precedent (Page 135): ""Each representation and warranty of the Target, except those expressly designated as being made as of a specific date, shall be true and correct as of the Closing Date. Any representation expressly tied to a predetermined date is only required to be accurate as of that date.""

Section 10.3 Additional Pre-Closing Covenants (Page 142): ""Notwithstanding Section 10.1, for the purposes of satisfying the Offer conditions, every representation and warranty that is not otherwise confined to a specific date must have been continuously maintained from the execution date of this Agreement through to the Closing Date, thereby requiring validation both at signing and at closing.""
Choices: "
"14","Answer the following multiple choice question. The last line of your response should be of the following format: 'ANSWER: $LETTER' (without quotes) where LETTER is one of {letters}. Think step by step before answering.

{question}

{choices}

Instruction: Read the segment of a merger agreement and answer the multiple-choice question by choosing the option that best characterizes the timing for making representations and warranties according to the bring down provision.
Question: When are representations and warranties required to be made according to the bring down provision?
Option A: At Closing Only
Option B: At Signing & At Closing

Merger Agreement: Section 12.3 Conditions to Effect the Transaction. The obligations of the Parties to consummate the Transaction are contingent upon all representations and warranties of the Company continuing to be true and correct as of the Transaction Effective Time. For the purposes of this section, such representations and warranties shall be deemed to have been made as of the Time of Execution, except where explicitly stated to reflect as of a particular date. (Page 102)

Merger Agreement: Section 4.5 Reaffirmation of Representations. Notwithstanding any other provisions herein, all representations and warranties that are not expressly qualified to be made as of a specified date must be reaffirmed at the time of the signing of this Agreement and again at the Closing, as if they were made anew at both these times. (Page 45)
Choices: ","Fail","Answer the following multiple choice question. The last line of your response should be of the following format: 'ANSWER: $LETTER' (without quotes) where LETTER is one of {letters}. Think step by step before answering.

{question}

{choices}

Instruction: Read the segment of a merger agreement and answer the multiple-choice question by choosing the option that best characterizes the agreement.

Question: When are representations and warranties required to be made according to the bring down provision?
Option A: At Closing Only
Option B: At Signing & At Closing

Merger Agreement Excerpts:
Section 10.1 Conditions Precedent (Page 135): ""Each representation and warranty of the Target, except those expressly designated as being made as of a specific date, shall be true and correct as of the Closing Date. Any representation expressly tied to a predetermined date is only required to be accurate as of that date.""

Section 10.3 Additional Pre-Closing Covenants (Page 142): ""Notwithstanding Section 10.1, for the purposes of satisfying the Offer conditions, every representation and warranty that is not otherwise confined to a specific date must have been continuously maintained from the execution date of this Agreement through to the Closing Date, thereby requiring validation both at signing and at closing.""
Choices: "
"15","Answer the following multiple choice question. The last line of your response should be of the following format: 'ANSWER: $LETTER' (without quotes) where LETTER is one of {letters}. Think step by step before answering.

{question}

{choices}

Instruction: Read the segment of a merger agreement and answer the following multiple-choice question by choosing the option that best characterizes the timing of the representations and warranties under the bring down provision.

Question: According to the bring down provisions in this agreement, when must the representations and warranties of the Company be made?
Option A: At Closing Only
Option B: At Signing and at Closing

Merger Agreement: Section 5.1 Conditions on Closing. Except for representations expressly made as of a specific historical date, all representations and warranties of the Company shall be true and correct as of the Closing Date. (Page 54)

Merger Agreement: Section 7.4 Offer Conditions. Notwithstanding Section 5.1, any representations and warranties not tied to a specific date shall be verified at the time of the Offer Acceptance, and thereafter remain true as of the Closing Date, effectively requiring them to be made both at Signing and reaffirmed at Closing. (Page 77)
Choices: ","Fail","Answer the following multiple choice question. The last line of your response should be of the following format: 'ANSWER: $LETTER' (without quotes) where LETTER is one of {letters}. Think step by step before answering.

{question}

{choices}

Instruction: Read the segment of a merger agreement and answer the multiple-choice question by choosing the option that best characterizes the agreement.

Question: When are representations and warranties required to be made according to the bring down provision?
Option A: At Closing Only
Option B: At Signing & At Closing

Merger Agreement Excerpts:
Section 10.1 Conditions Precedent (Page 135): ""Each representation and warranty of the Target, except those expressly designated as being made as of a specific date, shall be true and correct as of the Closing Date. Any representation expressly tied to a predetermined date is only required to be accurate as of that date.""

Section 10.3 Additional Pre-Closing Covenants (Page 142): ""Notwithstanding Section 10.1, for the purposes of satisfying the Offer conditions, every representation and warranty that is not otherwise confined to a specific date must have been continuously maintained from the execution date of this Agreement through to the Closing Date, thereby requiring validation both at signing and at closing.""
Choices: "
"16","Answer the following multiple choice question. The last line of your response should be of the following format: 'ANSWER: $LETTER' (without quotes) where LETTER is one of {letters}. Think step by step before answering.

{question}

{choices}

Instruction: Read the segment of a merger agreement and answer the multiple-choice question by choosing the option that best characterizes the agreement.
Question: According to the bring down provision, when must the representations and warranties be confirmed?
Option A: At Closing Only
Option B: At Signing & At Closing

Merger Agreement:
Section 5.4 Conditions to Finalization. The obligations of the Seller to complete the transaction are subject to the condition that all representations and warranties provided by the Company are true and correct as of the Closing Date. This requirement applies notwithstanding any specific date indicated in related operative clauses. (Page 42)

Section 9.7 Conditions to Participation. In contrast, except for those representations and warranties expressly limited by the dates set forth in Section 4.2, the Company shall ensure that such representations and warranties are accurate as of the Execution Date and shall remain accurate as of the Closing Date, as if made anew at both times. (Page 87)
Choices: ","Fail","Answer the following multiple choice question. The last line of your response should be of the following format: 'ANSWER: $LETTER' (without quotes) where LETTER is one of {letters}. Think step by step before answering.

{question}

{choices}

Instruction: Read the segment of a merger agreement and answer the multiple-choice question by choosing the option that best characterizes the agreement.

Question: When are representations and warranties required to be made according to the bring down provision?
Option A: At Closing Only
Option B: At Signing & At Closing

Merger Agreement Excerpts:
Section 10.1 Conditions Precedent (Page 135): ""Each representation and warranty of the Target, except those expressly designated as being made as of a specific date, shall be true and correct as of the Closing Date. Any representation expressly tied to a predetermined date is only required to be accurate as of that date.""

Section 10.3 Additional Pre-Closing Covenants (Page 142): ""Notwithstanding Section 10.1, for the purposes of satisfying the Offer conditions, every representation and warranty that is not otherwise confined to a specific date must have been continuously maintained from the execution date of this Agreement through to the Closing Date, thereby requiring validation both at signing and at closing.""
Choices: "
"17","Answer the following multiple choice question. The last line of your response should be of the following format: 'ANSWER: $LETTER' (without quotes) where LETTER is one of {letters}. Think step by step before answering.

{question}

{choices}

Instruction: Read the segment of the merger agreement and answer the multiple-choice question by choosing the option that best characterizes the timing required for representations and warranties.

Question: When are representations and warranties required to be made according to the bring down provision?
Option A: At Closing Only
Option B: At Signing & At Closing

Merger Agreement:
Section 12.4 Affirmations and Conditions. Except where a representation or warranty explicitly states a particular effective date, all representations and warranties of the Company shall be true and correct as of the date of this Agreement (the Signing Date) and must continue in full force and effect until, and be reaffirmed at, the Closing Date as if made anew. 

Section 12.8 Early Termination Conditions. Notwithstanding the foregoing, any representation or warranty that expressly qualifies its effectiveness with reference to a specific milestone shall only require verification as of that milestone, and not necessarily be reaffirmed at Closing.
Choices: ","Fail","Answer the following multiple choice question. The last line of your response should be of the following format: 'ANSWER: $LETTER' (without quotes) where LETTER is one of {letters}. Think step by step before answering.

{question}

{choices}

Instruction: Read the segment of a merger agreement and answer the multiple-choice question by choosing the option that best characterizes the agreement.

Question: When are representations and warranties required to be made according to the bring down provision?
Option A: At Closing Only
Option B: At Signing & At Closing

Merger Agreement Excerpts:
Section 10.1 Conditions Precedent (Page 135): ""Each representation and warranty of the Target, except those expressly designated as being made as of a specific date, shall be true and correct as of the Closing Date. Any representation expressly tied to a predetermined date is only required to be accurate as of that date.""

Section 10.3 Additional Pre-Closing Covenants (Page 142): ""Notwithstanding Section 10.1, for the purposes of satisfying the Offer conditions, every representation and warranty that is not otherwise confined to a specific date must have been continuously maintained from the execution date of this Agreement through to the Closing Date, thereby requiring validation both at signing and at closing.""
Choices: "
"18","Answer the following multiple choice question. The last line of your response should be of the following format: 'ANSWER: $LETTER' (without quotes) where LETTER is one of {letters}. Think step by step before answering.

{question}

{choices}

Instruction: Read the following segments of a merger agreement and answer the multiple-choice question by choosing the option that best characterizes the timing of the representations and warranties as required by the bring down provision.

Question: When are the representations and warranties required to be made according to the bring down provision?
Option A: At Closing Only
Option B: At Execution & At Closing

Merger Agreement: Section 8.5 – Confirmation of Corporate Representations. All representations and warranties provided by the Seller, including but not limited to corporate authority and financial condition, shall be deemed effective as of the Execution Date. Notwithstanding the foregoing, unless a representation is expressly made as of a particular date, it must be reconfirmed and refreshed at the Closing Date to account for any material changes occurring after execution.

Merger Agreement: Section 10.1 – Conditions Precedent to Closing. As a condition to closing, the Seller is required to furnish an updated certification that all representations and warranties previously given as of the Execution Date remain true and correct as of the Closing Date. This updated certification is to be provided no later than one business day before the Closing Date, thereby ensuring continuous validity from execution through to closing.
Choices: ","Fail","Answer the following multiple choice question. The last line of your response should be of the following format: 'ANSWER: $LETTER' (without quotes) where LETTER is one of {letters}. Think step by step before answering.

{question}

{choices}

Instruction: Read the segment of a merger agreement and answer the multiple-choice question by choosing the option that best characterizes the agreement.

Question: When are representations and warranties required to be made according to the bring down provision?
Option A: At Closing Only
Option B: At Signing & At Closing

Merger Agreement Excerpts:
Section 10.1 Conditions Precedent (Page 135): ""Each representation and warranty of the Target, except those expressly designated as being made as of a specific date, shall be true and correct as of the Closing Date. Any representation expressly tied to a predetermined date is only required to be accurate as of that date.""

Section 10.3 Additional Pre-Closing Covenants (Page 142): ""Notwithstanding Section 10.1, for the purposes of satisfying the Offer conditions, every representation and warranty that is not otherwise confined to a specific date must have been continuously maintained from the execution date of this Agreement through to the Closing Date, thereby requiring validation both at signing and at closing.""
Choices: "
"19","Answer the following multiple choice question. The last line of your response should be of the following format: 'ANSWER: $LETTER' (without quotes) where LETTER is one of {letters}. Think step by step before answering.

{question}

{choices}

Instruction: Read the following segments of a merger agreement and answer the multiple-choice question by choosing the option that best characterizes when representations and warranties are required according to the bring down provision.
Question: When are representations and warranties required to be made according to the bring down provision?
Option A: At Final Closing Date Only
Option B: At Execution Date & at Final Closing Date

Merger Agreement: Section 10.3 Conditions for Final Execution. All representations and warranties provided by the Seller shall be accurate and continuously verified as of the Final Closing Date (i.e., the date when the transaction is formally completed), except for those expressly made as of a predetermined 'Effective Date', for which accuracy is required solely for that designated date. (Page 102)

Merger Agreement: Section 12.1 Conditions Precedent to Offer Acceptance. In addition to the requirements in Section 10.3, all representations and warranties, other than those pertaining to capital structure, shall be deemed reaffirmed and in effect as of the Execution Date, irrespective of subsequent modifications prior to the Expiration Deadline of the Offer. (Page 115)
Choices: ","Fail","Answer the following multiple choice question. The last line of your response should be of the following format: 'ANSWER: $LETTER' (without quotes) where LETTER is one of {letters}. Think step by step before answering.

{question}

{choices}

Instruction: Read the segment of a merger agreement and answer the multiple-choice question by choosing the option that best characterizes the agreement.

Question: When are representations and warranties required to be made according to the bring down provision?
Option A: At Closing Only
Option B: At Signing & At Closing

Merger Agreement Excerpts:
Section 10.1 Conditions Precedent (Page 135): ""Each representation and warranty of the Target, except those expressly designated as being made as of a specific date, shall be true and correct as of the Closing Date. Any representation expressly tied to a predetermined date is only required to be accurate as of that date.""

Section 10.3 Additional Pre-Closing Covenants (Page 142): ""Notwithstanding Section 10.1, for the purposes of satisfying the Offer conditions, every representation and warranty that is not otherwise confined to a specific date must have been continuously maintained from the execution date of this Agreement through to the Closing Date, thereby requiring validation both at signing and at closing.""
Choices: "
"20","Answer the following multiple choice question. The last line of your response should be of the following format: 'ANSWER: $LETTER' (without quotes) where LETTER is one of {letters}. Think step by step before answering.

{question}

{choices}

Instruction: Read the following segments of a merger agreement and answer the multiple-choice question by choosing the option that best characterizes the agreement.
Question: When are representations and warranties required to be made according to the bring down provision?
Option A: At Closing Only
Option B: At Signing & At Closing

Merger Agreement Excerpt 1 (Section 8.5 - Conditions Precedent): ""Each representation and warranty contained herein shall be deemed true and correct as of the Closing Date, except for those provisions explicitly stated to be effective as of the Agreement Date, in which event they are as though made at the time this Agreement was executed.""

Merger Agreement Excerpt 2 (Section 3.2 - Additional Parent Conditions): ""All representations and warranties not expressly identified with a specific effective date shall be confirmed and remain accurate as of both the signing of this Agreement and the Closing Date, thereby ensuring continuous validity over the course of the transaction.""
Choices: ","Fail","Answer the following multiple choice question. The last line of your response should be of the following format: 'ANSWER: $LETTER' (without quotes) where LETTER is one of {letters}. Think step by step before answering.

{question}

{choices}

Instruction: Read the segment of a merger agreement and answer the multiple-choice question by choosing the option that best characterizes the agreement.

Question: When are representations and warranties required to be made according to the bring down provision?
Option A: At Closing Only
Option B: At Signing & At Closing

Merger Agreement Excerpts:
Section 10.1 Conditions Precedent (Page 135): ""Each representation and warranty of the Target, except those expressly designated as being made as of a specific date, shall be true and correct as of the Closing Date. Any representation expressly tied to a predetermined date is only required to be accurate as of that date.""

Section 10.3 Additional Pre-Closing Covenants (Page 142): ""Notwithstanding Section 10.1, for the purposes of satisfying the Offer conditions, every representation and warranty that is not otherwise confined to a specific date must have been continuously maintained from the execution date of this Agreement through to the Closing Date, thereby requiring validation both at signing and at closing.""
Choices: "
"21","Answer the following multiple choice question. The last line of your response should be of the following format: 'ANSWER: $LETTER' (without quotes) where LETTER is one of {letters}. Think step by step before answering.

{question}

{choices}

Instruction: Read the following segments of a Transaction Agreement and answer the multiple-choice question by choosing the option that best characterizes the bring down provision.
Question: When are the representations and warranties required to be made according to the bring down provision?
Option A: At Closing Only
Option B: At Signing & At Closing

Transaction Agreement:
Section 8.1 – Conditions and Representations. Except for those representations expressly made as of a specific prior date, the representations and warranties of the Target shall be deemed accurate exclusively as of the Final Closing Date for the purposes of satisfying closing conditions.

Section 11.4 – Additional Conditions. All representations and warranties of the Target, including those enumerated in Article III, are required to be true and complete as of the date of this Agreement and must be reaffirmed as of the Final Closing Date, as if originally made at both these times, except where a representation is explicitly qualified by an earlier effective date.
Choices: ","Fail","Answer the following multiple choice question. The last line of your response should be of the following format: 'ANSWER: $LETTER' (without quotes) where LETTER is one of {letters}. Think step by step before answering.

{question}

{choices}

Instruction: Read the segment of a merger agreement and answer the multiple-choice question by choosing the option that best characterizes the agreement.

Question: When are representations and warranties required to be made according to the bring down provision?
Option A: At Closing Only
Option B: At Signing & At Closing

Merger Agreement Excerpts:
Section 10.1 Conditions Precedent (Page 135): ""Each representation and warranty of the Target, except those expressly designated as being made as of a specific date, shall be true and correct as of the Closing Date. Any representation expressly tied to a predetermined date is only required to be accurate as of that date.""

Section 10.3 Additional Pre-Closing Covenants (Page 142): ""Notwithstanding Section 10.1, for the purposes of satisfying the Offer conditions, every representation and warranty that is not otherwise confined to a specific date must have been continuously maintained from the execution date of this Agreement through to the Closing Date, thereby requiring validation both at signing and at closing.""
Choices: "
"22","Answer the following multiple choice question. The last line of your response should be of the following format: 'ANSWER: $LETTER' (without quotes) where LETTER is one of {letters}. Think step by step before answering.

{question}

{choices}

Instruction: Read the segment of a merger agreement and answer the multiple-choice question by choosing the option that best characterizes the timing of representations and warranties requirements.

Question: According to the bring down provision, when must the representations and warranties be made?
Option A: At Closing Only
Option B: At Signing & At Closing

Merger Agreement Excerpt 1: Section 8.4 Conditions Precedent to Closing. The continuing obligations of the Seller are conditioned upon each representation and warranty in this Agreement being accurate as of the Execution Date and remaining true and correct as of the Closing Date, such that they are effectively made as of both dates. (Page 45)

Merger Agreement Excerpt 2: Section 14.3 Verification of Covenants. Notwithstanding any other provision, all representations and warranties shall be initially made as of the date of execution of this Agreement, and for purposes of final validation prior to the consummation of the transaction, they must be confirmed as of the Closing Date. (Page 78)
Choices: ","Fail","Answer the following multiple choice question. The last line of your response should be of the following format: 'ANSWER: $LETTER' (without quotes) where LETTER is one of {letters}. Think step by step before answering.

{question}

{choices}

Instruction: Read the segment of a merger agreement and answer the multiple-choice question by choosing the option that best characterizes the agreement.

Question: When are representations and warranties required to be made according to the bring down provision?
Option A: At Closing Only
Option B: At Signing & At Closing

Merger Agreement Excerpts:
Section 10.1 Conditions Precedent (Page 135): ""Each representation and warranty of the Target, except those expressly designated as being made as of a specific date, shall be true and correct as of the Closing Date. Any representation expressly tied to a predetermined date is only required to be accurate as of that date.""

Section 10.3 Additional Pre-Closing Covenants (Page 142): ""Notwithstanding Section 10.1, for the purposes of satisfying the Offer conditions, every representation and warranty that is not otherwise confined to a specific date must have been continuously maintained from the execution date of this Agreement through to the Closing Date, thereby requiring validation both at signing and at closing.""
Choices: "
"23","Answer the following multiple choice question. The last line of your response should be of the following format: 'ANSWER: $LETTER' (without quotes) where LETTER is one of {letters}. Think step by step before answering.

{question}

{choices}

Instruction: Read the following segments from a merger agreement and answer the question by choosing the option that best characterizes when the Seller’s representations and warranties are required to be made.
Question: According to the bring down provision, when must the Seller’s representations and warranties be true and correct?
Option A: At the Signing Date only
Option B: At both the Signing and the Closing Date

Merger Agreement: Section 8. Conditions Precedent and Verification. The Seller hereby warrants that, as of the Signing Date, all representations and warranties set forth in this Agreement are accurate and complete. Notwithstanding this initial certification, with the exception of those representations expressly made as of a fixed specific date (which shall be deemed final as of such date), all other representations and warranties must maintain their accuracy and completeness at the Closing Date, as if made on that date, without deference to any post-signing modifications.

Section 12. Amendment and Reaffirmation Clauses. In fulfillment of the bring down provision, the Seller is required to provide notarized certificates, executed by both its Chief Financial Officer and Chief Legal Officer, confirming that the representations and warranties (barring those tied to a specific fixed date) remain true and correct as of the effective Closing Date. This requirement ensures that any alterations in the information between signing and closing are appropriately reflected.
Choices: ","Fail","Answer the following multiple choice question. The last line of your response should be of the following format: 'ANSWER: $LETTER' (without quotes) where LETTER is one of {letters}. Think step by step before answering.

{question}

{choices}

Instruction: Read the segment of a merger agreement and answer the multiple-choice question by choosing the option that best characterizes the agreement.

Question: When are representations and warranties required to be made according to the bring down provision?
Option A: At Closing Only
Option B: At Signing & At Closing

Merger Agreement Excerpts:
Section 10.1 Conditions Precedent (Page 135): ""Each representation and warranty of the Target, except those expressly designated as being made as of a specific date, shall be true and correct as of the Closing Date. Any representation expressly tied to a predetermined date is only required to be accurate as of that date.""

Section 10.3 Additional Pre-Closing Covenants (Page 142): ""Notwithstanding Section 10.1, for the purposes of satisfying the Offer conditions, every representation and warranty that is not otherwise confined to a specific date must have been continuously maintained from the execution date of this Agreement through to the Closing Date, thereby requiring validation both at signing and at closing.""
Choices: "
"24","Answer the following multiple choice question. The last line of your response should be of the following format: 'ANSWER: $LETTER' (without quotes) where LETTER is one of {letters}. Think step by step before answering.

{question}

{choices}

Instruction: Read the segment of a merger agreement and answer the multiple-choice question by choosing the option that best characterizes the agreement.
Question: When are representations and warranties required to be made according to the bring down provision?
Option A: At Closing Only
Option B: At Signing & At Closing

Merger Agreement: Section 10.4 Conditions Precedent to Closing. (a) Except for representations explicitly fixed as of January 1, 2023, all representations and warranties of the Company shall be provided and shall be true and correct at the time of Signing, and shall be reaffirmed to be true and correct as of the Closing Date, as if made on both dates. (b) Representations that are subject to a material adverse effect clause require verification solely at Closing. (c) Any representation specifically designated as ""as of January 1, 2023"" is only required to be true as of that fixed date. (Page 125)
Choices: ","Fail","Answer the following multiple choice question. The last line of your response should be of the following format: 'ANSWER: $LETTER' (without quotes) where LETTER is one of {letters}. Think step by step before answering.

{question}

{choices}

Instruction: Read the segment of a merger agreement and answer the multiple-choice question by choosing the option that best characterizes the agreement.

Question: When are representations and warranties required to be made according to the bring down provision?
Option A: At Closing Only
Option B: At Signing & At Closing

Merger Agreement Excerpts:
Section 10.1 Conditions Precedent (Page 135): ""Each representation and warranty of the Target, except those expressly designated as being made as of a specific date, shall be true and correct as of the Closing Date. Any representation expressly tied to a predetermined date is only required to be accurate as of that date.""

Section 10.3 Additional Pre-Closing Covenants (Page 142): ""Notwithstanding Section 10.1, for the purposes of satisfying the Offer conditions, every representation and warranty that is not otherwise confined to a specific date must have been continuously maintained from the execution date of this Agreement through to the Closing Date, thereby requiring validation both at signing and at closing.""
Choices: "
"25","Answer the following multiple choice question. The last line of your response should be of the following format: 'ANSWER: $LETTER' (without quotes) where LETTER is one of {letters}. Think step by step before answering.

{question}

{choices}

Instruction: Read the following segments of a merger agreement and answer the multiple-choice question by choosing the option that best characterizes the timing for representations and warranties under the bring down provision.

Question: When are representations and warranties required to be made according to the bring down provision?
Option A: At Signing & At Closing
Option B: At Closing Only

Merger Agreement:
Segment 1 (Section 8.5 Conditions to Closing): ""The obligations of Buyer and Seller to consummate the merger are contingent upon the representations and warranties of the Company being true and correct as of the Closing Date, except those representations that are expressly provided as of a fixed earlier date."" (Page 102)

Segment 2 (Appendix B, Clause (c) Representations): ""Notwithstanding any other provision, all representations and warranties of the Company that are not made as of a specific date shall be accurate both as of the Execution Date and reconfirmed as of the Closing Date as if made anew at each time. Any deviation from this standard at either point shall constitute a breach."" (Page 117)

Answer:
Choices: ","Fail","Answer the following multiple choice question. The last line of your response should be of the following format: 'ANSWER: $LETTER' (without quotes) where LETTER is one of {letters}. Think step by step before answering.

{question}

{choices}

Instruction: Read the segment of a merger agreement and answer the multiple-choice question by choosing the option that best characterizes the agreement.

Question: When are representations and warranties required to be made according to the bring down provision?
Option A: At Closing Only
Option B: At Signing & At Closing

Merger Agreement Excerpts:
Section 10.1 Conditions Precedent (Page 135): ""Each representation and warranty of the Target, except those expressly designated as being made as of a specific date, shall be true and correct as of the Closing Date. Any representation expressly tied to a predetermined date is only required to be accurate as of that date.""

Section 10.3 Additional Pre-Closing Covenants (Page 142): ""Notwithstanding Section 10.1, for the purposes of satisfying the Offer conditions, every representation and warranty that is not otherwise confined to a specific date must have been continuously maintained from the execution date of this Agreement through to the Closing Date, thereby requiring validation both at signing and at closing.""
Choices: "
"26","Answer the following multiple choice question. The last line of your response should be of the following format: 'ANSWER: $LETTER' (without quotes) where LETTER is one of {letters}. Think step by step before answering.

{question}

{choices}

Instruction: Read the following segments of a merger agreement and answer the multiple-choice question by choosing the option that best characterizes the timing for making representations and warranties under the bring down provision.
Question: When are representations and warranties required to be made according to the bring down provision?
Option A: At Closing Only
Option B: At Signing & At Closing

Merger Agreement Segment 1: ""Section 8.3 Conditions Precedent. The obligations of the Parties to consummate the Transaction are subject, among other things, to the condition that each representation and warranty of the Company shall be true and correct as of the Final Closing Date. Any representation made as of a specified earlier date shall need only be accurate as of such date. (Page 112)""
Merger Agreement Segment 2: ""Section 9.1 Offer Provisions. Notwithstanding Section 8.3, for the purposes of the Offer, all representations and warranties not expressly identified as of a specific precedent date are required to be true and correct as of the Offer Acceptance Time, as if made at and as of that time, and shall also be reaffirmed at the Final Closing Date. In addition, the Company must deliver a certificate confirming such representations concurrently with the execution of this Agreement. (Page 125)""
Choices: ","Fail","Answer the following multiple choice question. The last line of your response should be of the following format: 'ANSWER: $LETTER' (without quotes) where LETTER is one of {letters}. Think step by step before answering.

{question}

{choices}

Instruction: Read the segment of a merger agreement and answer the multiple-choice question by choosing the option that best characterizes the agreement.

Question: When are representations and warranties required to be made according to the bring down provision?
Option A: At Closing Only
Option B: At Signing & At Closing

Merger Agreement Excerpts:
Section 10.1 Conditions Precedent (Page 135): ""Each representation and warranty of the Target, except those expressly designated as being made as of a specific date, shall be true and correct as of the Closing Date. Any representation expressly tied to a predetermined date is only required to be accurate as of that date.""

Section 10.3 Additional Pre-Closing Covenants (Page 142): ""Notwithstanding Section 10.1, for the purposes of satisfying the Offer conditions, every representation and warranty that is not otherwise confined to a specific date must have been continuously maintained from the execution date of this Agreement through to the Closing Date, thereby requiring validation both at signing and at closing.""
Choices: "
"27","Answer the following multiple choice question. The last line of your response should be of the following format: 'ANSWER: $LETTER' (without quotes) where LETTER is one of {letters}. Think step by step before answering.

{question}

{choices}

Instruction: Read the following extract from a merger agreement and answer the multiple-choice question by choosing the option that best characterizes the agreement.
Question: According to the bring down provision, when must the Seller's representations and warranties be confirmed?
Option A: At Closing Only
Option B: At Signing & At Closing

Merger Agreement Excerpts:
Section 8.4 – Representations and Conditions: The Seller's representations and warranties set forth in Article III shall be deemed accurate as of the Effective Date. Notwithstanding the foregoing, these representations shall be updated and reconfirmed at the Closing Date, provided no material change occurs during the interim period.

Section 11.3 – Reaffirmation of Representations: At the time of signing this Agreement, the Seller certifies that all representations and warranties are accurate as stated as of the Signing Date. Furthermore, the same representations shall be reconfirmed at the Closing Date as if freshly made, except where explicitly referenced to a specific past date.
Choices: ","Fail","Answer the following multiple choice question. The last line of your response should be of the following format: 'ANSWER: $LETTER' (without quotes) where LETTER is one of {letters}. Think step by step before answering.

{question}

{choices}

Instruction: Read the segment of a merger agreement and answer the multiple-choice question by choosing the option that best characterizes the agreement.

Question: When are representations and warranties required to be made according to the bring down provision?
Option A: At Closing Only
Option B: At Signing & At Closing

Merger Agreement Excerpts:
Section 10.1 Conditions Precedent (Page 135): ""Each representation and warranty of the Target, except those expressly designated as being made as of a specific date, shall be true and correct as of the Closing Date. Any representation expressly tied to a predetermined date is only required to be accurate as of that date.""

Section 10.3 Additional Pre-Closing Covenants (Page 142): ""Notwithstanding Section 10.1, for the purposes of satisfying the Offer conditions, every representation and warranty that is not otherwise confined to a specific date must have been continuously maintained from the execution date of this Agreement through to the Closing Date, thereby requiring validation both at signing and at closing.""
Choices: "
"28","Answer the following multiple choice question. The last line of your response should be of the following format: 'ANSWER: $LETTER' (without quotes) where LETTER is one of {letters}. Think step by step before answering.

{question}

{choices}

Instruction: Read the following segments of a merger agreement and answer the multiple-choice question by choosing the option that best characterizes the timing of the representations and warranties under the bring down provision.

Question: Based on the provisions below, when must the representations and warranties be true and correct?

Option A: At Closing Only
Option B: At Signing & At Closing

Merger Agreement - Segment 1 (Section 9.2 Conditions to Closing): ""All representations and warranties explicitly designated as effective solely on the Closing Date shall be true and correct as of the Closing Date. For these representations, no reaffirmation at the date of the Agreement is required unless expressly stated as of a specific earlier date.""

Merger Agreement - Segment 2 (Annex IX: Additional Representations and Affirmations): ""All other representations and warranties not otherwise specified with a unique measurement date shall be true and correct both at the date of this Agreement and as of the Final Closing Date, as if made simultaneously on both dates, provided that any material variations have been disclosed.""

Choices: ","Fail","Answer the following multiple choice question. The last line of your response should be of the following format: 'ANSWER: $LETTER' (without quotes) where LETTER is one of {letters}. Think step by step before answering.

{question}

{choices}

Instruction: Read the segment of a merger agreement and answer the multiple-choice question by choosing the option that best characterizes the agreement.

Question: When are representations and warranties required to be made according to the bring down provision?
Option A: At Closing Only
Option B: At Signing & At Closing

Merger Agreement Excerpts:
Section 10.1 Conditions Precedent (Page 135): ""Each representation and warranty of the Target, except those expressly designated as being made as of a specific date, shall be true and correct as of the Closing Date. Any representation expressly tied to a predetermined date is only required to be accurate as of that date.""

Section 10.3 Additional Pre-Closing Covenants (Page 142): ""Notwithstanding Section 10.1, for the purposes of satisfying the Offer conditions, every representation and warranty that is not otherwise confined to a specific date must have been continuously maintained from the execution date of this Agreement through to the Closing Date, thereby requiring validation both at signing and at closing.""
Choices: "
"29","Answer the following multiple choice question. The last line of your response should be of the following format: 'ANSWER: $LETTER' (without quotes) where LETTER is one of {letters}. Think step by step before answering.

{question}

{choices}

Instruction: Read the following segments of a stock purchase agreement and answer the multiple-choice question by choosing the option that best captures the timing requirements for representations and warranties under the bring down provision.

Question: Based on the agreement segments, when are representations and warranties required to be made according to the bring down provision?
Option A: At Execution and at Closing
Option B: At Closing Only

Stock Purchase Agreement:
Section 8.3 – Conditions of Completion: ""The obligations of the Seller to complete the transaction are conditioned upon the representations and warranties of the Company being true and correct in all material respects as of the Closing Date. Notwithstanding this, any representation that is expressly limited to a specific earlier date shall only reflect conditions as of the Execution Date and will not be subject to the bring down requirement at Closing.""

Section 10.7 – Additional Conditions: ""Notwithstanding any other provisions of this Agreement, except for representations expressly made as of a fixed earlier date, all representations and warranties of the Company shall be reaffirmed solely as of the Closing Date for the purposes of satisfying the bring down provision. No additional reaffirmation at the Execution Date is required under this provision.""
Choices: ","Fail","Answer the following multiple choice question. The last line of your response should be of the following format: 'ANSWER: $LETTER' (without quotes) where LETTER is one of {letters}. Think step by step before answering.

{question}

{choices}

Instruction: Read the segment of a merger agreement and answer the multiple-choice question by choosing the option that best characterizes the agreement.

Question: When are representations and warranties required to be made according to the bring down provision?
Option A: At Closing Only
Option B: At Signing & At Closing

Merger Agreement Excerpts:
Section 10.1 Conditions Precedent (Page 135): ""Each representation and warranty of the Target, except those expressly designated as being made as of a specific date, shall be true and correct as of the Closing Date. Any representation expressly tied to a predetermined date is only required to be accurate as of that date.""

Section 10.3 Additional Pre-Closing Covenants (Page 142): ""Notwithstanding Section 10.1, for the purposes of satisfying the Offer conditions, every representation and warranty that is not otherwise confined to a specific date must have been continuously maintained from the execution date of this Agreement through to the Closing Date, thereby requiring validation both at signing and at closing.""
Choices: "
"30","Answer the following multiple choice question. The last line of your response should be of the following format: 'ANSWER: $LETTER' (without quotes) where LETTER is one of {letters}. Think step by step before answering.

{question}

{choices}

Instruction: Read the following segments of a merger agreement and answer the multiple-choice question by choosing the option that best characterizes the timing requirement for the Company's representations and warranties.
Question: According to the bring down provisions, when must the Company's representations and warranties be true and correct?
Option A: At Closing Only
Option B: At Signing & At Closing

Merger Agreement Segment 1 (Section 8.4 Conditions for Completion): ""The representations and warranties of the Company, as set forth in Article IV, shall be true and correct in all material respects as of the Closing Date, except for those specifically designated in Section 4.2, which are deemed to be made as of a fixed Signing Date."" (Page 112)

Merger Agreement Segment 2 (Exhibit C - Additional Representations): ""All supplemental representations and warranties not addressed in Section 4.2 shall be accurate both at the time of signing this Agreement and remain so on and as of the Closing Date, effectively reflecting the status of the Company at both critical junctures."" (Page 130)
Choices: ","Fail","Answer the following multiple choice question. The last line of your response should be of the following format: 'ANSWER: $LETTER' (without quotes) where LETTER is one of {letters}. Think step by step before answering.

{question}

{choices}

Instruction: Read the segment of a merger agreement and answer the multiple-choice question by choosing the option that best characterizes the agreement.

Question: When are representations and warranties required to be made according to the bring down provision?
Option A: At Closing Only
Option B: At Signing & At Closing

Merger Agreement Excerpts:
Section 10.1 Conditions Precedent (Page 135): ""Each representation and warranty of the Target, except those expressly designated as being made as of a specific date, shall be true and correct as of the Closing Date. Any representation expressly tied to a predetermined date is only required to be accurate as of that date.""

Section 10.3 Additional Pre-Closing Covenants (Page 142): ""Notwithstanding Section 10.1, for the purposes of satisfying the Offer conditions, every representation and warranty that is not otherwise confined to a specific date must have been continuously maintained from the execution date of this Agreement through to the Closing Date, thereby requiring validation both at signing and at closing.""
Choices: "
"31","Answer the following multiple choice question. The last line of your response should be of the following format: 'ANSWER: $LETTER' (without quotes) where LETTER is one of {letters}. Think step by step before answering.

{question}

{choices}

Instruction: Review the following segments of a merger agreement and determine when representations and warranties are required to be made according to the bring down provision.
Option A: At Closing Only
Option B: At Signing & At Closing

Merger Agreement: Section 8.3 Conditions Precedent. Notwithstanding any conflicting provisions, all representations and warranties of the Company that are not expressly limited to a specific date shall be true and correct as of both the Effective Time (i.e., the date hereof) and as of the Closing Date, as if repeated at Closing. (Page 45)

Merger Agreement: Section 11.04 Reconfirmation of Representations. To fulfill the conditions precedent, the Company must confirm that all representations and warranties, except those expressly stated to be effective solely 'as of a historical date', remain accurate on the Closing Date. (Page 89)

Merger Agreement: Section 12.2 Standalone Closing Condition. The representations and warranties of the Company shall be deemed to be updated solely as of the Closing Date unless expressly qualified otherwise. (Page 102)
Choices: ","Fail","Answer the following multiple choice question. The last line of your response should be of the following format: 'ANSWER: $LETTER' (without quotes) where LETTER is one of {letters}. Think step by step before answering.

{question}

{choices}

Instruction: Read the segment of a merger agreement and answer the multiple-choice question by choosing the option that best characterizes the agreement.

Question: When are representations and warranties required to be made according to the bring down provision?
Option A: At Closing Only
Option B: At Signing & At Closing

Merger Agreement Excerpts:
Section 10.1 Conditions Precedent (Page 135): ""Each representation and warranty of the Target, except those expressly designated as being made as of a specific date, shall be true and correct as of the Closing Date. Any representation expressly tied to a predetermined date is only required to be accurate as of that date.""

Section 10.3 Additional Pre-Closing Covenants (Page 142): ""Notwithstanding Section 10.1, for the purposes of satisfying the Offer conditions, every representation and warranty that is not otherwise confined to a specific date must have been continuously maintained from the execution date of this Agreement through to the Closing Date, thereby requiring validation both at signing and at closing.""
Choices: "
"32","Answer the following multiple choice question. The last line of your response should be of the following format: 'ANSWER: $LETTER' (without quotes) where LETTER is one of {letters}. Think step by step before answering.

{question}

{choices}

Instruction: Read the following excerpts from an Acquisition Agreement and answer the multiple-choice question by choosing the option that best characterizes when the representations and warranties are required to be made under the bring down provision.

Question: According to the Agreement, when must the Seller's representations and warranties be verified as required by the bring down provision?

Option A: At Closing Only
Option B: At Signing and At Closing

Acquisition Agreement Excerpts:
Section 8.1 – Conditions for Completion. Except as otherwise expressly provided for representations made as of a specified earlier date, all representations and warranties of the Seller shall be true and correct as of the Closing Date, which requires a reaffirmation immediately prior to Closing.

Section 11.0 – Conditions Precedent. The representations and warranties initially set forth in this Agreement, made as of the Signing Date, shall remain valid and free of material adverse changes until the Effective Time. An affirmation of these representations is deemed given upon execution of the Agreement, absent a requirement for a second, explicit revalidation at signing.

[Additional procedural and customary provisions are omitted for brevity.]
Choices: ","Fail","Answer the following multiple choice question. The last line of your response should be of the following format: 'ANSWER: $LETTER' (without quotes) where LETTER is one of {letters}. Think step by step before answering.

{question}

{choices}

Instruction: Read the segment of a merger agreement and answer the multiple-choice question by choosing the option that best characterizes the agreement.

Question: When are representations and warranties required to be made according to the bring down provision?
Option A: At Closing Only
Option B: At Signing & At Closing

Merger Agreement Excerpts:
Section 10.1 Conditions Precedent (Page 135): ""Each representation and warranty of the Target, except those expressly designated as being made as of a specific date, shall be true and correct as of the Closing Date. Any representation expressly tied to a predetermined date is only required to be accurate as of that date.""

Section 10.3 Additional Pre-Closing Covenants (Page 142): ""Notwithstanding Section 10.1, for the purposes of satisfying the Offer conditions, every representation and warranty that is not otherwise confined to a specific date must have been continuously maintained from the execution date of this Agreement through to the Closing Date, thereby requiring validation both at signing and at closing.""
Choices: "
"33","Answer the following multiple choice question. The last line of your response should be of the following format: 'ANSWER: $LETTER' (without quotes) where LETTER is one of {letters}. Think step by step before answering.

{question}

{choices}

Instruction: Read the following segments of the merger agreement and answer the multiple-choice question by choosing the option that best characterizes the timing at which representations and warranties must be made according to the bring down provision.

Question: When are representations and warranties required to be made according to the bring down provision?
Option A: At Closing Only
Option B: At Signing & At Closing

Merger Agreement Segment 1 (Section 10.3 Conditions Precedent): ""The Company's representations and warranties set forth in Article IV shall be true and correct as of the Closing Date, except for those representations which expressly refer to a particular date; such representations shall only be accurate as of the specified date.""

Merger Agreement Segment 2 (Section 12.1 Further Representations): ""In addition, the representations and warranties provided in Article IV shall be established as of the date of this Agreement and shall be reconfirmed as of the Closing Date, notwithstanding any de minimis qualification, except where a representation explicitly designates a different effective date.""

Choices: ","Fail","Answer the following multiple choice question. The last line of your response should be of the following format: 'ANSWER: $LETTER' (without quotes) where LETTER is one of {letters}. Think step by step before answering.

{question}

{choices}

Instruction: Read the segment of a merger agreement and answer the multiple-choice question by choosing the option that best characterizes the agreement.

Question: When are representations and warranties required to be made according to the bring down provision?
Option A: At Closing Only
Option B: At Signing & At Closing

Merger Agreement Excerpts:
Section 10.1 Conditions Precedent (Page 135): ""Each representation and warranty of the Target, except those expressly designated as being made as of a specific date, shall be true and correct as of the Closing Date. Any representation expressly tied to a predetermined date is only required to be accurate as of that date.""

Section 10.3 Additional Pre-Closing Covenants (Page 142): ""Notwithstanding Section 10.1, for the purposes of satisfying the Offer conditions, every representation and warranty that is not otherwise confined to a specific date must have been continuously maintained from the execution date of this Agreement through to the Closing Date, thereby requiring validation both at signing and at closing.""
Choices: "
"34","Answer the following multiple choice question. The last line of your response should be of the following format: 'ANSWER: $LETTER' (without quotes) where LETTER is one of {letters}. Think step by step before answering.

{question}

{choices}

Instruction: Read the following segments of a hypothetical merger agreement and answer the multiple-choice question by choosing the option that best characterizes the timing requirement for representations and warranties under the bring down provision.

Question: Based on the following segments, when are representations and warranties required to be made according to the bring down provision?
Option A: At Closing Only
Option B: At Signing & At Closing

Merger Agreement Segment 1: Section 10.3 Conditions to Effect the Merger. The Seller's representations and warranties, unless expressly designated as “Closing Date Only,” shall be true and correct as of the Execution Date and shall be reaffirmed and remain true as of the Closing Date. Any representation expressly stated “as of the Closing Date” is limited to that point in time.

Merger Agreement Segment 2: Section 11.1 Continuous Representations. For the purpose of effectuating this transaction, all representations and warranties not explicitly limited shall be deemed continuous, being valid as of the date hereof (i.e., the Execution Date) and as of the Closing Date as if made on both dates, ensuring that no material adverse change has occurred between these times.

Answer:
Choices: ","Fail","Answer the following multiple choice question. The last line of your response should be of the following format: 'ANSWER: $LETTER' (without quotes) where LETTER is one of {letters}. Think step by step before answering.

{question}

{choices}

Instruction: Read the segment of a merger agreement and answer the multiple-choice question by choosing the option that best characterizes the agreement.

Question: When are representations and warranties required to be made according to the bring down provision?
Option A: At Closing Only
Option B: At Signing & At Closing

Merger Agreement Excerpts:
Section 10.1 Conditions Precedent (Page 135): ""Each representation and warranty of the Target, except those expressly designated as being made as of a specific date, shall be true and correct as of the Closing Date. Any representation expressly tied to a predetermined date is only required to be accurate as of that date.""

Section 10.3 Additional Pre-Closing Covenants (Page 142): ""Notwithstanding Section 10.1, for the purposes of satisfying the Offer conditions, every representation and warranty that is not otherwise confined to a specific date must have been continuously maintained from the execution date of this Agreement through to the Closing Date, thereby requiring validation both at signing and at closing.""
Choices: "
"35","Answer the following multiple choice question. The last line of your response should be of the following format: 'ANSWER: $LETTER' (without quotes) where LETTER is one of {letters}. Think step by step before answering.

{question}

{choices}

Instruction: Read the following segments of a merger agreement and answer the multiple-choice question by choosing the option that best characterizes the requirement.

Question: According to the bring down provisions, when must the representations and warranties be correct?
Option A: They must be accurate solely as of the Closing Date.
Option B: They must be accurate both at the Signing Date and at the Closing Date.

Merger Agreement: Section 10.7 Representations and Warranties. The Company’s representations and warranties, except for those expressly designated as 'as of the Signing Date', shall be true and correct as of the Closing Date without any materiality exceptions.

Merger Agreement: Section 12.03 Effective Time. For purposes of this Agreement, 'Effective Time' means the later of the Signing Date or the Closing Date. Accordingly, all representations and warranties not explicitly limited to the Signing Date shall be reaffirmed at the Effective Time.
Choices: ","Fail","Answer the following multiple choice question. The last line of your response should be of the following format: 'ANSWER: $LETTER' (without quotes) where LETTER is one of {letters}. Think step by step before answering.

{question}

{choices}

Instruction: Read the segment of a merger agreement and answer the multiple-choice question by choosing the option that best characterizes the agreement.

Question: When are representations and warranties required to be made according to the bring down provision?
Option A: At Closing Only
Option B: At Signing & At Closing

Merger Agreement Excerpts:
Section 10.1 Conditions Precedent (Page 135): ""Each representation and warranty of the Target, except those expressly designated as being made as of a specific date, shall be true and correct as of the Closing Date. Any representation expressly tied to a predetermined date is only required to be accurate as of that date.""

Section 10.3 Additional Pre-Closing Covenants (Page 142): ""Notwithstanding Section 10.1, for the purposes of satisfying the Offer conditions, every representation and warranty that is not otherwise confined to a specific date must have been continuously maintained from the execution date of this Agreement through to the Closing Date, thereby requiring validation both at signing and at closing.""
Choices: "
"36","Answer the following multiple choice question. The last line of your response should be of the following format: 'ANSWER: $LETTER' (without quotes) where LETTER is one of {letters}. Think step by step before answering.

{question}

{choices}

Instruction: Read the following segments of a merger agreement and answer the question by selecting the option that best characterizes the timing requirement for the representations and warranties.

Question: According to the bring down provisions detailed below, when must the Company's representations and warranties be true and correct?
Option A: At Closing Only
Option B: At Signing & At Closing

Merger Agreement Excerpt 1 (Section 9.4 – Conditions to Effect the Merger):
'Notwithstanding any other provision of this Agreement, each representation and warranty of the Company, except where expressly designated as being effective as of an earlier specified date, shall be true and correct solely as of the Closing Date. Any reference to earlier dates shall be read as an exception expressly provided and shall not alter the fundamental requirement that the accuracy of such representations be reaffirmed at Closing.'

Merger Agreement Excerpt 2 (Section 12.8 – Conditions to the Offer):
'For the purposes of this Offer, and without limiting any other condition precedent, each representation and warranty of the Company that is not expressly identified as made 'as of a specific earlier date' shall be deemed to be determined solely as of the Closing Date, and no obligation shall rest upon its accuracy at the time of signing.'

Answer the question based on these provisions.
Choices: ","Fail","Answer the following multiple choice question. The last line of your response should be of the following format: 'ANSWER: $LETTER' (without quotes) where LETTER is one of {letters}. Think step by step before answering.

{question}

{choices}

Instruction: Read the segment of a merger agreement and answer the multiple-choice question by choosing the option that best characterizes the agreement.

Question: When are representations and warranties required to be made according to the bring down provision?
Option A: At Closing Only
Option B: At Signing & At Closing

Merger Agreement Excerpts:
Section 10.1 Conditions Precedent (Page 135): ""Each representation and warranty of the Target, except those expressly designated as being made as of a specific date, shall be true and correct as of the Closing Date. Any representation expressly tied to a predetermined date is only required to be accurate as of that date.""

Section 10.3 Additional Pre-Closing Covenants (Page 142): ""Notwithstanding Section 10.1, for the purposes of satisfying the Offer conditions, every representation and warranty that is not otherwise confined to a specific date must have been continuously maintained from the execution date of this Agreement through to the Closing Date, thereby requiring validation both at signing and at closing.""
Choices: "
"37","Answer the following multiple choice question. The last line of your response should be of the following format: 'ANSWER: $LETTER' (without quotes) where LETTER is one of {letters}. Think step by step before answering.

{question}

{choices}

Instruction: Read the following segment of an acquisition agreement and answer the multiple-choice question by choosing the option that best characterizes the agreement.

Question: When are representations and warranties required to be made according to the bring down provision?
Option A: At Completion Only
Option B: At Execution & At Completion

Acquisition Agreement:
Clause 9.1 Conditions of Obligations. The representations and warranties of the Acquired Company, without giving effect to any materiality adjustments or Company Material Adverse Effect qualifications, shall be true and correct as of the Completion Date, except for those representations expressly made as of a particular historical date, which shall only be accurate as of that specified date.

Clause 2.3 Verification of Obligations. Notwithstanding Clause 9.1, all representations and warranties of the Acquired Company that are not expressly qualified by a specific historical reference shall be reaffirmed and confirmed as true and correct as of both the Execution Date and the Completion Date, as though they were made concurrently at both times. Any failure to satisfy these conditions on either date shall constitute a material breach of this Agreement.
Choices: ","Fail","Answer the following multiple choice question. The last line of your response should be of the following format: 'ANSWER: $LETTER' (without quotes) where LETTER is one of {letters}. Think step by step before answering.

{question}

{choices}

Instruction: Read the segment of a merger agreement and answer the multiple-choice question by choosing the option that best characterizes the agreement.

Question: When are representations and warranties required to be made according to the bring down provision?
Option A: At Closing Only
Option B: At Signing & At Closing

Merger Agreement Excerpts:
Section 10.1 Conditions Precedent (Page 135): ""Each representation and warranty of the Target, except those expressly designated as being made as of a specific date, shall be true and correct as of the Closing Date. Any representation expressly tied to a predetermined date is only required to be accurate as of that date.""

Section 10.3 Additional Pre-Closing Covenants (Page 142): ""Notwithstanding Section 10.1, for the purposes of satisfying the Offer conditions, every representation and warranty that is not otherwise confined to a specific date must have been continuously maintained from the execution date of this Agreement through to the Closing Date, thereby requiring validation both at signing and at closing.""
Choices: "
"38","Answer the following multiple choice question. The last line of your response should be of the following format: 'ANSWER: $LETTER' (without quotes) where LETTER is one of {letters}. Think step by step before answering.

{question}

{choices}

Instruction: Read the segment of a merger agreement and answer the multiple-choice question by choosing the option that best characterizes the agreement.
Question: Under the bring down provision, when are the Company's representations and warranties required to be made?
Option A: At Closing Only
Option B: At Signing & At Closing

Merger Agreement: Section 12.3 – Conditions Precedent. For the purpose of satisfying the closing conditions, each representation and warranty set forth in Article V, except for those expressly qualified by a specific date, shall be accurate solely as of the Closing Date. (Page 115)

Merger Agreement: Section 4.7 – Supplemental Representations. Notwithstanding Section 12.3, all representations and warranties not otherwise qualified shall be deemed to have been made as of the date of this Agreement and must continue to be true and correct as of the Closing Date, thereby requiring a reaffirmation at Signing and at Closing. (Page 39)

Choices: ","Fail","Answer the following multiple choice question. The last line of your response should be of the following format: 'ANSWER: $LETTER' (without quotes) where LETTER is one of {letters}. Think step by step before answering.

{question}

{choices}

Instruction: Read the segment of a merger agreement and answer the multiple-choice question by choosing the option that best characterizes the agreement.

Question: When are representations and warranties required to be made according to the bring down provision?
Option A: At Closing Only
Option B: At Signing & At Closing

Merger Agreement Excerpts:
Section 10.1 Conditions Precedent (Page 135): ""Each representation and warranty of the Target, except those expressly designated as being made as of a specific date, shall be true and correct as of the Closing Date. Any representation expressly tied to a predetermined date is only required to be accurate as of that date.""

Section 10.3 Additional Pre-Closing Covenants (Page 142): ""Notwithstanding Section 10.1, for the purposes of satisfying the Offer conditions, every representation and warranty that is not otherwise confined to a specific date must have been continuously maintained from the execution date of this Agreement through to the Closing Date, thereby requiring validation both at signing and at closing.""
Choices: "
"39","Answer the following multiple choice question. The last line of your response should be of the following format: 'ANSWER: $LETTER' (without quotes) where LETTER is one of {letters}. Think step by step before answering.

{question}

{choices}

Instruction: Read the excerpts from the merger agreement and answer the following multiple-choice question by selecting the option that best characterizes the timing of representations and warranties pursuant to the bring down provision.

Question: According to the bring down provision, when must the representations and warranties be made?
Option A: They are required to be accurate only as of the Pre-Closing Date.
Option B: They are made at the date of execution and must be continuously true until and as of the Pre-Closing Date.

Merger Agreement Excerpts:
Section 8.1 Conditions to Effect the Merger: ""As a condition to closing, each of the representations and warranties provided by the Company shall remain true and correct as of the Pre-Closing Date, without reliance on any interim adjustments.""

Section 4.5 Additional Representations and Confirmations: ""Except for those expressly designated as only effective as of the Pre-Closing Date, every representation and warranty set forth herein is made as of the date of execution of this Agreement and shall be deemed to continue in effect until the Pre-Closing Date as though reconfirmed on that date.""

Choices: ","Fail","Answer the following multiple choice question. The last line of your response should be of the following format: 'ANSWER: $LETTER' (without quotes) where LETTER is one of {letters}. Think step by step before answering.

{question}

{choices}

Instruction: Read the segment of a merger agreement and answer the multiple-choice question by choosing the option that best characterizes the agreement.

Question: When are representations and warranties required to be made according to the bring down provision?
Option A: At Closing Only
Option B: At Signing & At Closing

Merger Agreement Excerpts:
Section 10.1 Conditions Precedent (Page 135): ""Each representation and warranty of the Target, except those expressly designated as being made as of a specific date, shall be true and correct as of the Closing Date. Any representation expressly tied to a predetermined date is only required to be accurate as of that date.""

Section 10.3 Additional Pre-Closing Covenants (Page 142): ""Notwithstanding Section 10.1, for the purposes of satisfying the Offer conditions, every representation and warranty that is not otherwise confined to a specific date must have been continuously maintained from the execution date of this Agreement through to the Closing Date, thereby requiring validation both at signing and at closing.""
Choices: "
"40","Answer the following multiple choice question. The last line of your response should be of the following format: 'ANSWER: $LETTER' (without quotes) where LETTER is one of {letters}. Think step by step before answering.

{question}

{choices}

Instruction: Read the segment of a merger agreement and answer the multiple-choice question by choosing the option that best characterizes the agreement.

Question: When are representations and warranties required to be made according to the bring down provision?
Option A: At Closing Only
Option B: At Offer Initiation & At Closing

Merger Agreement Excerpts:
Section 5.4 – Conditions for Final Execution: The consummation of the merger is subject to the condition that all representations and warranties of the Company, unless specifically qualified by an 'as of [specific date]' clause, are true and correct as of the Final Execution Time, which shall be deemed equivalent to the Closing Date.

Section 11.2 – Additional Representations and Warranties: Notwithstanding Section 5.4, any representations and warranties set forth in Article II that do not incorporate an explicit 'as of' date shall be reaffirmed at both the Offer Initiation Time (the time at which the offer is accepted and the merger agreement is executed) and as of the Final Execution Time. Representations explicitly designated with a specific date shall be deemed satisfied solely as of that date.

Based on the above, determine the timing for when representations and warranties must be made according to the bring down provision.
Choices: ","Fail","Answer the following multiple choice question. The last line of your response should be of the following format: 'ANSWER: $LETTER' (without quotes) where LETTER is one of {letters}. Think step by step before answering.

{question}

{choices}

Instruction: Read the segment of a merger agreement and answer the multiple-choice question by choosing the option that best characterizes the agreement.

Question: When are representations and warranties required to be made according to the bring down provision?
Option A: At Closing Only
Option B: At Signing & At Closing

Merger Agreement Excerpts:
Section 10.1 Conditions Precedent (Page 135): ""Each representation and warranty of the Target, except those expressly designated as being made as of a specific date, shall be true and correct as of the Closing Date. Any representation expressly tied to a predetermined date is only required to be accurate as of that date.""

Section 10.3 Additional Pre-Closing Covenants (Page 142): ""Notwithstanding Section 10.1, for the purposes of satisfying the Offer conditions, every representation and warranty that is not otherwise confined to a specific date must have been continuously maintained from the execution date of this Agreement through to the Closing Date, thereby requiring validation both at signing and at closing.""
Choices: "
"41","Answer the following multiple choice question. The last line of your response should be of the following format: 'ANSWER: $LETTER' (without quotes) where LETTER is one of {letters}. Think step by step before answering.

{question}

{choices}

Instruction: Read the following segments of a merger agreement and answer the multiple-choice question by choosing the option that best describes when the representations and warranties are required to be updated according to the bring down provision.

Merger Agreement: Section 8.4 Conditions to Completion. The obligations of the parties to complete the transaction are contingent upon the following: (a) all material representations and warranties of the Company being true and correct as of the Closing Date, except for those expressly made as of the Effective Date; and (b) non-material representations, unless specifically indicated as time-stamped, need not be updated at the time of signing but must be confirmed at Closing.

Merger Agreement: Section 10.1 Prior Conditions and Certification. Notwithstanding Section 8.4, each representation and warranty of the Company that is not expressly limited by a specific effective date shall be deemed accurate as of the date of this Agreement and must be reaffirmed at the Closing Date as though made on that day.

Question: Based on the above provisions, when are the representations and warranties required to be made?
Option A: At Closing Only
Option B: At Signing & At Closing
Choices: ","Fail","Answer the following multiple choice question. The last line of your response should be of the following format: 'ANSWER: $LETTER' (without quotes) where LETTER is one of {letters}. Think step by step before answering.

{question}

{choices}

Instruction: Read the segment of a merger agreement and answer the multiple-choice question by choosing the option that best characterizes the agreement.

Question: When are representations and warranties required to be made according to the bring down provision?
Option A: At Closing Only
Option B: At Signing & At Closing

Merger Agreement Excerpts:
Section 10.1 Conditions Precedent (Page 135): ""Each representation and warranty of the Target, except those expressly designated as being made as of a specific date, shall be true and correct as of the Closing Date. Any representation expressly tied to a predetermined date is only required to be accurate as of that date.""

Section 10.3 Additional Pre-Closing Covenants (Page 142): ""Notwithstanding Section 10.1, for the purposes of satisfying the Offer conditions, every representation and warranty that is not otherwise confined to a specific date must have been continuously maintained from the execution date of this Agreement through to the Closing Date, thereby requiring validation both at signing and at closing.""
Choices: "
"42","Answer the following multiple choice question. The last line of your response should be of the following format: 'ANSWER: $LETTER' (without quotes) where LETTER is one of {letters}. Think step by step before answering.

{question}

{choices}

Instruction: Read the segment of the merger agreement and answer the multiple-choice question by choosing the option that best characterizes the agreement.

Question: According to the bring down provision in the agreement, when must the representations and warranties be true and correct?
Option A: Only at the Closing Date
Option B: Both at the Effective Time (execution) and at the Closing Date

Merger Agreement:
Clause X.3 – Additional Conditions for Certain Representations: ""Representations and warranties provided herein shall be deemed accurate as of the Effective Time, defined as the date of execution of this Agreement. However, unless such representations are expressly made as of a fixed date, they must be reconfirmed to be accurate at the time of Closing.""
Clause Y.4 – Conditions Applicable to Other Representations: ""All representations and warranties not subject to the exception in Clause X.3 shall be true and correct solely as of the Closing Date.""

Answer:
Choices: ","Fail","Answer the following multiple choice question. The last line of your response should be of the following format: 'ANSWER: $LETTER' (without quotes) where LETTER is one of {letters}. Think step by step before answering.

{question}

{choices}

Instruction: Read the segment of a merger agreement and answer the multiple-choice question by choosing the option that best characterizes the agreement.

Question: When are representations and warranties required to be made according to the bring down provision?
Option A: At Closing Only
Option B: At Signing & At Closing

Merger Agreement Excerpts:
Section 10.1 Conditions Precedent (Page 135): ""Each representation and warranty of the Target, except those expressly designated as being made as of a specific date, shall be true and correct as of the Closing Date. Any representation expressly tied to a predetermined date is only required to be accurate as of that date.""

Section 10.3 Additional Pre-Closing Covenants (Page 142): ""Notwithstanding Section 10.1, for the purposes of satisfying the Offer conditions, every representation and warranty that is not otherwise confined to a specific date must have been continuously maintained from the execution date of this Agreement through to the Closing Date, thereby requiring validation both at signing and at closing.""
Choices: "
"43","Answer the following multiple choice question. The last line of your response should be of the following format: 'ANSWER: $LETTER' (without quotes) where LETTER is one of {letters}. Think step by step before answering.

{question}

{choices}

Instruction: Read the excerpt from a joint operating agreement and answer the multiple-choice question by choosing the option that best characterizes the agreement.
Question: According to the bring down provision, when are the representations and warranties required to be made?
Option A: At Closing Only
Option B: At Signing & At Closing

Joint Operating Agreement:
Section 5.4 Representations: All representations and warranties of the Company shall be true and correct exclusively as of the Closing Date, except for any representations expressly stated to be made as of a fixed date.

Section 11.3 Reconfirmation Requirement: Notwithstanding Section 5.4, the representations and warranties set forth in Articles II and III, which pertain to the operational management and financial performance of the Company, shall be confirmed as of the execution date of this Agreement and again at the Closing Date, as if made anew at the latter date. (Page 112)
Choices: ","Fail","Answer the following multiple choice question. The last line of your response should be of the following format: 'ANSWER: $LETTER' (without quotes) where LETTER is one of {letters}. Think step by step before answering.

{question}

{choices}

Instruction: Read the segment of a merger agreement and answer the multiple-choice question by choosing the option that best characterizes the agreement.

Question: When are representations and warranties required to be made according to the bring down provision?
Option A: At Closing Only
Option B: At Signing & At Closing

Merger Agreement Excerpts:
Section 10.1 Conditions Precedent (Page 135): ""Each representation and warranty of the Target, except those expressly designated as being made as of a specific date, shall be true and correct as of the Closing Date. Any representation expressly tied to a predetermined date is only required to be accurate as of that date.""

Section 10.3 Additional Pre-Closing Covenants (Page 142): ""Notwithstanding Section 10.1, for the purposes of satisfying the Offer conditions, every representation and warranty that is not otherwise confined to a specific date must have been continuously maintained from the execution date of this Agreement through to the Closing Date, thereby requiring validation both at signing and at closing.""
Choices: "
"44","Answer the following multiple choice question. The last line of your response should be of the following format: 'ANSWER: $LETTER' (without quotes) where LETTER is one of {letters}. Think step by step before answering.

{question}

{choices}

Instruction: Read the following segments of a merger agreement and answer the multiple-choice question by choosing the option that best characterizes the agreement.

Question: Based on the excerpts below, when are the representations and warranties required to be made according to the bring down provision?

Option A: At Closing Only
Option B: At Signing & At Closing

Merger Agreement: Section 11.4 Conditions to Effective Obligations. In this section, it is stated that, except for those representations explicitly fixed to a specific date, every representation and warranty made by the Seller must be true and correct as of the Effective Date (which corresponds with the Agreement Date) and shall be reaffirmed at the Closing Date, ensuring that any material changes occurring between these dates are duly captured.

Merger Agreement: Section 13.1 Additional Conditions. This clause further clarifies that all representations and warranties provided in Article V, except those noted in Exhibit D as tied to a specified date, are made as of the Agreement Date and must automatically refresh as of the Closing Date. Any material deviation from this refresh requirement will be treated as a breach.
Choices: ","Fail","Answer the following multiple choice question. The last line of your response should be of the following format: 'ANSWER: $LETTER' (without quotes) where LETTER is one of {letters}. Think step by step before answering.

{question}

{choices}

Instruction: Read the segment of a merger agreement and answer the multiple-choice question by choosing the option that best characterizes the agreement.

Question: When are representations and warranties required to be made according to the bring down provision?
Option A: At Closing Only
Option B: At Signing & At Closing

Merger Agreement Excerpts:
Section 10.1 Conditions Precedent (Page 135): ""Each representation and warranty of the Target, except those expressly designated as being made as of a specific date, shall be true and correct as of the Closing Date. Any representation expressly tied to a predetermined date is only required to be accurate as of that date.""

Section 10.3 Additional Pre-Closing Covenants (Page 142): ""Notwithstanding Section 10.1, for the purposes of satisfying the Offer conditions, every representation and warranty that is not otherwise confined to a specific date must have been continuously maintained from the execution date of this Agreement through to the Closing Date, thereby requiring validation both at signing and at closing.""
Choices: "
"45","Answer the following multiple choice question. The last line of your response should be of the following format: 'ANSWER: $LETTER' (without quotes) where LETTER is one of {letters}. Think step by step before answering.

{question}

{choices}

Instruction: Read the following segments of a Purchase Agreement and answer the multiple-choice question by selecting the option that best captures the timing requirement for the bring down provision.

Question: When are representations and warranties required to be made according to the bring down provision?
Option A: At Closing Only
Option B: At Signing & At Closing

Purchase Agreement Excerpts:

Section 8.3 Conditions for Closing. The Seller’s obligations are conditioned on the Buyer’s satisfaction that each of the Seller’s representations and warranties, unless expressly stated as being effective 'as of the Agreement Date', is true and correct as of the Effective Closing Date. Representations that are specifically designated as 'as of the Agreement Date' will only be relied upon for that date.

Section 10.5 Verification of Representations. Notwithstanding Section 8.3, all representations and warranties that are not limited to a single date must be maintained continuously from the execution date of this Agreement until the Effective Closing Date and shall be reconfirmed at Closing as though made at that time.

Based on these excerpts, determine when the representations and warranties subject to the bring down provision are required.
Choices: ","Fail","Answer the following multiple choice question. The last line of your response should be of the following format: 'ANSWER: $LETTER' (without quotes) where LETTER is one of {letters}. Think step by step before answering.

{question}

{choices}

Instruction: Read the segment of a merger agreement and answer the multiple-choice question by choosing the option that best characterizes the agreement.

Question: When are representations and warranties required to be made according to the bring down provision?
Option A: At Closing Only
Option B: At Signing & At Closing

Merger Agreement Excerpts:
Section 10.1 Conditions Precedent (Page 135): ""Each representation and warranty of the Target, except those expressly designated as being made as of a specific date, shall be true and correct as of the Closing Date. Any representation expressly tied to a predetermined date is only required to be accurate as of that date.""

Section 10.3 Additional Pre-Closing Covenants (Page 142): ""Notwithstanding Section 10.1, for the purposes of satisfying the Offer conditions, every representation and warranty that is not otherwise confined to a specific date must have been continuously maintained from the execution date of this Agreement through to the Closing Date, thereby requiring validation both at signing and at closing.""
Choices: "
"46","Answer the following multiple choice question. The last line of your response should be of the following format: 'ANSWER: $LETTER' (without quotes) where LETTER is one of {letters}. Think step by step before answering.

{question}

{choices}

Instruction: Read the following segments of a merger agreement and answer the multiple-choice question by choosing the option that best characterizes the bring down provision.
Question: At which times must the representations and warranties of the Company be confirmed according to the bring down provisions?
Option A: At Closing Only
Option B: At Signing & At Closing

Merger Agreement: Section 8.1 Conditions to Obligations of Parent and Acquisition Sub. The Company’s representations and warranties, except those expressly qualified to reflect a prior date, shall be valid and correct solely as of the Closing Date, without reference to any interim period. (Page 75)

Merger Agreement: Conditions to the Financing. Notwithstanding the foregoing, all representations and warranties provided by the Company must be materially accurate as of the Offer Acceptance Time and remain confirmed as of that time until the Closing, effectively necessitating a reaffirmation of such representations at the commencement of the offer process. (Page 44)
Choices: ","Fail","Answer the following multiple choice question. The last line of your response should be of the following format: 'ANSWER: $LETTER' (without quotes) where LETTER is one of {letters}. Think step by step before answering.

{question}

{choices}

Instruction: Read the segment of a merger agreement and answer the multiple-choice question by choosing the option that best characterizes the agreement.

Question: When are representations and warranties required to be made according to the bring down provision?
Option A: At Closing Only
Option B: At Signing & At Closing

Merger Agreement Excerpts:
Section 10.1 Conditions Precedent (Page 135): ""Each representation and warranty of the Target, except those expressly designated as being made as of a specific date, shall be true and correct as of the Closing Date. Any representation expressly tied to a predetermined date is only required to be accurate as of that date.""

Section 10.3 Additional Pre-Closing Covenants (Page 142): ""Notwithstanding Section 10.1, for the purposes of satisfying the Offer conditions, every representation and warranty that is not otherwise confined to a specific date must have been continuously maintained from the execution date of this Agreement through to the Closing Date, thereby requiring validation both at signing and at closing.""
Choices: "
"47","Answer the following multiple choice question. The last line of your response should be of the following format: 'ANSWER: $LETTER' (without quotes) where LETTER is one of {letters}. Think step by step before answering.

{question}

{choices}

Instruction: Read the following segments of a merger agreement and answer the multiple-choice question by choosing the option that best characterizes the timing requirement under the bring down provision.

Question: When are representations and warranties required to be made according to the bring down provision?
Option A: At Final Closing Only
Option B: At Signing & At Final Closing

Merger Agreement:
Section 10.5 Conditions to Obligations of the Parties. The Company’s representations and warranties, except for those expressly stated in Section 10.5(a) to be as of the Effective Date, shall be true and correct as of the Final Closing Date as if made anew on that date. (Page 112)

Section 11.3 Bring Down Provision. Notwithstanding any other provision in this Agreement, all representations and warranties not expressly limited by a specified date shall be deemed to be valid and reaffirmed both as of the Effective Date (i.e. the date of this Agreement) and as of the Final Closing Date. (Page 118)

Answer:
Choices: ","Fail","Answer the following multiple choice question. The last line of your response should be of the following format: 'ANSWER: $LETTER' (without quotes) where LETTER is one of {letters}. Think step by step before answering.

{question}

{choices}

Instruction: Read the segment of a merger agreement and answer the multiple-choice question by choosing the option that best characterizes the agreement.

Question: When are representations and warranties required to be made according to the bring down provision?
Option A: At Closing Only
Option B: At Signing & At Closing

Merger Agreement Excerpts:
Section 10.1 Conditions Precedent (Page 135): ""Each representation and warranty of the Target, except those expressly designated as being made as of a specific date, shall be true and correct as of the Closing Date. Any representation expressly tied to a predetermined date is only required to be accurate as of that date.""

Section 10.3 Additional Pre-Closing Covenants (Page 142): ""Notwithstanding Section 10.1, for the purposes of satisfying the Offer conditions, every representation and warranty that is not otherwise confined to a specific date must have been continuously maintained from the execution date of this Agreement through to the Closing Date, thereby requiring validation both at signing and at closing.""
Choices: "
"48","Answer the following multiple choice question. The last line of your response should be of the following format: 'ANSWER: $LETTER' (without quotes) where LETTER is one of {letters}. Think step by step before answering.

{question}

{choices}

Instruction: Read the excerpt from a merger agreement and answer the multiple-choice question by choosing the option that best characterizes the requirement for representations and warranties under the bring down provision.
Question: According to the bring down provision, when must the representations and warranties of the Company be true and correct?
Option A: At Closing Only
Option B: At Signing & At Closing

Merger Agreement Excerpt 1: Section 8.1 (General Conditions). Except as expressly set forth in Article V, all representations and warranties of the Company shall be true and correct as of the Closing Date. There is no requirement for these representations to be reconfirmed at the time of execution of this Agreement.

Merger Agreement Excerpt 2: Section 9.4 (Special Representations). Notwithstanding Section 8.1, all representations and warranties contained in Article V, which include detailed financial disclosures and compliance affirmations, shall be true and correct both as of the date of this Agreement and as of the Closing Date, thereby requiring a reconfirmation at signing.

(End of Excerpt)
Choices: ","Fail","Answer the following multiple choice question. The last line of your response should be of the following format: 'ANSWER: $LETTER' (without quotes) where LETTER is one of {letters}. Think step by step before answering.

{question}

{choices}

Instruction: Read the segment of a merger agreement and answer the multiple-choice question by choosing the option that best characterizes the agreement.

Question: When are representations and warranties required to be made according to the bring down provision?
Option A: At Closing Only
Option B: At Signing & At Closing

Merger Agreement Excerpts:
Section 10.1 Conditions Precedent (Page 135): ""Each representation and warranty of the Target, except those expressly designated as being made as of a specific date, shall be true and correct as of the Closing Date. Any representation expressly tied to a predetermined date is only required to be accurate as of that date.""

Section 10.3 Additional Pre-Closing Covenants (Page 142): ""Notwithstanding Section 10.1, for the purposes of satisfying the Offer conditions, every representation and warranty that is not otherwise confined to a specific date must have been continuously maintained from the execution date of this Agreement through to the Closing Date, thereby requiring validation both at signing and at closing.""
Choices: "
"49","Answer the following multiple choice question. The last line of your response should be of the following format: 'ANSWER: $LETTER' (without quotes) where LETTER is one of {letters}. Think step by step before answering.

{question}

{choices}

Instruction: Read the following excerpts from a merger agreement and answer the multiple-choice question by selecting the option that best characterizes the agreement. Question: According to the bring down provisions, when must the representations and warranties be accurate? Option A: At Closing Only; Option B: At Signing & At Closing.

Merger Agreement Excerpts:
Excerpt 1 (Section 8.5): ""Notwithstanding any other provision herein, the Seller shall ensure that all representations and warranties not expressly made as of a designated date are accurate and reflect the Seller's condition as of the Closing Date. However, any representation or warranty distinctly qualified as of the Agreement Date shall only require accuracy as of the Agreement Date.""

Excerpt 2 (Section 11.4): ""As a fundamental condition to the consummation of this Transaction, all representations and warranties, except those limited to specific dates, must be true and correct both at the time of signing this Agreement and as of the Closing Date, acting as if each were made at both time benchmarks.""
Choices: ","Fail","Answer the following multiple choice question. The last line of your response should be of the following format: 'ANSWER: $LETTER' (without quotes) where LETTER is one of {letters}. Think step by step before answering.

{question}

{choices}

Instruction: Read the segment of a merger agreement and answer the multiple-choice question by choosing the option that best characterizes the agreement.

Question: When are representations and warranties required to be made according to the bring down provision?
Option A: At Closing Only
Option B: At Signing & At Closing

Merger Agreement Excerpts:
Section 10.1 Conditions Precedent (Page 135): ""Each representation and warranty of the Target, except those expressly designated as being made as of a specific date, shall be true and correct as of the Closing Date. Any representation expressly tied to a predetermined date is only required to be accurate as of that date.""

Section 10.3 Additional Pre-Closing Covenants (Page 142): ""Notwithstanding Section 10.1, for the purposes of satisfying the Offer conditions, every representation and warranty that is not otherwise confined to a specific date must have been continuously maintained from the execution date of this Agreement through to the Closing Date, thereby requiring validation both at signing and at closing.""
Choices: "
"50","Answer the following multiple choice question. The last line of your response should be of the following format: 'ANSWER: $LETTER' (without quotes) where LETTER is one of {letters}. Think step by step before answering.

{question}

{choices}

Instruction: Read the following segments of an acquisition agreement and answer the multiple-choice question by choosing the option that best characterizes the bring-down requirement for the Seller's representations and warranties.

Segment 1 (Section 8.1 Conditions): The Seller's representations and warranties set forth in this Agreement shall be valid and remain true and correct as of the Closing Date, except for those expressly made as of a pre-closing date specified in Exhibit B, which are limited solely to that pre-closing date.

Segment 2 (Section 8.7 Additional Confirmation): Notwithstanding Section 8.1, the Seller is required to provide, at the time of signing, a certificate affirming that all representations and warranties (excluding those subject to material adjustments under Clause 8.1) are true as of the signing date, with a subsequent reaffirmation by delivering an updated certificate at the Actual Settlement Time, defined as the earlier of the Offer Acceptance Time or the Closing Date.

Question: Based on the above provisions, when are the Seller’s representations and warranties effectively required to be confirmed under the bring-down requirements?

Option A: At Closing Only
Option B: At Signing & At Closing
Choices: ","Fail","Answer the following multiple choice question. The last line of your response should be of the following format: 'ANSWER: $LETTER' (without quotes) where LETTER is one of {letters}. Think step by step before answering.

{question}

{choices}

Instruction: Read the segment of a merger agreement and answer the multiple-choice question by choosing the option that best characterizes the agreement.

Question: When are representations and warranties required to be made according to the bring down provision?
Option A: At Closing Only
Option B: At Signing & At Closing

Merger Agreement Excerpts:
Section 10.1 Conditions Precedent (Page 135): ""Each representation and warranty of the Target, except those expressly designated as being made as of a specific date, shall be true and correct as of the Closing Date. Any representation expressly tied to a predetermined date is only required to be accurate as of that date.""

Section 10.3 Additional Pre-Closing Covenants (Page 142): ""Notwithstanding Section 10.1, for the purposes of satisfying the Offer conditions, every representation and warranty that is not otherwise confined to a specific date must have been continuously maintained from the execution date of this Agreement through to the Closing Date, thereby requiring validation both at signing and at closing.""
Choices: "
"51","Answer the following multiple choice question. The last line of your response should be of the following format: 'ANSWER: $LETTER' (without quotes) where LETTER is one of {letters}. Think step by step before answering.

{question}

{choices}

Instruction: Read the following segments of a merger agreement and answer the multiple-choice question by choosing the option that best characterizes the bring down timing requirement for representations and warranties.

Question: When are representations and warranties required to be made according to the bring down provision?
Option A: At Closing Only
Option B: At Signing & At Closing

Merger Agreement:
Segment 1 - Section 9.4 Conditions Precedent: Notwithstanding any other provisions, the representations and warranties detailed in Article IV shall be accurate as of the Closing Date, except for those expressly designated to be as of a specific date. (Page 102)

Segment 2 - Section 5.5 Additional Covenants: In addition to the above, all unqualified representations and warranties in Article IV are required to be true and correct as of the date of execution of this Agreement and shall be reaffirmed at the Closing Date as if made anew. (Page 45)
Choices: ","Fail","Answer the following multiple choice question. The last line of your response should be of the following format: 'ANSWER: $LETTER' (without quotes) where LETTER is one of {letters}. Think step by step before answering.

{question}

{choices}

Instruction: Read the segment of a merger agreement and answer the multiple-choice question by choosing the option that best characterizes the agreement.

Question: When are representations and warranties required to be made according to the bring down provision?
Option A: At Closing Only
Option B: At Signing & At Closing

Merger Agreement Excerpts:
Section 10.1 Conditions Precedent (Page 135): ""Each representation and warranty of the Target, except those expressly designated as being made as of a specific date, shall be true and correct as of the Closing Date. Any representation expressly tied to a predetermined date is only required to be accurate as of that date.""

Section 10.3 Additional Pre-Closing Covenants (Page 142): ""Notwithstanding Section 10.1, for the purposes of satisfying the Offer conditions, every representation and warranty that is not otherwise confined to a specific date must have been continuously maintained from the execution date of this Agreement through to the Closing Date, thereby requiring validation both at signing and at closing.""
Choices: "
"52","Answer the following multiple choice question. The last line of your response should be of the following format: 'ANSWER: $LETTER' (without quotes) where LETTER is one of {letters}. Think step by step before answering.

{question}

{choices}

Instruction: Read the following segments of a merger agreement and answer the multiple-choice question by choosing the option that best characterizes the timing requirements for representations and warranties under the bring down provision.

Question: Considering the provisions in both segments, when are the representations and warranties required to be true and correct?
Option A: At Closing Only
Option B: At Signing & At Closing

Merger Agreement:
Section 8.3 Conditions Precedent for Parent and Combined Sub to Finalize the Merger. In addition to the satisfaction of all other conditions, it is required that every representation and warranty of the Company provided in Article V—except those expressly fixed as of the Enrollment Date—shall be true and correct as of the Final Closing Date. However, any representation that is expressly made as of the Initial Commitment Date is deemed satisfied if it is correct on that earlier date.

Section 12.1 Offer Conditions and Supplemental Representations. Notwithstanding Section 8.3, for the purposes of the offer, the Agreement mandates that all representations and warranties, including those not set forth on a fixed date, must be updated and true and correct as of the Offer Affirmation Time. Representations provided at an earlier date must be refreshed to reflect their status at the Offer Affirmation Time, except for those specifically set forth in Section 4.9, which remain fixed as of the signing date.
Choices: ","Fail","Answer the following multiple choice question. The last line of your response should be of the following format: 'ANSWER: $LETTER' (without quotes) where LETTER is one of {letters}. Think step by step before answering.

{question}

{choices}

Instruction: Read the segment of a merger agreement and answer the multiple-choice question by choosing the option that best characterizes the agreement.

Question: When are representations and warranties required to be made according to the bring down provision?
Option A: At Closing Only
Option B: At Signing & At Closing

Merger Agreement Excerpts:
Section 10.1 Conditions Precedent (Page 135): ""Each representation and warranty of the Target, except those expressly designated as being made as of a specific date, shall be true and correct as of the Closing Date. Any representation expressly tied to a predetermined date is only required to be accurate as of that date.""

Section 10.3 Additional Pre-Closing Covenants (Page 142): ""Notwithstanding Section 10.1, for the purposes of satisfying the Offer conditions, every representation and warranty that is not otherwise confined to a specific date must have been continuously maintained from the execution date of this Agreement through to the Closing Date, thereby requiring validation both at signing and at closing.""
Choices: "
"53","Answer the following multiple choice question. The last line of your response should be of the following format: 'ANSWER: $LETTER' (without quotes) where LETTER is one of {letters}. Think step by step before answering.

{question}

{choices}

Instruction: Read the following segments from a merger agreement and answer the multiple-choice question by choosing the option that best characterizes the timing for making representations and warranties under the bring down provision.

Question: According to the bring down provision, when must the Seller’s representations and warranties be confirmed?
Option A: At Closing Only
Option B: At Signing & At Closing

Merger Agreement Segment 1 - Section 8.4 Conditions Precedent for the Acquisition:
""The Seller’s representations and warranties, except for those explicitly stated to be effective as of a specific earlier date, shall be true and correct as of the Closing Date. In cases where a representation is expressly made as of a particular prior date, such representation need only be accurate as of that specified date.""

Merger Agreement Segment 2 - Section 10.1 Timing of Representations:
""For all representations and warranties not expressly limited to a prior date as noted in Section 8.4, the Seller shall confirm that these representations were accurate as of the date of this Agreement and shall further reaffirm that they remain accurate as of the Closing Date, as though both were made at the respective times.""

Provide your answer considering both segments.
Choices: ","Fail","Answer the following multiple choice question. The last line of your response should be of the following format: 'ANSWER: $LETTER' (without quotes) where LETTER is one of {letters}. Think step by step before answering.

{question}

{choices}

Instruction: Read the segment of a merger agreement and answer the multiple-choice question by choosing the option that best characterizes the agreement.

Question: When are representations and warranties required to be made according to the bring down provision?
Option A: At Closing Only
Option B: At Signing & At Closing

Merger Agreement Excerpts:
Section 10.1 Conditions Precedent (Page 135): ""Each representation and warranty of the Target, except those expressly designated as being made as of a specific date, shall be true and correct as of the Closing Date. Any representation expressly tied to a predetermined date is only required to be accurate as of that date.""

Section 10.3 Additional Pre-Closing Covenants (Page 142): ""Notwithstanding Section 10.1, for the purposes of satisfying the Offer conditions, every representation and warranty that is not otherwise confined to a specific date must have been continuously maintained from the execution date of this Agreement through to the Closing Date, thereby requiring validation both at signing and at closing.""
Choices: "
"54","Answer the following multiple choice question. The last line of your response should be of the following format: 'ANSWER: $LETTER' (without quotes) where LETTER is one of {letters}. Think step by step before answering.

{question}

{choices}

Instruction: Read the following segments of a merger agreement and answer the multiple-choice question by choosing the option that best characterizes the timing requirement of the representations and warranties under the bring down provision.

Segment 1 – Section 7.8 Conditions to Closing: The obligations of the Company to effect the Merger are contingent, among other conditions, upon the satisfaction of all representations and warranties. Except for those representations expressly made as of a specific date (e.g., June 15, 2023), every representation and warranty shall be true and correct as of the Closing Date.

Segment 2 – Section 3.5 Additional Representations and Covenants: Notwithstanding Section 7.8, the Company further represents and warrants that all statements not expressly made as of a specific date shall be continuously true and correct as of both the date of this Agreement and as of the Closing Date, provided that no Material Adverse Effect occurs in the interim.

Question: When are representations and warranties required to be made according to the bring down provision?
Option A: At Closing Only
Option B: At Signing & At Closing
Choices: ","Fail","Answer the following multiple choice question. The last line of your response should be of the following format: 'ANSWER: $LETTER' (without quotes) where LETTER is one of {letters}. Think step by step before answering.

{question}

{choices}

Instruction: Read the segment of a merger agreement and answer the multiple-choice question by choosing the option that best characterizes the agreement.

Question: When are representations and warranties required to be made according to the bring down provision?
Option A: At Closing Only
Option B: At Signing & At Closing

Merger Agreement Excerpts:
Section 10.1 Conditions Precedent (Page 135): ""Each representation and warranty of the Target, except those expressly designated as being made as of a specific date, shall be true and correct as of the Closing Date. Any representation expressly tied to a predetermined date is only required to be accurate as of that date.""

Section 10.3 Additional Pre-Closing Covenants (Page 142): ""Notwithstanding Section 10.1, for the purposes of satisfying the Offer conditions, every representation and warranty that is not otherwise confined to a specific date must have been continuously maintained from the execution date of this Agreement through to the Closing Date, thereby requiring validation both at signing and at closing.""
Choices: "
"55","Answer the following multiple choice question. The last line of your response should be of the following format: 'ANSWER: $LETTER' (without quotes) where LETTER is one of {letters}. Think step by step before answering.

{question}

{choices}

Instruction: Read the following segments of a merger agreement and answer the multiple-choice question by choosing the option that best characterizes the timing for the representations and warranties as required by the bring down provision.

Question: According to the bring down provisions provided below, when must the Company’s representations and warranties be confirmed?
Option A: At Closing Only
Option B: Both at the signing of the agreement and at Closing

Merger Agreement Excerpts:
Section 12.2 Conditions Precedent to Closing: Prior to Closing, the Company shall provide an officer’s certificate confirming that all representations and warranties contained in this Agreement are true and accurate as of the Agreement Date, which is the date on which the Agreement is executed. This certification serves as an initial confirmation of the Company’s statements.

Section 15.1 Reconfirmation Requirement: Notwithstanding the initial certification, it is additionally required that, immediately prior to Closing, the Company reaffirms that those representations and warranties are still true and correct as of the Closing Date, except for any that are expressly designated to be as of a specific earlier date.

Choices: ","Fail","Answer the following multiple choice question. The last line of your response should be of the following format: 'ANSWER: $LETTER' (without quotes) where LETTER is one of {letters}. Think step by step before answering.

{question}

{choices}

Instruction: Read the segment of a merger agreement and answer the multiple-choice question by choosing the option that best characterizes the agreement.

Question: When are representations and warranties required to be made according to the bring down provision?
Option A: At Closing Only
Option B: At Signing & At Closing

Merger Agreement Excerpts:
Section 10.1 Conditions Precedent (Page 135): ""Each representation and warranty of the Target, except those expressly designated as being made as of a specific date, shall be true and correct as of the Closing Date. Any representation expressly tied to a predetermined date is only required to be accurate as of that date.""

Section 10.3 Additional Pre-Closing Covenants (Page 142): ""Notwithstanding Section 10.1, for the purposes of satisfying the Offer conditions, every representation and warranty that is not otherwise confined to a specific date must have been continuously maintained from the execution date of this Agreement through to the Closing Date, thereby requiring validation both at signing and at closing.""
Choices: "
"56","Answer the following multiple choice question. The last line of your response should be of the following format: 'ANSWER: $LETTER' (without quotes) where LETTER is one of {letters}. Think step by step before answering.

{question}

{choices}

Instruction: Read the following segments of a merger agreement and answer the multiple-choice question by selecting the option that best characterizes the requirement for timing of representations and warranties under the bring down provision.

Segment 1: Section 8.5 - Conditions Precedent. ""Each representation and warranty made by the Company shall be deemed accurate and complete as of the Closing Date. Except where a representation is qualified by a specific date in its wording, no further reaffirmation shall be required at any other time.""

Segment 2: Section 12.3 - Interim Conditions. ""Notwithstanding Section 8.5, the representations and warranties concerning Regulatory Compliance and Corporate Authority must be true both as of the date of this Agreement and as of the Closing Date. This dual requirement is intended to ensure that any material changes occurring between signing and closing are captured, and shall henceforth be treated in accordance with the bring down provision.""

Question: When are the representations and warranties required to be made according to the bring down provision?
Option A: At Closing Only
Option B: At Signing & At Closing
Choices: ","Fail","Answer the following multiple choice question. The last line of your response should be of the following format: 'ANSWER: $LETTER' (without quotes) where LETTER is one of {letters}. Think step by step before answering.

{question}

{choices}

Instruction: Read the segment of a merger agreement and answer the multiple-choice question by choosing the option that best characterizes the agreement.

Question: When are representations and warranties required to be made according to the bring down provision?
Option A: At Closing Only
Option B: At Signing & At Closing

Merger Agreement Excerpts:
Section 10.1 Conditions Precedent (Page 135): ""Each representation and warranty of the Target, except those expressly designated as being made as of a specific date, shall be true and correct as of the Closing Date. Any representation expressly tied to a predetermined date is only required to be accurate as of that date.""

Section 10.3 Additional Pre-Closing Covenants (Page 142): ""Notwithstanding Section 10.1, for the purposes of satisfying the Offer conditions, every representation and warranty that is not otherwise confined to a specific date must have been continuously maintained from the execution date of this Agreement through to the Closing Date, thereby requiring validation both at signing and at closing.""
Choices: "
"57","Answer the following multiple choice question. The last line of your response should be of the following format: 'ANSWER: $LETTER' (without quotes) where LETTER is one of {letters}. Think step by step before answering.

{question}

{choices}

Instruction: Read the segment of a merger agreement and answer the multiple-choice question by choosing the option that best characterizes the agreement.

Question: When are representations and warranties required to be made according to the bring down provision?
Option A: At Closing Only
Option B: At Signing & At Closing

Merger Agreement: Section 9.1 Conditions Precedent to Completion: 'Notwithstanding any other provision of this Agreement, all representations and warranties made herein, except those explicitly set forth as of a specific effective date, must be true and correct as of the Closing Date. Any such representations that were made at or prior to the execution of this Agreement shall be reaffirmed solely at Closing.'

Merger Agreement: Section 11.2 Interim Covenants: 'For the purpose of interim monitoring, the representations and warranties contained in Article V are deemed to have been initially made as of the Signing Date and must continuously be maintained; however, these initial representations are not subject to the bring down requirement at Signing, and any required revalidation shall occur exclusively at the Closing Date, unless a specific re-determination clause is triggered.'
Choices: ","Fail","Answer the following multiple choice question. The last line of your response should be of the following format: 'ANSWER: $LETTER' (without quotes) where LETTER is one of {letters}. Think step by step before answering.

{question}

{choices}

Instruction: Read the segment of a merger agreement and answer the multiple-choice question by choosing the option that best characterizes the agreement.

Question: When are representations and warranties required to be made according to the bring down provision?
Option A: At Closing Only
Option B: At Signing & At Closing

Merger Agreement Excerpts:
Section 10.1 Conditions Precedent (Page 135): ""Each representation and warranty of the Target, except those expressly designated as being made as of a specific date, shall be true and correct as of the Closing Date. Any representation expressly tied to a predetermined date is only required to be accurate as of that date.""

Section 10.3 Additional Pre-Closing Covenants (Page 142): ""Notwithstanding Section 10.1, for the purposes of satisfying the Offer conditions, every representation and warranty that is not otherwise confined to a specific date must have been continuously maintained from the execution date of this Agreement through to the Closing Date, thereby requiring validation both at signing and at closing.""
Choices: "
"58","Answer the following multiple choice question. The last line of your response should be of the following format: 'ANSWER: $LETTER' (without quotes) where LETTER is one of {letters}. Think step by step before answering.

{question}

{choices}

Instruction: Read the segment of an acquisition agreement and answer the multiple-choice question by choosing the option that best characterizes the agreement.

Question: When are representations and warranties required to be made according to the bring down provision?
Option A: At Closing Only
Option B: At Signing & At Closing

Acquisition Agreement:
Section 8.4 Conditions Precedent for Closing. The obligations of the Company to effect the Acquisition are subject to the condition that, except for representations and warranties expressly made as of a specified date, each representation and warranty shall be true and correct as of the Closing Date. Any representation that references the conditions as of the Agreement Date shall not be revalidated for subsequent periods.

Section 12.1 Additional Conditions. Notwithstanding Section 8.4, and to ensure continuous accuracy, all representations and warranties which are not explicitly fixed as of the Closing Date shall be reaffirmed as of the date of this Agreement and again as of the Closing Date as if made anew at each of these times. (Page 89)
Choices: ","Fail","Answer the following multiple choice question. The last line of your response should be of the following format: 'ANSWER: $LETTER' (without quotes) where LETTER is one of {letters}. Think step by step before answering.

{question}

{choices}

Instruction: Read the segment of a merger agreement and answer the multiple-choice question by choosing the option that best characterizes the agreement.

Question: When are representations and warranties required to be made according to the bring down provision?
Option A: At Closing Only
Option B: At Signing & At Closing

Merger Agreement Excerpts:
Section 10.1 Conditions Precedent (Page 135): ""Each representation and warranty of the Target, except those expressly designated as being made as of a specific date, shall be true and correct as of the Closing Date. Any representation expressly tied to a predetermined date is only required to be accurate as of that date.""

Section 10.3 Additional Pre-Closing Covenants (Page 142): ""Notwithstanding Section 10.1, for the purposes of satisfying the Offer conditions, every representation and warranty that is not otherwise confined to a specific date must have been continuously maintained from the execution date of this Agreement through to the Closing Date, thereby requiring validation both at signing and at closing.""
Choices: "
"59","Answer the following multiple choice question. The last line of your response should be of the following format: 'ANSWER: $LETTER' (without quotes) where LETTER is one of {letters}. Think step by step before answering.

{question}

{choices}

Instruction: Read the following segments of a merger agreement and answer the multiple-choice question by choosing the option that best characterizes the timing for representations and warranties under the bring down provision.
Question: When are representations and warranties required to be made according to the bring down provision?
Option A: At Execution Only
Option B: At Execution & At Closing

Merger Agreement: Section 8.1 Conditions Precedent. As a condition to the Parent's obligation, the Company’s representations and warranties shall be accurate in all material respects as of the Execution Date, except where a representation is expressly stated to be as of a specific later date. (Page 45)

Merger Agreement: Article X Compliance Conditions. Notwithstanding Section 8.1, any representation and warranty that is not expressly limited to the Execution Date shall be reaffirmed and confirmed as true and correct at the Closing Date, with any material discrepancies at Closing subject to the agreed remedies. (Page 78)
Choices: ","Fail","Answer the following multiple choice question. The last line of your response should be of the following format: 'ANSWER: $LETTER' (without quotes) where LETTER is one of {letters}. Think step by step before answering.

{question}

{choices}

Instruction: Read the segment of a merger agreement and answer the multiple-choice question by choosing the option that best characterizes the agreement.

Question: When are representations and warranties required to be made according to the bring down provision?
Option A: At Closing Only
Option B: At Signing & At Closing

Merger Agreement Excerpts:
Section 10.1 Conditions Precedent (Page 135): ""Each representation and warranty of the Target, except those expressly designated as being made as of a specific date, shall be true and correct as of the Closing Date. Any representation expressly tied to a predetermined date is only required to be accurate as of that date.""

Section 10.3 Additional Pre-Closing Covenants (Page 142): ""Notwithstanding Section 10.1, for the purposes of satisfying the Offer conditions, every representation and warranty that is not otherwise confined to a specific date must have been continuously maintained from the execution date of this Agreement through to the Closing Date, thereby requiring validation both at signing and at closing.""
Choices: "
"60","Answer the following multiple choice question. The last line of your response should be of the following format: 'ANSWER: $LETTER' (without quotes) where LETTER is one of {letters}. Think step by step before answering.

{question}

{choices}

Instruction: Read the segment of the merger agreement below and answer the multiple-choice question by choosing the option that best characterizes the timing requirements for representations and warranties. 

Question: When are representations and warranties required to be made according to the bring down provision?
Option A: At Closing Only
Option B: At Signing & At Closing

Merger Agreement Excerpts:
Section 10.4 – For all representations and warranties not specifically qualified by a date, they shall be deemed to be true, correct, and operative as of the Closing Date, notwithstanding their formal attestation at the execution of this Agreement. However, any representation explicitly referencing conditions as of the Agreement Date shall be maintained as true as of that earlier date.

Section 12.2 – Notwithstanding any other provision, the Company is required to deliver, prior to the Closing, a certificate confirming that each representation and warranty set forth in Article IV remains accurate as of the date of issuance. Additionally, these representations and warranties must be repeated at the time of the Closing, as though freshly made on that date.
Choices: ","Fail","Answer the following multiple choice question. The last line of your response should be of the following format: 'ANSWER: $LETTER' (without quotes) where LETTER is one of {letters}. Think step by step before answering.

{question}

{choices}

Instruction: Read the segment of a merger agreement and answer the multiple-choice question by choosing the option that best characterizes the agreement.

Question: When are representations and warranties required to be made according to the bring down provision?
Option A: At Closing Only
Option B: At Signing & At Closing

Merger Agreement Excerpts:
Section 10.1 Conditions Precedent (Page 135): ""Each representation and warranty of the Target, except those expressly designated as being made as of a specific date, shall be true and correct as of the Closing Date. Any representation expressly tied to a predetermined date is only required to be accurate as of that date.""

Section 10.3 Additional Pre-Closing Covenants (Page 142): ""Notwithstanding Section 10.1, for the purposes of satisfying the Offer conditions, every representation and warranty that is not otherwise confined to a specific date must have been continuously maintained from the execution date of this Agreement through to the Closing Date, thereby requiring validation both at signing and at closing.""
Choices: "
"61","Answer the following multiple choice question. The last line of your response should be of the following format: 'ANSWER: $LETTER' (without quotes) where LETTER is one of {letters}. Think step by step before answering.

{question}

{choices}

Instruction: Read the following segments of a merger agreement and answer the multiple-choice question by choosing the option that best characterizes the timing for making representations and warranties according to the bring down provision.

Question: When are representations and warranties required to be made according to the bring down provision?

Option A: At Closing Only
Option B: At Signing & At Closing

Merger Agreement:
Section 8.5 Conditions Precedent to Closing. Notwithstanding any other provision in this Agreement, each representation and warranty, except those expressly limited to a specific date, shall be true, accurate, and complete as of the Closing Date.

Section 11.4 Further Affirmations. In addition, all representations and warranties that are not specifically date-dated shall be initially affirmed at the time of signing this Agreement and then reaffirmed at the Closing Date as though made on and as of the Closing Date, except where expressly waived.

Answer:
Choices: ","Fail","Answer the following multiple choice question. The last line of your response should be of the following format: 'ANSWER: $LETTER' (without quotes) where LETTER is one of {letters}. Think step by step before answering.

{question}

{choices}

Instruction: Read the segment of a merger agreement and answer the multiple-choice question by choosing the option that best characterizes the agreement.

Question: When are representations and warranties required to be made according to the bring down provision?
Option A: At Closing Only
Option B: At Signing & At Closing

Merger Agreement Excerpts:
Section 10.1 Conditions Precedent (Page 135): ""Each representation and warranty of the Target, except those expressly designated as being made as of a specific date, shall be true and correct as of the Closing Date. Any representation expressly tied to a predetermined date is only required to be accurate as of that date.""

Section 10.3 Additional Pre-Closing Covenants (Page 142): ""Notwithstanding Section 10.1, for the purposes of satisfying the Offer conditions, every representation and warranty that is not otherwise confined to a specific date must have been continuously maintained from the execution date of this Agreement through to the Closing Date, thereby requiring validation both at signing and at closing.""
Choices: "
"62","Answer the following multiple choice question. The last line of your response should be of the following format: 'ANSWER: $LETTER' (without quotes) where LETTER is one of {letters}. Think step by step before answering.

{question}

{choices}

Instruction: Read the following segment of an Acquisition Agreement and answer the multiple-choice question by choosing the option that best reflects when the representations and warranties must be accurate.

Question: According to the bring down provision in the document, when must the representations and warranties of the Seller be accurate?
Option A: Only as of the Closing Date
Option B: Both as of the Effective Date and as of the Closing Date
Option C: At the signing date and as of the Effective Date

Acquisition Agreement:
Section 6.4: Conditions Precedent. Prior to the closing, each representation and warranty made by the Seller shall be true and correct as of the Effective Date. Notwithstanding the foregoing, unless a representation is expressly qualified to be valid only as of a specific date, it must also be reconfirmed as accurate as of the Closing Date.

Section 6.9: Additional Conditions. For any representation and warranty not specifically tied to a predetermined date, the Seller is required to attest it first as of the Effective Date and subsequently have it revalidated as of the Closing Date, ensuring continuous accuracy throughout the period leading to the closing.

Which option accurately captures the timing when the Seller’s representations and warranties must be true according to the bring down provision?
Choices: ","Fail","Answer the following multiple choice question. The last line of your response should be of the following format: 'ANSWER: $LETTER' (without quotes) where LETTER is one of {letters}. Think step by step before answering.

{question}

{choices}

Instruction: Read the segment of a merger agreement and answer the multiple-choice question by choosing the option that best characterizes the agreement.

Question: When are representations and warranties required to be made according to the bring down provision?
Option A: At Closing Only
Option B: At Signing & At Closing

Merger Agreement Excerpts:
Section 10.1 Conditions Precedent (Page 135): ""Each representation and warranty of the Target, except those expressly designated as being made as of a specific date, shall be true and correct as of the Closing Date. Any representation expressly tied to a predetermined date is only required to be accurate as of that date.""

Section 10.3 Additional Pre-Closing Covenants (Page 142): ""Notwithstanding Section 10.1, for the purposes of satisfying the Offer conditions, every representation and warranty that is not otherwise confined to a specific date must have been continuously maintained from the execution date of this Agreement through to the Closing Date, thereby requiring validation both at signing and at closing.""
Choices: "
"63","Answer the following multiple choice question. The last line of your response should be of the following format: 'ANSWER: $LETTER' (without quotes) where LETTER is one of {letters}. Think step by step before answering.

{question}

{choices}

Instruction: Read the segment of a merger agreement and answer the multiple-choice question by choosing the option that best characterizes the agreement.
Question: According to the bring down provisions, when are the representations and warranties required to be reaffirmed?
Option A: At Closing Only
Option B: At Signing & At Closing

Merger Agreement Excerpt: Section 8.5 Conditions Precedent. In order for the Acquirer to be obligated to consummate the transaction, the Seller must satisfy all conditions, including that, except for representations explicitly stated to be made as of the Specific Transaction Date, all representations and warranties shall be true and correct as of the Closing Date. However, Section 4.2 (Key Corporate Representations) provides that fundamental representations not specially tied to a specific date must be made at the Execution Date and then reaffirmed as of the Closing Date. Notwithstanding this, the overall bring-down requirement mandates that all representations not otherwise limited by a specific date shall be verified solely as of the Closing Date.

Merger Agreement Excerpt: Section 10.1 Verification of Representations. The Seller is required to confirm at Closing that no adverse changes have affected any representation, except for those representations expressly granted a fixed effective date at signing. This procedure replaces a repeated certification at signing for all general representations.

Choices: ","Fail","Answer the following multiple choice question. The last line of your response should be of the following format: 'ANSWER: $LETTER' (without quotes) where LETTER is one of {letters}. Think step by step before answering.

{question}

{choices}

Instruction: Read the segment of a merger agreement and answer the multiple-choice question by choosing the option that best characterizes the agreement.

Question: When are representations and warranties required to be made according to the bring down provision?
Option A: At Closing Only
Option B: At Signing & At Closing

Merger Agreement Excerpts:
Section 10.1 Conditions Precedent (Page 135): ""Each representation and warranty of the Target, except those expressly designated as being made as of a specific date, shall be true and correct as of the Closing Date. Any representation expressly tied to a predetermined date is only required to be accurate as of that date.""

Section 10.3 Additional Pre-Closing Covenants (Page 142): ""Notwithstanding Section 10.1, for the purposes of satisfying the Offer conditions, every representation and warranty that is not otherwise confined to a specific date must have been continuously maintained from the execution date of this Agreement through to the Closing Date, thereby requiring validation both at signing and at closing.""
Choices: "
"64","Answer the following multiple choice question. The last line of your response should be of the following format: 'ANSWER: $LETTER' (without quotes) where LETTER is one of {letters}. Think step by step before answering.

{question}

{choices}

Instruction: Read the following segments of a merger agreement and answer the multiple-choice question by choosing the option that best characterizes when the representations and warranties must be made according to the bring down provision.

Question: When are the representations and warranties required to be made as per the bring down provision?
Option A: At Closing Only
Option B: At Signing & At Closing

Merger Agreement Excerpt 1: Section 8.4 Conditions Precedent. The obligations of the Acquirer to consummate the transaction are subject to the satisfaction of the following condition: (a) Representations and Warranties. All representations and warranties set forth in Article V shall be true and correct as of the Closing Date, notwithstanding any materiality qualifications. (Page 86)

Merger Agreement Excerpt 2: Section 12.1 Performance Obligations. Notwithstanding the foregoing, the representations and warranties of the Company detailed in Article V, except those expressly waived, shall remain accurate as of the Effective Time and shall be re-certified by an authorized officer at the Signing Date to confirm their initial accuracy. (Page 112)
Choices: ","Fail","Answer the following multiple choice question. The last line of your response should be of the following format: 'ANSWER: $LETTER' (without quotes) where LETTER is one of {letters}. Think step by step before answering.

{question}

{choices}

Instruction: Read the segment of a merger agreement and answer the multiple-choice question by choosing the option that best characterizes the agreement.

Question: When are representations and warranties required to be made according to the bring down provision?
Option A: At Closing Only
Option B: At Signing & At Closing

Merger Agreement Excerpts:
Section 10.1 Conditions Precedent (Page 135): ""Each representation and warranty of the Target, except those expressly designated as being made as of a specific date, shall be true and correct as of the Closing Date. Any representation expressly tied to a predetermined date is only required to be accurate as of that date.""

Section 10.3 Additional Pre-Closing Covenants (Page 142): ""Notwithstanding Section 10.1, for the purposes of satisfying the Offer conditions, every representation and warranty that is not otherwise confined to a specific date must have been continuously maintained from the execution date of this Agreement through to the Closing Date, thereby requiring validation both at signing and at closing.""
Choices: "
"65","Answer the following multiple choice question. The last line of your response should be of the following format: 'ANSWER: $LETTER' (without quotes) where LETTER is one of {letters}. Think step by step before answering.

{question}

{choices}

Instruction: Read the following segments of a transaction agreement and answer the multiple-choice question by choosing the option that best characterizes the timing for when the buyer's representations and warranties must be provided.

Question: According to the catch-up clause in the agreement, when are the buyer's representations and warranties required to be made?
Option A: At Closing Only
Option B: At Signing & At Closing

Transaction Agreement:

Section 8.1 Conditions for Buyer Representations. The obligations of the Buyer to consummate the Transaction are subject to the satisfaction, or waiver, of the following condition: (a) each representation and warranty provided by the Buyer shall be accurate as of the Closing Date, except for those representations expressly designated to pertain solely to the Contract Date. (Page 55)

Section 8.2 Conditions to Payment. As part of the catch-up clause, the representations and warranties (excluding those specified in subsection (a) to be made solely as of the Contract Date) shall be verified to be accurate both as of the Contract Date and reaffirmed as of the Closing Date. (Page 62)
Choices: ","Fail","Answer the following multiple choice question. The last line of your response should be of the following format: 'ANSWER: $LETTER' (without quotes) where LETTER is one of {letters}. Think step by step before answering.

{question}

{choices}

Instruction: Read the segment of a merger agreement and answer the multiple-choice question by choosing the option that best characterizes the agreement.

Question: When are representations and warranties required to be made according to the bring down provision?
Option A: At Closing Only
Option B: At Signing & At Closing

Merger Agreement Excerpts:
Section 10.1 Conditions Precedent (Page 135): ""Each representation and warranty of the Target, except those expressly designated as being made as of a specific date, shall be true and correct as of the Closing Date. Any representation expressly tied to a predetermined date is only required to be accurate as of that date.""

Section 10.3 Additional Pre-Closing Covenants (Page 142): ""Notwithstanding Section 10.1, for the purposes of satisfying the Offer conditions, every representation and warranty that is not otherwise confined to a specific date must have been continuously maintained from the execution date of this Agreement through to the Closing Date, thereby requiring validation both at signing and at closing.""
Choices: "
"66","Answer the following multiple choice question. The last line of your response should be of the following format: 'ANSWER: $LETTER' (without quotes) where LETTER is one of {letters}. Think step by step before answering.

{question}

{choices}

Instruction: Read the following segments of a merger agreement and answer the multiple-choice question by choosing the option that best characterizes the timing for making representations and warranties according to the bring down provision.

Question: According to the bring down provision set forth in the agreement, when are the representations and warranties required to be made?

Option A: At Closing Only
Option B: At Signing & At Closing

Merger Agreement: Clause 8.3 Conditions Precedent. Each representation and warranty made by the Company, except those expressly qualified as of a specific date, shall be true and correct as of the Closing Date to ensure the Company’s status is fully confirmed at the final consummation of the transaction. (Page 150)

Merger Agreement: Clause 12.5 Special Conditions Related to the Offer. For any representation and warranty that does not include a qualifying date, it shall be deemed as of the Execution Date and must remain accurate until the Closing Date, effectively requiring the representation to be established at signing and maintained through to closing. (Page 203)
Choices: ","Fail","Answer the following multiple choice question. The last line of your response should be of the following format: 'ANSWER: $LETTER' (without quotes) where LETTER is one of {letters}. Think step by step before answering.

{question}

{choices}

Instruction: Read the segment of a merger agreement and answer the multiple-choice question by choosing the option that best characterizes the agreement.

Question: When are representations and warranties required to be made according to the bring down provision?
Option A: At Closing Only
Option B: At Signing & At Closing

Merger Agreement Excerpts:
Section 10.1 Conditions Precedent (Page 135): ""Each representation and warranty of the Target, except those expressly designated as being made as of a specific date, shall be true and correct as of the Closing Date. Any representation expressly tied to a predetermined date is only required to be accurate as of that date.""

Section 10.3 Additional Pre-Closing Covenants (Page 142): ""Notwithstanding Section 10.1, for the purposes of satisfying the Offer conditions, every representation and warranty that is not otherwise confined to a specific date must have been continuously maintained from the execution date of this Agreement through to the Closing Date, thereby requiring validation both at signing and at closing.""
Choices: "
"67","Answer the following multiple choice question. The last line of your response should be of the following format: 'ANSWER: $LETTER' (without quotes) where LETTER is one of {letters}. Think step by step before answering.

{question}

{choices}

Instruction: Read the segments of a merger agreement and answer the multiple-choice question by choosing the option that best characterizes the timing requirements for representations and warranties under the bring down provision.

Question: According to the bring down provision, at what times must the Company’s representations and warranties be true and correct?
Option A: At Closing Only
Option B: At Signing & At Closing

Merger Agreement excerpts:
Segment 1 (Section 8.1 - Representations): ""Except for representations specifically designated as of a particular date (for example, those in Section 8.1(a)), all representations and warranties of the Company shall be true and correct as of the Closing Date. However, the representations in Section 8.1(a) are deemed to have been made as of the Agreement Date.""

Segment 2 (Section 11.4 - Conditions to Closing): ""For purposes of satisfying the conditions to closing, all representations and warranties, whether or not they are otherwise qualified by a specific date, must be true and correct as of the date this Agreement is executed and re-affirmed as of the Closing Date, as though made on and as of each respective date. Notably, any representation that is expressly stated to be made as of the Agreement Date shall be treated accordingly.""
Choices: ","Fail","Answer the following multiple choice question. The last line of your response should be of the following format: 'ANSWER: $LETTER' (without quotes) where LETTER is one of {letters}. Think step by step before answering.

{question}

{choices}

Instruction: Read the segment of a merger agreement and answer the multiple-choice question by choosing the option that best characterizes the agreement.

Question: When are representations and warranties required to be made according to the bring down provision?
Option A: At Closing Only
Option B: At Signing & At Closing

Merger Agreement Excerpts:
Section 10.1 Conditions Precedent (Page 135): ""Each representation and warranty of the Target, except those expressly designated as being made as of a specific date, shall be true and correct as of the Closing Date. Any representation expressly tied to a predetermined date is only required to be accurate as of that date.""

Section 10.3 Additional Pre-Closing Covenants (Page 142): ""Notwithstanding Section 10.1, for the purposes of satisfying the Offer conditions, every representation and warranty that is not otherwise confined to a specific date must have been continuously maintained from the execution date of this Agreement through to the Closing Date, thereby requiring validation both at signing and at closing.""
Choices: "
"68","Answer the following multiple choice question. The last line of your response should be of the following format: 'ANSWER: $LETTER' (without quotes) where LETTER is one of {letters}. Think step by step before answering.

{question}

{choices}

Instruction: Read the following merger agreement segments and answer the multiple-choice question by choosing the option that best characterizes the bring down provision regarding the timing of representations and warranties.
Question: When are representations and warranties required to be made according to the bring down provision?
Option A: At Closing Only
Option B: At Signing & At Closing

Merger Agreement:
Segment 1 – Section 10.1 Representations and Warranties: ""All representations and warranties provided by the Company shall be true and correct as of the Closing Date, except where expressly stated to be effective as of a specific earlier date."" (Page 112)

Segment 2 – Section 12.4 Additional Conditions Precedent: ""Notwithstanding Section 10.1, for all representations and warranties set forth in Article IV, the Company shall ensure that they are true and correct both at the time of signing this Agreement and at the Closing Date, as if made at each respective time. In cases where any representation is expressly stated as 'as of the Effective Time,' that representation shall be treated solely as provided at the Closing."" (Page 157)
Choices: ","Fail","Answer the following multiple choice question. The last line of your response should be of the following format: 'ANSWER: $LETTER' (without quotes) where LETTER is one of {letters}. Think step by step before answering.

{question}

{choices}

Instruction: Read the segment of a merger agreement and answer the multiple-choice question by choosing the option that best characterizes the agreement.

Question: When are representations and warranties required to be made according to the bring down provision?
Option A: At Closing Only
Option B: At Signing & At Closing

Merger Agreement Excerpts:
Section 10.1 Conditions Precedent (Page 135): ""Each representation and warranty of the Target, except those expressly designated as being made as of a specific date, shall be true and correct as of the Closing Date. Any representation expressly tied to a predetermined date is only required to be accurate as of that date.""

Section 10.3 Additional Pre-Closing Covenants (Page 142): ""Notwithstanding Section 10.1, for the purposes of satisfying the Offer conditions, every representation and warranty that is not otherwise confined to a specific date must have been continuously maintained from the execution date of this Agreement through to the Closing Date, thereby requiring validation both at signing and at closing.""
Choices: "
"69","Answer the following multiple choice question. The last line of your response should be of the following format: 'ANSWER: $LETTER' (without quotes) where LETTER is one of {letters}. Think step by step before answering.

{question}

{choices}

Instruction: Read the segments of a merger agreement and answer the multiple-choice question by choosing the option that best characterizes the agreement.
Question: When are representations and warranties required to be made according to the bring down provision?
Option A: At Closing Only
Option B: At Signing & At Closing

Merger Agreement:
Section 11.2 Conditions to Closing: The Seller’s representations and warranties shall be true and correct as of the Closing Date. Provided, however, that any representation expressly made as of the Execution Date is deemed accurate solely for that Execution Date.

Section 14.1 Offer Eligibility: To ensure consistency with the bring down provision, all representations and warranties that are not expressly fixed as of a specific date must be reaffirmed both at the time of signing this Agreement and again as of the Closing Date.

Answer:
Choices: ","Fail","Answer the following multiple choice question. The last line of your response should be of the following format: 'ANSWER: $LETTER' (without quotes) where LETTER is one of {letters}. Think step by step before answering.

{question}

{choices}

Instruction: Read the segment of a merger agreement and answer the multiple-choice question by choosing the option that best characterizes the agreement.

Question: When are representations and warranties required to be made according to the bring down provision?
Option A: At Closing Only
Option B: At Signing & At Closing

Merger Agreement Excerpts:
Section 10.1 Conditions Precedent (Page 135): ""Each representation and warranty of the Target, except those expressly designated as being made as of a specific date, shall be true and correct as of the Closing Date. Any representation expressly tied to a predetermined date is only required to be accurate as of that date.""

Section 10.3 Additional Pre-Closing Covenants (Page 142): ""Notwithstanding Section 10.1, for the purposes of satisfying the Offer conditions, every representation and warranty that is not otherwise confined to a specific date must have been continuously maintained from the execution date of this Agreement through to the Closing Date, thereby requiring validation both at signing and at closing.""
Choices: "
"70","Answer the following multiple choice question. The last line of your response should be of the following format: 'ANSWER: $LETTER' (without quotes) where LETTER is one of {letters}. Think step by step before answering.

{question}

{choices}

Instruction: Read the following segment of a merger agreement and answer the multiple-choice question by choosing the option that best characterizes the timing requirement for representations and warranties under the bring down provision.

Merger Agreement Segment:
Section 8.4 Conditions to Finalization of the Merger. The obligations of Parent, Merger Sub, and Subsidiary to consummate the transaction are subject to the satisfaction or waiver (if permitted by applicable law) of the following conditions:
(a) Each representation and warranty made by the Company, except for those expressly rendered ""as of"" a specified date (for example, as of December 1, 2023), shall be true and correct in all material respects both as of the Execution Date and as of the Actual Closing Date, as if made anew on each of these dates. Any deviation discovered between the Execution Date and the Actual Closing Date must be cured provided it does not result in a Material Adverse Effect throughout the period.
(b) Notwithstanding clause (a), any representation or warranty that is expressly made as of a particular date (e.g., December 1, 2023) shall not require subsequent updating, and shall be deemed operative only as of that specified date.

Question: Under the bring down provision as set forth above, when are the Company's representations and warranties required to be confirmed?
Option A: At Closing Only
Option B: At Signing and at Closing
Choices: ","Fail","Answer the following multiple choice question. The last line of your response should be of the following format: 'ANSWER: $LETTER' (without quotes) where LETTER is one of {letters}. Think step by step before answering.

{question}

{choices}

Instruction: Read the segment of a merger agreement and answer the multiple-choice question by choosing the option that best characterizes the agreement.

Question: When are representations and warranties required to be made according to the bring down provision?
Option A: At Closing Only
Option B: At Signing & At Closing

Merger Agreement Excerpts:
Section 10.1 Conditions Precedent (Page 135): ""Each representation and warranty of the Target, except those expressly designated as being made as of a specific date, shall be true and correct as of the Closing Date. Any representation expressly tied to a predetermined date is only required to be accurate as of that date.""

Section 10.3 Additional Pre-Closing Covenants (Page 142): ""Notwithstanding Section 10.1, for the purposes of satisfying the Offer conditions, every representation and warranty that is not otherwise confined to a specific date must have been continuously maintained from the execution date of this Agreement through to the Closing Date, thereby requiring validation both at signing and at closing.""
Choices: "
"71","Answer the following multiple choice question. The last line of your response should be of the following format: 'ANSWER: $LETTER' (without quotes) where LETTER is one of {letters}. Think step by step before answering.

{question}

{choices}

Instruction: Read the following segments from a merger agreement and answer the multiple-choice question by choosing the option that best characterizes the timing requirement for the representations and warranties under the bring down provision.

Segment 1 (from Section 11.4 Conditions to the Obligations of the Parties):
""Notwithstanding any other provision herein, all representations and warranties of the Company which are not expressly made as of a specific date shall be true and correct as of the Closing Date. Any representation made as of a predetermined date shall retain its date specificity and not be subject to reaffirmation at Closing unless expressly modified.""

Segment 2 (from Section 13.2 Conditions to the Offer and Reconfirmations):
""In addition to the requirement in Section 11.4, the Company warrants that all representations and warranties, except those limited by a specified date, were accurate as of the Signing Date and that such representations shall be reconfirmed at the time of Offer Acceptance. Accordingly, for representations not tied to a specific date, the bring down provision mandates that they be valid both at the time of signing and again at Closing, effectively as if made continuously at both junctures.""

Question: When are representations and warranties required to be made according to the bring down provision given the above segments?
Option A: At Closing Only
Option B: At Signing & At Closing
Choices: ","Fail","Answer the following multiple choice question. The last line of your response should be of the following format: 'ANSWER: $LETTER' (without quotes) where LETTER is one of {letters}. Think step by step before answering.

{question}

{choices}

Instruction: Read the segment of a merger agreement and answer the multiple-choice question by choosing the option that best characterizes the agreement.

Question: When are representations and warranties required to be made according to the bring down provision?
Option A: At Closing Only
Option B: At Signing & At Closing

Merger Agreement Excerpts:
Section 10.1 Conditions Precedent (Page 135): ""Each representation and warranty of the Target, except those expressly designated as being made as of a specific date, shall be true and correct as of the Closing Date. Any representation expressly tied to a predetermined date is only required to be accurate as of that date.""

Section 10.3 Additional Pre-Closing Covenants (Page 142): ""Notwithstanding Section 10.1, for the purposes of satisfying the Offer conditions, every representation and warranty that is not otherwise confined to a specific date must have been continuously maintained from the execution date of this Agreement through to the Closing Date, thereby requiring validation both at signing and at closing.""
Choices: "
"72","Answer the following multiple choice question. The last line of your response should be of the following format: 'ANSWER: $LETTER' (without quotes) where LETTER is one of {letters}. Think step by step before answering.

{question}

{choices}

Instruction: Read the excerpt from a corporate acquisition agreement and answer the multiple-choice question by selecting the option that best describes when the representations and warranties are required to be made.

Question: Based on the Agreement, at what times must the representations and warranties be true and correct?
Option A: At Execution Only
Option B: At Execution & At Closing

Agreement Excerpts:
Section 10.3 - Representations and Warranties: ""All representations and warranties made in this Agreement shall be true and correct as of the Execution Date, notwithstanding any subsequent changes, except where expressly limited to conditions as of Closing.""

Section 10.7 - Continuity of Representations: ""For the proper performance under this Agreement, the Company is required to ensure that all representations and warranties (except those specifically confined in Section 11) remain accurate as of the Closing Date. Any material change from the facts declared at Execution must be remedied prior to Closing.""
Choices: ","Fail","Answer the following multiple choice question. The last line of your response should be of the following format: 'ANSWER: $LETTER' (without quotes) where LETTER is one of {letters}. Think step by step before answering.

{question}

{choices}

Instruction: Read the segment of a merger agreement and answer the multiple-choice question by choosing the option that best characterizes the agreement.

Question: When are representations and warranties required to be made according to the bring down provision?
Option A: At Closing Only
Option B: At Signing & At Closing

Merger Agreement Excerpts:
Section 10.1 Conditions Precedent (Page 135): ""Each representation and warranty of the Target, except those expressly designated as being made as of a specific date, shall be true and correct as of the Closing Date. Any representation expressly tied to a predetermined date is only required to be accurate as of that date.""

Section 10.3 Additional Pre-Closing Covenants (Page 142): ""Notwithstanding Section 10.1, for the purposes of satisfying the Offer conditions, every representation and warranty that is not otherwise confined to a specific date must have been continuously maintained from the execution date of this Agreement through to the Closing Date, thereby requiring validation both at signing and at closing.""
Choices: "
"73","Answer the following multiple choice question. The last line of your response should be of the following format: 'ANSWER: $LETTER' (without quotes) where LETTER is one of {letters}. Think step by step before answering.

{question}

{choices}

Instruction: Read the segment of a merger agreement and answer the multiple-choice question by choosing the option that best characterizes the agreement.
Question: When are representations and warranties required to be made according to the bring down provision?
Option A: At Closing Only
Option B: At Signing & At Closing

Merger Agreement Excerpts:
Section 9.3 Conditions to Obligations. Notwithstanding any other provision of this Agreement, each of the representations and warranties of the Company contemplated herein shall be deemed true and correct as of the Closing Date, except for those specific representations that expressly indicate they are made as of an earlier, designated date. (Page 45)

Section 12.1 Additional Representations and Warranties. All representations and warranties not specifically addressed in Section 9.3 shall be true and correct as of the date this Agreement is executed and shall continue to be affirmed as true as of the Closing Date, effectively requiring a reaffirmation at both execution and closing, except where a particular historical date is explicitly provided. (Page 92)
Choices: ","Fail","Answer the following multiple choice question. The last line of your response should be of the following format: 'ANSWER: $LETTER' (without quotes) where LETTER is one of {letters}. Think step by step before answering.

{question}

{choices}

Instruction: Read the segment of a merger agreement and answer the multiple-choice question by choosing the option that best characterizes the agreement.

Question: When are representations and warranties required to be made according to the bring down provision?
Option A: At Closing Only
Option B: At Signing & At Closing

Merger Agreement Excerpts:
Section 10.1 Conditions Precedent (Page 135): ""Each representation and warranty of the Target, except those expressly designated as being made as of a specific date, shall be true and correct as of the Closing Date. Any representation expressly tied to a predetermined date is only required to be accurate as of that date.""

Section 10.3 Additional Pre-Closing Covenants (Page 142): ""Notwithstanding Section 10.1, for the purposes of satisfying the Offer conditions, every representation and warranty that is not otherwise confined to a specific date must have been continuously maintained from the execution date of this Agreement through to the Closing Date, thereby requiring validation both at signing and at closing.""
Choices: "
"74","Answer the following multiple choice question. The last line of your response should be of the following format: 'ANSWER: $LETTER' (without quotes) where LETTER is one of {letters}. Think step by step before answering.

{question}

{choices}

Instruction: Read the following segments of a merger agreement and answer the multiple-choice question by choosing the option that best characterizes the timing requirement for representations and warranties under the bring down provision.
Question: When are representations and warranties required to be made as per the bring down provision?
Option A: At Closing Only
Option B: At Signing & At Closing

Merger Agreement: Section 8.5 - Conditions to Merger Execution. The Seller’s representations and warranties shall be true and correct as of the Closing Date, except where expressly stated to be applicable as of a predetermined earlier date, in which case such representations are limited to that specified date only.

Merger Agreement: Section 4.3 - Additional Undertakings. Notwithstanding the foregoing, all representations and warranties set forth in Article II must be reaffirmed and confirmed as true and correct as of both the date of this Agreement (Signing Date) and the Closing Date, thereby ensuring that any material changes between these dates are adequately disclosed.
Choices: ","Fail","Answer the following multiple choice question. The last line of your response should be of the following format: 'ANSWER: $LETTER' (without quotes) where LETTER is one of {letters}. Think step by step before answering.

{question}

{choices}

Instruction: Read the segment of a merger agreement and answer the multiple-choice question by choosing the option that best characterizes the agreement.

Question: When are representations and warranties required to be made according to the bring down provision?
Option A: At Closing Only
Option B: At Signing & At Closing

Merger Agreement Excerpts:
Section 10.1 Conditions Precedent (Page 135): ""Each representation and warranty of the Target, except those expressly designated as being made as of a specific date, shall be true and correct as of the Closing Date. Any representation expressly tied to a predetermined date is only required to be accurate as of that date.""

Section 10.3 Additional Pre-Closing Covenants (Page 142): ""Notwithstanding Section 10.1, for the purposes of satisfying the Offer conditions, every representation and warranty that is not otherwise confined to a specific date must have been continuously maintained from the execution date of this Agreement through to the Closing Date, thereby requiring validation both at signing and at closing.""
Choices: "
"75","Answer the following multiple choice question. The last line of your response should be of the following format: 'ANSWER: $LETTER' (without quotes) where LETTER is one of {letters}. Think step by step before answering.

{question}

{choices}

Instruction: Read the segment of a merger agreement and answer the multiple-choice question by choosing the option that best characterizes the agreement.
Question: When are representations and warranties required to be made according to the bring down provision?
Option A: At Signing & At Closing
Option B: At Closing Only

Merger Agreement: Section 12.4 Conditions to Effectiveness. The obligations of the parties to consummate the Merger are, among other conditions, subject to the representations and warranties of the Company being true and correct as of the Closing Date. Representations made as of earlier dates are provided solely for informational purposes and shall not satisfy the bring down condition.

Merger Agreement: Section 13.02 Additional Conditions. Notwithstanding any certificate delivered at the time of Signing, which confirms that all representations and warranties set forth in Article VII are true, such certification is for record purposes only. For the purposes of satisfying the conditions precedent to the Merger, the representations and warranties will be evaluated based solely on their accuracy as of the Closing Date.

Answer:
Choices: ","Fail","Answer the following multiple choice question. The last line of your response should be of the following format: 'ANSWER: $LETTER' (without quotes) where LETTER is one of {letters}. Think step by step before answering.

{question}

{choices}

Instruction: Read the segment of a merger agreement and answer the multiple-choice question by choosing the option that best characterizes the agreement.

Question: When are representations and warranties required to be made according to the bring down provision?
Option A: At Closing Only
Option B: At Signing & At Closing

Merger Agreement Excerpts:
Section 10.1 Conditions Precedent (Page 135): ""Each representation and warranty of the Target, except those expressly designated as being made as of a specific date, shall be true and correct as of the Closing Date. Any representation expressly tied to a predetermined date is only required to be accurate as of that date.""

Section 10.3 Additional Pre-Closing Covenants (Page 142): ""Notwithstanding Section 10.1, for the purposes of satisfying the Offer conditions, every representation and warranty that is not otherwise confined to a specific date must have been continuously maintained from the execution date of this Agreement through to the Closing Date, thereby requiring validation both at signing and at closing.""
Choices: "
"76","Answer the following multiple choice question. The last line of your response should be of the following format: 'ANSWER: $LETTER' (without quotes) where LETTER is one of {letters}. Think step by step before answering.

{question}

{choices}

Instruction: Read the following segment of a merger agreement and answer the multiple-choice question by choosing the option that best characterizes the timing of representations and warranties under the bring down provision.
Question: Under the provision stated below, when are the Company's representations and warranties required to be made?
Option A: At Closing Only
Option B: At Signing & At Closing

Merger Agreement: Section 8.5 Conditions Pre-Closing. The Company hereby represents and warrants that all representations, except those expressly limited by a specified date, shall be continuously true from the date of execution of this Agreement through the Closing Date. Notwithstanding this continuous obligation, the Company is additionally required to reaffirm such representations at the Closing Date as though made anew, thereby incorporating any adjustments resulting from intervening events. In instances where any representation is expressly qualified as of a particular date, such representation shall only be deemed in effect as of the specified date.
Choices: ","Fail","Answer the following multiple choice question. The last line of your response should be of the following format: 'ANSWER: $LETTER' (without quotes) where LETTER is one of {letters}. Think step by step before answering.

{question}

{choices}

Instruction: Read the segment of a merger agreement and answer the multiple-choice question by choosing the option that best characterizes the agreement.

Question: When are representations and warranties required to be made according to the bring down provision?
Option A: At Closing Only
Option B: At Signing & At Closing

Merger Agreement Excerpts:
Section 10.1 Conditions Precedent (Page 135): ""Each representation and warranty of the Target, except those expressly designated as being made as of a specific date, shall be true and correct as of the Closing Date. Any representation expressly tied to a predetermined date is only required to be accurate as of that date.""

Section 10.3 Additional Pre-Closing Covenants (Page 142): ""Notwithstanding Section 10.1, for the purposes of satisfying the Offer conditions, every representation and warranty that is not otherwise confined to a specific date must have been continuously maintained from the execution date of this Agreement through to the Closing Date, thereby requiring validation both at signing and at closing.""
Choices: "
"77","Answer the following multiple choice question. The last line of your response should be of the following format: 'ANSWER: $LETTER' (without quotes) where LETTER is one of {letters}. Think step by step before answering.

{question}

{choices}

Instruction: Read the following excerpts from the merger agreement and answer the multiple-choice question by choosing the option that best characterizes the timing requirement for the representations and warranties.

Question: According to the bring down provisions set forth below, when must the representations and warranties be confirmed?
Option A: At Closing Only
Option B: At Signing & At Closing

Merger Agreement Excerpt 1: Section 8.5, Conditions to Closing. The Seller’s representations and warranties as set forth in Article V are required to be precise and true and correct as of the Closing Date. Notwithstanding, any representation expressly stipulated as valid 'as of the date of signature' applies solely to that date. (Page 112)

Merger Agreement Excerpt 2: Section 10.3, Ongoing Representations. All representations and warranties contained in Article V shall be accurate as of the date hereof and continue to be true until the consummation of the Merger, effectively requiring that at closing they be presented as if made anew on the Closing Date, except for those representations explicitly limited to the signature date. (Page 127)
Choices: ","Fail","Answer the following multiple choice question. The last line of your response should be of the following format: 'ANSWER: $LETTER' (without quotes) where LETTER is one of {letters}. Think step by step before answering.

{question}

{choices}

Instruction: Read the segment of a merger agreement and answer the multiple-choice question by choosing the option that best characterizes the agreement.

Question: When are representations and warranties required to be made according to the bring down provision?
Option A: At Closing Only
Option B: At Signing & At Closing

Merger Agreement Excerpts:
Section 10.1 Conditions Precedent (Page 135): ""Each representation and warranty of the Target, except those expressly designated as being made as of a specific date, shall be true and correct as of the Closing Date. Any representation expressly tied to a predetermined date is only required to be accurate as of that date.""

Section 10.3 Additional Pre-Closing Covenants (Page 142): ""Notwithstanding Section 10.1, for the purposes of satisfying the Offer conditions, every representation and warranty that is not otherwise confined to a specific date must have been continuously maintained from the execution date of this Agreement through to the Closing Date, thereby requiring validation both at signing and at closing.""
Choices: "
"78","Answer the following multiple choice question. The last line of your response should be of the following format: 'ANSWER: $LETTER' (without quotes) where LETTER is one of {letters}. Think step by step before answering.

{question}

{choices}

Instruction: Read the segment of a merger agreement and answer the multiple-choice question by choosing the option that best characterizes the agreement.

Question: According to the bring down provision, when must the representations and warranties of the Company be accurate?
Option A: At Closing Only
Option B: At Signing & At Closing

Merger Agreement Excerpts:
Segment 1 (Section 8.1 Obligations for Merger): The obligations of the Parent and its subsidiary to consummate the Merger are subject to the condition that each representation and warranty of the Company is true and correct as of the Closing Date, except where the representations are expressly tagged as being valid only on a prior designated date. (Page 102)

Segment 2 (Section 4.7 Conditions Precedent to Offer): Notwithstanding any other provisions, all representations and warranties set forth in this Agreement shall be deemed made as of the Signing Date and shall remain effective, as if reaffirmed, through to the Offer Acceptance Time, except where specific milestones are otherwise indicated. (Page 47)
Choices: ","Fail","Answer the following multiple choice question. The last line of your response should be of the following format: 'ANSWER: $LETTER' (without quotes) where LETTER is one of {letters}. Think step by step before answering.

{question}

{choices}

Instruction: Read the segment of a merger agreement and answer the multiple-choice question by choosing the option that best characterizes the agreement.

Question: When are representations and warranties required to be made according to the bring down provision?
Option A: At Closing Only
Option B: At Signing & At Closing

Merger Agreement Excerpts:
Section 10.1 Conditions Precedent (Page 135): ""Each representation and warranty of the Target, except those expressly designated as being made as of a specific date, shall be true and correct as of the Closing Date. Any representation expressly tied to a predetermined date is only required to be accurate as of that date.""

Section 10.3 Additional Pre-Closing Covenants (Page 142): ""Notwithstanding Section 10.1, for the purposes of satisfying the Offer conditions, every representation and warranty that is not otherwise confined to a specific date must have been continuously maintained from the execution date of this Agreement through to the Closing Date, thereby requiring validation both at signing and at closing.""
Choices: "
"79","Answer the following multiple choice question. The last line of your response should be of the following format: 'ANSWER: $LETTER' (without quotes) where LETTER is one of {letters}. Think step by step before answering.

{question}

{choices}

Instruction: Read the segment of a merger agreement and answer the multiple-choice question by choosing the option that best characterizes the bring down timing of representations and warranties.

Question: According to the bring down provisions in the following merger agreement excerpts, when must the Seller’s representations and warranties be accurate?
Option A: Only as of the Closing Date
Option B: Both at the Execution Date and as of the Closing Date

Merger Agreement: 
Section 8.1 Representations. The Seller shall ensure that each representation and warranty, without any materiality qualification, is true and correct as of the Closing Date, except for those expressly limited to a reference date specified elsewhere. (Page 52)

Merger Agreement: 
Section 11.3 Affirmations on Conditions. Notwithstanding any other provision, all residual representations made by the Seller must be accurate in all respects at the Execution Date and must be re-certified to be true as of the Closing Date, as if made anew, except where a representation expressly states it is confined to a different specified date. (Page 88)
Choices: ","Fail","Answer the following multiple choice question. The last line of your response should be of the following format: 'ANSWER: $LETTER' (without quotes) where LETTER is one of {letters}. Think step by step before answering.

{question}

{choices}

Instruction: Read the segment of a merger agreement and answer the multiple-choice question by choosing the option that best characterizes the agreement.

Question: When are representations and warranties required to be made according to the bring down provision?
Option A: At Closing Only
Option B: At Signing & At Closing

Merger Agreement Excerpts:
Section 10.1 Conditions Precedent (Page 135): ""Each representation and warranty of the Target, except those expressly designated as being made as of a specific date, shall be true and correct as of the Closing Date. Any representation expressly tied to a predetermined date is only required to be accurate as of that date.""

Section 10.3 Additional Pre-Closing Covenants (Page 142): ""Notwithstanding Section 10.1, for the purposes of satisfying the Offer conditions, every representation and warranty that is not otherwise confined to a specific date must have been continuously maintained from the execution date of this Agreement through to the Closing Date, thereby requiring validation both at signing and at closing.""
Choices: "
"80","Answer the following multiple choice question. The last line of your response should be of the following format: 'ANSWER: $LETTER' (without quotes) where LETTER is one of {letters}. Think step by step before answering.

{question}

{choices}

Instruction: Read the following segments of a merger agreement and answer the multiple-choice question by choosing the option that best characterizes the agreement.

Question: Under the bring down provision in the agreement, when must the representations and warranties be true and correct?
Option A: Only as of the Closing Date
Option B: As of both the Execution Date and the Closing Date

Merger Agreement Excerpt 1: Section 7.9 – Conditions to Effecting the Merger:
""The Company shall ensure that each of the representations and warranties contained in this Section 7.9 is true and correct as of the Closing Date exclusively, except where expressly provided that such representations or warranties are tethered to a specific earlier date, in which case they are applicable solely to that designated date.""

Merger Agreement Excerpt 2: Section 5.7 – Stand-Alone Conditions for Representations:
""All representations and warranties not included in Section 7.9 shall be made as of the Execution Date and shall be reaffirmed at the Closing Date. The verification at both time points is required to satisfy the bring down condition for such representations.""

Provide your answer based solely on the language of these excerpts.
Choices: ","Fail","Answer the following multiple choice question. The last line of your response should be of the following format: 'ANSWER: $LETTER' (without quotes) where LETTER is one of {letters}. Think step by step before answering.

{question}

{choices}

Instruction: Read the segment of a merger agreement and answer the multiple-choice question by choosing the option that best characterizes the agreement.

Question: When are representations and warranties required to be made according to the bring down provision?
Option A: At Closing Only
Option B: At Signing & At Closing

Merger Agreement Excerpts:
Section 10.1 Conditions Precedent (Page 135): ""Each representation and warranty of the Target, except those expressly designated as being made as of a specific date, shall be true and correct as of the Closing Date. Any representation expressly tied to a predetermined date is only required to be accurate as of that date.""

Section 10.3 Additional Pre-Closing Covenants (Page 142): ""Notwithstanding Section 10.1, for the purposes of satisfying the Offer conditions, every representation and warranty that is not otherwise confined to a specific date must have been continuously maintained from the execution date of this Agreement through to the Closing Date, thereby requiring validation both at signing and at closing.""
Choices: "
"81","Answer the following multiple choice question. The last line of your response should be of the following format: 'ANSWER: $LETTER' (without quotes) where LETTER is one of {letters}. Think step by step before answering.

{question}

{choices}

Instruction: Read the following segments of a merger agreement and answer the multiple-choice question by choosing the option that best characterizes the timing requirement of the representations and warranties according to the bring down provision.

Question: When are representations and warranties required to be made according to the bring down provision?
Option A: At Closing Only
Option B: At Signing & At Closing

Merger Agreement Excerpt 1 (Section 8.4 – Conditions to Obligations of Target and Merger Sub):
""In addition to the conditions set forth in Section 2.1, each representation and warranty of the Company, except those expressly made as of a specific date in connection with the audited financial statements (Section 3.02), shall be true and correct as of the Closing Date. All exceptions provided in this section shall be strictly limited to the Closing Date requirement.""

Merger Agreement Excerpt 2 (Section 10.02 – Payment Conditions):
""Notwithstanding any other terms of this Agreement, for the purpose of effectuating payment under this transaction, all representations and warranties of the Company, as detailed in Article V (and provided they are not otherwise qualified by an express effective date), must be accurate both at the Agreement Date and as of the Closing Date, with the effect as if such representations were simultaneously made on each of these dates.""

Based on the above, please select the option that best captures the effective timing requirement for the representations and warranties.
Choices: ","Fail","Answer the following multiple choice question. The last line of your response should be of the following format: 'ANSWER: $LETTER' (without quotes) where LETTER is one of {letters}. Think step by step before answering.

{question}

{choices}

Instruction: Read the segment of a merger agreement and answer the multiple-choice question by choosing the option that best characterizes the agreement.

Question: When are representations and warranties required to be made according to the bring down provision?
Option A: At Closing Only
Option B: At Signing & At Closing

Merger Agreement Excerpts:
Section 10.1 Conditions Precedent (Page 135): ""Each representation and warranty of the Target, except those expressly designated as being made as of a specific date, shall be true and correct as of the Closing Date. Any representation expressly tied to a predetermined date is only required to be accurate as of that date.""

Section 10.3 Additional Pre-Closing Covenants (Page 142): ""Notwithstanding Section 10.1, for the purposes of satisfying the Offer conditions, every representation and warranty that is not otherwise confined to a specific date must have been continuously maintained from the execution date of this Agreement through to the Closing Date, thereby requiring validation both at signing and at closing.""
Choices: "
"82","Answer the following multiple choice question. The last line of your response should be of the following format: 'ANSWER: $LETTER' (without quotes) where LETTER is one of {letters}. Think step by step before answering.

{question}

{choices}

Instruction: Read the following segments of a merger agreement and answer the multiple-choice question. 

Question: When are representations and warranties required to be made according to the bring down provision?
Option A: At Closing Only
Option B: At Signing & At Closing

Merger Agreement Segment 1 (Section 8.4 - Conditions Precedent for Closing):
'Notwithstanding any other provisions herein, except for representations expressly limited to a specified date, all representations and warranties provided by the Company under Article III shall be accurate solely as of the Closing Date. For the purposes of closing condition, the Company need only confirm that these representations are true and correct on the Closing Date.'

Merger Agreement Segment 2 (Section 11.7 - Additional Representations and Warranties):
'In addition to Section 8.4, for representations addressing ongoing matters, the Company shall ensure that each representation and warranty is true and correct both as of the date of execution of this Agreement and as of the Closing Date, with the caveat that any representation expressly stated to be limited to the date of execution shall not be subject to the bring down requirement at Closing.'
Choices: ","Fail","Answer the following multiple choice question. The last line of your response should be of the following format: 'ANSWER: $LETTER' (without quotes) where LETTER is one of {letters}. Think step by step before answering.

{question}

{choices}

Instruction: Read the segment of a merger agreement and answer the multiple-choice question by choosing the option that best characterizes the agreement.

Question: When are representations and warranties required to be made according to the bring down provision?
Option A: At Closing Only
Option B: At Signing & At Closing

Merger Agreement Excerpts:
Section 10.1 Conditions Precedent (Page 135): ""Each representation and warranty of the Target, except those expressly designated as being made as of a specific date, shall be true and correct as of the Closing Date. Any representation expressly tied to a predetermined date is only required to be accurate as of that date.""

Section 10.3 Additional Pre-Closing Covenants (Page 142): ""Notwithstanding Section 10.1, for the purposes of satisfying the Offer conditions, every representation and warranty that is not otherwise confined to a specific date must have been continuously maintained from the execution date of this Agreement through to the Closing Date, thereby requiring validation both at signing and at closing.""
Choices: "
"83","Answer the following multiple choice question. The last line of your response should be of the following format: 'ANSWER: $LETTER' (without quotes) where LETTER is one of {letters}. Think step by step before answering.

{question}

{choices}

Instruction: Read the segment of a merger agreement and answer the multiple-choice question by choosing the option that best characterizes the agreement.
Question: According to the bring down provision, when must the representations and warranties be confirmed?
Option A: At Closing Only
Option B: At Signing & At Closing

Merger Agreement:
Section 10.3 – Representations and Warranties. Except for representations specifically qualified by a date, each representation and warranty of the Company set forth herein shall be accurate as of the Signing Date and must be reaffirmed to be in full force and correct as of the Closing Date. (Page 56)

Section 10.4 – Currency-Dependent Representations. Notwithstanding Section 10.3, any representation pertaining solely to aspects such as exchange rate exposures shall be considered binding only as of the Closing Date, with no requirement for prior confirmation. (Page 58)
Choices: ","Fail","Answer the following multiple choice question. The last line of your response should be of the following format: 'ANSWER: $LETTER' (without quotes) where LETTER is one of {letters}. Think step by step before answering.

{question}

{choices}

Instruction: Read the segment of a merger agreement and answer the multiple-choice question by choosing the option that best characterizes the agreement.

Question: When are representations and warranties required to be made according to the bring down provision?
Option A: At Closing Only
Option B: At Signing & At Closing

Merger Agreement Excerpts:
Section 10.1 Conditions Precedent (Page 135): ""Each representation and warranty of the Target, except those expressly designated as being made as of a specific date, shall be true and correct as of the Closing Date. Any representation expressly tied to a predetermined date is only required to be accurate as of that date.""

Section 10.3 Additional Pre-Closing Covenants (Page 142): ""Notwithstanding Section 10.1, for the purposes of satisfying the Offer conditions, every representation and warranty that is not otherwise confined to a specific date must have been continuously maintained from the execution date of this Agreement through to the Closing Date, thereby requiring validation both at signing and at closing.""
Choices: "
"84","Answer the following multiple choice question. The last line of your response should be of the following format: 'ANSWER: $LETTER' (without quotes) where LETTER is one of {letters}. Think step by step before answering.

{question}

{choices}

Instruction: Read the following segments of a merger agreement and answer the multiple-choice question by choosing the option that best characterizes the agreement.

Question: Based on the provided excerpts, when are representations and warranties required to be made according to the bring down provision?
Option A: At Closing Only
Option B: At Signing & At Closing

Merger Agreement: Section 10.2 Conditions to Effect the Merger. The consummation of the transaction is subject to, among other conditions, that each representation and warranty of the Company must be true and correct as of the Closing Date, except for those expressly made as of a specific date, in which case such representations and warranties are verified solely as of that specified date. (Page 134)

Merger Agreement: Section 9.5 Supplemental Conditions. Notwithstanding the foregoing, all remaining representations and warranties set forth in Article V shall be accurate in all material respects as of the date of this Agreement and shall be reconfirmed as of the Final Effective Time as if made on and as of that time, thereby ensuring that any changes occurring post-signing are duly reflected. (Page 127)
Choices: ","Fail","Answer the following multiple choice question. The last line of your response should be of the following format: 'ANSWER: $LETTER' (without quotes) where LETTER is one of {letters}. Think step by step before answering.

{question}

{choices}

Instruction: Read the segment of a merger agreement and answer the multiple-choice question by choosing the option that best characterizes the agreement.

Question: When are representations and warranties required to be made according to the bring down provision?
Option A: At Closing Only
Option B: At Signing & At Closing

Merger Agreement Excerpts:
Section 10.1 Conditions Precedent (Page 135): ""Each representation and warranty of the Target, except those expressly designated as being made as of a specific date, shall be true and correct as of the Closing Date. Any representation expressly tied to a predetermined date is only required to be accurate as of that date.""

Section 10.3 Additional Pre-Closing Covenants (Page 142): ""Notwithstanding Section 10.1, for the purposes of satisfying the Offer conditions, every representation and warranty that is not otherwise confined to a specific date must have been continuously maintained from the execution date of this Agreement through to the Closing Date, thereby requiring validation both at signing and at closing.""
Choices: "
"85","Answer the following multiple choice question. The last line of your response should be of the following format: 'ANSWER: $LETTER' (without quotes) where LETTER is one of {letters}. Think step by step before answering.

{question}

{choices}

Instruction: Read the following segments of a merger agreement and answer the multiple-choice question by choosing the option that best characterizes the agreement.

Question: According to the bring down provision, when are the representations and warranties required to be made?
Option A: At Closing Only
Option B: At Signing & At Closing

Merger Agreement:
Section 10.1 – Conditions Precedent to the Merger. ""Each representation and warranty of the Company shall be deemed only as accurate as of the Closing Date, except for those representations expressly made as of a specified date, which shall be effective solely on that said date."" (Page 102)

Section 11.5 – Reaffirmation of Representations. ""Prior to Closing, the Company shall confirm that all representations and warranties set forth in Article IV remain true and accurate as of the date of this Agreement and shall be reaffirmed again as of the Closing Date, thereby ensuring consistency across both time periods."" (Page 110)
Choices: ","Fail","Answer the following multiple choice question. The last line of your response should be of the following format: 'ANSWER: $LETTER' (without quotes) where LETTER is one of {letters}. Think step by step before answering.

{question}

{choices}

Instruction: Read the segment of a merger agreement and answer the multiple-choice question by choosing the option that best characterizes the agreement.

Question: When are representations and warranties required to be made according to the bring down provision?
Option A: At Closing Only
Option B: At Signing & At Closing

Merger Agreement Excerpts:
Section 10.1 Conditions Precedent (Page 135): ""Each representation and warranty of the Target, except those expressly designated as being made as of a specific date, shall be true and correct as of the Closing Date. Any representation expressly tied to a predetermined date is only required to be accurate as of that date.""

Section 10.3 Additional Pre-Closing Covenants (Page 142): ""Notwithstanding Section 10.1, for the purposes of satisfying the Offer conditions, every representation and warranty that is not otherwise confined to a specific date must have been continuously maintained from the execution date of this Agreement through to the Closing Date, thereby requiring validation both at signing and at closing.""
Choices: "
"86","Answer the following multiple choice question. The last line of your response should be of the following format: 'ANSWER: $LETTER' (without quotes) where LETTER is one of {letters}. Think step by step before answering.

{question}

{choices}

Instruction: Read the segment of a merger agreement and answer the multiple-choice question by choosing the option that best characterizes the timing requirement for representations and warranties according to the bring down provision.

Question: When are representations and warranties required to be made according to the bring down provision?
Option A: At Closing Only
Option B: At Signing & At Closing

Merger Agreement Excerpts:
Section 10.2 Conditions to Obligations of Seller and Acquirer. The Seller’s representations and warranties shall be true and correct as of the Effective Time, defined as the date of this Agreement, unless a representation is expressly made as of a designated date, in which case it shall only be deemed accurate on that specific date. Notwithstanding the foregoing, with the exception of such designated representations, all representations and warranties shall further be reaffirmed and confirmed on and as of the Closing Date.

Section 11.07 Further Conditions. The Seller hereby acknowledges that all representations and warranties, except those explicitly limited by a specific temporal qualifier, must be maintained continuously from the date of signing this Agreement through to the Closing Date. Accordingly, the representations and warranties as set forth are treated as having been made at the time of signing and subsequently reaffirmed at closing.
Choices: ","Fail","Answer the following multiple choice question. The last line of your response should be of the following format: 'ANSWER: $LETTER' (without quotes) where LETTER is one of {letters}. Think step by step before answering.

{question}

{choices}

Instruction: Read the segment of a merger agreement and answer the multiple-choice question by choosing the option that best characterizes the agreement.

Question: When are representations and warranties required to be made according to the bring down provision?
Option A: At Closing Only
Option B: At Signing & At Closing

Merger Agreement Excerpts:
Section 10.1 Conditions Precedent (Page 135): ""Each representation and warranty of the Target, except those expressly designated as being made as of a specific date, shall be true and correct as of the Closing Date. Any representation expressly tied to a predetermined date is only required to be accurate as of that date.""

Section 10.3 Additional Pre-Closing Covenants (Page 142): ""Notwithstanding Section 10.1, for the purposes of satisfying the Offer conditions, every representation and warranty that is not otherwise confined to a specific date must have been continuously maintained from the execution date of this Agreement through to the Closing Date, thereby requiring validation both at signing and at closing.""
Choices: "
"87","Answer the following multiple choice question. The last line of your response should be of the following format: 'ANSWER: $LETTER' (without quotes) where LETTER is one of {letters}. Think step by step before answering.

{question}

{choices}

Instruction: Read the following segments of a merger agreement and answer the multiple-choice question by choosing the option that best characterizes when representations and warranties are required according to the bring down provision.

Question: When are representations and warranties required to be made according to the bring down provision?
Option A: At Signing Only
Option B: At Closing Only
Option C: At Signing & At Closing

Merger Agreement Excerpt 1: Section 4.5 Verification of Representations. ""All representations and warranties provided by the Company in this Agreement, except those expressly made as of a designated date, shall be accurate as of the date of this Agreement (Signing). Notwithstanding the foregoing, to guard against Material Adverse Changes, such representations shall be reconfirmed at the Final Closing."" (Page 42)

Merger Agreement Excerpt 2: Clause 9.1 Additional Conditions. ""For purposes of satisfying Offer Conditions, any representation or warranty that is not specifically dated is required to be reaffirmed at Final Closing. Representations that are expressly qualified by a particular date are exempt from the Closing reconfirmation requirement."" (Page 89)
Choices: ","Fail","Answer the following multiple choice question. The last line of your response should be of the following format: 'ANSWER: $LETTER' (without quotes) where LETTER is one of {letters}. Think step by step before answering.

{question}

{choices}

Instruction: Read the segment of a merger agreement and answer the multiple-choice question by choosing the option that best characterizes the agreement.

Question: When are representations and warranties required to be made according to the bring down provision?
Option A: At Closing Only
Option B: At Signing & At Closing

Merger Agreement Excerpts:
Section 10.1 Conditions Precedent (Page 135): ""Each representation and warranty of the Target, except those expressly designated as being made as of a specific date, shall be true and correct as of the Closing Date. Any representation expressly tied to a predetermined date is only required to be accurate as of that date.""

Section 10.3 Additional Pre-Closing Covenants (Page 142): ""Notwithstanding Section 10.1, for the purposes of satisfying the Offer conditions, every representation and warranty that is not otherwise confined to a specific date must have been continuously maintained from the execution date of this Agreement through to the Closing Date, thereby requiring validation both at signing and at closing.""
Choices: "
"88","Answer the following multiple choice question. The last line of your response should be of the following format: 'ANSWER: $LETTER' (without quotes) where LETTER is one of {letters}. Think step by step before answering.

{question}

{choices}

Instruction: Read the segments of a merger agreement and answer the multiple-choice question by choosing the option that best characterizes when the representations and warranties are required to be made according to the bring down provision.

Question: When are representations and warranties required to be made according to the bring down provision?
Option A: At Final Effective Date Only
Option B: At Offer Acceptance Time & Final Effective Date

Merger Agreement: Section 8.3 Conditions to Obligations of Seller and Target. The obligations of the Seller and Target to effect the merger are subject to the satisfaction of the following condition: (a) Each of the representations and warranties of the Target shall be true and correct as of the Final Effective Date, except that if any such representation is expressly made as of a specific date, it shall be true and correct only as of that specified date. (Page 42)

Merger Agreement: Section 10.5 Conditions on Offer. Furthermore, the parties agree that, for representations and warranties not expressly made as of a specific date, such representations shall be accurate as of the Offer Acceptance Time, and must continue to be true as if made on that date until the Final Effective Date. (Page 68)
Choices: ","Fail","Answer the following multiple choice question. The last line of your response should be of the following format: 'ANSWER: $LETTER' (without quotes) where LETTER is one of {letters}. Think step by step before answering.

{question}

{choices}

Instruction: Read the segment of a merger agreement and answer the multiple-choice question by choosing the option that best characterizes the agreement.

Question: When are representations and warranties required to be made according to the bring down provision?
Option A: At Closing Only
Option B: At Signing & At Closing

Merger Agreement Excerpts:
Section 10.1 Conditions Precedent (Page 135): ""Each representation and warranty of the Target, except those expressly designated as being made as of a specific date, shall be true and correct as of the Closing Date. Any representation expressly tied to a predetermined date is only required to be accurate as of that date.""

Section 10.3 Additional Pre-Closing Covenants (Page 142): ""Notwithstanding Section 10.1, for the purposes of satisfying the Offer conditions, every representation and warranty that is not otherwise confined to a specific date must have been continuously maintained from the execution date of this Agreement through to the Closing Date, thereby requiring validation both at signing and at closing.""
Choices: "
"89","Answer the following multiple choice question. The last line of your response should be of the following format: 'ANSWER: $LETTER' (without quotes) where LETTER is one of {letters}. Think step by step before answering.

{question}

{choices}

Instruction: Read the following segments of a merger agreement and answer the multiple-choice question by choosing the option that best characterizes the timing of representations and warranties according to the bring down provision.

Question: When are representations and warranties required to be made according to the bring down provision?
Option A: At Closing Only
Option B: At Signing & At Closing

Merger Agreement Excerpt 1: Section 9.4 Conditions to Obligations of the Acquirer. The Acquirer’s obligation to consummate the Transaction is subject to, among other conditions, the representations and warranties of the Company being true and correct. Unless a representation or warranty is expressly stated to be made as of a particular date, it shall be deemed as made as of the Final Closing Date. (Page 112)

Merger Agreement Excerpt 2: Section 12.3 Conditions Post Offer. Notwithstanding any conflicting provision, all representations and warranties that are not expressly qualified as of a particular date shall be deemed accurate as of the Agreement Execution Date and must continue to be valid as of the Final Closing Date, as if made at both the Agreement Execution Date and the Final Closing Date, except where minor exceptions apply that do not affect materiality. (Page 130)
Choices: ","Fail","Answer the following multiple choice question. The last line of your response should be of the following format: 'ANSWER: $LETTER' (without quotes) where LETTER is one of {letters}. Think step by step before answering.

{question}

{choices}

Instruction: Read the segment of a merger agreement and answer the multiple-choice question by choosing the option that best characterizes the agreement.

Question: When are representations and warranties required to be made according to the bring down provision?
Option A: At Closing Only
Option B: At Signing & At Closing

Merger Agreement Excerpts:
Section 10.1 Conditions Precedent (Page 135): ""Each representation and warranty of the Target, except those expressly designated as being made as of a specific date, shall be true and correct as of the Closing Date. Any representation expressly tied to a predetermined date is only required to be accurate as of that date.""

Section 10.3 Additional Pre-Closing Covenants (Page 142): ""Notwithstanding Section 10.1, for the purposes of satisfying the Offer conditions, every representation and warranty that is not otherwise confined to a specific date must have been continuously maintained from the execution date of this Agreement through to the Closing Date, thereby requiring validation both at signing and at closing.""
Choices: "
"90","Answer the following multiple choice question. The last line of your response should be of the following format: 'ANSWER: $LETTER' (without quotes) where LETTER is one of {letters}. Think step by step before answering.

{question}

{choices}

Instruction: Read the following segments of a merger agreement and answer the multiple-choice question by choosing the option that best characterizes the agreement.
Question: When are representations and warranties required to be made according to the bring down provision?
Option A: At Closing Only
Option B: At Signing & At Closing

Merger Agreement, Article V – Conditions to the Completion of the Transaction:
The obligations of the parties to consummate the Transaction are subject to the condition that, except for representations expressly stated to be as of a specific date, all representations and warranties set forth herein shall be true and correct as of the Closing Date. However, to ensure consistency with critical material contractual obligations, a subset of representations shall additionally be confirmed as of the Signing Date.

Merger Agreement, Article VIII – Additional Conditions:
For all representations and warranties of the Company, unless expressly limited in Section VIII(a)(iv) to be effective only as of the Effective Time, these representations are required to be accurate both when made and at and as of the Closing Date, as if made on each of those dates independently.

Choices: ","Fail","Answer the following multiple choice question. The last line of your response should be of the following format: 'ANSWER: $LETTER' (without quotes) where LETTER is one of {letters}. Think step by step before answering.

{question}

{choices}

Instruction: Read the segment of a merger agreement and answer the multiple-choice question by choosing the option that best characterizes the agreement.

Question: When are representations and warranties required to be made according to the bring down provision?
Option A: At Closing Only
Option B: At Signing & At Closing

Merger Agreement Excerpts:
Section 10.1 Conditions Precedent (Page 135): ""Each representation and warranty of the Target, except those expressly designated as being made as of a specific date, shall be true and correct as of the Closing Date. Any representation expressly tied to a predetermined date is only required to be accurate as of that date.""

Section 10.3 Additional Pre-Closing Covenants (Page 142): ""Notwithstanding Section 10.1, for the purposes of satisfying the Offer conditions, every representation and warranty that is not otherwise confined to a specific date must have been continuously maintained from the execution date of this Agreement through to the Closing Date, thereby requiring validation both at signing and at closing.""
Choices: "
"91","Answer the following multiple choice question. The last line of your response should be of the following format: 'ANSWER: $LETTER' (without quotes) where LETTER is one of {letters}. Think step by step before answering.

{question}

{choices}

Instruction: Read the segment of a merger agreement and answer the multiple-choice question by choosing the option that best characterizes the agreement.
Question: When are representations and warranties required to be made according to the bring down provision?
Option A: At Closing Only
Option B: At Signing & At Closing

Merger Agreement: Section 8.4 Conditions for Subsidiary Obligations. The obligations of the subsidiaries to consummate the merger are contingent upon the representations and warranties of the Target being true and correct. Specifically, unless a representation is expressly limited to a particular date, it shall be accurate as of the Closing Date, and any representation provided without a specific time qualifier must be correct as of the Agreement Date, with any material deviation between these dates considered a breach.

Merger Agreement: Section 10.1 Obligations Regarding Share Purchase. In addition, all representations and warranties not subject to a specific date limitation must be reaffirmed: they are required to be accurate on the Agreement Date and automatically reiterated as of the Closing Date. This dual timing requirement ensures consistency of the representations from signing through to closing.
Choices: ","Fail","Answer the following multiple choice question. The last line of your response should be of the following format: 'ANSWER: $LETTER' (without quotes) where LETTER is one of {letters}. Think step by step before answering.

{question}

{choices}

Instruction: Read the segment of a merger agreement and answer the multiple-choice question by choosing the option that best characterizes the agreement.

Question: When are representations and warranties required to be made according to the bring down provision?
Option A: At Closing Only
Option B: At Signing & At Closing

Merger Agreement Excerpts:
Section 10.1 Conditions Precedent (Page 135): ""Each representation and warranty of the Target, except those expressly designated as being made as of a specific date, shall be true and correct as of the Closing Date. Any representation expressly tied to a predetermined date is only required to be accurate as of that date.""

Section 10.3 Additional Pre-Closing Covenants (Page 142): ""Notwithstanding Section 10.1, for the purposes of satisfying the Offer conditions, every representation and warranty that is not otherwise confined to a specific date must have been continuously maintained from the execution date of this Agreement through to the Closing Date, thereby requiring validation both at signing and at closing.""
Choices: "
"92","Answer the following multiple choice question. The last line of your response should be of the following format: 'ANSWER: $LETTER' (without quotes) where LETTER is one of {letters}. Think step by step before answering.

{question}

{choices}

Instruction: Read the segments of a hypothetical merger agreement and answer the multiple-choice question by choosing the option that best characterizes the timing for making the representations and warranties under the bring down provision.

Question: According to the merger agreement, when are the representations and warranties of the Company required to be made?
Option A: Only as of the Closing Date.
Option B: Both as of the Signing Date and the Closing Date.
Option C: Only as of the Initial Effective Time.
Option D: At Offer Acceptance and at Closing.

Merger Agreement: Section 8.4 - Conditions for Closing. The obligations of the parties to consummate the merger are subject to the condition that each of the representations and warranties of the Company shall be true and correct as of the Closing Date. For any representation expressly made as of a specific date, the accuracy requirement applies solely to that date. (Page 73)

Merger Agreement: Section 10.1 - Pre-Closing Reaffirmations. Notwithstanding Section 8.4, the Company shall reaffirm at the Final Effective Time that all representations and warranties originally provided at the Signing Date remain true and correct. This reaffirmation applies to all representations not made as of a particular fixed date, thereby requiring their accuracy both at the time of signing and at closing. (Page 89)
Choices: ","Fail","Answer the following multiple choice question. The last line of your response should be of the following format: 'ANSWER: $LETTER' (without quotes) where LETTER is one of {letters}. Think step by step before answering.

{question}

{choices}

Instruction: Read the segment of a merger agreement and answer the multiple-choice question by choosing the option that best characterizes the agreement.

Question: When are representations and warranties required to be made according to the bring down provision?
Option A: At Closing Only
Option B: At Signing & At Closing

Merger Agreement Excerpts:
Section 10.1 Conditions Precedent (Page 135): ""Each representation and warranty of the Target, except those expressly designated as being made as of a specific date, shall be true and correct as of the Closing Date. Any representation expressly tied to a predetermined date is only required to be accurate as of that date.""

Section 10.3 Additional Pre-Closing Covenants (Page 142): ""Notwithstanding Section 10.1, for the purposes of satisfying the Offer conditions, every representation and warranty that is not otherwise confined to a specific date must have been continuously maintained from the execution date of this Agreement through to the Closing Date, thereby requiring validation both at signing and at closing.""
Choices: "
"93","Answer the following multiple choice question. The last line of your response should be of the following format: 'ANSWER: $LETTER' (without quotes) where LETTER is one of {letters}. Think step by step before answering.

{question}

{choices}

Instruction: Read the following segments of a merger agreement and answer the multiple-choice question by choosing the option that best reflects the timing for representations and warranties.

Question: When are representations and warranties required to be made according to the bring down provisions?
Option A: At Closing Only
Option B: At Signing & At Closing

Merger Agreement Excerpt 1: Section 5.4 | Conditions for Closing. The Company’s representations and warranties shall be true and correct as of the Closing Date. However, any representation expressly stated as made ""as of the Agreement Date"" need only be accurate for that specific date.

Merger Agreement Excerpt 2: Section 10.3 | Additional Conditions. For all representations and warranties set forth in Article II, except those confined to a particular as-of date, the Company warrants that such representations are valid as of the Agreement Date (i.e., the signing date) and shall be reaffirmed at the Closing Date as though made on such date.
Choices: ","Fail","Answer the following multiple choice question. The last line of your response should be of the following format: 'ANSWER: $LETTER' (without quotes) where LETTER is one of {letters}. Think step by step before answering.

{question}

{choices}

Instruction: Read the segment of a merger agreement and answer the multiple-choice question by choosing the option that best characterizes the agreement.

Question: When are representations and warranties required to be made according to the bring down provision?
Option A: At Closing Only
Option B: At Signing & At Closing

Merger Agreement Excerpts:
Section 10.1 Conditions Precedent (Page 135): ""Each representation and warranty of the Target, except those expressly designated as being made as of a specific date, shall be true and correct as of the Closing Date. Any representation expressly tied to a predetermined date is only required to be accurate as of that date.""

Section 10.3 Additional Pre-Closing Covenants (Page 142): ""Notwithstanding Section 10.1, for the purposes of satisfying the Offer conditions, every representation and warranty that is not otherwise confined to a specific date must have been continuously maintained from the execution date of this Agreement through to the Closing Date, thereby requiring validation both at signing and at closing.""
Choices: "
"94","Answer the following multiple choice question. The last line of your response should be of the following format: 'ANSWER: $LETTER' (without quotes) where LETTER is one of {letters}. Think step by step before answering.

{question}

{choices}

Instruction: Read the following excerpts from a merger agreement and answer the multiple-choice question by choosing the option that best characterizes the timing at which representations and warranties are required to be provided.

Question: When are representations and warranties required to be made according to the bring down provision?
Option A: At Closing Only
Option B: At Signing & At Closing

Merger Agreement Excerpts:
Section 8.1 Conditions for Consummation: The consummation of the merger shall be subject to the condition that all representations and warranties provided by the Company are true and correct as of the Closing Date. Representations explicitly tied to historical events are excluded from any need for earlier verification.

Section 10A Supplementary Covenants: All representations and warranties not specifically limited to historical dates shall be true and correct as of both the date of execution of this Agreement and the Closing Date. Failure to satisfy either condition shall be deemed a material breach, except where a representation expressly refers to a different specified date.
Choices: ","Fail","Answer the following multiple choice question. The last line of your response should be of the following format: 'ANSWER: $LETTER' (without quotes) where LETTER is one of {letters}. Think step by step before answering.

{question}

{choices}

Instruction: Read the segment of a merger agreement and answer the multiple-choice question by choosing the option that best characterizes the agreement.

Question: When are representations and warranties required to be made according to the bring down provision?
Option A: At Closing Only
Option B: At Signing & At Closing

Merger Agreement Excerpts:
Section 10.1 Conditions Precedent (Page 135): ""Each representation and warranty of the Target, except those expressly designated as being made as of a specific date, shall be true and correct as of the Closing Date. Any representation expressly tied to a predetermined date is only required to be accurate as of that date.""

Section 10.3 Additional Pre-Closing Covenants (Page 142): ""Notwithstanding Section 10.1, for the purposes of satisfying the Offer conditions, every representation and warranty that is not otherwise confined to a specific date must have been continuously maintained from the execution date of this Agreement through to the Closing Date, thereby requiring validation both at signing and at closing.""
Choices: "
"95","Answer the following multiple choice question. The last line of your response should be of the following format: 'ANSWER: $LETTER' (without quotes) where LETTER is one of {letters}. Think step by step before answering.

{question}

{choices}

Instruction: Read the following segments of a merger agreement and answer the multiple-choice question by choosing the option that best characterizes the timing for the required bring down of representations and warranties.

Question: According to the provided merger agreement excerpts, when are representations and warranties required to be made?

Option A: At Closing Only
Option B: At Signing & At Closing

Merger Agreement Excerpts:

Segment 1: Section 12.4 - Bring Down Provision. ""All representations and warranties of the Company, unless expressly qualified as being made as of a specific date, shall be accurate and true as of the Closing Date. Notwithstanding the foregoing, for the purpose of this Agreement, the representations and warranties embodied herein are deemed to have been fully effective and binding as of the Agreement Execution Date.""

Segment 2: Section 4.7 - Additional Conditions. ""The obligations of the parties to consummate the merger are contingent upon the confirmation that each representation and warranty, except those expressly made as of a fixed historical date, is not only true and correct as of the Closing Date but also was true as of the date this Agreement was executed.""

Based on these provisions, select the option that most accurately reflects the timing required for representations and warranties under the bring down requirement.
Choices: ","Fail","Answer the following multiple choice question. The last line of your response should be of the following format: 'ANSWER: $LETTER' (without quotes) where LETTER is one of {letters}. Think step by step before answering.

{question}

{choices}

Instruction: Read the segment of a merger agreement and answer the multiple-choice question by choosing the option that best characterizes the agreement.

Question: When are representations and warranties required to be made according to the bring down provision?
Option A: At Closing Only
Option B: At Signing & At Closing

Merger Agreement Excerpts:
Section 10.1 Conditions Precedent (Page 135): ""Each representation and warranty of the Target, except those expressly designated as being made as of a specific date, shall be true and correct as of the Closing Date. Any representation expressly tied to a predetermined date is only required to be accurate as of that date.""

Section 10.3 Additional Pre-Closing Covenants (Page 142): ""Notwithstanding Section 10.1, for the purposes of satisfying the Offer conditions, every representation and warranty that is not otherwise confined to a specific date must have been continuously maintained from the execution date of this Agreement through to the Closing Date, thereby requiring validation both at signing and at closing.""
Choices: "
"96","Answer the following multiple choice question. The last line of your response should be of the following format: 'ANSWER: $LETTER' (without quotes) where LETTER is one of {letters}. Think step by step before answering.

{question}

{choices}

Instruction: Read the following segments of a merger agreement and answer the multiple-choice question by choosing the option that best describes the timing of representations and warranties under the bring down provision.

Segment 1 - Section 8.1 Representations and Warranties:
""Each representation and warranty of the Company, except those expressly made as of a specific alternate date, shall be true and correct as of the Final Closing Date.""

Segment 2 - Section 9.3 Additional Representation Affirmations:
""Notwithstanding the foregoing, all representations and warranties contained in Article III of this Agreement shall be made as of the date of this Agreement and shall be reaffirmed as of the Final Closing Date as if made on that date.""

Question: Based on the above segments, when are the Company's representations and warranties required to be made according to the bring down provision?
Option A: At Final Closing Date Only
Option B: At both the Agreement Execution Date and the Final Closing Date
Choices: ","Fail","Answer the following multiple choice question. The last line of your response should be of the following format: 'ANSWER: $LETTER' (without quotes) where LETTER is one of {letters}. Think step by step before answering.

{question}

{choices}

Instruction: Read the segment of a merger agreement and answer the multiple-choice question by choosing the option that best characterizes the agreement.

Question: When are representations and warranties required to be made according to the bring down provision?
Option A: At Closing Only
Option B: At Signing & At Closing

Merger Agreement Excerpts:
Section 10.1 Conditions Precedent (Page 135): ""Each representation and warranty of the Target, except those expressly designated as being made as of a specific date, shall be true and correct as of the Closing Date. Any representation expressly tied to a predetermined date is only required to be accurate as of that date.""

Section 10.3 Additional Pre-Closing Covenants (Page 142): ""Notwithstanding Section 10.1, for the purposes of satisfying the Offer conditions, every representation and warranty that is not otherwise confined to a specific date must have been continuously maintained from the execution date of this Agreement through to the Closing Date, thereby requiring validation both at signing and at closing.""
Choices: "
"97","Answer the following multiple choice question. The last line of your response should be of the following format: 'ANSWER: $LETTER' (without quotes) where LETTER is one of {letters}. Think step by step before answering.

{question}

{choices}

Instruction: Read the segment of a merger agreement and answer the multiple-choice question by choosing the option that best characterizes the agreement.

Question: When are representations and warranties required to be made according to the bring down provision?
Option A: At Closing Only
Option B: At Signing & At Closing

Merger Agreement:
Clause X: The representations and warranties of Acme Corp set forth in this Agreement are deemed to be accurate as of the Execution Date and shall remain accurate at Closing. Notably, any representation which is not specifically tied to a historical or valuation date is required to be both made at the time of execution and reaffirmed at Closing.

Clause Y: Notwithstanding Clause X, the representations and warranties listed in Article IV, which relate to the operational history of the Company, shall be articulated as of the date of this Agreement (Execution Date) and must be reaffirmed at the Effective Time (which is defined as the Closing Date). Representations that explicitly indicate a reference to a specific historical date (such as the balance sheet date) are exempt from the reaffirmation requirement at Closing.

Choices: ","Fail","Answer the following multiple choice question. The last line of your response should be of the following format: 'ANSWER: $LETTER' (without quotes) where LETTER is one of {letters}. Think step by step before answering.

{question}

{choices}

Instruction: Read the segment of a merger agreement and answer the multiple-choice question by choosing the option that best characterizes the agreement.

Question: When are representations and warranties required to be made according to the bring down provision?
Option A: At Closing Only
Option B: At Signing & At Closing

Merger Agreement Excerpts:
Section 10.1 Conditions Precedent (Page 135): ""Each representation and warranty of the Target, except those expressly designated as being made as of a specific date, shall be true and correct as of the Closing Date. Any representation expressly tied to a predetermined date is only required to be accurate as of that date.""

Section 10.3 Additional Pre-Closing Covenants (Page 142): ""Notwithstanding Section 10.1, for the purposes of satisfying the Offer conditions, every representation and warranty that is not otherwise confined to a specific date must have been continuously maintained from the execution date of this Agreement through to the Closing Date, thereby requiring validation both at signing and at closing.""
Choices: "
"98","Answer the following multiple choice question. The last line of your response should be of the following format: 'ANSWER: $LETTER' (without quotes) where LETTER is one of {letters}. Think step by step before answering.

{question}

{choices}

Instruction: Read the following segments of a merger agreement and answer the multiple-choice question by choosing the option that best characterizes when representations and warranties are required to be made according to the bring down provision.

Segment 1 - Section 9.4 Conditions to Completion: ""Subject to the provisions herein, each representation and warranty made by the Seller shall be accurate and complete as of the Closing Date. Representations that are expressed without an attachment to a particular date are intended to reflect the state of affairs at Closing.""

Segment 2 - Exhibit C, Amendatory Conditions: ""Notwithstanding any conflicting language in other parts of this Agreement, any representation and warranty that is not expressly confined to a particular date shall be reaffirmed at both the Date of Execution and at the Final Closing. This dual checkpoint ensures that no material change has occurred between execution and closing.""

Question: Based on the above segments, when are representations and warranties required to be made according to the bring down provision?
Option A: At Closing Only
Option B: At Signing & At Closing
Choices: ","Fail","Answer the following multiple choice question. The last line of your response should be of the following format: 'ANSWER: $LETTER' (without quotes) where LETTER is one of {letters}. Think step by step before answering.

{question}

{choices}

Instruction: Read the segment of a merger agreement and answer the multiple-choice question by choosing the option that best characterizes the agreement.

Question: When are representations and warranties required to be made according to the bring down provision?
Option A: At Closing Only
Option B: At Signing & At Closing

Merger Agreement Excerpts:
Section 10.1 Conditions Precedent (Page 135): ""Each representation and warranty of the Target, except those expressly designated as being made as of a specific date, shall be true and correct as of the Closing Date. Any representation expressly tied to a predetermined date is only required to be accurate as of that date.""

Section 10.3 Additional Pre-Closing Covenants (Page 142): ""Notwithstanding Section 10.1, for the purposes of satisfying the Offer conditions, every representation and warranty that is not otherwise confined to a specific date must have been continuously maintained from the execution date of this Agreement through to the Closing Date, thereby requiring validation both at signing and at closing.""
Choices: "
"99","Answer the following multiple choice question. The last line of your response should be of the following format: 'ANSWER: $LETTER' (without quotes) where LETTER is one of {letters}. Think step by step before answering.

{question}

{choices}

Instruction: Read the provided segments of a sale agreement and answer the multiple-choice question by choosing the option that best describes the timing for the representations and warranties under the bring down provision.

Question: According to the bring down provision, when must the representations and warranties be made?
Option A: At Closing Only
Option B: At Signing & At Closing

Sale Agreement:
Segment 1 - Section 8.7 Conditions Precedent: ""All representations and warranties of the Seller, as set forth in this Agreement, must be true and correct as of the Execution Date. Furthermore, these representations and warranties shall be reconfirmed at the Closing Date as if freshly made on that date, ensuring no material adverse change has occurred.""

Segment 2 - Section 11.4 Additional Stipulations: ""Notwithstanding any prior indication, the Seller's representations and warranties, while initially affirmed as of the Signing Date, are required to remain consistent and shall be reaffirmed at the Closing Date. For any representations made as of a specific date, their accuracy must be sustained through to the Closing Date, effectively treating such representations as if made on the Closing Date.""
Choices: ","Fail","Answer the following multiple choice question. The last line of your response should be of the following format: 'ANSWER: $LETTER' (without quotes) where LETTER is one of {letters}. Think step by step before answering.

{question}

{choices}

Instruction: Read the segment of a merger agreement and answer the multiple-choice question by choosing the option that best characterizes the agreement.

Question: When are representations and warranties required to be made according to the bring down provision?
Option A: At Closing Only
Option B: At Signing & At Closing

Merger Agreement Excerpts:
Section 10.1 Conditions Precedent (Page 135): ""Each representation and warranty of the Target, except those expressly designated as being made as of a specific date, shall be true and correct as of the Closing Date. Any representation expressly tied to a predetermined date is only required to be accurate as of that date.""

Section 10.3 Additional Pre-Closing Covenants (Page 142): ""Notwithstanding Section 10.1, for the purposes of satisfying the Offer conditions, every representation and warranty that is not otherwise confined to a specific date must have been continuously maintained from the execution date of this Agreement through to the Closing Date, thereby requiring validation both at signing and at closing.""
Choices: "
"100","Answer the following multiple choice question. The last line of your response should be of the following format: 'ANSWER: $LETTER' (without quotes) where LETTER is one of {letters}. Think step by step before answering.

{question}

{choices}

Instruction: Read the following merger agreement excerpts and answer the multiple-choice question by choosing the option that best characterizes when the representations and warranties are required to be made according to the bring down provision.
Question: When are the representations and warranties required to be made according to the bring down provision?
Option A: At Closing Only
Option B: At Signing & At Closing

Merger Agreement Excerpt 1 (Section 9.4 Conditions to the Merger): ""The Company’s representations and warranties, except for those expressly made as of a designated pre-closing date, shall be accurate and complete as of the Closing Date. In instances where a representation is set forth as of a specific date prior to Closing, it shall be deemed met only for that designated date."" (Page 112)

Merger Agreement Excerpt 2 (Section 4.8 Offer Terms): ""Notwithstanding any other provision of this Agreement, any representations and warranties which are not expressly confined to a pre-determined date shall also be confirmed as of the Effective Time, defined as the date of Signing, thus requiring these representations to be accurate at both Signing and at Closing."" (Page 45)
Choices: ","Fail","Answer the following multiple choice question. The last line of your response should be of the following format: 'ANSWER: $LETTER' (without quotes) where LETTER is one of {letters}. Think step by step before answering.

{question}

{choices}

Instruction: Read the segment of a merger agreement and answer the multiple-choice question by choosing the option that best characterizes the agreement.

Question: When are representations and warranties required to be made according to the bring down provision?
Option A: At Closing Only
Option B: At Signing & At Closing

Merger Agreement Excerpts:
Section 10.1 Conditions Precedent (Page 135): ""Each representation and warranty of the Target, except those expressly designated as being made as of a specific date, shall be true and correct as of the Closing Date. Any representation expressly tied to a predetermined date is only required to be accurate as of that date.""

Section 10.3 Additional Pre-Closing Covenants (Page 142): ""Notwithstanding Section 10.1, for the purposes of satisfying the Offer conditions, every representation and warranty that is not otherwise confined to a specific date must have been continuously maintained from the execution date of this Agreement through to the Closing Date, thereby requiring validation both at signing and at closing.""
Choices: "
"101","Answer the following multiple choice question. The last line of your response should be of the following format: 'ANSWER: $LETTER' (without quotes) where LETTER is one of {letters}. Think step by step before answering.

{question}

{choices}

Instruction: Read the segments of a merger agreement and answer the multiple-choice question by choosing the option that best characterizes the timing requirement of the bring down provision.

Question: According to the bring down provision, when are the Seller's representations and warranties required to be made?
Option A: At Closing Only
Option B: At Execution (Signing) & At Closing

Merger Agreement Segment 1: Section 8.5 Conditions to Obligations of Acquirer. The obligations of the Acquirer to effect the Transactions are subject to the satisfaction or waiver by the Acquirer at or prior to the Effective Time of the following conditions: (a) each of the representations and warranties of the Seller shall be true and correct as of the Actual Closing Date, except that, where any representation or warranty is expressly made as of a particular date, such representation or warranty shall be deemed to apply only to that specified date. (Page 54)

Merger Agreement Segment 2: Section 13.2 Conditions Precedent for Payment. Notwithstanding any other provision herein, all representations and warranties of the Seller not specifically addressed in paragraphs (i) and (ii) shall be true and correct both as of the Execution Date and as of the Actual Closing Date as if made on and as of such respective dates. (Page 68)
Choices: ","Fail","Answer the following multiple choice question. The last line of your response should be of the following format: 'ANSWER: $LETTER' (without quotes) where LETTER is one of {letters}. Think step by step before answering.

{question}

{choices}

Instruction: Read the segment of a merger agreement and answer the multiple-choice question by choosing the option that best characterizes the agreement.

Question: When are representations and warranties required to be made according to the bring down provision?
Option A: At Closing Only
Option B: At Signing & At Closing

Merger Agreement Excerpts:
Section 10.1 Conditions Precedent (Page 135): ""Each representation and warranty of the Target, except those expressly designated as being made as of a specific date, shall be true and correct as of the Closing Date. Any representation expressly tied to a predetermined date is only required to be accurate as of that date.""

Section 10.3 Additional Pre-Closing Covenants (Page 142): ""Notwithstanding Section 10.1, for the purposes of satisfying the Offer conditions, every representation and warranty that is not otherwise confined to a specific date must have been continuously maintained from the execution date of this Agreement through to the Closing Date, thereby requiring validation both at signing and at closing.""
Choices: "
"102","Answer the following multiple choice question. The last line of your response should be of the following format: 'ANSWER: $LETTER' (without quotes) where LETTER is one of {letters}. Think step by step before answering.

{question}

{choices}

Instruction: Read the segment of an acquisition agreement and answer the multiple-choice question by choosing the option that best characterizes the timing of the representations and warranties requirements.

Question: According to the bring down provisions in the agreement, at what times are representations and warranties required to be true?
Option A: At Closing Only
Option B: At Signing & At Closing

Acquisition Agreement Excerpt 1 (Section 8.3 – Financial Representations): ""Each of the financial representations and warranties provided by the Company in this Agreement shall be accurate and complete as of the Closing Date, except that the revenue figures disclosed in Schedule 2 are fixed as of the Execution Date, and no subsequent adjustments shall apply.""

Acquisition Agreement Excerpt 2 (Article V – General Representations): ""Notwithstanding Section 8.3, all other representations and warranties set forth in this Agreement shall be deemed to have been made as of the Agreement Date and shall be reaffirmed at the Closing Date as if made on and as of both dates. (Note: 'Agreement Date' here refers to the date on which this Agreement is executed by the Company.)""
Choices: ","Fail","Answer the following multiple choice question. The last line of your response should be of the following format: 'ANSWER: $LETTER' (without quotes) where LETTER is one of {letters}. Think step by step before answering.

{question}

{choices}

Instruction: Read the segment of a merger agreement and answer the multiple-choice question by choosing the option that best characterizes the agreement.

Question: When are representations and warranties required to be made according to the bring down provision?
Option A: At Closing Only
Option B: At Signing & At Closing

Merger Agreement Excerpts:
Section 10.1 Conditions Precedent (Page 135): ""Each representation and warranty of the Target, except those expressly designated as being made as of a specific date, shall be true and correct as of the Closing Date. Any representation expressly tied to a predetermined date is only required to be accurate as of that date.""

Section 10.3 Additional Pre-Closing Covenants (Page 142): ""Notwithstanding Section 10.1, for the purposes of satisfying the Offer conditions, every representation and warranty that is not otherwise confined to a specific date must have been continuously maintained from the execution date of this Agreement through to the Closing Date, thereby requiring validation both at signing and at closing.""
Choices: "
"103","Answer the following multiple choice question. The last line of your response should be of the following format: 'ANSWER: $LETTER' (without quotes) where LETTER is one of {letters}. Think step by step before answering.

{question}

{choices}

Instruction: Read the following segments from a merger agreement and answer the multiple-choice question by choosing the option that best characterizes the timing requirement for representations and warranties.
Question: When are representations and warranties required to be made according to the bring down provision?
Option A: At Closing Only
Option B: At Signing & At Closing

Merger Agreement: Section 8.1 Conditions to Effect the Merger. The Company’s representations and warranties, except those specified in Paragraph 8.1(b) related to audit and financial performance, shall be true and correct as of the Final Closing Date without a need for prior affirmation.
Merger Agreement: Section 3.4 Additional Conditions. Notwithstanding Section 8.1, all representations and warranties not expressly limited to financial or strictly historical data shall be true and correct as of the date hereof and, without material deviation, as of the Final Closing Date as if made anew at the time of closing. Representations addressing exclusively historical matters are to be validated solely as of the date hereof.
Choices: ","Fail","Answer the following multiple choice question. The last line of your response should be of the following format: 'ANSWER: $LETTER' (without quotes) where LETTER is one of {letters}. Think step by step before answering.

{question}

{choices}

Instruction: Read the segment of a merger agreement and answer the multiple-choice question by choosing the option that best characterizes the agreement.

Question: When are representations and warranties required to be made according to the bring down provision?
Option A: At Closing Only
Option B: At Signing & At Closing

Merger Agreement Excerpts:
Section 10.1 Conditions Precedent (Page 135): ""Each representation and warranty of the Target, except those expressly designated as being made as of a specific date, shall be true and correct as of the Closing Date. Any representation expressly tied to a predetermined date is only required to be accurate as of that date.""

Section 10.3 Additional Pre-Closing Covenants (Page 142): ""Notwithstanding Section 10.1, for the purposes of satisfying the Offer conditions, every representation and warranty that is not otherwise confined to a specific date must have been continuously maintained from the execution date of this Agreement through to the Closing Date, thereby requiring validation both at signing and at closing.""
Choices: "
"104","Answer the following multiple choice question. The last line of your response should be of the following format: 'ANSWER: $LETTER' (without quotes) where LETTER is one of {letters}. Think step by step before answering.

{question}

{choices}

Instruction: Read the excerpts of the merger agreement and answer the multiple-choice question by choosing the option that best characterizes the timing requirements of the Seller's representations and warranties in the bring down provision.
Question: When are the Seller's representations and warranties required to be made according to the bring down provision?
Option A: At Closing Only
Option B: At Signing & At Closing

Merger Agreement Excerpts:
Section 5.3 – Conditions Precedent to Closing: ""Notwithstanding any other provision, each of the Seller’s representations and warranties, save for those expressly designated as of the Agreement Date, shall be true and correct as of the Closing Date.""

Section 11.2 – Adjustments to Obligations: ""The Seller's representations and warranties not encompassed by Section 5.3 – including key financial, operational, and compliance assertions – shall be made as of the Execution Date and shall be reaffirmed as of the Closing Date, as though made on that date.""

Choices: ","Fail","Answer the following multiple choice question. The last line of your response should be of the following format: 'ANSWER: $LETTER' (without quotes) where LETTER is one of {letters}. Think step by step before answering.

{question}

{choices}

Instruction: Read the segment of a merger agreement and answer the multiple-choice question by choosing the option that best characterizes the agreement.

Question: When are representations and warranties required to be made according to the bring down provision?
Option A: At Closing Only
Option B: At Signing & At Closing

Merger Agreement Excerpts:
Section 10.1 Conditions Precedent (Page 135): ""Each representation and warranty of the Target, except those expressly designated as being made as of a specific date, shall be true and correct as of the Closing Date. Any representation expressly tied to a predetermined date is only required to be accurate as of that date.""

Section 10.3 Additional Pre-Closing Covenants (Page 142): ""Notwithstanding Section 10.1, for the purposes of satisfying the Offer conditions, every representation and warranty that is not otherwise confined to a specific date must have been continuously maintained from the execution date of this Agreement through to the Closing Date, thereby requiring validation both at signing and at closing.""
Choices: "
"105","Answer the following multiple choice question. The last line of your response should be of the following format: 'ANSWER: $LETTER' (without quotes) where LETTER is one of {letters}. Think step by step before answering.

{question}

{choices}

Instruction: Read the segments of a merger agreement and answer the multiple-choice question by choosing the option that best captures when the representations and warranties must be verified in accordance with the bring down provision.

Question: When are representations and warranties required to be made according to the bring down provision?
Option A: At Closing Only
Option B: At Signing & At Closing

Merger Agreement: Section 4.5 Conditions Precedent. For all representations and warranties contained in Article IV, the Seller certifies that such representations are accurate as of the Execution Date (i.e., the signing date) and will remain true until the Closing Date. Any material deviation occurring between the Execution Date and the Closing Date must be disclosed or may result in a waiver by the Buyer.

Merger Agreement: Section 10.3 Verification Requirements. Notwithstanding Section 4.5, all representations and warranties that are not expressly limited to the Execution Date must be re-affirmed as of the Closing Date. Clause 10.3(c) further clarifies that, except for representations expressly stated to be as of the Execution Date, the bring down provision requires confirmation of these representations as of the Closing Date.
Choices: ","Fail","Answer the following multiple choice question. The last line of your response should be of the following format: 'ANSWER: $LETTER' (without quotes) where LETTER is one of {letters}. Think step by step before answering.

{question}

{choices}

Instruction: Read the segment of a merger agreement and answer the multiple-choice question by choosing the option that best characterizes the agreement.

Question: When are representations and warranties required to be made according to the bring down provision?
Option A: At Closing Only
Option B: At Signing & At Closing

Merger Agreement Excerpts:
Section 10.1 Conditions Precedent (Page 135): ""Each representation and warranty of the Target, except those expressly designated as being made as of a specific date, shall be true and correct as of the Closing Date. Any representation expressly tied to a predetermined date is only required to be accurate as of that date.""

Section 10.3 Additional Pre-Closing Covenants (Page 142): ""Notwithstanding Section 10.1, for the purposes of satisfying the Offer conditions, every representation and warranty that is not otherwise confined to a specific date must have been continuously maintained from the execution date of this Agreement through to the Closing Date, thereby requiring validation both at signing and at closing.""
Choices: "
"106","Answer the following multiple choice question. The last line of your response should be of the following format: 'ANSWER: $LETTER' (without quotes) where LETTER is one of {letters}. Think step by step before answering.

{question}

{choices}

Instruction: Read the following merger agreement excerpts and answer the multiple-choice question by choosing the option that best characterizes the timing requirement for representations and warranties according to the bring down provision.

Question: According to the bring down provision reflected in the following segments of the merger agreement, when are the Company’s representations and warranties required to be verified?

Option A: At Closing Only
Option B: At Signing & At Closing

Merger Agreement Excerpts:
Segment 1 – Conditions Precedent: ""Except where a representation or warranty is expressly qualified by reference to a fixed historical date, the Company shall certify that all such representations and warranties are accurate as of the Signing Date. Furthermore, these representations and warranties shall continue to be effective and free from material adverse deviations until the Final Closing, at which time a reaffirmation is required.""

Segment 2 – Payment and Acceptance Conditions: ""Notwithstanding any provisions to the contrary, for the purposes of triggering payment obligations, all representations and warranties not specified to be tied to an earlier fixed date shall be deemed effective solely as of the Closing Date, thereby excluding any interim fluctuations.""

Based on these provisions, what is the correct timing requirement for the representations and warranties under the bring down provision?
Choices: ","Fail","Answer the following multiple choice question. The last line of your response should be of the following format: 'ANSWER: $LETTER' (without quotes) where LETTER is one of {letters}. Think step by step before answering.

{question}

{choices}

Instruction: Read the segment of a merger agreement and answer the multiple-choice question by choosing the option that best characterizes the agreement.

Question: When are representations and warranties required to be made according to the bring down provision?
Option A: At Closing Only
Option B: At Signing & At Closing

Merger Agreement Excerpts:
Section 10.1 Conditions Precedent (Page 135): ""Each representation and warranty of the Target, except those expressly designated as being made as of a specific date, shall be true and correct as of the Closing Date. Any representation expressly tied to a predetermined date is only required to be accurate as of that date.""

Section 10.3 Additional Pre-Closing Covenants (Page 142): ""Notwithstanding Section 10.1, for the purposes of satisfying the Offer conditions, every representation and warranty that is not otherwise confined to a specific date must have been continuously maintained from the execution date of this Agreement through to the Closing Date, thereby requiring validation both at signing and at closing.""
Choices: "
"107","Answer the following multiple choice question. The last line of your response should be of the following format: 'ANSWER: $LETTER' (without quotes) where LETTER is one of {letters}. Think step by step before answering.

{question}

{choices}

Instruction: Read the segment of a merger agreement and answer the multiple-choice question by choosing the option that best characterizes the agreement.
Question: According to the bring down provision in this Agreement, when must the representations and warranties of the Company be affirmed?
Option A: At Closing Only
Option B: At Signing & At Closing

Merger Agreement:
Section 5.1 Conditions: The representations and warranties of the Company shall be true and correct in all material respects as of the Effective Time. In instances where any representation is expressly stated to be as of a specific date (other than the Effective Time), such representation shall only need to be accurate as of that specified date; however, unless otherwise qualified, all representations must be confirmed as of the Closing Date.

Section 12.4 Affirmations: Notwithstanding any provision to the contrary, all representations and warranties that are not limited by a specific date shall be expressly reaffirmed on the date of this Agreement and reconfirmed as of the Closing Date, as if made anew on that day.
Choices: ","Fail","Answer the following multiple choice question. The last line of your response should be of the following format: 'ANSWER: $LETTER' (without quotes) where LETTER is one of {letters}. Think step by step before answering.

{question}

{choices}

Instruction: Read the segment of a merger agreement and answer the multiple-choice question by choosing the option that best characterizes the agreement.

Question: When are representations and warranties required to be made according to the bring down provision?
Option A: At Closing Only
Option B: At Signing & At Closing

Merger Agreement Excerpts:
Section 10.1 Conditions Precedent (Page 135): ""Each representation and warranty of the Target, except those expressly designated as being made as of a specific date, shall be true and correct as of the Closing Date. Any representation expressly tied to a predetermined date is only required to be accurate as of that date.""

Section 10.3 Additional Pre-Closing Covenants (Page 142): ""Notwithstanding Section 10.1, for the purposes of satisfying the Offer conditions, every representation and warranty that is not otherwise confined to a specific date must have been continuously maintained from the execution date of this Agreement through to the Closing Date, thereby requiring validation both at signing and at closing.""
Choices: "
"108","Answer the following multiple choice question. The last line of your response should be of the following format: 'ANSWER: $LETTER' (without quotes) where LETTER is one of {letters}. Think step by step before answering.

{question}

{choices}

Instruction: Read the following segments from a merger agreement and answer the multiple-choice question by choosing the option that best characterizes the timing requirement for representations and warranties under the bring down provision.

Question: When are the general representations and warranties (excluding those expressly limited to a specific date) required to be made according to the bring down provision?
Option A: At Closing Only
Option B: At Signing & At Closing

Merger Agreement Segment 1 (Page 73): Section 8.3 Conditions Precedent. The obligations of the parties to consummate the Merger are subject to the condition that: (a) all representations and warranties of the Company, except those explicitly limited to a specific date as set forth in Section 4.5, shall remain true and correct as of both the Signing Date and as of the Closing Date; and (b) representations made pursuant to any specific date requirement need only be accurate as of that date.

Merger Agreement Segment 2 (Page 85): Section 10.1 Representations. Notwithstanding Section 8.3, the representations and warranties contained in Article VIII are required to be true and correct only as of the Closing Date.

Based on these provisions, determine the overall timing requirement for the general representations and warranties (i.e. those not subject to a specific date limitation).
Choices: ","Fail","Answer the following multiple choice question. The last line of your response should be of the following format: 'ANSWER: $LETTER' (without quotes) where LETTER is one of {letters}. Think step by step before answering.

{question}

{choices}

Instruction: Read the segment of a merger agreement and answer the multiple-choice question by choosing the option that best characterizes the agreement.

Question: When are representations and warranties required to be made according to the bring down provision?
Option A: At Closing Only
Option B: At Signing & At Closing

Merger Agreement Excerpts:
Section 10.1 Conditions Precedent (Page 135): ""Each representation and warranty of the Target, except those expressly designated as being made as of a specific date, shall be true and correct as of the Closing Date. Any representation expressly tied to a predetermined date is only required to be accurate as of that date.""

Section 10.3 Additional Pre-Closing Covenants (Page 142): ""Notwithstanding Section 10.1, for the purposes of satisfying the Offer conditions, every representation and warranty that is not otherwise confined to a specific date must have been continuously maintained from the execution date of this Agreement through to the Closing Date, thereby requiring validation both at signing and at closing.""
Choices: "
"109","Answer the following multiple choice question. The last line of your response should be of the following format: 'ANSWER: $LETTER' (without quotes) where LETTER is one of {letters}. Think step by step before answering.

{question}

{choices}

Instruction: Read the excerpts of the cross-border merger agreement and answer the multiple-choice question by choosing the option that best characterizes when representations and warranties are required to be made according to the bring down provision.

Question: Based on the above provisions, when are representations and warranties required to be made?

Option A: Only at the Final Approval Date
Option B: At both the Initial Executing Date and the Final Approval Date

Merger Agreement Excerpt 1 (Section 5.4 Conditions for Completion): ""Notwithstanding any other provision of this Agreement, the representations and warranties of the Company shall be accurate in all material respects as of the Final Approval Date, except insofar as expressly stated to be as of a specific earlier date.""

Merger Agreement Excerpt 2 (Section 3.1 Additional Representations): ""All other representations and warranties of the Company, which are not expressly limited by a specific date, shall be effective upon execution of this Agreement and shall continue to be effective as though reaffirmed at the Final Approval Date, ensuring their accuracy both at initiation and at completion of the merger.""
Choices: ","Fail","Answer the following multiple choice question. The last line of your response should be of the following format: 'ANSWER: $LETTER' (without quotes) where LETTER is one of {letters}. Think step by step before answering.

{question}

{choices}

Instruction: Read the segment of a merger agreement and answer the multiple-choice question by choosing the option that best characterizes the agreement.

Question: When are representations and warranties required to be made according to the bring down provision?
Option A: At Closing Only
Option B: At Signing & At Closing

Merger Agreement Excerpts:
Section 10.1 Conditions Precedent (Page 135): ""Each representation and warranty of the Target, except those expressly designated as being made as of a specific date, shall be true and correct as of the Closing Date. Any representation expressly tied to a predetermined date is only required to be accurate as of that date.""

Section 10.3 Additional Pre-Closing Covenants (Page 142): ""Notwithstanding Section 10.1, for the purposes of satisfying the Offer conditions, every representation and warranty that is not otherwise confined to a specific date must have been continuously maintained from the execution date of this Agreement through to the Closing Date, thereby requiring validation both at signing and at closing.""
Choices: "
"110","Answer the following multiple choice question. The last line of your response should be of the following format: 'ANSWER: $LETTER' (without quotes) where LETTER is one of {letters}. Think step by step before answering.

{question}

{choices}

Instruction: Read the segment of a merger agreement and answer the multiple-choice question by choosing the option that best characterizes the agreement.
Question: When are representations and warranties required to be made according to the bring down provision?
Option A: At Closing Only
Option B: At Signing & At Closing

Merger Agreement:
Segment 1 (Section 8.4 Conditions of the Acquiring Entity):
The obligations of the Acquiring Entity to complete the transaction are subject, among other conditions, to the representations and warranties of the Target being true and correct as of the Closing Date. Notwithstanding the foregoing, any representation expressly made ""as of the Agreement Date"" shall only need to be correct for that date.
(Page 45)

Segment 2 (Section 10.7 Warranty Confirmation):
In addition to any timing specified elsewhere, the Target's representations and warranties not expressly limited to any single date shall be reaffirmed such that they are true and correct as of both the date hereof and the Closing Date, thereby binding the Target at signing and at closing.
(Page 88)
Choices: ","Fail","Answer the following multiple choice question. The last line of your response should be of the following format: 'ANSWER: $LETTER' (without quotes) where LETTER is one of {letters}. Think step by step before answering.

{question}

{choices}

Instruction: Read the segment of a merger agreement and answer the multiple-choice question by choosing the option that best characterizes the agreement.

Question: When are representations and warranties required to be made according to the bring down provision?
Option A: At Closing Only
Option B: At Signing & At Closing

Merger Agreement Excerpts:
Section 10.1 Conditions Precedent (Page 135): ""Each representation and warranty of the Target, except those expressly designated as being made as of a specific date, shall be true and correct as of the Closing Date. Any representation expressly tied to a predetermined date is only required to be accurate as of that date.""

Section 10.3 Additional Pre-Closing Covenants (Page 142): ""Notwithstanding Section 10.1, for the purposes of satisfying the Offer conditions, every representation and warranty that is not otherwise confined to a specific date must have been continuously maintained from the execution date of this Agreement through to the Closing Date, thereby requiring validation both at signing and at closing.""
Choices: "
"111","Answer the following multiple choice question. The last line of your response should be of the following format: 'ANSWER: $LETTER' (without quotes) where LETTER is one of {letters}. Think step by step before answering.

{question}

{choices}

Instruction: Read the excerpts from the merger agreement and answer the following multiple-choice question by choosing the option that best characterizes when the Company's representations and warranties are required to be made under the bring down provision.

Question: Under the bring down provision, when are the Company's representations and warranties required to be made?

Option A: At Closing Only
Option B: At Signing & At Closing

Merger Agreement Excerpts:

Excerpt 1 (Section 10.1 Conditions Precedent): ""All representations and warranties of the Company shall be accurate as of the Signing Date and shall be reaffirmed as of the Closing Date, except where such representations are expressly made as of a particular date.""

Excerpt 2 (Section 12.3 Final Bring Down): ""Notwithstanding any previous timing requirements, for purposes of the final bring down, all representations and warranties (with the exception of those related to historical financial data) must be confirmed solely as of the Closing Date.""
Choices: ","Fail","Answer the following multiple choice question. The last line of your response should be of the following format: 'ANSWER: $LETTER' (without quotes) where LETTER is one of {letters}. Think step by step before answering.

{question}

{choices}

Instruction: Read the segment of a merger agreement and answer the multiple-choice question by choosing the option that best characterizes the agreement.

Question: When are representations and warranties required to be made according to the bring down provision?
Option A: At Closing Only
Option B: At Signing & At Closing

Merger Agreement Excerpts:
Section 10.1 Conditions Precedent (Page 135): ""Each representation and warranty of the Target, except those expressly designated as being made as of a specific date, shall be true and correct as of the Closing Date. Any representation expressly tied to a predetermined date is only required to be accurate as of that date.""

Section 10.3 Additional Pre-Closing Covenants (Page 142): ""Notwithstanding Section 10.1, for the purposes of satisfying the Offer conditions, every representation and warranty that is not otherwise confined to a specific date must have been continuously maintained from the execution date of this Agreement through to the Closing Date, thereby requiring validation both at signing and at closing.""
Choices: "
"112","Answer the following multiple choice question. The last line of your response should be of the following format: 'ANSWER: $LETTER' (without quotes) where LETTER is one of {letters}. Think step by step before answering.

{question}

{choices}

Instruction: Read the following segment of a merger agreement and answer the multiple-choice question by choosing the option that best characterizes when the representations and warranties are required to be made.
Question: When are representations and warranties required to be made according to the bring down provision?
Option A: At Closing Only
Option B: At Signing & At Closing

Merger Agreement Extract:
Section 8.1 - Conditions to Payment Obligations: ""All representations and warranties of the Company contained in this Agreement shall be deemed accurate as of the Closing Date, except for those representations exclusively referring to historical operational data, which are verified only as of the Agreement date.""

Section 10.2 - Reaffirmation of Representations and Warranties: ""Notwithstanding Section 8.1, the Company is obligated to reaffirm all representations and warranties pertaining to its ongoing operational matters as of the date of this Agreement, and such reaffirmed representations shall remain accurate as of the Closing Date as if made anew.""

Considering these provisions, determine the binding period for the general representations and warranties as required by the bring down provision.
Choices: ","Fail","Answer the following multiple choice question. The last line of your response should be of the following format: 'ANSWER: $LETTER' (without quotes) where LETTER is one of {letters}. Think step by step before answering.

{question}

{choices}

Instruction: Read the segment of a merger agreement and answer the multiple-choice question by choosing the option that best characterizes the agreement.

Question: When are representations and warranties required to be made according to the bring down provision?
Option A: At Closing Only
Option B: At Signing & At Closing

Merger Agreement Excerpts:
Section 10.1 Conditions Precedent (Page 135): ""Each representation and warranty of the Target, except those expressly designated as being made as of a specific date, shall be true and correct as of the Closing Date. Any representation expressly tied to a predetermined date is only required to be accurate as of that date.""

Section 10.3 Additional Pre-Closing Covenants (Page 142): ""Notwithstanding Section 10.1, for the purposes of satisfying the Offer conditions, every representation and warranty that is not otherwise confined to a specific date must have been continuously maintained from the execution date of this Agreement through to the Closing Date, thereby requiring validation both at signing and at closing.""
Choices: "
"113","Answer the following multiple choice question. The last line of your response should be of the following format: 'ANSWER: $LETTER' (without quotes) where LETTER is one of {letters}. Think step by step before answering.

{question}

{choices}

Instruction: Read the following segments of a merger agreement and answer the multiple-choice question by choosing the option that best characterizes the timing requirement for the Company’s representations and warranties according to the bring down provision.

Question: When are representations and warranties required to be made according to the bring down provision?
Option A: At Closing Only
Option B: At Signing & At Closing

Merger Agreement Excerpt 1 (Section 8.4 Conditions to the Transaction): ""Each of the representations and warranties of the Company shall be true and correct as of the Closing Date. Representations specifically made as of any particular date, such as the Agreement Date, need only be verified as of that stated date, and no further reconfirmation is required unless expressly provided herein.""

Merger Agreement Excerpt 2 (Section 11.3 Additional Conditions): ""Notwithstanding any other provision of this Agreement, all representations and warranties set forth in Article V shall be provided at the time of execution of this Agreement and shall be reconfirmed as of the Closing Date as if made on both dates. Failure to reconfirm on the Closing Date shall be deemed a breach of the agreement unless specifically waived.""

Based on these provisions, select the most comprehensive timing requirement for the representations and warranties.
Choices: ","Fail","Answer the following multiple choice question. The last line of your response should be of the following format: 'ANSWER: $LETTER' (without quotes) where LETTER is one of {letters}. Think step by step before answering.

{question}

{choices}

Instruction: Read the segment of a merger agreement and answer the multiple-choice question by choosing the option that best characterizes the agreement.

Question: When are representations and warranties required to be made according to the bring down provision?
Option A: At Closing Only
Option B: At Signing & At Closing

Merger Agreement Excerpts:
Section 10.1 Conditions Precedent (Page 135): ""Each representation and warranty of the Target, except those expressly designated as being made as of a specific date, shall be true and correct as of the Closing Date. Any representation expressly tied to a predetermined date is only required to be accurate as of that date.""

Section 10.3 Additional Pre-Closing Covenants (Page 142): ""Notwithstanding Section 10.1, for the purposes of satisfying the Offer conditions, every representation and warranty that is not otherwise confined to a specific date must have been continuously maintained from the execution date of this Agreement through to the Closing Date, thereby requiring validation both at signing and at closing.""
Choices: "
"114","Answer the following multiple choice question. The last line of your response should be of the following format: 'ANSWER: $LETTER' (without quotes) where LETTER is one of {letters}. Think step by step before answering.

{question}

{choices}

Instruction: Read the following segments of a merger agreement and answer the multiple-choice question by selecting the option that best characterizes the timing for representations and warranties according to the bring down provision.

Question: Based on the excerpts below, when are the representations and warranties required to be made?

Option A: At Closing Only
Option B: At Signing & At Closing

Merger Agreement Excerpts:
Segment 1 (Clause 8.3 Conditions for Completion): ""The Company's obligations under this Agreement are contingent upon all its representations and warranties being true and correct as of the Closing Date. However, any representation expressly qualified by a specific prior date shall be deemed satisfied if true on that designated date.""

Segment 2 (Clause 10.5 Verification of Representations): ""The Company further warrants that all representations and warranties not expressly qualified by a specified date shall be true and correct as of the Effective Execution Time, defined as the date on which the Agreement is signed. In the event a representation is qualified by a specific date, it must additionally be reaffirmed as true on the Closing Date.""

Answer:
Choices: ","Fail","Answer the following multiple choice question. The last line of your response should be of the following format: 'ANSWER: $LETTER' (without quotes) where LETTER is one of {letters}. Think step by step before answering.

{question}

{choices}

Instruction: Read the segment of a merger agreement and answer the multiple-choice question by choosing the option that best characterizes the agreement.

Question: When are representations and warranties required to be made according to the bring down provision?
Option A: At Closing Only
Option B: At Signing & At Closing

Merger Agreement Excerpts:
Section 10.1 Conditions Precedent (Page 135): ""Each representation and warranty of the Target, except those expressly designated as being made as of a specific date, shall be true and correct as of the Closing Date. Any representation expressly tied to a predetermined date is only required to be accurate as of that date.""

Section 10.3 Additional Pre-Closing Covenants (Page 142): ""Notwithstanding Section 10.1, for the purposes of satisfying the Offer conditions, every representation and warranty that is not otherwise confined to a specific date must have been continuously maintained from the execution date of this Agreement through to the Closing Date, thereby requiring validation both at signing and at closing.""
Choices: "
"115","Answer the following multiple choice question. The last line of your response should be of the following format: 'ANSWER: $LETTER' (without quotes) where LETTER is one of {letters}. Think step by step before answering.

{question}

{choices}

Instruction: Read the following segments of a merger agreement and answer the multiple-choice question by choosing the option that best characterizes the timing requirements for representations and warranties under the bring down provision.

Question: Based on the provided segments, when must the representations and warranties be true and correct?
Option A: They must be true solely at the Effective Time, defined as the later of the Signing Date and the Closing Date, with no additional need for reaffirmation.
Option B: They must be true as of the Execution Date for representations specifically designated, but all other representations must be reaffirmed at the time of consummation, as if made anew on the Closing Date.

Merger Agreement Segment 1 (Clause 11.3 Conditions to the Obligations of the Seller and Buyer): ""Except for representations and warranties specifically expressed as of a particular date, all other representations and warranties of the Company shall be true and correct as of the Effective Time. For purposes of this Agreement, the Effective Time is deemed to be the later of the Signing Date and the Closing Date. However, if any representation includes qualifications on materiality, such representation shall only be effective if it continues to be true at the Closing Date.""

Merger Agreement Segment 2 (Clause 12.4 Verification of Representations): ""Notwithstanding Clause 11.3, the parties agree that representations and warranties enumerated in Section 5.1 are made as of the Execution Date and are not subject to further reaffirmation. All other representations and warranties, unless expressly tied to an 'as-of' date in other sections, shall be true and correct at the time of consummation, as if made anew, ensuring that no material adverse change has occurred since their initial assertion.""
Choices: ","Fail","Answer the following multiple choice question. The last line of your response should be of the following format: 'ANSWER: $LETTER' (without quotes) where LETTER is one of {letters}. Think step by step before answering.

{question}

{choices}

Instruction: Read the segment of a merger agreement and answer the multiple-choice question by choosing the option that best characterizes the agreement.

Question: When are representations and warranties required to be made according to the bring down provision?
Option A: At Closing Only
Option B: At Signing & At Closing

Merger Agreement Excerpts:
Section 10.1 Conditions Precedent (Page 135): ""Each representation and warranty of the Target, except those expressly designated as being made as of a specific date, shall be true and correct as of the Closing Date. Any representation expressly tied to a predetermined date is only required to be accurate as of that date.""

Section 10.3 Additional Pre-Closing Covenants (Page 142): ""Notwithstanding Section 10.1, for the purposes of satisfying the Offer conditions, every representation and warranty that is not otherwise confined to a specific date must have been continuously maintained from the execution date of this Agreement through to the Closing Date, thereby requiring validation both at signing and at closing.""
Choices: "
"116","Answer the following multiple choice question. The last line of your response should be of the following format: 'ANSWER: $LETTER' (without quotes) where LETTER is one of {letters}. Think step by step before answering.

{question}

{choices}

Instruction: Read the following segments of a merger agreement and answer the multiple-choice question by choosing the option that best characterizes the timing requirements for the representations and warranties stipulated in the agreement.

Question: When are representations and warranties required to be made according to the bring down provision?
Option A: As of the Execution Date only
Option B: As of the Closing Date only
Option C: As of both the Execution Date and the Closing Date
Option D: At a time other than Execution or Closing

Merger Agreement Excerpts:

Section 5.3 Conditions to Effect the Merger:
""The obligations of the Buyer and Seller to consummate the Merger are subject, among other conditions, to the representations and warranties of the Company being true and correct as of the Execution Date. Notwithstanding the foregoing, any representation expressly stated to be made 'as of the Closing Date' shall be effective only at that later date.""

Section 12.1 Additional Conditions:
""Except for representations explicitly modified by the 'no material adverse effect' clause, all representations and warranties provided in Article VII must be true at the time of Signing and must continue to be true as of the Closing Date, as if re-made on such date. Representations that are not designated to a specific time are solely required to be true as of the Execution Date.""

Choices: ","Fail","Answer the following multiple choice question. The last line of your response should be of the following format: 'ANSWER: $LETTER' (without quotes) where LETTER is one of {letters}. Think step by step before answering.

{question}

{choices}

Instruction: Read the segment of a merger agreement and answer the multiple-choice question by choosing the option that best characterizes the agreement.

Question: When are representations and warranties required to be made according to the bring down provision?
Option A: At Closing Only
Option B: At Signing & At Closing

Merger Agreement Excerpts:
Section 10.1 Conditions Precedent (Page 135): ""Each representation and warranty of the Target, except those expressly designated as being made as of a specific date, shall be true and correct as of the Closing Date. Any representation expressly tied to a predetermined date is only required to be accurate as of that date.""

Section 10.3 Additional Pre-Closing Covenants (Page 142): ""Notwithstanding Section 10.1, for the purposes of satisfying the Offer conditions, every representation and warranty that is not otherwise confined to a specific date must have been continuously maintained from the execution date of this Agreement through to the Closing Date, thereby requiring validation both at signing and at closing.""
Choices: "
"117","Answer the following multiple choice question. The last line of your response should be of the following format: 'ANSWER: $LETTER' (without quotes) where LETTER is one of {letters}. Think step by step before answering.

{question}

{choices}

Instruction: Read the following segments of a merger agreement and answer the multiple-choice question by choosing the option that best reflects the timing requirement for the representations and warranties under the bring down provision.

Question: According to the bring down provision, when are the representations and warranties required to be made?
Option A: At Closing Only
Option B: At Signing & At Closing

Merger Agreement Segment 1: Section 10.3 Representations and Warranties Bring Down. For the purposes of this Agreement, every representation and warranty of the Company shall be made as of the Execution Date, except those expressly qualified by the phrase 'as of [specific date]', which are satisfied solely at the time of execution.

Merger Agreement Segment 2: Section 12.1 Conditions Precedent. Notwithstanding Section 10.3, all representations and warranties that are not expressly designated 'as of [specific date]' must be reaffirmed and remain true and correct as of the Closing Date as a condition to the consummation of the Merger.

Merger Agreement Segment 3: Additional Clause. For clarity, any representation and warranty subject to the bring down provision shall be effective as of both the Execution Date and the Closing Date unless explicitly limited by an 'as of [specific date]' qualifier.
Choices: ","Fail","Answer the following multiple choice question. The last line of your response should be of the following format: 'ANSWER: $LETTER' (without quotes) where LETTER is one of {letters}. Think step by step before answering.

{question}

{choices}

Instruction: Read the segment of a merger agreement and answer the multiple-choice question by choosing the option that best characterizes the agreement.

Question: When are representations and warranties required to be made according to the bring down provision?
Option A: At Closing Only
Option B: At Signing & At Closing

Merger Agreement Excerpts:
Section 10.1 Conditions Precedent (Page 135): ""Each representation and warranty of the Target, except those expressly designated as being made as of a specific date, shall be true and correct as of the Closing Date. Any representation expressly tied to a predetermined date is only required to be accurate as of that date.""

Section 10.3 Additional Pre-Closing Covenants (Page 142): ""Notwithstanding Section 10.1, for the purposes of satisfying the Offer conditions, every representation and warranty that is not otherwise confined to a specific date must have been continuously maintained from the execution date of this Agreement through to the Closing Date, thereby requiring validation both at signing and at closing.""
Choices: "
"118","Answer the following multiple choice question. The last line of your response should be of the following format: 'ANSWER: $LETTER' (without quotes) where LETTER is one of {letters}. Think step by step before answering.

{question}

{choices}

Instruction: Read the following segment of a merger agreement and answer the multiple-choice question by choosing the option that best characterizes the timing for representations and warranties under the bring down provision.

Question: According to the provided merger agreement segments, when must the representations and warranties be made?
Option A: At Closing Only
Option B: At Signing & At Closing

Merger Agreement Segment 1: Section 8.4 Conditions Precedent. ""Except for the representations and warranties expressly designated as of the Execution Date in Exhibit B, each representation and warranty of the Company shall be true and correct as of the Closing Date.""

Merger Agreement Segment 2: Article V Additional Representations. ""All representations and warranties, except those marked as date-specific in Exhibit B, shall be acknowledged at the time of Execution of this Agreement and reaffirmed as of the Closing Date as if made on each of those dates. Any representation not indicated otherwise shall be considered to have been made at both Execution and at Closing.""

Answer:
Choices: ","Fail","Answer the following multiple choice question. The last line of your response should be of the following format: 'ANSWER: $LETTER' (without quotes) where LETTER is one of {letters}. Think step by step before answering.

{question}

{choices}

Instruction: Read the segment of a merger agreement and answer the multiple-choice question by choosing the option that best characterizes the agreement.

Question: When are representations and warranties required to be made according to the bring down provision?
Option A: At Closing Only
Option B: At Signing & At Closing

Merger Agreement Excerpts:
Section 10.1 Conditions Precedent (Page 135): ""Each representation and warranty of the Target, except those expressly designated as being made as of a specific date, shall be true and correct as of the Closing Date. Any representation expressly tied to a predetermined date is only required to be accurate as of that date.""

Section 10.3 Additional Pre-Closing Covenants (Page 142): ""Notwithstanding Section 10.1, for the purposes of satisfying the Offer conditions, every representation and warranty that is not otherwise confined to a specific date must have been continuously maintained from the execution date of this Agreement through to the Closing Date, thereby requiring validation both at signing and at closing.""
Choices: "
"119","Answer the following multiple choice question. The last line of your response should be of the following format: 'ANSWER: $LETTER' (without quotes) where LETTER is one of {letters}. Think step by step before answering.

{question}

{choices}

Instruction: Read the following segments of a merger agreement and answer the multiple-choice question by choosing the option that best characterizes the timing of the representations and warranties.

Question: According to the bring down provision, when must the representations and warranties be made?
Option A: At Closing Only
Option B: At Signing & At Closing

Merger Agreement Segment 1 (Clause 8.1 Conditions): ""The representations and warranties of the Company shall be true and correct as of the Closing Date, except for those statements expressly made as of a particular date, in which case they shall be deemed true and correct as of that specified date."" (Page 45)

Merger Agreement Segment 2 (Clause 9.4 Supplemental Conditions): ""Provided that the representations and warranties are accurately furnished, they shall be deemed effective as of the date of this Agreement and shall be reaffirmed as of the Closing Date, thereby ensuring continuity of their accuracy from the signing date through to closing."" (Page 58)

Answer:
Choices: ","Fail","Answer the following multiple choice question. The last line of your response should be of the following format: 'ANSWER: $LETTER' (without quotes) where LETTER is one of {letters}. Think step by step before answering.

{question}

{choices}

Instruction: Read the segment of a merger agreement and answer the multiple-choice question by choosing the option that best characterizes the agreement.

Question: When are representations and warranties required to be made according to the bring down provision?
Option A: At Closing Only
Option B: At Signing & At Closing

Merger Agreement Excerpts:
Section 10.1 Conditions Precedent (Page 135): ""Each representation and warranty of the Target, except those expressly designated as being made as of a specific date, shall be true and correct as of the Closing Date. Any representation expressly tied to a predetermined date is only required to be accurate as of that date.""

Section 10.3 Additional Pre-Closing Covenants (Page 142): ""Notwithstanding Section 10.1, for the purposes of satisfying the Offer conditions, every representation and warranty that is not otherwise confined to a specific date must have been continuously maintained from the execution date of this Agreement through to the Closing Date, thereby requiring validation both at signing and at closing.""
Choices: "
"120","Answer the following multiple choice question. The last line of your response should be of the following format: 'ANSWER: $LETTER' (without quotes) where LETTER is one of {letters}. Think step by step before answering.

{question}

{choices}

Instruction: Read the following segments of a merger agreement and answer the multiple-choice question by choosing the option that best characterizes the agreement.

Question: According to the bring down provisions outlined below, when are the representations and warranties required to be made?
Option A: At Signing Date and as of the Effective Date
Option B: At Signing Date and as of the Closing Date

Merger Agreement Excerpts:
Section 8.1 - Conditions to Obligations of the Acquiring Entity:
""Each representation and warranty of the Company shall be accurate as of the Signing Date and, except for those explicitly tied to a specified historical date (see Subsection A.3), must be reconfirmed as of the Effective Date. For all intents and purposes, the Effective Date is designed to serve the same function as the Closing Date in affirming the ongoing validity of such representations.""

Section 12.3 - Additional Reaffirmation Conditions:
""Notwithstanding Section 8.1, representations and warranties concerning the Company's financial integrity and regulatory compliance shall be confirmed at the Signing Date and must be conclusively revalidated as of the Closing Date to satisfy the closing conditions.""
Choices: ","Fail","Answer the following multiple choice question. The last line of your response should be of the following format: 'ANSWER: $LETTER' (without quotes) where LETTER is one of {letters}. Think step by step before answering.

{question}

{choices}

Instruction: Read the segment of a merger agreement and answer the multiple-choice question by choosing the option that best characterizes the agreement.

Question: When are representations and warranties required to be made according to the bring down provision?
Option A: At Closing Only
Option B: At Signing & At Closing

Merger Agreement Excerpts:
Section 10.1 Conditions Precedent (Page 135): ""Each representation and warranty of the Target, except those expressly designated as being made as of a specific date, shall be true and correct as of the Closing Date. Any representation expressly tied to a predetermined date is only required to be accurate as of that date.""

Section 10.3 Additional Pre-Closing Covenants (Page 142): ""Notwithstanding Section 10.1, for the purposes of satisfying the Offer conditions, every representation and warranty that is not otherwise confined to a specific date must have been continuously maintained from the execution date of this Agreement through to the Closing Date, thereby requiring validation both at signing and at closing.""
Choices: "
"121","Answer the following multiple choice question. The last line of your response should be of the following format: 'ANSWER: $LETTER' (without quotes) where LETTER is one of {letters}. Think step by step before answering.

{question}

{choices}

Instruction: Read the following segments from a proposed merger agreement and answer the multiple-choice question by choosing the option that best characterizes the timing requirement for representations and warranties under the bring down provision.

Question: When are representations and warranties required to be made according to the bring down provision?
Option A: At Closing Only
Option B: At Signing & At Closing

Merger Agreement Segment 1 (Section 8.5 – Conditions for Commitments): ""The obligations of the Buyer to consummate the Merger are subject to the satisfaction of certain conditions, including that all representations and warranties, particularly those related to financial statements and due diligence reports, are accurate as of the date of this Agreement (i.e., the Signing Date) and are maintained continuously until the Closing Date. Any material deviation discovered between the Signing Date and the Closing Date must be rectified prior to Closing."" (Page 52)

Merger Agreement Segment 2 (Section 12.3 – Representations and Warranties): ""Except for representations specifically pertaining to the audited financial condition of the Company, all other representations and warranties shall be deemed effective solely as of the Closing Date. Notwithstanding the foregoing, the representations concerning the audited accounts and related financial disclosures shall be made as of the Signing Date and then reaffirmed as of the Closing Date, thereby requiring dual timing performance."" (Page 117)
Choices: ","Fail","Answer the following multiple choice question. The last line of your response should be of the following format: 'ANSWER: $LETTER' (without quotes) where LETTER is one of {letters}. Think step by step before answering.

{question}

{choices}

Instruction: Read the segment of a merger agreement and answer the multiple-choice question by choosing the option that best characterizes the agreement.

Question: When are representations and warranties required to be made according to the bring down provision?
Option A: At Closing Only
Option B: At Signing & At Closing

Merger Agreement Excerpts:
Section 10.1 Conditions Precedent (Page 135): ""Each representation and warranty of the Target, except those expressly designated as being made as of a specific date, shall be true and correct as of the Closing Date. Any representation expressly tied to a predetermined date is only required to be accurate as of that date.""

Section 10.3 Additional Pre-Closing Covenants (Page 142): ""Notwithstanding Section 10.1, for the purposes of satisfying the Offer conditions, every representation and warranty that is not otherwise confined to a specific date must have been continuously maintained from the execution date of this Agreement through to the Closing Date, thereby requiring validation both at signing and at closing.""
Choices: "
"122","Answer the following multiple choice question. The last line of your response should be of the following format: 'ANSWER: $LETTER' (without quotes) where LETTER is one of {letters}. Think step by step before answering.

{question}

{choices}

Instruction: Read the following segments from a merger agreement and answer the multiple-choice question by choosing the option that best characterizes the timing requirements of the representations and warranties.
Question: When are representations and warranties required to be made according to the bring down provision?
Option A: At Signing Only
Option B: At Closing Only
Option C: At Signing & At Closing
Option D: At Offer Acceptance Only

Merger Agreement Segment 1 (Section 8.3 Representations): ""Each representation and warranty of Seller contained in this Agreement shall be true and correct as of the date of this Agreement, except when a specific date is provided, in which case it shall be true and correct as of that designated date.""

Merger Agreement Segment 2 (Section 10.4 Additional Conditions): ""Notwithstanding any prior provision, prior to the Closing, the Seller shall deliver a certificate confirming that all representations and warranties, including those not specifically dated, continue to be accurate as of the Closing Date, as if made on and as of that date.""

Merger Agreement Segment 3 (Section 12.1 Offer Consideration): ""For purposes of the Offer, certain representations relating solely to financial performance shall be deemed effective as of the Offer Acceptance Time; however, this provision is limited only to the relevant financial disclosures and does not affect the general representations described above.""
Choices: ","Fail","Answer the following multiple choice question. The last line of your response should be of the following format: 'ANSWER: $LETTER' (without quotes) where LETTER is one of {letters}. Think step by step before answering.

{question}

{choices}

Instruction: Read the segment of a merger agreement and answer the multiple-choice question by choosing the option that best characterizes the agreement.

Question: When are representations and warranties required to be made according to the bring down provision?
Option A: At Closing Only
Option B: At Signing & At Closing

Merger Agreement Excerpts:
Section 10.1 Conditions Precedent (Page 135): ""Each representation and warranty of the Target, except those expressly designated as being made as of a specific date, shall be true and correct as of the Closing Date. Any representation expressly tied to a predetermined date is only required to be accurate as of that date.""

Section 10.3 Additional Pre-Closing Covenants (Page 142): ""Notwithstanding Section 10.1, for the purposes of satisfying the Offer conditions, every representation and warranty that is not otherwise confined to a specific date must have been continuously maintained from the execution date of this Agreement through to the Closing Date, thereby requiring validation both at signing and at closing.""
Choices: "
"123","Answer the following multiple choice question. The last line of your response should be of the following format: 'ANSWER: $LETTER' (without quotes) where LETTER is one of {letters}. Think step by step before answering.

{question}

{choices}

Instruction: Read the segment of a merger agreement and answer the multiple-choice question by choosing the option that best characterizes the agreement.
Question: When are representations and warranties required to be made according to the bring down provision?
Option A: At Closing Only
Option B: At Signing & At Closing

Merger Agreement: Section 6.3 Additional Conditions to the Merger. The obligations of the Seller to consummate the Merger are subject to the satisfaction, or waiver, of the following conditions: (a) each of the Company's representations and warranties, unless expressly designated as effective as of a predetermined fixed date, shall be true and correct as of the Closing Date; provided, however, that any representations expressly made as of a particular date shall be deemed valid only as of that date. (Page 55)

Merger Agreement: Section 11.03 Ancillary Conditions. In addition to the conditions set forth above, it is further required that all unqualified representations and warranties, including those enumerated in Article V, be true and correct as of the Execution Date, and for the purpose of the bring down, be reconfirmed as of the Closing Date, effectively being required at both time points. (Page 88)
Choices: ","Fail","Answer the following multiple choice question. The last line of your response should be of the following format: 'ANSWER: $LETTER' (without quotes) where LETTER is one of {letters}. Think step by step before answering.

{question}

{choices}

Instruction: Read the segment of a merger agreement and answer the multiple-choice question by choosing the option that best characterizes the agreement.

Question: When are representations and warranties required to be made according to the bring down provision?
Option A: At Closing Only
Option B: At Signing & At Closing

Merger Agreement Excerpts:
Section 10.1 Conditions Precedent (Page 135): ""Each representation and warranty of the Target, except those expressly designated as being made as of a specific date, shall be true and correct as of the Closing Date. Any representation expressly tied to a predetermined date is only required to be accurate as of that date.""

Section 10.3 Additional Pre-Closing Covenants (Page 142): ""Notwithstanding Section 10.1, for the purposes of satisfying the Offer conditions, every representation and warranty that is not otherwise confined to a specific date must have been continuously maintained from the execution date of this Agreement through to the Closing Date, thereby requiring validation both at signing and at closing.""
Choices: "
"124","Answer the following multiple choice question. The last line of your response should be of the following format: 'ANSWER: $LETTER' (without quotes) where LETTER is one of {letters}. Think step by step before answering.

{question}

{choices}

Instruction: Read the following segments from a corporate transaction agreement and answer the question by choosing the option that best reflects the timing requirement for representations and warranties under the bring down provision.

Question: According to the bring down provision in the agreement, when are the representations and warranties required to be made?

Option A: At Closing Only
Option B: At Signing & At Closing

Corporate Transaction Agreement Excerpts:
Section 5.4 – Conditions Precedent: ""Except where a representation explicitly states it is made as of a specific date, all general representations and warranties of the Company are deemed made and true as of the Signing Date. However, these representations remain in effect and are not considered fulfilled solely by their expression at Signing.""

Section 8.1 – Closing Conditions: ""All representations and warranties that are not tied to a designated specific date shall be continuously represented as true and correct up to and as of the Closing Date, and must be reaffirmed at Closing as though made on and as of that date.""

Section 9.03 – Clarification: ""For representations or warranties made 'as of a specific date,' their validity and effect are limited to that date; however, all nondated representations must be refreshed at Closing pursuant to Section 8.1, notwithstanding their initial establishment at Signing.""
Choices: ","Fail","Answer the following multiple choice question. The last line of your response should be of the following format: 'ANSWER: $LETTER' (without quotes) where LETTER is one of {letters}. Think step by step before answering.

{question}

{choices}

Instruction: Read the segment of a merger agreement and answer the multiple-choice question by choosing the option that best characterizes the agreement.

Question: When are representations and warranties required to be made according to the bring down provision?
Option A: At Closing Only
Option B: At Signing & At Closing

Merger Agreement Excerpts:
Section 10.1 Conditions Precedent (Page 135): ""Each representation and warranty of the Target, except those expressly designated as being made as of a specific date, shall be true and correct as of the Closing Date. Any representation expressly tied to a predetermined date is only required to be accurate as of that date.""

Section 10.3 Additional Pre-Closing Covenants (Page 142): ""Notwithstanding Section 10.1, for the purposes of satisfying the Offer conditions, every representation and warranty that is not otherwise confined to a specific date must have been continuously maintained from the execution date of this Agreement through to the Closing Date, thereby requiring validation both at signing and at closing.""
Choices: "
"125","Answer the following multiple choice question. The last line of your response should be of the following format: 'ANSWER: $LETTER' (without quotes) where LETTER is one of {letters}. Think step by step before answering.

{question}

{choices}

Instruction: Read the segment of a merger agreement and answer the multiple-choice question by choosing the option that best characterizes the agreement.
Question: According to the bring down provision in the agreement, when are representations and warranties required to be made?
Option A: At Closing Only
Option B: At Signing & At Closing

Merger Agreement: Section 8.5 – Consummation Requirements. The Company’s representations and warranties (except those expressly limited to a specific date) shall be true and correct as of the Closing Date. All such representations will be updated at Closing to reflect the Company’s condition immediately prior to consummation.

Merger Agreement: Section 11.1 – Affirmation of Declarations. Notwithstanding the foregoing, unless a representation is limited to a particular date, each representation and warranty of the Company must be first affirmed at the Signing of this Agreement and subsequently reconfirmed at the Closing Date, ensuring no material changes have occurred between signing and closing.
Choices: ","Fail","Answer the following multiple choice question. The last line of your response should be of the following format: 'ANSWER: $LETTER' (without quotes) where LETTER is one of {letters}. Think step by step before answering.

{question}

{choices}

Instruction: Read the segment of a merger agreement and answer the multiple-choice question by choosing the option that best characterizes the agreement.

Question: When are representations and warranties required to be made according to the bring down provision?
Option A: At Closing Only
Option B: At Signing & At Closing

Merger Agreement Excerpts:
Section 10.1 Conditions Precedent (Page 135): ""Each representation and warranty of the Target, except those expressly designated as being made as of a specific date, shall be true and correct as of the Closing Date. Any representation expressly tied to a predetermined date is only required to be accurate as of that date.""

Section 10.3 Additional Pre-Closing Covenants (Page 142): ""Notwithstanding Section 10.1, for the purposes of satisfying the Offer conditions, every representation and warranty that is not otherwise confined to a specific date must have been continuously maintained from the execution date of this Agreement through to the Closing Date, thereby requiring validation both at signing and at closing.""
Choices: "
"126","Answer the following multiple choice question. The last line of your response should be of the following format: 'ANSWER: $LETTER' (without quotes) where LETTER is one of {letters}. Think step by step before answering.

{question}

{choices}

Instruction: Read the following segments of a merger agreement and answer the multiple-choice question by choosing the option that best characterizes the agreement.

Question: When are representations and warranties required to be made according to the bring down provisions?
Option A: At Closing Only
Option B: At Signing & At Closing

Merger Agreement: Section 5.3 - Representations and Warranties Conditions. The representations and warranties provided in this Agreement are required to be true and correct solely as of the Closing Time, except for those expressly made as of a specific date (Page 42).

Merger Agreement: Section 8.1 - Operational Representations. Notwithstanding the provisions of Section 5.3, all representations and warranties not specifically detailed therein shall be valid and confirmed both as of the date hereof and at the Closing Time, as if they were made on and as of each respective date (Page 57).
Choices: ","Fail","Answer the following multiple choice question. The last line of your response should be of the following format: 'ANSWER: $LETTER' (without quotes) where LETTER is one of {letters}. Think step by step before answering.

{question}

{choices}

Instruction: Read the segment of a merger agreement and answer the multiple-choice question by choosing the option that best characterizes the agreement.

Question: When are representations and warranties required to be made according to the bring down provision?
Option A: At Closing Only
Option B: At Signing & At Closing

Merger Agreement Excerpts:
Section 10.1 Conditions Precedent (Page 135): ""Each representation and warranty of the Target, except those expressly designated as being made as of a specific date, shall be true and correct as of the Closing Date. Any representation expressly tied to a predetermined date is only required to be accurate as of that date.""

Section 10.3 Additional Pre-Closing Covenants (Page 142): ""Notwithstanding Section 10.1, for the purposes of satisfying the Offer conditions, every representation and warranty that is not otherwise confined to a specific date must have been continuously maintained from the execution date of this Agreement through to the Closing Date, thereby requiring validation both at signing and at closing.""
Choices: "
"127","Answer the following multiple choice question. The last line of your response should be of the following format: 'ANSWER: $LETTER' (without quotes) where LETTER is one of {letters}. Think step by step before answering.

{question}

{choices}

Instruction: Read the following segments of a merger agreement and answer the multiple-choice question by choosing the option that best characterizes the timing for representations and warranties according to the bring down provision.

Question: When are representations and warranties required to be made according to the bring down provision?
Option A: At Closing Only
Option B: At Signing & At Closing

Merger Agreement Segment 1: Section 8.3 Conditions to Obligations of Parent and Subsidiary. The consummation of the merger is subject to the satisfaction or waiver of all stipulated conditions prior to the Effective Date. (a) Representations and Warranties. Except for those expressly made as of a specific date, all representations and warranties shall be true and correct solely as of the Closing Time, meaning no separate affirmation at the time of Agreement Execution is required.

Merger Agreement Segment 2: Section 5.1 Conditions Precedent to the Offer. Notwithstanding any other provision herein, each of the representations and warranties of the Company, except where explicitly stated to be as of a particular date, shall be deemed confirmed and effective as of the Agreement Execution Date, remaining continuously valid until the Closing Date. This provision affirms that the representations made at the time of signing are carried forward to closing as if reaffirmed then.
Choices: ","Fail","Answer the following multiple choice question. The last line of your response should be of the following format: 'ANSWER: $LETTER' (without quotes) where LETTER is one of {letters}. Think step by step before answering.

{question}

{choices}

Instruction: Read the segment of a merger agreement and answer the multiple-choice question by choosing the option that best characterizes the agreement.

Question: When are representations and warranties required to be made according to the bring down provision?
Option A: At Closing Only
Option B: At Signing & At Closing

Merger Agreement Excerpts:
Section 10.1 Conditions Precedent (Page 135): ""Each representation and warranty of the Target, except those expressly designated as being made as of a specific date, shall be true and correct as of the Closing Date. Any representation expressly tied to a predetermined date is only required to be accurate as of that date.""

Section 10.3 Additional Pre-Closing Covenants (Page 142): ""Notwithstanding Section 10.1, for the purposes of satisfying the Offer conditions, every representation and warranty that is not otherwise confined to a specific date must have been continuously maintained from the execution date of this Agreement through to the Closing Date, thereby requiring validation both at signing and at closing.""
Choices: "
"128","Answer the following multiple choice question. The last line of your response should be of the following format: 'ANSWER: $LETTER' (without quotes) where LETTER is one of {letters}. Think step by step before answering.

{question}

{choices}

Instruction: Read the following segments of a merger agreement and answer the multiple-choice question by choosing the option that best characterizes the timing required for representations and warranties under the bring down provision.

Merger Agreement: Section 10.1 Conditions to Closing. All representations and warranties contained in Article V shall be deemed accurate as of the execution date of this Agreement (the 'Initial Effective Time'), except where a representation is expressly made as of a designated historical date, in which case it applies only to that specified date. (Page 102)

Merger Agreement: Section 12.3 Reaffirmation of Representations. Notwithstanding Section 10.1, all representations and warranties in Article V that are not explicitly tied to a designated historical date under Section 10.1(a)(ii) must be reconfirmed and maintained as true and correct as of the Closing Date, as if freshly issued on that date, to satisfy the bring down conditions. (Page 137)

Question: Based on the provisions above, when are representations and warranties required to be made?
Choices: ","Fail","Answer the following multiple choice question. The last line of your response should be of the following format: 'ANSWER: $LETTER' (without quotes) where LETTER is one of {letters}. Think step by step before answering.

{question}

{choices}

Instruction: Read the segment of a merger agreement and answer the multiple-choice question by choosing the option that best characterizes the agreement.

Question: When are representations and warranties required to be made according to the bring down provision?
Option A: At Closing Only
Option B: At Signing & At Closing

Merger Agreement Excerpts:
Section 10.1 Conditions Precedent (Page 135): ""Each representation and warranty of the Target, except those expressly designated as being made as of a specific date, shall be true and correct as of the Closing Date. Any representation expressly tied to a predetermined date is only required to be accurate as of that date.""

Section 10.3 Additional Pre-Closing Covenants (Page 142): ""Notwithstanding Section 10.1, for the purposes of satisfying the Offer conditions, every representation and warranty that is not otherwise confined to a specific date must have been continuously maintained from the execution date of this Agreement through to the Closing Date, thereby requiring validation both at signing and at closing.""
Choices: "
"129","Answer the following multiple choice question. The last line of your response should be of the following format: 'ANSWER: $LETTER' (without quotes) where LETTER is one of {letters}. Think step by step before answering.

{question}

{choices}

Instruction: Read the segment of this definitive merger agreement and answer the multiple-choice question by choosing the option that best characterizes the agreement.
Question: Under the bring down provision, when must the Seller's representations and warranties be true?
Option A: At Closing Only
Option B: At Signing & At Closing

Merger Agreement:
Section 8.1 – Conditions for Closing: ""Except for those representations and warranties expressly adjusted by a date-specific provision in Schedule B, the Seller shall ensure that all representations and warranties set forth herein are true and correct as of the Closing Date.""

Section 11.05 – Conditions to the Offer: ""Notwithstanding Section 8.1, any representation and warranty not governed by a date-specific provision in Schedule B shall be deemed to have been accurately asserted as of the Offer Acceptance Time (i.e., the time of signing), and shall remain valid through to the Closing Date.""
Choices: ","Fail","Answer the following multiple choice question. The last line of your response should be of the following format: 'ANSWER: $LETTER' (without quotes) where LETTER is one of {letters}. Think step by step before answering.

{question}

{choices}

Instruction: Read the segment of a merger agreement and answer the multiple-choice question by choosing the option that best characterizes the agreement.

Question: When are representations and warranties required to be made according to the bring down provision?
Option A: At Closing Only
Option B: At Signing & At Closing

Merger Agreement Excerpts:
Section 10.1 Conditions Precedent (Page 135): ""Each representation and warranty of the Target, except those expressly designated as being made as of a specific date, shall be true and correct as of the Closing Date. Any representation expressly tied to a predetermined date is only required to be accurate as of that date.""

Section 10.3 Additional Pre-Closing Covenants (Page 142): ""Notwithstanding Section 10.1, for the purposes of satisfying the Offer conditions, every representation and warranty that is not otherwise confined to a specific date must have been continuously maintained from the execution date of this Agreement through to the Closing Date, thereby requiring validation both at signing and at closing.""
Choices: "
"130","Answer the following multiple choice question. The last line of your response should be of the following format: 'ANSWER: $LETTER' (without quotes) where LETTER is one of {letters}. Think step by step before answering.

{question}

{choices}

Instruction: Read the segment of a merger agreement and answer the multiple-choice question by choosing the option that best characterizes the agreement.
Question: When are representations and warranties required to be made according to the bring down provision?
Option A: At Closing Only
Option B: At Signing & At Closing

Merger Agreement Excerpts:
Section 10.1 Conditions to the Obligations of the Purchaser. The Seller’s representations and warranties shall be true and correct as of the date of this Agreement and, except for those expressly made as of a specified date, shall be reaffirmed as of the Closing Date as though made contemporaneously with such date. (Page 102)

Section 12.4 Additional Representations. Notwithstanding any other provision, the representations and warranties provided herein are deemed to have been made on the Signing Date, with the obligation that they remain accurate and are reaffirmed at the Closing Date to reflect any material changes. (Page 115)
Choices: ","Fail","Answer the following multiple choice question. The last line of your response should be of the following format: 'ANSWER: $LETTER' (without quotes) where LETTER is one of {letters}. Think step by step before answering.

{question}

{choices}

Instruction: Read the segment of a merger agreement and answer the multiple-choice question by choosing the option that best characterizes the agreement.

Question: When are representations and warranties required to be made according to the bring down provision?
Option A: At Closing Only
Option B: At Signing & At Closing

Merger Agreement Excerpts:
Section 10.1 Conditions Precedent (Page 135): ""Each representation and warranty of the Target, except those expressly designated as being made as of a specific date, shall be true and correct as of the Closing Date. Any representation expressly tied to a predetermined date is only required to be accurate as of that date.""

Section 10.3 Additional Pre-Closing Covenants (Page 142): ""Notwithstanding Section 10.1, for the purposes of satisfying the Offer conditions, every representation and warranty that is not otherwise confined to a specific date must have been continuously maintained from the execution date of this Agreement through to the Closing Date, thereby requiring validation both at signing and at closing.""
Choices: "
"131","Answer the following multiple choice question. The last line of your response should be of the following format: 'ANSWER: $LETTER' (without quotes) where LETTER is one of {letters}. Think step by step before answering.

{question}

{choices}

Instruction: Read the following segments of a merger agreement and answer the multiple-choice question by choosing the option that best characterizes the timing at which the Company is required to make its representations and warranties according to the bring down provision.

Merger Agreement Excerpt 1 - Section 9.3 (Conditions Precedent):
""Except as otherwise expressly provided, each representation and warranty set forth in this Agreement shall be true and correct as of the Closing Date. Representations and warranties that are expressly made as of a predetermined specific date shall not require re-certification at Closing.""

Merger Agreement Excerpt 2 - Exhibit D (Recertification Clause):
""Notwithstanding any other provision contained herein, the Company shall, at the time of execution of this Agreement, certify that all representations and warranties, including those ordinarily subject only to verification as of the Closing Date, are accurate as of the Agreement Date. Furthermore, the Company shall confirm such accuracy at Closing as if the representations and warranties were made anew, except for those expressly qualified by a reference to another designated date."" 

Question: When are representations and warranties required to be made according to the bring down provision?
Option A: At Closing Only
Option B: At Signing & At Closing
Choices: ","Fail","Answer the following multiple choice question. The last line of your response should be of the following format: 'ANSWER: $LETTER' (without quotes) where LETTER is one of {letters}. Think step by step before answering.

{question}

{choices}

Instruction: Read the segment of a merger agreement and answer the multiple-choice question by choosing the option that best characterizes the agreement.

Question: When are representations and warranties required to be made according to the bring down provision?
Option A: At Closing Only
Option B: At Signing & At Closing

Merger Agreement Excerpts:
Section 10.1 Conditions Precedent (Page 135): ""Each representation and warranty of the Target, except those expressly designated as being made as of a specific date, shall be true and correct as of the Closing Date. Any representation expressly tied to a predetermined date is only required to be accurate as of that date.""

Section 10.3 Additional Pre-Closing Covenants (Page 142): ""Notwithstanding Section 10.1, for the purposes of satisfying the Offer conditions, every representation and warranty that is not otherwise confined to a specific date must have been continuously maintained from the execution date of this Agreement through to the Closing Date, thereby requiring validation both at signing and at closing.""
Choices: "
"132","Answer the following multiple choice question. The last line of your response should be of the following format: 'ANSWER: $LETTER' (without quotes) where LETTER is one of {letters}. Think step by step before answering.

{question}

{choices}

Instruction: Read the following segments of a merger agreement and answer the multiple-choice question by choosing the option that best characterizes when representations and warranties are required to be made based on the bring down provision.

Question: When are the representations and warranties required to be made according to the bring down provision?
Option A: At Closing Only
Option B: At Execution (Signing) & At Closing

Merger Agreement Segment 1 (Section 8.4 – Conditions Precedent and Representations):
""The Company's obligations to consummate the transaction under this Agreement are conditioned upon, among other things, that (a) every representation and warranty which is not expressly made as of a particular date shall be true and correct as of the Closing Date; (b) any representation that is expressly qualified as being true as of a specific date shall only require confirmation as of that date; provided, however, that for all representations so disambiguated, a supplementary certificate confirming the truth and accuracy as of the Execution Date is also required."" (Page 112)

Merger Agreement Segment 2 (Section 8.6 – Affirmation of Representations):
""Notwithstanding Section 8.4, it is further required that all representations and warranties provided in this Agreement that do not bear an express date qualification shall be reaffirmed by the Company as of the Effective Time, which is defined as the Execution Date of this Agreement, and again as of the Closing Date to verify their continued accuracy."" (Page 115)
Choices: ","Fail","Answer the following multiple choice question. The last line of your response should be of the following format: 'ANSWER: $LETTER' (without quotes) where LETTER is one of {letters}. Think step by step before answering.

{question}

{choices}

Instruction: Read the segment of a merger agreement and answer the multiple-choice question by choosing the option that best characterizes the agreement.

Question: When are representations and warranties required to be made according to the bring down provision?
Option A: At Closing Only
Option B: At Signing & At Closing

Merger Agreement Excerpts:
Section 10.1 Conditions Precedent (Page 135): ""Each representation and warranty of the Target, except those expressly designated as being made as of a specific date, shall be true and correct as of the Closing Date. Any representation expressly tied to a predetermined date is only required to be accurate as of that date.""

Section 10.3 Additional Pre-Closing Covenants (Page 142): ""Notwithstanding Section 10.1, for the purposes of satisfying the Offer conditions, every representation and warranty that is not otherwise confined to a specific date must have been continuously maintained from the execution date of this Agreement through to the Closing Date, thereby requiring validation both at signing and at closing.""
Choices: "
"133","Answer the following multiple choice question. The last line of your response should be of the following format: 'ANSWER: $LETTER' (without quotes) where LETTER is one of {letters}. Think step by step before answering.

{question}

{choices}

Instruction: Read the following excerpts from a merger agreement and answer the multiple-choice question by choosing the option that best characterizes the timing for the representations and warranties according to the bring down provision.

Question: When are the representations and warranties required to be made?
Option A: At Closing Only
Option B: At Signing & At Closing

Merger Agreement Excerpts:
Excerpt 1 (Section 10.1 - Conditions Precedent): ""The obligations of the parties to consummate the transaction are subject to the condition that all representations and warranties set out in Article V, except those specifically identified in Section 5.4, are accurate as of the date of this Agreement's execution and are reconfirmed as accurate immediately prior to the Closing Date, notwithstanding any materiality qualifiers."" (Page 102)

Excerpt 2 (Section 4.3 - Accuracy of Representations): ""Each representation and warranty provided under Article V shall be deemed to be made as of the Effective Date, reflecting the condition of the Company both at the time of this Agreement and, except where explicitly limited, as of the latest available financial reporting period preceding the Closing Date."" (Page 45)
Choices: ","Fail","Answer the following multiple choice question. The last line of your response should be of the following format: 'ANSWER: $LETTER' (without quotes) where LETTER is one of {letters}. Think step by step before answering.

{question}

{choices}

Instruction: Read the segment of a merger agreement and answer the multiple-choice question by choosing the option that best characterizes the agreement.

Question: When are representations and warranties required to be made according to the bring down provision?
Option A: At Closing Only
Option B: At Signing & At Closing

Merger Agreement Excerpts:
Section 10.1 Conditions Precedent (Page 135): ""Each representation and warranty of the Target, except those expressly designated as being made as of a specific date, shall be true and correct as of the Closing Date. Any representation expressly tied to a predetermined date is only required to be accurate as of that date.""

Section 10.3 Additional Pre-Closing Covenants (Page 142): ""Notwithstanding Section 10.1, for the purposes of satisfying the Offer conditions, every representation and warranty that is not otherwise confined to a specific date must have been continuously maintained from the execution date of this Agreement through to the Closing Date, thereby requiring validation both at signing and at closing.""
Choices: "
"134","Answer the following multiple choice question. The last line of your response should be of the following format: 'ANSWER: $LETTER' (without quotes) where LETTER is one of {letters}. Think step by step before answering.

{question}

{choices}

Instruction: Read the segment of a merger agreement and answer the multiple-choice question by choosing the option that best characterizes the agreement.
Question: When are the representations and warranties required to be made according to the bring down provision?
Option A: At Closing Only
Option B: At Signing & At Closing

Merger Agreement: Clause 8.1 Conditions for Completion. Subject to the satisfaction of all conditions precedent, the representations and warranties set forth in Article V shall be true and correct as of the Closing Date, except that any representation expressly made as of an 'Initial Date' will only be subject to confirmation as of that specified date. (Page 52)

Merger Agreement: Clause 3.4 Supplemental Accuracy Assurance. Notwithstanding Clause 8.1, all representations and warranties not contained in Article V shall be deemed to be accurate in all material respects as of both the Execution Date and the Effective Date, which here is equivalent to the Closing Date, except where explicitly stated otherwise. (Page 14)
Choices: ","Fail","Answer the following multiple choice question. The last line of your response should be of the following format: 'ANSWER: $LETTER' (without quotes) where LETTER is one of {letters}. Think step by step before answering.

{question}

{choices}

Instruction: Read the segment of a merger agreement and answer the multiple-choice question by choosing the option that best characterizes the agreement.

Question: When are representations and warranties required to be made according to the bring down provision?
Option A: At Closing Only
Option B: At Signing & At Closing

Merger Agreement Excerpts:
Section 10.1 Conditions Precedent (Page 135): ""Each representation and warranty of the Target, except those expressly designated as being made as of a specific date, shall be true and correct as of the Closing Date. Any representation expressly tied to a predetermined date is only required to be accurate as of that date.""

Section 10.3 Additional Pre-Closing Covenants (Page 142): ""Notwithstanding Section 10.1, for the purposes of satisfying the Offer conditions, every representation and warranty that is not otherwise confined to a specific date must have been continuously maintained from the execution date of this Agreement through to the Closing Date, thereby requiring validation both at signing and at closing.""
Choices: "
"135","Answer the following multiple choice question. The last line of your response should be of the following format: 'ANSWER: $LETTER' (without quotes) where LETTER is one of {letters}. Think step by step before answering.

{question}

{choices}

Instruction: Read the following segments of a merger agreement and answer the question by choosing the option that best reflects the timing requirement under the bring down provision.
Question: When are representations and warranties required to be made according to the bring down provision?
Option A: At Closing Only
Option B: At Signing & At Closing

Merger Agreement Excerpt 1: Section 4.5 – Conditions Precedent to Closing. The Company represents and warrants that all statements contained herein shall be true and correct as of the Signing Date. Notwithstanding the foregoing, for purposes of closing, such representations and warranties, unless explicitly limited to a specific date, must be reconfirmed as of the Closing Date.

Merger Agreement Excerpt 2: Section 9.3 – Bring Down Provision. Irrespective of any representations made at the time of execution, the bring down provision establishes that every representation and warranty must be accurate as of the Closing Date only, thereby nullifying any dual effective dates for the satisfaction of closing conditions.

Merger Agreement Excerpt 3: Section 12.1 – Additional Conditions. While certain representations may be designated as of the Signing Date and subject to reaffirmation at Closing, it is expressly provided that the bring down requirement overrides such designations, mandating that the representations and warranties be operative solely as of the Closing Date.
Choices: ","Fail","Answer the following multiple choice question. The last line of your response should be of the following format: 'ANSWER: $LETTER' (without quotes) where LETTER is one of {letters}. Think step by step before answering.

{question}

{choices}

Instruction: Read the segment of a merger agreement and answer the multiple-choice question by choosing the option that best characterizes the agreement.

Question: When are representations and warranties required to be made according to the bring down provision?
Option A: At Closing Only
Option B: At Signing & At Closing

Merger Agreement Excerpts:
Section 10.1 Conditions Precedent (Page 135): ""Each representation and warranty of the Target, except those expressly designated as being made as of a specific date, shall be true and correct as of the Closing Date. Any representation expressly tied to a predetermined date is only required to be accurate as of that date.""

Section 10.3 Additional Pre-Closing Covenants (Page 142): ""Notwithstanding Section 10.1, for the purposes of satisfying the Offer conditions, every representation and warranty that is not otherwise confined to a specific date must have been continuously maintained from the execution date of this Agreement through to the Closing Date, thereby requiring validation both at signing and at closing.""
Choices: "
"136","Answer the following multiple choice question. The last line of your response should be of the following format: 'ANSWER: $LETTER' (without quotes) where LETTER is one of {letters}. Think step by step before answering.

{question}

{choices}

Instruction: Read the following merger agreement excerpts and answer the multiple-choice question by choosing the option that best characterizes the timing requirement for the representations and warranties.

Question: When are representations and warranties required to be made according to the bring down provision?
Option A: At Closing Only
Option B: At Signing & At Closing

Merger Agreement Excerpts:
Section 8.5 Conditions to the Closing. Notwithstanding any other provision, all representations and warranties of the Seller set forth in Article IV, except those expressly designated as applicable only as of the Signing Date, shall be true and correct as of the Signing Date and continue to be so as of the Closing Date, as if made as of both dates (Page 112).

Section 11.2 Conditions to Effectiveness. The Seller shall deliver a certificate, executed by an authorized officer, confirming that all representations and warranties not limited by a 'specific date' clause are accurate both at the time of initial delivery and at the Closing, with such certificate referencing the status as of the respective dates (Page 157).

Choices: ","Fail","Answer the following multiple choice question. The last line of your response should be of the following format: 'ANSWER: $LETTER' (without quotes) where LETTER is one of {letters}. Think step by step before answering.

{question}

{choices}

Instruction: Read the segment of a merger agreement and answer the multiple-choice question by choosing the option that best characterizes the agreement.

Question: When are representations and warranties required to be made according to the bring down provision?
Option A: At Closing Only
Option B: At Signing & At Closing

Merger Agreement Excerpts:
Section 10.1 Conditions Precedent (Page 135): ""Each representation and warranty of the Target, except those expressly designated as being made as of a specific date, shall be true and correct as of the Closing Date. Any representation expressly tied to a predetermined date is only required to be accurate as of that date.""

Section 10.3 Additional Pre-Closing Covenants (Page 142): ""Notwithstanding Section 10.1, for the purposes of satisfying the Offer conditions, every representation and warranty that is not otherwise confined to a specific date must have been continuously maintained from the execution date of this Agreement through to the Closing Date, thereby requiring validation both at signing and at closing.""
Choices: "
"137","Answer the following multiple choice question. The last line of your response should be of the following format: 'ANSWER: $LETTER' (without quotes) where LETTER is one of {letters}. Think step by step before answering.

{question}

{choices}

Instruction: Read the segments of the Merger Agreement and answer the multiple-choice question by choosing the option that best characterizes the timing of the representations and warranties under the bring down provision.
Question: When are representations and warranties required to be made according to the bring down provision?
Option A: At Closing Only
Option B: At Signing & At Closing

Merger Agreement: Section 8.4 Conditions for Parent Obligations. The representations and warranties of the Company, except for those expressly qualified as being made with reference to a specific historical date, shall be accurate as of the Closing Date. Notwithstanding the foregoing, for all representations relating to the Offer, the Company shall confirm that such statements are as true and correct as of both the Agreement Date and the Closing Date.

Merger Agreement: Section 15.2 Conditions for Payment. All other representations and warranties not subject to a historical date specification shall be made effective as of the Effective Time, defined as the time the definitive agreements are executed, which, in the absence of any extensions to the Offer period, shall coincide with the Signatory Date. In such cases, the representations shall be deemed valid at execution and continuing as of the Closing Date.
Choices: ","Fail","Answer the following multiple choice question. The last line of your response should be of the following format: 'ANSWER: $LETTER' (without quotes) where LETTER is one of {letters}. Think step by step before answering.

{question}

{choices}

Instruction: Read the segment of a merger agreement and answer the multiple-choice question by choosing the option that best characterizes the agreement.

Question: When are representations and warranties required to be made according to the bring down provision?
Option A: At Closing Only
Option B: At Signing & At Closing

Merger Agreement Excerpts:
Section 10.1 Conditions Precedent (Page 135): ""Each representation and warranty of the Target, except those expressly designated as being made as of a specific date, shall be true and correct as of the Closing Date. Any representation expressly tied to a predetermined date is only required to be accurate as of that date.""

Section 10.3 Additional Pre-Closing Covenants (Page 142): ""Notwithstanding Section 10.1, for the purposes of satisfying the Offer conditions, every representation and warranty that is not otherwise confined to a specific date must have been continuously maintained from the execution date of this Agreement through to the Closing Date, thereby requiring validation both at signing and at closing.""
Choices: "
"138","Answer the following multiple choice question. The last line of your response should be of the following format: 'ANSWER: $LETTER' (without quotes) where LETTER is one of {letters}. Think step by step before answering.

{question}

{choices}

Instruction: Read the following segments of a merger agreement and answer the multiple-choice question by choosing the option that best characterizes the agreement.

Question: According to the bring down provision, when are representations and warranties required to be made?
Option A: At Closing Only
Option B: At Signing & At Closing

Merger Agreement: Section 10.3 Verification of Representations. The obligations of the Company require that every representation and warranty set forth herein shall be verified as being true and correct as of the Closing Date. However, where any representation is expressly qualified 'as of the Sign Date', such representation shall be deemed verified solely as of that date, with no further verification required at Closing. (Page 112)

Merger Agreement: Section 4.7 General Representations. Except where expressly limited by a specific date qualifier, all representations and warranties contained in this Agreement shall be true both at the date hereof (i.e. the Signing Date) and maintained as true at the Closing Date, as if made at both times. (Page 47)

Based on these provisions, choose the option that best characterizes the timing requirement for representations and warranties.
Choices: ","Fail","Answer the following multiple choice question. The last line of your response should be of the following format: 'ANSWER: $LETTER' (without quotes) where LETTER is one of {letters}. Think step by step before answering.

{question}

{choices}

Instruction: Read the segment of a merger agreement and answer the multiple-choice question by choosing the option that best characterizes the agreement.

Question: When are representations and warranties required to be made according to the bring down provision?
Option A: At Closing Only
Option B: At Signing & At Closing

Merger Agreement Excerpts:
Section 10.1 Conditions Precedent (Page 135): ""Each representation and warranty of the Target, except those expressly designated as being made as of a specific date, shall be true and correct as of the Closing Date. Any representation expressly tied to a predetermined date is only required to be accurate as of that date.""

Section 10.3 Additional Pre-Closing Covenants (Page 142): ""Notwithstanding Section 10.1, for the purposes of satisfying the Offer conditions, every representation and warranty that is not otherwise confined to a specific date must have been continuously maintained from the execution date of this Agreement through to the Closing Date, thereby requiring validation both at signing and at closing.""
Choices: "
"139","Answer the following multiple choice question. The last line of your response should be of the following format: 'ANSWER: $LETTER' (without quotes) where LETTER is one of {letters}. Think step by step before answering.

{question}

{choices}

Instruction: Read the segment of a merger agreement and answer the multiple-choice question by choosing the option that best characterizes the agreement.
Question: When are representations and warranties required to be made according to the bring down provision?
Option A: At Closing Only
Option B: At Signing & At Closing

Merger Agreement: Section 5.4 Conditions Precedent. The parties' obligation to complete the transaction is contingent upon the accuracy of certain representations and warranties. Specifically, all such representations and warranties are required to be accurate ""as of the Execution Date"" in connection with initial disclosures, and they shall be re-affirmed and maintained as true ""as of the Closing Date"" prior to consummation, except where expressly limited to a particular checkpoint.

Merger Agreement: Section 8.1 Special Representations. Here, the Company further certifies that, aside from items expressly treated under Conditions Precedent, the representations and warranties shall be deemed accurate as of the ""Final Effective Time"", which is defined to be the later of the Execution Date or the Closing Date, ensuring that no material changes occur between signing and closing.

Choices: ","Fail","Answer the following multiple choice question. The last line of your response should be of the following format: 'ANSWER: $LETTER' (without quotes) where LETTER is one of {letters}. Think step by step before answering.

{question}

{choices}

Instruction: Read the segment of a merger agreement and answer the multiple-choice question by choosing the option that best characterizes the agreement.

Question: When are representations and warranties required to be made according to the bring down provision?
Option A: At Closing Only
Option B: At Signing & At Closing

Merger Agreement Excerpts:
Section 10.1 Conditions Precedent (Page 135): ""Each representation and warranty of the Target, except those expressly designated as being made as of a specific date, shall be true and correct as of the Closing Date. Any representation expressly tied to a predetermined date is only required to be accurate as of that date.""

Section 10.3 Additional Pre-Closing Covenants (Page 142): ""Notwithstanding Section 10.1, for the purposes of satisfying the Offer conditions, every representation and warranty that is not otherwise confined to a specific date must have been continuously maintained from the execution date of this Agreement through to the Closing Date, thereby requiring validation both at signing and at closing.""
Choices: "
"140","Answer the following multiple choice question. The last line of your response should be of the following format: 'ANSWER: $LETTER' (without quotes) where LETTER is one of {letters}. Think step by step before answering.

{question}

{choices}

Instruction: Read the segment of a merger agreement and answer the multiple-choice question by choosing the option that best characterizes the required timing for the Company's representations and warranties.
Question: Based on the following merger agreement segments, when are the representations and warranties required to be made under the bring down provision?
Option A: At Closing Only
Option B: At both the Agreement Execution Date and at Closing

Merger Agreement, Section 8.4 Additional Covenants and Representations:
""All representations and warranties of the Company shall be deemed to be true and correct as of the date of this Agreement. Notwithstanding the foregoing, any representations expressly being contingent upon specific future events shall be reconfirmed at Closing.""

Merger Agreement, Section 12.3 Conditions to the Offer:
""Except for those representations made as of a prescribed specific date, all other representations and warranties shall be true and correct as of the Effective Date of this Agreement and shall be continuously maintained, as if made anew, at the Closing Date, unless a material amendment occurs prior to Closing, in which case an update to the Amendment Date shall be required.""

Answer:
Choices: ","Fail","Answer the following multiple choice question. The last line of your response should be of the following format: 'ANSWER: $LETTER' (without quotes) where LETTER is one of {letters}. Think step by step before answering.

{question}

{choices}

Instruction: Read the segment of a merger agreement and answer the multiple-choice question by choosing the option that best characterizes the agreement.

Question: When are representations and warranties required to be made according to the bring down provision?
Option A: At Closing Only
Option B: At Signing & At Closing

Merger Agreement Excerpts:
Section 10.1 Conditions Precedent (Page 135): ""Each representation and warranty of the Target, except those expressly designated as being made as of a specific date, shall be true and correct as of the Closing Date. Any representation expressly tied to a predetermined date is only required to be accurate as of that date.""

Section 10.3 Additional Pre-Closing Covenants (Page 142): ""Notwithstanding Section 10.1, for the purposes of satisfying the Offer conditions, every representation and warranty that is not otherwise confined to a specific date must have been continuously maintained from the execution date of this Agreement through to the Closing Date, thereby requiring validation both at signing and at closing.""
Choices: "
"141","Answer the following multiple choice question. The last line of your response should be of the following format: 'ANSWER: $LETTER' (without quotes) where LETTER is one of {letters}. Think step by step before answering.

{question}

{choices}

Instruction: Read the following segments of a merger agreement and answer the multiple-choice question by choosing the option that best characterizes when the representations and warranties are required to be made according to the bring down provision.

Question: When are representations and warranties required to be made according to the bring down provision?
Option A: At Closing Only
Option B: At Signing & At Closing

Merger Agreement Excerpts:
Section 10.1 Conditions Precedent. The obligations of the Acquirer are subject to the satisfaction, at or prior to the Effective Time, of the condition that: (a) all representations and warranties of the Seller set forth in Article V are true and accurate as of the date of this Agreement; and (b) any material changes in such representations from the date of this Agreement to the Closing are promptly disclosed by the Seller. 

Notwithstanding the foregoing, for purposes of the bring down provision, it is expressly provided that any representation or warranty not accompanied by an express ""as-of"" date shall be re-represented as being true and correct solely as of the Closing Date. Furthermore, Section 10.3 clarifies that any representation expressly made as of a particular date is affirmed only for that specified date.

Provide your answer based on the bring down provision's requirement.
Choices: ","Fail","Answer the following multiple choice question. The last line of your response should be of the following format: 'ANSWER: $LETTER' (without quotes) where LETTER is one of {letters}. Think step by step before answering.

{question}

{choices}

Instruction: Read the segment of a merger agreement and answer the multiple-choice question by choosing the option that best characterizes the agreement.

Question: When are representations and warranties required to be made according to the bring down provision?
Option A: At Closing Only
Option B: At Signing & At Closing

Merger Agreement Excerpts:
Section 10.1 Conditions Precedent (Page 135): ""Each representation and warranty of the Target, except those expressly designated as being made as of a specific date, shall be true and correct as of the Closing Date. Any representation expressly tied to a predetermined date is only required to be accurate as of that date.""

Section 10.3 Additional Pre-Closing Covenants (Page 142): ""Notwithstanding Section 10.1, for the purposes of satisfying the Offer conditions, every representation and warranty that is not otherwise confined to a specific date must have been continuously maintained from the execution date of this Agreement through to the Closing Date, thereby requiring validation both at signing and at closing.""
Choices: "
"142","Answer the following multiple choice question. The last line of your response should be of the following format: 'ANSWER: $LETTER' (without quotes) where LETTER is one of {letters}. Think step by step before answering.

{question}

{choices}

Instruction: Read the segments of the merger agreement and answer the multiple-choice question by choosing the option that best characterizes the agreement.

Question: When are representations and warranties required to be made according to the bring down provision?
Option A: At Closing Only
Option B: At Signing & At Closing

Merger Agreement, Section 9.2 Conditions Precedent:
The obligations of the Company to consummate the Merger are subject, among other conditions, to the representations and warranties being true and correct as of the Closing Date. However, any representation expressly stated to be as of a designated historical date shall need only be true as of that specified date.

Merger Agreement, Section 9.5 Reaffirmation Provision:
Notwithstanding Section 9.2, all representations and warranties of the Company not limited exclusively to a specific historical date shall be made upon execution of this Agreement (the Signing Date) and reaffirmed as of the Closing Date, as though made afresh at that time to account for any material intervening changes.
Choices: ","Fail","Answer the following multiple choice question. The last line of your response should be of the following format: 'ANSWER: $LETTER' (without quotes) where LETTER is one of {letters}. Think step by step before answering.

{question}

{choices}

Instruction: Read the segment of a merger agreement and answer the multiple-choice question by choosing the option that best characterizes the agreement.

Question: When are representations and warranties required to be made according to the bring down provision?
Option A: At Closing Only
Option B: At Signing & At Closing

Merger Agreement Excerpts:
Section 10.1 Conditions Precedent (Page 135): ""Each representation and warranty of the Target, except those expressly designated as being made as of a specific date, shall be true and correct as of the Closing Date. Any representation expressly tied to a predetermined date is only required to be accurate as of that date.""

Section 10.3 Additional Pre-Closing Covenants (Page 142): ""Notwithstanding Section 10.1, for the purposes of satisfying the Offer conditions, every representation and warranty that is not otherwise confined to a specific date must have been continuously maintained from the execution date of this Agreement through to the Closing Date, thereby requiring validation both at signing and at closing.""
Choices: "
"143","Answer the following multiple choice question. The last line of your response should be of the following format: 'ANSWER: $LETTER' (without quotes) where LETTER is one of {letters}. Think step by step before answering.

{question}

{choices}

Instruction: Read the following segments of a merger agreement and answer the multiple-choice question by choosing the option that best characterizes the timing requirement for representations and warranties according to the bring down provision.

Question: According to the agreement, when must the representations and warranties be true and correct?
Option A: At Closing Only
Option B: At Signing & At Closing

Merger Agreement Excerpt 1 (Section 8.3: Conditions to the Transaction):
""The obligations of the Parties to consummate the Transaction are subject to the condition that each of the representations and warranties made by the Company in this Agreement shall be true and correct as of the Closing Date. Any representation expressly made as of an earlier specified date shall only require accuracy as of that date.""

Merger Agreement Excerpt 2 (Section 11.04: Additional Representations and Warranties):
""Notwithstanding the foregoing, all representations and warranties set forth in Article III are made as of the date of this Agreement and furthermore must remain accurate and considerate of all facts as of the Closing Date, effectively requiring affirmation at both the time of execution and at Closing.""
Choices: ","Fail","Answer the following multiple choice question. The last line of your response should be of the following format: 'ANSWER: $LETTER' (without quotes) where LETTER is one of {letters}. Think step by step before answering.

{question}

{choices}

Instruction: Read the segment of a merger agreement and answer the multiple-choice question by choosing the option that best characterizes the agreement.

Question: When are representations and warranties required to be made according to the bring down provision?
Option A: At Closing Only
Option B: At Signing & At Closing

Merger Agreement Excerpts:
Section 10.1 Conditions Precedent (Page 135): ""Each representation and warranty of the Target, except those expressly designated as being made as of a specific date, shall be true and correct as of the Closing Date. Any representation expressly tied to a predetermined date is only required to be accurate as of that date.""

Section 10.3 Additional Pre-Closing Covenants (Page 142): ""Notwithstanding Section 10.1, for the purposes of satisfying the Offer conditions, every representation and warranty that is not otherwise confined to a specific date must have been continuously maintained from the execution date of this Agreement through to the Closing Date, thereby requiring validation both at signing and at closing.""
Choices: "
"144","Answer the following multiple choice question. The last line of your response should be of the following format: 'ANSWER: $LETTER' (without quotes) where LETTER is one of {letters}. Think step by step before answering.

{question}

{choices}

Instruction: Read the segment of a merger agreement and answer the multiple-choice question by choosing the option that best characterizes the agreement.
Question: According to the bring down provision, when are representations and warranties required to be made?
Option A: At Closing Only
Option B: At Signing & At Closing

Merger Agreement Excerpts:

Section 8.3 – Conditions Precedent: ""The representations and warranties of the Subsidiary set forth in this Agreement, without regard to any subsequent change in circumstances and ignoring any materiality qualifications, shall remain true and correct exclusively as of the Closing Date, except for those representations expressly made as of a specific date, which need only be verified as of that designated date."" (Page 42)

Section 11.04 – Ancillary Representations: ""Notwithstanding any other provision, the parties shall re-ascertain the representations and warranties not subject to any specific date at both the time of Execution and at the Final Effective Time. For purposes of establishing conclusive reliance, however, only the representations and warranties verified as of the Final Effective Time shall be binding."" (Page 89)
Choices: ","Fail","Answer the following multiple choice question. The last line of your response should be of the following format: 'ANSWER: $LETTER' (without quotes) where LETTER is one of {letters}. Think step by step before answering.

{question}

{choices}

Instruction: Read the segment of a merger agreement and answer the multiple-choice question by choosing the option that best characterizes the agreement.

Question: When are representations and warranties required to be made according to the bring down provision?
Option A: At Closing Only
Option B: At Signing & At Closing

Merger Agreement Excerpts:
Section 10.1 Conditions Precedent (Page 135): ""Each representation and warranty of the Target, except those expressly designated as being made as of a specific date, shall be true and correct as of the Closing Date. Any representation expressly tied to a predetermined date is only required to be accurate as of that date.""

Section 10.3 Additional Pre-Closing Covenants (Page 142): ""Notwithstanding Section 10.1, for the purposes of satisfying the Offer conditions, every representation and warranty that is not otherwise confined to a specific date must have been continuously maintained from the execution date of this Agreement through to the Closing Date, thereby requiring validation both at signing and at closing.""
Choices: "
"145","Answer the following multiple choice question. The last line of your response should be of the following format: 'ANSWER: $LETTER' (without quotes) where LETTER is one of {letters}. Think step by step before answering.

{question}

{choices}

Instruction: Read the segments of a merger agreement and answer the multiple-choice question by choosing the option that best characterizes the timing requirement for the representations and warranties under the bring down provision.
Question: According to the bring down provision, when must the representations and warranties be true and correct?
Option A: At Signing & At Closing
Option B: At Closing Only

Merger Agreement: Section 8.4 Conditions to Closing. In order for the merger to proceed, each of the representations and warranties of the Company that have not been expressly made as of a prior specified date shall be deemed true and correct as of the Closing Date. However, for all representations based on operational status, any verified condition at the time of signing must not have materially changed by the time of closing.

Merger Agreement: Section 8.9 Confirmation of Representations. Beyond the conditions set forth in Section 8.4, all representations and warranties that are not made as of a specific earlier date are required to be accurate both as of the date of execution of this Agreement and as of the Closing Date, except that representations concerning financial performance shall be validated solely as of the Closing Date.
Choices: ","Fail","Answer the following multiple choice question. The last line of your response should be of the following format: 'ANSWER: $LETTER' (without quotes) where LETTER is one of {letters}. Think step by step before answering.

{question}

{choices}

Instruction: Read the segment of a merger agreement and answer the multiple-choice question by choosing the option that best characterizes the agreement.

Question: When are representations and warranties required to be made according to the bring down provision?
Option A: At Closing Only
Option B: At Signing & At Closing

Merger Agreement Excerpts:
Section 10.1 Conditions Precedent (Page 135): ""Each representation and warranty of the Target, except those expressly designated as being made as of a specific date, shall be true and correct as of the Closing Date. Any representation expressly tied to a predetermined date is only required to be accurate as of that date.""

Section 10.3 Additional Pre-Closing Covenants (Page 142): ""Notwithstanding Section 10.1, for the purposes of satisfying the Offer conditions, every representation and warranty that is not otherwise confined to a specific date must have been continuously maintained from the execution date of this Agreement through to the Closing Date, thereby requiring validation both at signing and at closing.""
Choices: "
"146","Answer the following multiple choice question. The last line of your response should be of the following format: 'ANSWER: $LETTER' (without quotes) where LETTER is one of {letters}. Think step by step before answering.

{question}

{choices}

Instruction: Read the following segments of a merger agreement and answer the multiple-choice question by choosing the option that best characterizes when representations and warranties are required to be made.

Question: When are representations and warranties required to be made according to the bring down provision?
Option A: At Closing Only
Option B: At Execution (Signing) & At Closing

Merger Agreement Excerpt 1: Section 5.4 – Conditions to Closing for Seller. ""The Seller’s representations and warranties, including all assertions regarding operational and financial performance, shall be deemed valid and accurate as of the Effective Date, defined herein as the later of the Execution Date and the Signing Date. Notwithstanding the foregoing, if any material adverse change occurs prior to the Closing, then unless such representations are expressly stated to be made as of a specific date, they shall be measured against the conditions prevailing at Closing.""

Merger Agreement Excerpt 2: Section 9.8 – Additional Conditions. ""Furthermore, except for legal compliance representations specifically recited in Section 9.8(a), all other representations and warranties of the Company are required to be accurate as of the date of execution of this Agreement and must be reaffirmed as of the Closing Date. For purposes of assessing any breach, any representations not clearly designated as of a specific date shall be interpreted as having been made at both the initial execution and at Closing.""

Answer the question based on the excerpts above.
Choices: ","Fail","Answer the following multiple choice question. The last line of your response should be of the following format: 'ANSWER: $LETTER' (without quotes) where LETTER is one of {letters}. Think step by step before answering.

{question}

{choices}

Instruction: Read the segment of a merger agreement and answer the multiple-choice question by choosing the option that best characterizes the agreement.

Question: When are representations and warranties required to be made according to the bring down provision?
Option A: At Closing Only
Option B: At Signing & At Closing

Merger Agreement Excerpts:
Section 10.1 Conditions Precedent (Page 135): ""Each representation and warranty of the Target, except those expressly designated as being made as of a specific date, shall be true and correct as of the Closing Date. Any representation expressly tied to a predetermined date is only required to be accurate as of that date.""

Section 10.3 Additional Pre-Closing Covenants (Page 142): ""Notwithstanding Section 10.1, for the purposes of satisfying the Offer conditions, every representation and warranty that is not otherwise confined to a specific date must have been continuously maintained from the execution date of this Agreement through to the Closing Date, thereby requiring validation both at signing and at closing.""
Choices: "
"147","Answer the following multiple choice question. The last line of your response should be of the following format: 'ANSWER: $LETTER' (without quotes) where LETTER is one of {letters}. Think step by step before answering.

{question}

{choices}

Instruction: Read the segment of a merger agreement and answer the multiple-choice question by choosing the option that best characterizes the agreement.
Question: When are representations and warranties required to be made according to the bring down provision?
Option A: At Closing Only
Option B: At Signing & At Closing

Merger Agreement: Section 8.3. Representations and Warranties. Unless a representation is expressly designated as being made as of a specific earlier date, each representation and warranty of the Company shall be true and correct as of the Closing Date. (Page 45)

Merger Agreement: Section 14.05. Conditions Precedent to Closing. Notwithstanding Section 8.3, all representations and warranties that are not specifically made as of an earlier date shall be deemed to have been made as of the date of this Agreement and must remain true and correct at all times up to and including the Closing Date. (Page 112)
Choices: ","Fail","Answer the following multiple choice question. The last line of your response should be of the following format: 'ANSWER: $LETTER' (without quotes) where LETTER is one of {letters}. Think step by step before answering.

{question}

{choices}

Instruction: Read the segment of a merger agreement and answer the multiple-choice question by choosing the option that best characterizes the agreement.

Question: When are representations and warranties required to be made according to the bring down provision?
Option A: At Closing Only
Option B: At Signing & At Closing

Merger Agreement Excerpts:
Section 10.1 Conditions Precedent (Page 135): ""Each representation and warranty of the Target, except those expressly designated as being made as of a specific date, shall be true and correct as of the Closing Date. Any representation expressly tied to a predetermined date is only required to be accurate as of that date.""

Section 10.3 Additional Pre-Closing Covenants (Page 142): ""Notwithstanding Section 10.1, for the purposes of satisfying the Offer conditions, every representation and warranty that is not otherwise confined to a specific date must have been continuously maintained from the execution date of this Agreement through to the Closing Date, thereby requiring validation both at signing and at closing.""
Choices: "
"148","Answer the following multiple choice question. The last line of your response should be of the following format: 'ANSWER: $LETTER' (without quotes) where LETTER is one of {letters}. Think step by step before answering.

{question}

{choices}

Instruction: Read the following excerpts from the AlphaMerger Agreement and answer the multiple-choice question by choosing the option that best characterizes when representations and warranties are required to be made according to the bring down provision.

Question: When are representations and warranties required to be made according to the bring down provision?
Option A: At Closing Only
Option B: At Execution (Signing) and at Closing

AlphaMerger Agreement: Article IV, Section 5.2 – Conditions on Representations
""BetaCorp’s obligation to consummate the merger is subject to the condition that, except for financial representations which must be confirmed as of the Execution Date, all other representations and warranties shall be true and correct as of the Closing Date, with any adjustments made for changes occurring prior thereto. (Page 115)""

AlphaMerger Agreement: Article IX, Section 2 – Certifying Representations
""Notwithstanding the foregoing, for representations concerning material contracts, such representations shall be deemed to be continuously true from the Execution Date through the Closing Date, effectively requiring a reaffirmation at Closing, unless the representation expressly references a fixed prior date. (Page 162)""
Choices: ","Fail","Answer the following multiple choice question. The last line of your response should be of the following format: 'ANSWER: $LETTER' (without quotes) where LETTER is one of {letters}. Think step by step before answering.

{question}

{choices}

Instruction: Read the segment of a merger agreement and answer the multiple-choice question by choosing the option that best characterizes the agreement.

Question: When are representations and warranties required to be made according to the bring down provision?
Option A: At Closing Only
Option B: At Signing & At Closing

Merger Agreement Excerpts:
Section 10.1 Conditions Precedent (Page 135): ""Each representation and warranty of the Target, except those expressly designated as being made as of a specific date, shall be true and correct as of the Closing Date. Any representation expressly tied to a predetermined date is only required to be accurate as of that date.""

Section 10.3 Additional Pre-Closing Covenants (Page 142): ""Notwithstanding Section 10.1, for the purposes of satisfying the Offer conditions, every representation and warranty that is not otherwise confined to a specific date must have been continuously maintained from the execution date of this Agreement through to the Closing Date, thereby requiring validation both at signing and at closing.""
Choices: "
"149","Answer the following multiple choice question. The last line of your response should be of the following format: 'ANSWER: $LETTER' (without quotes) where LETTER is one of {letters}. Think step by step before answering.

{question}

{choices}

Instruction: Read the segment of a merger agreement and answer the multiple-choice question by choosing the option that best characterizes the agreement.
Question: When are representations and warranties required to be made according to the bring down provision?
Option A: At Closing Only
Option B: At Signing & At Closing

Merger Agreement: Section 8.1 asserts that each of the Target’s representations and warranties must be accurate as of the Closing Date, except where a representation is expressly tied to a specific earlier date, in which case it needs only be correct as of that designated earlier date. (Page 102)

Merger Agreement: Section 9.4 stipulates that, notwithstanding the representations made at the time of signing, the parties are required to revalidate all representations and warranties listed in Article IV at the Commit Date – which, for all practical purposes, is identical to the Signing Date – thereby ensuring that all statements remain current as though made on the Commit Date. (Page 115)
Choices: ","Fail","Answer the following multiple choice question. The last line of your response should be of the following format: 'ANSWER: $LETTER' (without quotes) where LETTER is one of {letters}. Think step by step before answering.

{question}

{choices}

Instruction: Read the segment of a merger agreement and answer the multiple-choice question by choosing the option that best characterizes the agreement.

Question: When are representations and warranties required to be made according to the bring down provision?
Option A: At Closing Only
Option B: At Signing & At Closing

Merger Agreement Excerpts:
Section 10.1 Conditions Precedent (Page 135): ""Each representation and warranty of the Target, except those expressly designated as being made as of a specific date, shall be true and correct as of the Closing Date. Any representation expressly tied to a predetermined date is only required to be accurate as of that date.""

Section 10.3 Additional Pre-Closing Covenants (Page 142): ""Notwithstanding Section 10.1, for the purposes of satisfying the Offer conditions, every representation and warranty that is not otherwise confined to a specific date must have been continuously maintained from the execution date of this Agreement through to the Closing Date, thereby requiring validation both at signing and at closing.""
Choices: "
