"index","question","result","failed_on"
"0","Answer the following multiple choice question. The last line of your response should be of the following format: 'ANSWER: $LETTER' (without quotes) where LETTER is one of {letters}. Think step by step before answering.

{question}

{choices}

Instruction: Read the segment of a merger agreement and answer the multiple-choice question by choosing the option that best characterizes the agreement.
Question: Is “financial point of view” the sole consideration when determining whether an offer is superior?
Option A: No
Option B: Yes

Merger Agreement: SECTION 8.2. No Solicitation. <omitted> (e) Notwithstanding anything in this Agreement to the contrary, at any time prior to obtaining the Company Stockholder Approval, the Company Board may make a Company Adverse Recommendation Change if, and only if, (i) the Company Board determines in good faith, after consultation with the Company's outside legal counsel and a financial advisor of nationally recognized reputation, that the failure to make the Company Adverse Recommendation Change would be inconsistent with the fiduciary duties of the Company Board under applicable Law, (ii) the Company has provided Parent with written notice of the Company's intention to make a Company Adverse Recommendation Change at least four Business Days prior to effecting such change, and (iii) the Company Board, after considering any revisions to this Agreement proposed by Parent, determines in good faith that the Acquisition Proposal remains a Superior Proposal. Any amendment to the financial terms or any other material amendment to any Acquisition Proposal shall require a new notice to Parent and a new notice period, except that such notice period shall be reduced to two Business Days. (Page 68)
Answer:
Choices: ","Pass",""
"1","Answer the following multiple choice question. The last line of your response should be of the following format: 'ANSWER: $LETTER' (without quotes) where LETTER is one of {letters}. Think step by step before answering.

{question}

{choices}

Instruction: Read the segment of a merger agreement and answer the multiple-choice question by choosing the option that best characterizes the agreement.
Question: Is “financial point of view” the sole consideration when determining whether an offer is superior?
Option A: No
Option B: Yes

Merger Agreement: ARTICLE 9. Consideration of Offers. <omitted> (b) Notwithstanding any other provision in this Agreement, during the Offer Period, the Board of Directors of the Company may consider an Alternative Proposal only if:<omitted> (iii) the Board determines in good faith, after consultation with its outside legal counsel and financial advisors, that such Alternative Proposal, if consummated, would be more favorable from a financial point of view to the Company's stockholders than the current offer, taking into account the terms and conditions of any revised proposal made by the current offeror, if any, and (iv) the Board has considered the potential impact on the Company's strategic interests, regulatory requirements, and reputation, and after such consideration, determines that the Alternative Proposal remains superior. (c) The Company must notify the current offeror of its intent to consider the Alternative Proposal and provide a period of five Business Days to negotiate any amendments to the current offer. (d) Any material change to the terms of the Alternative Proposal, including any change in financial terms, shall require the Company to provide a new notice to the current offeror and extend the negotiation period by an additional three Business Days. (Pages 82-83)
Answer: 
Choices: ","Pass",""
"2","Answer the following multiple choice question. The last line of your response should be of the following format: 'ANSWER: $LETTER' (without quotes) where LETTER is one of {letters}. Think step by step before answering.

{question}

{choices}

Instruction: Read the segment of a merger agreement and answer the multiple-choice question by choosing the option that best characterizes the agreement.
Question: Is “financial point of view” the sole consideration when determining whether an offer is superior?
Option A: No
Option B: Yes

Merger Agreement: SECTION 8.5. No Solicitation. <omitted> (e) Notwithstanding anything in this Agreement to the contrary, during the Pre-Closing Period, the Company Board may effect a Company Adverse Recommendation Change <omitted> if, and only if, <omitted> (ii) the Company Board determines in good faith, after consultation with the Company’s outside legal counsel and a financial advisor of nationally recognized reputation, that the failure to make the Company Adverse Recommendation Change or terminate this Agreement to enter into a Specified Agreement would be inconsistent with the fiduciary duties of the Company Board under applicable Law, (iii) the Company has given Parent written notice of the Company Board’s intention to make a Company Adverse Recommendation Change or terminate this Agreement to enter into a Specified Agreement not earlier than 11:59 p.m. New York time on the fifth Business Day after Parent receives such written notice and (iv) if not in connection with an Intervening Event pursuant to Section 8.5(f), the decision to make a Company Adverse Recommendation Change is in connection with an Acquisition Proposal or with the Company’s intent to terminate this Agreement to enter into a Specified Agreement, and the Company shall have complied with clauses (1) through (6), as follows: (1) prior to giving effect to clauses (2) through (6), the Company Board shall have determined that such Acquisition Proposal is a Superior Proposal, (2) the Company shall have made available to Parent orally and in writing the material terms and conditions of such Acquisition Proposal and copies of all written communications (and, if oral, a summary of the material terms of such communications) relating to such Acquisition Proposal in accordance with Section 8.5(b), (3) the Company shall have negotiated in good faith with Parent (and caused its Representatives to negotiate with Parent), to the extent that Parent desires to negotiate, during the five Business Day period provided in the foregoing clause (iii) of this Section 8.5(e) with respect to such proposed revisions to this Agreement or other proposals made by Parent, if any, so that the Acquisition Proposal would no longer constitute a Superior Proposal, (4) after considering the results of negotiations with Parent and taking into account the proposals made by Parent, if any, after consultation with its outside legal counsel, a financial advisor of nationally recognized reputation, and a reputational risk advisor, the Company Board shall have determined in good faith that such Acquisition Proposal remains a Superior Proposal, and, after consultation with its outside legal counsel, that the failure to make the Company Adverse Recommendation Change or terminate this Agreement to enter into a Specified Agreement would be inconsistent with the fiduciary duties of the Company Board under applicable Law, (5) the Company Board shall have considered the potential legal ramifications and reputational impacts of the Acquisition Proposal, and (6) if the Company intends to terminate this Agreement to enter into a Specified Agreement, the Company shall have complied with Section 10.1(d)(i). For clarity, the provisions of this Section 8.5(e) shall also apply to any amendment to the financial terms or any other material amendment to any Acquisition Proposal (except that any reference to five Business Days shall instead be three Business Days) or any successive Acquisition Proposals. (Pages 82-83)
Answer:
Choices: ","Pass",""
"3","Answer the following multiple choice question. The last line of your response should be of the following format: 'ANSWER: $LETTER' (without quotes) where LETTER is one of {letters}. Think step by step before answering.

{question}

{choices}

Instruction: Read the segment of a merger agreement and answer the multiple-choice question by choosing the option that best characterizes the agreement.
Question: Is “financial point of view” the sole consideration when determining whether an offer is superior?
Option A: No
Option B: Yes

Merger Agreement: SECTION 9.2. No Solicitation. <omitted> (f) Notwithstanding anything in this Agreement to the contrary, at any time during the Pre-Closing Period, the Company Board may effect a Company Adverse Recommendation Change <omitted> if, and only if, <omitted> (iii) the Company Board determines in good faith, after consultation with the Company’s outside legal counsel and taking into account the interests of the Company’s shareholders, that the failure to make the Company Adverse Recommendation Change or terminate this Agreement to enter into a Specified Agreement would be inconsistent with the fiduciary duties of the Company Board under applicable Law, (iv) the Company has given Parent written notice of the Company Board’s intention to make a Company Adverse Recommendation Change or terminate this Agreement to enter into a Specified Agreement not earlier than 11:59 p.m. New York time on the fifth Business Day after Parent receives such written notice and (v) if not in connection with an Intervening Event pursuant to Section 9.2(g), the decision to make a Company Adverse Recommendation Change is in connection with an Acquisition Proposal or with the Company’s intent to terminate this Agreement to enter into a Specified Agreement, and the Company shall have complied with clauses (1) through (6), as follows: (1) prior to giving effect to clauses (2) through (6), the Company Board shall have determined that such Acquisition Proposal is a Superior Proposal, (2) the Company shall have made available to Parent orally and in writing the material terms and conditions of such Acquisition Proposal and copies of all written communications (and, if oral, a summary of the material terms of such communications) relating to such Acquisition Proposal in accordance with Section 9.2(b), (3) the Company shall have negotiated in good faith with Parent (and caused its Representatives to negotiate with Parent), to the extent that Parent desires to negotiate, during the five Business Day period provided in the foregoing clause (iv) of this Section 9.2(f) with respect to such proposed revisions to this Agreement or other proposals made by Parent, if any, so that the Acquisition Proposal would no longer constitute a Superior Proposal, (4) after considering the results of negotiations with Parent and taking into account the proposals made by Parent, if any, after consultation with its outside legal counsel and a financial advisor of nationally recognized reputation, the Company Board shall have determined in good faith that such Acquisition Proposal remains a Superior Proposal, and, after consultation with its outside legal counsel, that the failure to make the Company Adverse Recommendation Change or terminate this Agreement to enter into a Specified Agreement would be inconsistent with the fiduciary duties of the Company Board under applicable Law, (5) the Company Board shall have considered the regulatory compliance aspects of the Acquisition Proposal, and (6) if the Company intends to terminate this Agreement to enter into a Specified Agreement, the Company shall have complied with Section 10.1(d)(i). For clarity, the provisions of this Section 9.2(f) shall also apply to any amendment to the financial terms or any other material amendment to any Acquisition Proposal (except that any reference to five Business Days shall instead be three Business Days) or any successive Acquisition Proposals. (Pages 88-89)
Answer:
Choices: ","Fail","Answer the following multiple choice question. The last line of your response should be of the following format: 'ANSWER: $LETTER' (without quotes) where LETTER is one of {letters}. Think step by step before answering.

{question}

{choices}

Instruction: Read the segment of a merger agreement and answer the multiple-choice question by choosing the option that best characterizes the agreement.
Question: Is “financial point of view” the sole consideration when determining whether an offer is superior?
Option A: No
Option B: Yes

Merger Agreement: SECTION 8.5. No Solicitation. <omitted> (e) Notwithstanding anything in this Agreement to the contrary, during the Pre-Closing Period, the Company Board may effect a Company Adverse Recommendation Change <omitted> if, and only if, <omitted> (ii) the Company Board determines in good faith, after consultation with the Company’s outside legal counsel and a financial advisor of nationally recognized reputation, that the failure to make the Company Adverse Recommendation Change or terminate this Agreement to enter into a Specified Agreement would be inconsistent with the fiduciary duties of the Company Board under applicable Law, (iii) the Company has given Parent written notice of the Company Board’s intention to make a Company Adverse Recommendation Change or terminate this Agreement to enter into a Specified Agreement not earlier than 11:59 p.m. New York time on the fifth Business Day after Parent receives such written notice and (iv) if not in connection with an Intervening Event pursuant to Section 8.5(f), the decision to make a Company Adverse Recommendation Change is in connection with an Acquisition Proposal or with the Company’s intent to terminate this Agreement to enter into a Specified Agreement, and the Company shall have complied with clauses (1) through (6), as follows: (1) prior to giving effect to clauses (2) through (6), the Company Board shall have determined that such Acquisition Proposal is a Superior Proposal, (2) the Company shall have made available to Parent orally and in writing the material terms and conditions of such Acquisition Proposal and copies of all written communications (and, if oral, a summary of the material terms of such communications) relating to such Acquisition Proposal in accordance with Section 8.5(b), (3) the Company shall have negotiated in good faith with Parent (and caused its Representatives to negotiate with Parent), to the extent that Parent desires to negotiate, during the five Business Day period provided in the foregoing clause (iii) of this Section 8.5(e) with respect to such proposed revisions to this Agreement or other proposals made by Parent, if any, so that the Acquisition Proposal would no longer constitute a Superior Proposal, (4) after considering the results of negotiations with Parent and taking into account the proposals made by Parent, if any, after consultation with its outside legal counsel, a financial advisor of nationally recognized reputation, and a reputational risk advisor, the Company Board shall have determined in good faith that such Acquisition Proposal remains a Superior Proposal, and, after consultation with its outside legal counsel, that the failure to make the Company Adverse Recommendation Change or terminate this Agreement to enter into a Specified Agreement would be inconsistent with the fiduciary duties of the Company Board under applicable Law, (5) the Company Board shall have considered the potential legal ramifications and reputational impacts of the Acquisition Proposal, and (6) if the Company intends to terminate this Agreement to enter into a Specified Agreement, the Company shall have complied with Section 10.1(d)(i). For clarity, the provisions of this Section 8.5(e) shall also apply to any amendment to the financial terms or any other material amendment to any Acquisition Proposal (except that any reference to five Business Days shall instead be three Business Days) or any successive Acquisition Proposals. (Pages 82-83)
Answer:
Choices: "
"4","Answer the following multiple choice question. The last line of your response should be of the following format: 'ANSWER: $LETTER' (without quotes) where LETTER is one of {letters}. Think step by step before answering.

{question}

{choices}

Instruction: Read the segment of a merger agreement and answer the multiple-choice question by choosing the option that best characterizes the agreement.
Question: Is “financial point of view” the sole consideration when determining whether an offer is superior?
Option A: No
Option B: Yes

Merger Agreement: SECTION 9.4. No Solicitation. <omitted> (e) Notwithstanding anything in this Agreement to the contrary, during the Pre-Closing Period, the Company Board may effect a Company Adverse Recommendation Change <omitted> if, and only if, <omitted> (ii) the Company Board determines in good faith, after consultation with the Company’s outside legal counsel and strategic advisors, that the failure to make the Company Adverse Recommendation Change or terminate this Agreement to enter into a Specified Agreement would be inconsistent with the fiduciary duties of the Company Board under applicable Law, (iii) the Company has given Parent written notice of the Company Board’s intention to make a Company Adverse Recommendation Change or terminate this Agreement to enter into a Specified Agreement not earlier than 11:59 p.m. New York time on the seventh Business Day after Parent receives such written notice and (iv) if not in connection with an Intervening Event pursuant to Section 9.4(f), the decision to make a Company Adverse Recommendation Change is in connection with an Acquisition Proposal or with the Company’s intent to terminate this Agreement to enter into a Specified Agreement, and the Company shall have complied with clauses (1) through (6), as follows: (1) prior to giving effect to clauses (2) through (6), the Company Board shall have determined that such Acquisition Proposal is a Superior Proposal, (2) the Company shall have made available to Parent orally and in writing the material terms and conditions of such Acquisition Proposal and copies of all written communications (and, if oral, a summary of the material terms of such communications) relating to such Acquisition Proposal in accordance with Section 9.4(b), (3) the Company shall have negotiated in good faith with Parent (and caused its Representatives to negotiate with Parent), to the extent that Parent desires to negotiate, during the seven Business Day period provided in the foregoing clause (iii) of this Section 9.4(e) with respect to such proposed revisions to this Agreement or other proposals made by Parent, if any, so that the Acquisition Proposal would no longer constitute a Superior Proposal, (4) after considering the results of negotiations with Parent and taking into account the proposals made by Parent, if any, after consultation with its outside legal counsel, strategic advisors, and a financial advisor of nationally recognized reputation, the Company Board shall have determined in good faith that such Acquisition Proposal remains a Superior Proposal, and, after consultation with its outside legal counsel, that the failure to make the Company Adverse Recommendation Change or terminate this Agreement to enter into a Specified Agreement would be inconsistent with the fiduciary duties of the Company Board under applicable Law, (5) if the Company intends to terminate this Agreement to enter into a Specified Agreement, the Company shall have complied with Section 10.1(d)(i), and (6) the Company Board shall have considered the strategic benefits and potential synergies of the Acquisition Proposal in relation to the Company’s long-term objectives. For clarity, the provisions of this Section 9.4(e) shall also apply to any amendment to the financial terms or any other material amendment to any Acquisition Proposal (except that any reference to seven Business Days shall instead be four Business Days) or any successive Acquisition Proposals. (Pages 83-84)
Choices: ","Fail","Answer the following multiple choice question. The last line of your response should be of the following format: 'ANSWER: $LETTER' (without quotes) where LETTER is one of {letters}. Think step by step before answering.

{question}

{choices}

Instruction: Read the segment of a merger agreement and answer the multiple-choice question by choosing the option that best characterizes the agreement.
Question: Is “financial point of view” the sole consideration when determining whether an offer is superior?
Option A: No
Option B: Yes

Merger Agreement: SECTION 8.5. No Solicitation. <omitted> (e) Notwithstanding anything in this Agreement to the contrary, during the Pre-Closing Period, the Company Board may effect a Company Adverse Recommendation Change <omitted> if, and only if, <omitted> (ii) the Company Board determines in good faith, after consultation with the Company’s outside legal counsel and a financial advisor of nationally recognized reputation, that the failure to make the Company Adverse Recommendation Change or terminate this Agreement to enter into a Specified Agreement would be inconsistent with the fiduciary duties of the Company Board under applicable Law, (iii) the Company has given Parent written notice of the Company Board’s intention to make a Company Adverse Recommendation Change or terminate this Agreement to enter into a Specified Agreement not earlier than 11:59 p.m. New York time on the fifth Business Day after Parent receives such written notice and (iv) if not in connection with an Intervening Event pursuant to Section 8.5(f), the decision to make a Company Adverse Recommendation Change is in connection with an Acquisition Proposal or with the Company’s intent to terminate this Agreement to enter into a Specified Agreement, and the Company shall have complied with clauses (1) through (6), as follows: (1) prior to giving effect to clauses (2) through (6), the Company Board shall have determined that such Acquisition Proposal is a Superior Proposal, (2) the Company shall have made available to Parent orally and in writing the material terms and conditions of such Acquisition Proposal and copies of all written communications (and, if oral, a summary of the material terms of such communications) relating to such Acquisition Proposal in accordance with Section 8.5(b), (3) the Company shall have negotiated in good faith with Parent (and caused its Representatives to negotiate with Parent), to the extent that Parent desires to negotiate, during the five Business Day period provided in the foregoing clause (iii) of this Section 8.5(e) with respect to such proposed revisions to this Agreement or other proposals made by Parent, if any, so that the Acquisition Proposal would no longer constitute a Superior Proposal, (4) after considering the results of negotiations with Parent and taking into account the proposals made by Parent, if any, after consultation with its outside legal counsel, a financial advisor of nationally recognized reputation, and a reputational risk advisor, the Company Board shall have determined in good faith that such Acquisition Proposal remains a Superior Proposal, and, after consultation with its outside legal counsel, that the failure to make the Company Adverse Recommendation Change or terminate this Agreement to enter into a Specified Agreement would be inconsistent with the fiduciary duties of the Company Board under applicable Law, (5) the Company Board shall have considered the potential legal ramifications and reputational impacts of the Acquisition Proposal, and (6) if the Company intends to terminate this Agreement to enter into a Specified Agreement, the Company shall have complied with Section 10.1(d)(i). For clarity, the provisions of this Section 8.5(e) shall also apply to any amendment to the financial terms or any other material amendment to any Acquisition Proposal (except that any reference to five Business Days shall instead be three Business Days) or any successive Acquisition Proposals. (Pages 82-83)
Answer:
Choices: "
"5","Answer the following multiple choice question. The last line of your response should be of the following format: 'ANSWER: $LETTER' (without quotes) where LETTER is one of {letters}. Think step by step before answering.

{question}

{choices}

Instruction: Read the segment of a merger agreement and answer the multiple-choice question by choosing the option that best characterizes the agreement.
Question: Is “financial point of view” the sole consideration when determining whether an offer is superior?
Option A: No
Option B: Yes

Merger Agreement: SECTION 8.3. No Solicitation. <omitted> (e) Notwithstanding anything in this Agreement to the contrary, during the Pre-Closing Period, the Company Board may effect a Company Adverse Recommendation Change <omitted> if, and only if, <omitted> (iii) the Company Board determines in good faith, after consultation with the Company’s outside legal counsel, that the failure to make the Company Adverse Recommendation Change or terminate this Agreement to enter into a Specified Agreement would be inconsistent with the fiduciary duties of the Company Board under applicable Law, (iv) the Company has given Parent written notice of the Company Board’s intention to make a Company Adverse Recommendation Change or terminate this Agreement to enter into a Specified Agreement not earlier than 11:59 p.m. New York time on the sixth Business Day after Parent receives such written notice and (v) if not in connection with an Intervening Event pursuant to Section 8.3(f), the decision to make a Company Adverse Recommendation Change is in connection with an Acquisition Proposal or with the Company’s intent to terminate this Agreement to enter into a Specified Agreement, and the Company shall have complied with clauses (1) through (6), as follows: (1) prior to giving effect to clauses (2) through (6), the Company Board shall have determined that such Acquisition Proposal is a Superior Proposal, (2) the Company shall have made available to Parent orally and in writing the material terms and conditions of such Acquisition Proposal and copies of all written communications (and, if oral, a summary of the material terms of such communications) relating to such Acquisition Proposal in accordance with Section 8.3(c), (3) the Company shall have negotiated in good faith with Parent (and caused its Representatives to negotiate with Parent), to the extent that Parent desires to negotiate, during the six Business Day period provided in the foregoing clause (iv) of this Section 8.3(e) with respect to such proposed revisions to this Agreement or other proposals made by Parent, if any, so that the Acquisition Proposal would no longer constitute a Superior Proposal, (4) after considering the results of negotiations with Parent and taking into account the proposals made by Parent, if any, after consultation with its outside legal counsel and a financial advisor of nationally recognized reputation, the Company Board shall have determined in good faith that such Acquisition Proposal remains a Superior Proposal, and, after consultation with its outside legal counsel, that the failure to make the Company Adverse Recommendation Change or terminate this Agreement to enter into a Specified Agreement would be inconsistent with the fiduciary duties of the Company Board under applicable Law and (5) if the Company intends to terminate this Agreement to enter into a Specified Agreement, the Company shall have complied with Section 9.2(d)(i). For clarity, the provisions of this Section 8.3(e) shall also apply to any amendment to the financial terms or any other material amendment to any Acquisition Proposal (except that any reference to six Business Days shall instead be four Business Days) or any successive Acquisition Proposals. (Pages 82-83)
Answer:
Choices: ","Fail","Answer the following multiple choice question. The last line of your response should be of the following format: 'ANSWER: $LETTER' (without quotes) where LETTER is one of {letters}. Think step by step before answering.

{question}

{choices}

Instruction: Read the segment of a merger agreement and answer the multiple-choice question by choosing the option that best characterizes the agreement.
Question: Is “financial point of view” the sole consideration when determining whether an offer is superior?
Option A: No
Option B: Yes

Merger Agreement: SECTION 8.5. No Solicitation. <omitted> (e) Notwithstanding anything in this Agreement to the contrary, during the Pre-Closing Period, the Company Board may effect a Company Adverse Recommendation Change <omitted> if, and only if, <omitted> (ii) the Company Board determines in good faith, after consultation with the Company’s outside legal counsel and a financial advisor of nationally recognized reputation, that the failure to make the Company Adverse Recommendation Change or terminate this Agreement to enter into a Specified Agreement would be inconsistent with the fiduciary duties of the Company Board under applicable Law, (iii) the Company has given Parent written notice of the Company Board’s intention to make a Company Adverse Recommendation Change or terminate this Agreement to enter into a Specified Agreement not earlier than 11:59 p.m. New York time on the fifth Business Day after Parent receives such written notice and (iv) if not in connection with an Intervening Event pursuant to Section 8.5(f), the decision to make a Company Adverse Recommendation Change is in connection with an Acquisition Proposal or with the Company’s intent to terminate this Agreement to enter into a Specified Agreement, and the Company shall have complied with clauses (1) through (6), as follows: (1) prior to giving effect to clauses (2) through (6), the Company Board shall have determined that such Acquisition Proposal is a Superior Proposal, (2) the Company shall have made available to Parent orally and in writing the material terms and conditions of such Acquisition Proposal and copies of all written communications (and, if oral, a summary of the material terms of such communications) relating to such Acquisition Proposal in accordance with Section 8.5(b), (3) the Company shall have negotiated in good faith with Parent (and caused its Representatives to negotiate with Parent), to the extent that Parent desires to negotiate, during the five Business Day period provided in the foregoing clause (iii) of this Section 8.5(e) with respect to such proposed revisions to this Agreement or other proposals made by Parent, if any, so that the Acquisition Proposal would no longer constitute a Superior Proposal, (4) after considering the results of negotiations with Parent and taking into account the proposals made by Parent, if any, after consultation with its outside legal counsel, a financial advisor of nationally recognized reputation, and a reputational risk advisor, the Company Board shall have determined in good faith that such Acquisition Proposal remains a Superior Proposal, and, after consultation with its outside legal counsel, that the failure to make the Company Adverse Recommendation Change or terminate this Agreement to enter into a Specified Agreement would be inconsistent with the fiduciary duties of the Company Board under applicable Law, (5) the Company Board shall have considered the potential legal ramifications and reputational impacts of the Acquisition Proposal, and (6) if the Company intends to terminate this Agreement to enter into a Specified Agreement, the Company shall have complied with Section 10.1(d)(i). For clarity, the provisions of this Section 8.5(e) shall also apply to any amendment to the financial terms or any other material amendment to any Acquisition Proposal (except that any reference to five Business Days shall instead be three Business Days) or any successive Acquisition Proposals. (Pages 82-83)
Answer:
Choices: "
"6","Answer the following multiple choice question. The last line of your response should be of the following format: 'ANSWER: $LETTER' (without quotes) where LETTER is one of {letters}. Think step by step before answering.

{question}

{choices}

Instruction: Read the segment of a merger agreement and answer the multiple-choice question by choosing the option that best characterizes the agreement.\nQuestion: Is “financial point of view” the sole consideration when determining whether an offer is superior?\nOption A: No\nOption B: Yes\n\nMerger Agreement: SECTION 8.3. No Solicitation. <omitted> (f) Notwithstanding anything in this Agreement to the contrary, at any time during the Pre-Closing Period, the Company Board may effect a Company Adverse Recommendation Change <omitted> if, and only if, <omitted> (iii) the Company Board determines in good faith, after consultation with the Company’s outside legal counsel and a financial advisor of nationally recognized standing, that the failure to make the Company Adverse Recommendation Change or terminate this Agreement to enter into a Specified Agreement would be inconsistent with the fiduciary duties of the Company Board under applicable Law, (iv) the Company has provided Parent with written notice of the Company Board’s intention to make a Company Adverse Recommendation Change or terminate this Agreement to enter into a Specified Agreement not earlier than 11:59 p.m. New York time on the seventh Business Day after Parent receives such written notice, and (v) if not in connection with an Intervening Event pursuant to Section 8.3(g), the decision to make a Company Adverse Recommendation Change is in connection with an Acquisition Proposal or with the Company’s intent to terminate this Agreement to enter into a Specified Agreement, and the Company shall have complied with clauses (1) through (6), as follows: (1) prior to giving effect to clauses (2) through (6), the Company Board shall have determined that such Acquisition Proposal is a Superior Proposal, (2) the Company shall have made available to Parent the material terms and conditions of such Acquisition Proposal and copies of all written communications (and, if oral, a summary of the material terms of such communications) relating to such Acquisition Proposal in accordance with Section 8.3(b), (3) the Company shall have negotiated in good faith with Parent (and caused its Representatives to negotiate with Parent), to the extent that Parent desires to negotiate, during the seven Business Day period provided in the foregoing clause (iv) of this Section 8.3(f) with respect to such proposed revisions to this Agreement or other proposals made by Parent, if any, so that the Acquisition Proposal would no longer constitute a Superior Proposal, (4) after considering the results of negotiations with Parent and taking into account the proposals made by Parent, if any, after consultation with its outside legal counsel and a financial advisor of nationally recognized reputation, the Company Board shall have determined in good faith that such Acquisition Proposal remains a Superior Proposal, and, after consultation with its outside legal counsel, that the failure to make the Company Adverse Recommendation Change or terminate this Agreement to enter into a Specified Agreement would be inconsistent with the fiduciary duties of the Company Board under applicable Law, (5) if the Company intends to terminate this Agreement to enter into a Specified Agreement, the Company shall have complied with Section 10.1(d)(i), and (6) in the event of any change to the financial terms or any other material amendment to any Acquisition Proposal, the Company shall provide Parent with a new notice and an additional five Business Day period for negotiation. (Pages 88-89)\nAnswer:
Choices: ","Pass",""
"7","Answer the following multiple choice question. The last line of your response should be of the following format: 'ANSWER: $LETTER' (without quotes) where LETTER is one of {letters}. Think step by step before answering.

{question}

{choices}

Instruction: Read the segment of a merger agreement and answer the multiple-choice question by choosing the option that best characterizes the agreement.
Question: Is “financial point of view” the sole consideration when determining whether an offer is superior?
Option A: No
Option B: Yes

Merger Agreement: SECTION 8.2. No Solicitation. <omitted> (c) Notwithstanding anything in this Agreement to the contrary, during the Pre-Closing Period, the Company Board may effect a Company Adverse Recommendation Change if, and only if, (i) the Company Board determines in good faith, after consultation with the Company’s outside legal counsel and a financial advisor of nationally recognized reputation, that the failure to make the Company Adverse Recommendation Change would be inconsistent with the fiduciary duties of the Company Board under applicable Law, (ii) the Company has given Parent written notice of the Company Board’s intention to make a Company Adverse Recommendation Change, and (iii) if the decision to make a Company Adverse Recommendation Change is in connection with an Acquisition Proposal, the Company Board shall have determined that such Acquisition Proposal is a Superior Proposal after considering the financial aspects and strategic benefits of such proposal. (d) Prior to making any Company Adverse Recommendation Change, the Company shall have negotiated in good faith with Parent to make adjustments to the terms of this Agreement so that the Acquisition Proposal would no longer constitute a Superior Proposal. (Pages 82-83)
Answer:
Choices: ","Pass",""
"8","Answer the following multiple choice question. The last line of your response should be of the following format: 'ANSWER: $LETTER' (without quotes) where LETTER is one of {letters}. Think step by step before answering.

{question}

{choices}

Instruction: Read the segment of a merger agreement and answer the multiple-choice question by choosing the option that best characterizes the agreement.
Question: Is ""financial point of view"" the sole consideration when determining whether an offer is superior?
Option A: No
Option B: Yes

Merger Agreement: SECTION 8.4. Consideration of Acquisition Proposals. <omitted> (c) Notwithstanding any provision in this Agreement to the contrary, the Board of Directors may, at any time before the Company Shareholder Approval is obtained, make a Company Adverse Recommendation Change if: (i) the Board determines in good faith, after consultation with its outside legal counsel and financial advisors of nationally recognized standing, that the failure to make such a change would be inconsistent with its fiduciary duties under applicable law; (ii) the Company has provided Parent with at least five (5) Business Days' prior written notice of its intention to make a Company Adverse Recommendation Change, including a summary of the material terms of any Acquisition Proposal that it believes constitutes a Superior Proposal; (iii) during such five (5) Business Day period, the Company has negotiated in good faith with Parent (to the extent Parent wishes to negotiate) to make such adjustments to the terms and conditions of this Agreement so that such Acquisition Proposal would no longer constitute a Superior Proposal; and (iv) after considering any adjustments proposed by Parent, the Board determines in good faith, after consultation with its outside legal counsel and financial advisors, that such Acquisition Proposal continues to be a Superior Proposal and that the failure to make a Company Adverse Recommendation Change would be inconsistent with its fiduciary duties under applicable law. (Pages 82-83)
Answer:
Choices: ","Pass",""
"9","Answer the following multiple choice question. The last line of your response should be of the following format: 'ANSWER: $LETTER' (without quotes) where LETTER is one of {letters}. Think step by step before answering.

{question}

{choices}

Instruction: Read the segment of a merger agreement and answer the multiple-choice question by choosing the option that best characterizes the agreement.
Question: Is ""financial point of view"" the sole consideration when determining whether an offer is superior?
Option A: No
Option B: Yes

Merger Agreement: SECTION 9.4. No Solicitation. <omitted> (c) Notwithstanding anything to the contrary in this Agreement, the Company Board may make a Company Adverse Recommendation Change <omitted> if, and only if, <omitted> (ii) the Company Board determines in good faith, after consultation with the Company's outside legal counsel and financial advisors, that the failure to make the Company Adverse Recommendation Change or terminate this Agreement to enter into a Specified Agreement would be inconsistent with the fiduciary duties of the Company Board under applicable Law, (iii) the Company has given Parent written notice of the Company Board's intention to make a Company Adverse Recommendation Change or terminate this Agreement to enter into a Specified Agreement not earlier than 11:59 p.m. New York time on the third Business Day after Parent receives such written notice and (iv) if not in connection with an Intervening Event pursuant to Section 9.4(d), the decision to make a Company Adverse Recommendation Change is in connection with an Acquisition Proposal, and the Company shall have complied with clauses (1) through (4), as follows: (1) prior to giving effect to clauses (2) through (4), the Company Board shall have determined that such Acquisition Proposal is a Superior Proposal, (2) the Company shall have made available to Parent orally and in writing the material terms and conditions of such Acquisition Proposal and copies of all written communications (and, if oral, a summary of the material terms of such communications) relating to such Acquisition Proposal in accordance with Section 9.4(b), (3) the Company shall have negotiated in good faith with Parent (and caused its Representatives to negotiate with Parent), to the extent that Parent desires to negotiate, during the three Business Day period provided in the foregoing clause (iii) of this Section 9.4(c) with respect to such proposed revisions to this Agreement or other proposals made by Parent, if any, so that the Acquisition Proposal would no longer constitute a Superior Proposal, (4) after considering the results of negotiations with Parent and taking into account the proposals made by Parent, if any, after consultation with its outside legal counsel and a financial advisor of nationally recognized reputation, the Company Board shall have determined in good faith that such Acquisition Proposal remains a Superior Proposal, and, after consultation with its outside legal counsel, that the failure to make the Company Adverse Recommendation Change or terminate this Agreement to enter into a Specified Agreement would be inconsistent with the fiduciary duties of the Company Board under applicable Law. (Pages 88-89)
Answer:
Choices: ","Pass",""
"10","Answer the following multiple choice question. The last line of your response should be of the following format: 'ANSWER: $LETTER' (without quotes) where LETTER is one of {letters}. Think step by step before answering.

{question}

{choices}

Instruction: Read the segment of a merger agreement and answer the multiple-choice question by choosing the option that best characterizes the agreement.
Question: Is “financial point of view” the sole consideration when determining whether an offer is superior?
Option A: No
Option B: Yes

Merger Agreement: SECTION 8.4. Consideration of Proposals. <omitted> (c) Notwithstanding anything in this Agreement to the contrary, at any time before the Closing Date, the Company Board may make a Company Adverse Recommendation Change <omitted> if, and only if, <omitted> (ii) the Company Board determines in good faith, after consultation with the Company’s outside legal counsel and a financial advisor of nationally recognized reputation, that the failure to make the Company Adverse Recommendation Change or terminate this Agreement to enter into a Specified Agreement would be inconsistent with the fiduciary duties of the Company Board under applicable Law, (iii) the Company has given Parent written notice of the Company Board’s intention to make a Company Adverse Recommendation Change or terminate this Agreement to enter into a Specified Agreement not earlier than 11:59 p.m. New York time on the fifth Business Day after Parent receives such written notice and (iv) if not in connection with an Intervening Event pursuant to Section 8.4(e), the decision to make a Company Adverse Recommendation Change is in connection with a Proposal or with the Company’s intent to terminate this Agreement to enter into a Specified Agreement, and the Company shall have complied with clauses (1) through (5), as follows: (1) prior to giving effect to clauses (2) through (5), the Company Board shall have determined that such Proposal is a Superior Proposal, (2) the Company shall have made available to Parent orally and in writing the material terms and conditions of such Proposal and copies of all written communications (and, if oral, a summary of the material terms of such communications) relating to such Proposal in accordance with Section 8.4(b), (3) the Company shall have negotiated in good faith with Parent (and caused its Representatives to negotiate with Parent), to the extent that Parent desires to negotiate, during the five Business Day period provided in the foregoing clause (iii) of this Section 8.4(c) with respect to such proposed revisions to this Agreement or other proposals made by Parent, if any, so that the Proposal would no longer constitute a Superior Proposal, (4) after considering the results of negotiations with Parent and taking into account the proposals made by Parent, if any, after consultation with its outside legal counsel and a financial advisor, the Company Board shall have determined in good faith that such Proposal remains a Superior Proposal, and, after consultation with its outside legal counsel, that the failure to make the Company Adverse Recommendation Change or terminate this Agreement to enter into a Specified Agreement would be inconsistent with the fiduciary duties of the Company Board under applicable Law and (5) if the Company intends to terminate this Agreement to enter into a Specified Agreement, the Company shall have complied with Section 10.1(d)(i). For clarity, the provisions of this Section 8.4(c) shall also apply to any amendment to the financial terms or any other material amendment to any Proposal (except that any reference to five Business Days shall instead be three Business Days) or any successive Proposals. (Pages 80-81)
Answer:
Choices: ","Fail","Answer the following multiple choice question. The last line of your response should be of the following format: 'ANSWER: $LETTER' (without quotes) where LETTER is one of {letters}. Think step by step before answering.

{question}

{choices}

Instruction: Read the segment of a merger agreement and answer the multiple-choice question by choosing the option that best characterizes the agreement.
Question: Is “financial point of view” the sole consideration when determining whether an offer is superior?
Option A: No
Option B: Yes

Merger Agreement: SECTION 8.5. No Solicitation. <omitted> (e) Notwithstanding anything in this Agreement to the contrary, during the Pre-Closing Period, the Company Board may effect a Company Adverse Recommendation Change <omitted> if, and only if, <omitted> (ii) the Company Board determines in good faith, after consultation with the Company’s outside legal counsel and a financial advisor of nationally recognized reputation, that the failure to make the Company Adverse Recommendation Change or terminate this Agreement to enter into a Specified Agreement would be inconsistent with the fiduciary duties of the Company Board under applicable Law, (iii) the Company has given Parent written notice of the Company Board’s intention to make a Company Adverse Recommendation Change or terminate this Agreement to enter into a Specified Agreement not earlier than 11:59 p.m. New York time on the fifth Business Day after Parent receives such written notice and (iv) if not in connection with an Intervening Event pursuant to Section 8.5(f), the decision to make a Company Adverse Recommendation Change is in connection with an Acquisition Proposal or with the Company’s intent to terminate this Agreement to enter into a Specified Agreement, and the Company shall have complied with clauses (1) through (6), as follows: (1) prior to giving effect to clauses (2) through (6), the Company Board shall have determined that such Acquisition Proposal is a Superior Proposal, (2) the Company shall have made available to Parent orally and in writing the material terms and conditions of such Acquisition Proposal and copies of all written communications (and, if oral, a summary of the material terms of such communications) relating to such Acquisition Proposal in accordance with Section 8.5(b), (3) the Company shall have negotiated in good faith with Parent (and caused its Representatives to negotiate with Parent), to the extent that Parent desires to negotiate, during the five Business Day period provided in the foregoing clause (iii) of this Section 8.5(e) with respect to such proposed revisions to this Agreement or other proposals made by Parent, if any, so that the Acquisition Proposal would no longer constitute a Superior Proposal, (4) after considering the results of negotiations with Parent and taking into account the proposals made by Parent, if any, after consultation with its outside legal counsel, a financial advisor of nationally recognized reputation, and a reputational risk advisor, the Company Board shall have determined in good faith that such Acquisition Proposal remains a Superior Proposal, and, after consultation with its outside legal counsel, that the failure to make the Company Adverse Recommendation Change or terminate this Agreement to enter into a Specified Agreement would be inconsistent with the fiduciary duties of the Company Board under applicable Law, (5) the Company Board shall have considered the potential legal ramifications and reputational impacts of the Acquisition Proposal, and (6) if the Company intends to terminate this Agreement to enter into a Specified Agreement, the Company shall have complied with Section 10.1(d)(i). For clarity, the provisions of this Section 8.5(e) shall also apply to any amendment to the financial terms or any other material amendment to any Acquisition Proposal (except that any reference to five Business Days shall instead be three Business Days) or any successive Acquisition Proposals. (Pages 82-83)
Answer:
Choices: "
"11","Answer the following multiple choice question. The last line of your response should be of the following format: 'ANSWER: $LETTER' (without quotes) where LETTER is one of {letters}. Think step by step before answering.

{question}

{choices}

Instruction: Read the segment of a merger agreement and answer the multiple-choice question by choosing the option that best characterizes the agreement.
Question: Is “financial point of view” the sole consideration when determining whether an offer is superior?
Option A: No
Option B: Yes

Merger Agreement: SECTION 8.5. Evaluation of Acquisition Proposals. <omitted> (c) During the Pre-Closing Period, the Company Board may, if it determines in good faith, after consultation with its financial advisor of nationally recognized standing and its outside legal counsel, that an Acquisition Proposal constitutes a Superior Proposal, take action to accept such proposal, provided that: (i) the Company Board shall have determined that the financial terms of the Acquisition Proposal are more favorable from a financial point of view compared to the existing agreement, (ii) the Company Board shall have considered the strategic benefits and potential risks associated with the Acquisition Proposal, (iii) the Company shall have given Parent written notice of its intention to accept the Superior Proposal at least four Business Days prior to taking such action, and (iv) during such four Business Day period, the Company shall negotiate in good faith with Parent to allow Parent to propose adjustments to the terms of the existing agreement so that the Acquisition Proposal would no longer constitute a Superior Proposal. (Pages 88-89)
Answer:
Choices: ","Pass",""
"12","Answer the following multiple choice question. The last line of your response should be of the following format: 'ANSWER: $LETTER' (without quotes) where LETTER is one of {letters}. Think step by step before answering.

{question}

{choices}

Instruction: Read the segment of a merger agreement and answer the multiple-choice question by choosing the option that best characterizes the agreement.
Question: Is “financial point of view” the sole consideration when determining whether an offer is superior?
Option A: No
Option B: Yes

Merger Agreement: SECTION 9.3. No Solicitation. <omitted> (e) Notwithstanding anything in this Agreement to the contrary, during the Pre-Closing Period, the Company Board may make a Company Adverse Recommendation Change <omitted> if, and only if, <omitted> (iii) the Company Board determines in good faith, after consultation with the Company’s outside legal counsel and financial advisor, that the failure to make the Company Adverse Recommendation Change or terminate this Agreement to enter into a Specified Agreement would be inconsistent with the fiduciary duties of the Company Board under applicable Law, (iv) the Company has given Parent written notice of the Company Board’s intention to make a Company Adverse Recommendation Change or terminate this Agreement to enter into a Specified Agreement not earlier than 11:59 p.m. New York time on the third Business Day after Parent receives such written notice and (v) if not in connection with an Intervening Event pursuant to Section 9.3(f), the decision to make a Company Adverse Recommendation Change is in connection with an Acquisition Proposal or with the Company’s intent to terminate this Agreement to enter into a Specified Agreement, and the Company shall have complied with clauses (1) through (4), as follows: (1) prior to giving effect to clauses (2) through (4), the Company Board shall have determined that such Acquisition Proposal is a Superior Proposal, (2) the Company shall have made available to Parent orally and in writing the material terms and conditions of such Acquisition Proposal and copies of all written communications (and, if oral, a summary of the material terms of such communications) relating to such Acquisition Proposal in accordance with Section 9.3(b), (3) the Company shall have negotiated in good faith with Parent (and caused its Representatives to negotiate with Parent), to the extent that Parent desires to negotiate, during the three Business Day period provided in the foregoing clause (iv) of this Section 9.3(e) with respect to such proposed revisions to this Agreement or other proposals made by Parent, if any, so that the Acquisition Proposal would no longer constitute a Superior Proposal, (4) after considering the results of negotiations with Parent and taking into account the proposals made by Parent, if any, after consultation with its outside legal counsel and a financial advisor of nationally recognized reputation, the Company Board shall have determined in good faith that such Acquisition Proposal remains a Superior Proposal, and, after consultation with its outside legal counsel, that the failure to make the Company Adverse Recommendation Change or terminate this Agreement to enter into a Specified Agreement would be inconsistent with the fiduciary duties of the Company Board under applicable Law. For clarity, the provisions of this Section 9.3(e) shall also apply to any amendment to the financial terms or any other material amendment to any Acquisition Proposal (except that any reference to three Business Days shall instead be two Business Days) or any successive Acquisition Proposals. (Pages 83-84)
Choices: ","Fail","Answer the following multiple choice question. The last line of your response should be of the following format: 'ANSWER: $LETTER' (without quotes) where LETTER is one of {letters}. Think step by step before answering.

{question}

{choices}

Instruction: Read the segment of a merger agreement and answer the multiple-choice question by choosing the option that best characterizes the agreement.
Question: Is “financial point of view” the sole consideration when determining whether an offer is superior?
Option A: No
Option B: Yes

Merger Agreement: SECTION 8.5. No Solicitation. <omitted> (e) Notwithstanding anything in this Agreement to the contrary, during the Pre-Closing Period, the Company Board may effect a Company Adverse Recommendation Change <omitted> if, and only if, <omitted> (ii) the Company Board determines in good faith, after consultation with the Company’s outside legal counsel and a financial advisor of nationally recognized reputation, that the failure to make the Company Adverse Recommendation Change or terminate this Agreement to enter into a Specified Agreement would be inconsistent with the fiduciary duties of the Company Board under applicable Law, (iii) the Company has given Parent written notice of the Company Board’s intention to make a Company Adverse Recommendation Change or terminate this Agreement to enter into a Specified Agreement not earlier than 11:59 p.m. New York time on the fifth Business Day after Parent receives such written notice and (iv) if not in connection with an Intervening Event pursuant to Section 8.5(f), the decision to make a Company Adverse Recommendation Change is in connection with an Acquisition Proposal or with the Company’s intent to terminate this Agreement to enter into a Specified Agreement, and the Company shall have complied with clauses (1) through (6), as follows: (1) prior to giving effect to clauses (2) through (6), the Company Board shall have determined that such Acquisition Proposal is a Superior Proposal, (2) the Company shall have made available to Parent orally and in writing the material terms and conditions of such Acquisition Proposal and copies of all written communications (and, if oral, a summary of the material terms of such communications) relating to such Acquisition Proposal in accordance with Section 8.5(b), (3) the Company shall have negotiated in good faith with Parent (and caused its Representatives to negotiate with Parent), to the extent that Parent desires to negotiate, during the five Business Day period provided in the foregoing clause (iii) of this Section 8.5(e) with respect to such proposed revisions to this Agreement or other proposals made by Parent, if any, so that the Acquisition Proposal would no longer constitute a Superior Proposal, (4) after considering the results of negotiations with Parent and taking into account the proposals made by Parent, if any, after consultation with its outside legal counsel, a financial advisor of nationally recognized reputation, and a reputational risk advisor, the Company Board shall have determined in good faith that such Acquisition Proposal remains a Superior Proposal, and, after consultation with its outside legal counsel, that the failure to make the Company Adverse Recommendation Change or terminate this Agreement to enter into a Specified Agreement would be inconsistent with the fiduciary duties of the Company Board under applicable Law, (5) the Company Board shall have considered the potential legal ramifications and reputational impacts of the Acquisition Proposal, and (6) if the Company intends to terminate this Agreement to enter into a Specified Agreement, the Company shall have complied with Section 10.1(d)(i). For clarity, the provisions of this Section 8.5(e) shall also apply to any amendment to the financial terms or any other material amendment to any Acquisition Proposal (except that any reference to five Business Days shall instead be three Business Days) or any successive Acquisition Proposals. (Pages 82-83)
Answer:
Choices: "
"13","Answer the following multiple choice question. The last line of your response should be of the following format: 'ANSWER: $LETTER' (without quotes) where LETTER is one of {letters}. Think step by step before answering.

{question}

{choices}

Instruction: Read the segment of a merger agreement and answer the multiple-choice question by choosing the option that best characterizes the agreement.
Question: Is “financial point of view” the sole consideration when determining whether an offer is superior?
Option A: No
Option B: Yes

Merger Agreement: SECTION 9.3. Evaluation of Offers. <omitted> (c) During the Evaluation Period, the Company Board may consider any Acquisition Proposal, provided that (i) the Company Board, after consultation with its financial advisor and outside legal counsel, determines in good faith that such Acquisition Proposal constitutes a Superior Proposal, and (ii) the Company Board, after considering the advice of its outside legal counsel, determines that the failure to pursue such Acquisition Proposal would be inconsistent with its fiduciary duties under applicable Law. Furthermore, the Company Board must take into account not only the financial terms but also the strategic fit, regulatory approvals, and potential impacts on the Company’s stakeholders, including employees and customers. (d) The Company shall provide Parent with at least five (5) Business Days' prior written notice of its intention to effect a Company Adverse Recommendation Change, specifying the reasons for such change and including an unredacted copy of any relevant proposed transaction agreements. The Company shall engage in good faith negotiations with Parent during this period to amend the terms of the existing agreement such that the Acquisition Proposal no longer constitutes a Superior Proposal. (Pages 88-89)
Choices: ","Pass",""
"14","Answer the following multiple choice question. The last line of your response should be of the following format: 'ANSWER: $LETTER' (without quotes) where LETTER is one of {letters}. Think step by step before answering.

{question}

{choices}

Instruction: Read the segment of a merger agreement and answer the multiple-choice question by choosing the option that best characterizes the agreement.
Question: Is “financial point of view” the sole consideration when determining whether an offer is superior?
Option A: No
Option B: Yes

Merger Agreement: SECTION 9.3. No Solicitation. <omitted> (f) Notwithstanding anything in this Agreement to the contrary, at any time prior to the Closing Date, the Company Board may effect a Company Adverse Recommendation Change <omitted> if, and only if, <omitted> (ii) the Company Board determines in good faith, after consultation with the Company’s outside legal counsel and a financial advisor of nationally recognized reputation, that the failure to make the Company Adverse Recommendation Change or terminate this Agreement to enter into a Specified Agreement would be inconsistent with the fiduciary duties of the Company Board under applicable Law, (iii) the Company has given Parent written notice of the Company Board’s intention to make a Company Adverse Recommendation Change or terminate this Agreement to enter into a Specified Agreement not earlier than 11:59 p.m. New York time on the seventh Business Day after Parent receives such written notice and (iv) if not in connection with an Intervening Event pursuant to Section 9.3(g), the decision to make a Company Adverse Recommendation Change is in connection with an Acquisition Proposal or with the Company’s intent to terminate this Agreement to enter into a Specified Agreement, and the Company shall have complied with clauses (1) through (5), as follows: (1) prior to giving effect to clauses (2) through (5), the Company Board shall have determined that such Acquisition Proposal is a Superior Proposal, (2) the Company shall have made available to Parent orally and in writing the material terms and conditions of such Acquisition Proposal and copies of all written communications (and, if oral, a summary of the material terms of such communications) relating to such Acquisition Proposal in accordance with Section 9.3(b), (3) the Company shall have negotiated in good faith with Parent (and caused its Representatives to negotiate with Parent), to the extent that Parent desires to negotiate, during the seven Business Day period provided in the foregoing clause (iii) of this Section 9.3(f) with respect to such proposed revisions to this Agreement or other proposals made by Parent, if any, so that the Acquisition Proposal would no longer constitute a Superior Proposal, (4) after considering the results of negotiations with Parent and taking into account the proposals made by Parent, if any, after consultation with its outside legal counsel and a financial advisor of nationally recognized reputation, the Company Board shall have determined in good faith that such Acquisition Proposal remains a Superior Proposal, and, after consultation with its outside legal counsel, that the failure to make the Company Adverse Recommendation Change or terminate this Agreement to enter into a Specified Agreement would be inconsistent with the fiduciary duties of the Company Board under applicable Law and (5) if the Company intends to terminate this Agreement to enter into a Specified Agreement, the Company shall have complied with Section 11.1(d)(i). For clarity, the provisions of this Section 9.3(f) shall also apply to any amendment to the financial terms or any other material amendment to any Acquisition Proposal (except that any reference to seven Business Days shall instead be four Business Days) or any successive Acquisition Proposals. (Pages 102-103)
Answer:
Choices: ","Fail","Answer the following multiple choice question. The last line of your response should be of the following format: 'ANSWER: $LETTER' (without quotes) where LETTER is one of {letters}. Think step by step before answering.

{question}

{choices}

Instruction: Read the segment of a merger agreement and answer the multiple-choice question by choosing the option that best characterizes the agreement.
Question: Is “financial point of view” the sole consideration when determining whether an offer is superior?
Option A: No
Option B: Yes

Merger Agreement: SECTION 8.5. No Solicitation. <omitted> (e) Notwithstanding anything in this Agreement to the contrary, during the Pre-Closing Period, the Company Board may effect a Company Adverse Recommendation Change <omitted> if, and only if, <omitted> (ii) the Company Board determines in good faith, after consultation with the Company’s outside legal counsel and a financial advisor of nationally recognized reputation, that the failure to make the Company Adverse Recommendation Change or terminate this Agreement to enter into a Specified Agreement would be inconsistent with the fiduciary duties of the Company Board under applicable Law, (iii) the Company has given Parent written notice of the Company Board’s intention to make a Company Adverse Recommendation Change or terminate this Agreement to enter into a Specified Agreement not earlier than 11:59 p.m. New York time on the fifth Business Day after Parent receives such written notice and (iv) if not in connection with an Intervening Event pursuant to Section 8.5(f), the decision to make a Company Adverse Recommendation Change is in connection with an Acquisition Proposal or with the Company’s intent to terminate this Agreement to enter into a Specified Agreement, and the Company shall have complied with clauses (1) through (6), as follows: (1) prior to giving effect to clauses (2) through (6), the Company Board shall have determined that such Acquisition Proposal is a Superior Proposal, (2) the Company shall have made available to Parent orally and in writing the material terms and conditions of such Acquisition Proposal and copies of all written communications (and, if oral, a summary of the material terms of such communications) relating to such Acquisition Proposal in accordance with Section 8.5(b), (3) the Company shall have negotiated in good faith with Parent (and caused its Representatives to negotiate with Parent), to the extent that Parent desires to negotiate, during the five Business Day period provided in the foregoing clause (iii) of this Section 8.5(e) with respect to such proposed revisions to this Agreement or other proposals made by Parent, if any, so that the Acquisition Proposal would no longer constitute a Superior Proposal, (4) after considering the results of negotiations with Parent and taking into account the proposals made by Parent, if any, after consultation with its outside legal counsel, a financial advisor of nationally recognized reputation, and a reputational risk advisor, the Company Board shall have determined in good faith that such Acquisition Proposal remains a Superior Proposal, and, after consultation with its outside legal counsel, that the failure to make the Company Adverse Recommendation Change or terminate this Agreement to enter into a Specified Agreement would be inconsistent with the fiduciary duties of the Company Board under applicable Law, (5) the Company Board shall have considered the potential legal ramifications and reputational impacts of the Acquisition Proposal, and (6) if the Company intends to terminate this Agreement to enter into a Specified Agreement, the Company shall have complied with Section 10.1(d)(i). For clarity, the provisions of this Section 8.5(e) shall also apply to any amendment to the financial terms or any other material amendment to any Acquisition Proposal (except that any reference to five Business Days shall instead be three Business Days) or any successive Acquisition Proposals. (Pages 82-83)
Answer:
Choices: "
"15","Answer the following multiple choice question. The last line of your response should be of the following format: 'ANSWER: $LETTER' (without quotes) where LETTER is one of {letters}. Think step by step before answering.

{question}

{choices}

Instruction: Read the segment of a merger agreement and answer the multiple-choice question by choosing the option that best characterizes the agreement.
Question: Is “financial point of view” the sole consideration when determining whether an offer is superior?
Option A: No
Option B: Yes

Merger Agreement: SECTION 8.4. Evaluation of Proposals. <omitted> (c) Notwithstanding anything in this Agreement to the contrary, at any time prior to the Closing Date, the Company Board may, if it determines in good faith, after consultation with its outside legal counsel and a financial advisor of nationally recognized reputation, that a bona fide written Acquisition Proposal constitutes a Superior Proposal, terminate this Agreement to enter into a definitive agreement with respect to such Superior Proposal, only if: (i) the Company Board has determined that the financial terms of the Acquisition Proposal are more favorable from a financial point of view to the Company’s stockholders than the terms of this Agreement, (ii) the Company has provided Parent with at least five (5) Business Days’ prior written notice of its intention to terminate this Agreement, which notice shall include the identity of the person making the Acquisition Proposal and the material terms and conditions thereof, (iii) the Company Board has considered all relevant factors, including potential regulatory hurdles, legal liabilities, and the ability of the acquiring entity to fulfill its obligations under the proposed agreement, and (iv) after considering the results of any negotiations with Parent during the five (5) Business Day period, the Company Board shall have determined in good faith that the Acquisition Proposal remains a Superior Proposal, and failure to terminate this Agreement would be inconsistent with its fiduciary duties under applicable Law. (Pages 83-84)
Answer:
Choices: ","Pass",""
"16","Answer the following multiple choice question. The last line of your response should be of the following format: 'ANSWER: $LETTER' (without quotes) where LETTER is one of {letters}. Think step by step before answering.

{question}

{choices}

Instruction: Read the segment of a merger agreement and answer the multiple-choice question by choosing the option that best characterizes the agreement.
Question: Is “financial point of view” the sole consideration when determining whether an offer is superior?
Option A: No
Option B: Yes

Merger Agreement: SECTION 8.2. No Solicitation. <omitted> (e) Notwithstanding anything in this Agreement to the contrary, at any time during the Pre-Closing Period, the Company Board may make a Company Adverse Recommendation Change <omitted> if, and only if, <omitted> (iii) the Company Board determines in good faith, after consultation with the Company’s outside legal counsel and financial advisor, that the failure to make the Company Adverse Recommendation Change or terminate this Agreement to enter into a Specified Agreement would breach the fiduciary duties of the Company Board under applicable Law, (iv) the Company has provided Parent written notice of the Company Board’s intention to make a Company Adverse Recommendation Change or terminate this Agreement to enter into a Specified Agreement at least 72 hours in advance, and (v) if not related to an Intervening Event pursuant to Section 8.2(f), the decision to make a Company Adverse Recommendation Change is connected to an Acquisition Proposal or the Company’s intent to terminate this Agreement to enter into a Specified Agreement, and the Company shall have complied with clauses (1) through (6), as follows: (1) before applying clauses (2) through (6), the Company Board shall have determined that such Acquisition Proposal is a Superior Proposal, (2) the Company shall have made available to Parent both orally and in writing the material terms and conditions of such Acquisition Proposal, and copies of all written communications (and, if oral, a summary of the material terms of such communications) relating to such Acquisition Proposal in accordance with Section 8.2(b), (3) the Company shall have negotiated in good faith with Parent (and caused its Representatives to negotiate with Parent), to the extent that Parent desires to negotiate, during the three Business Day period provided in the foregoing clause (iv) of this Section 8.2(e) with respect to such proposed revisions to this Agreement or other proposals made by Parent, if any, so that the Acquisition Proposal would no longer constitute a Superior Proposal, (4) after considering the results of negotiations with Parent and taking into account the proposals made by Parent, if any, after consultation with its outside legal counsel and its financial advisor, the Company Board shall have determined in good faith that such Acquisition Proposal remains a Superior Proposal, and, after consultation with its outside legal counsel, that the failure to make the Company Adverse Recommendation Change or terminate this Agreement to enter into a Specified Agreement would breach the fiduciary duties of the Company Board under applicable Law, (5) if the Company intends to terminate this Agreement to enter into a Specified Agreement, the Company shall have complied with Section 10.1(d)(i), and (6) any amendment to the financial terms or any other material amendment to any Acquisition Proposal shall require a new written notification from the Company but only a new one Business Day period under this Section 8.2(e). (Pages 82-83)
Answer:
Choices: ","Pass",""
"17","Answer the following multiple choice question. The last line of your response should be of the following format: 'ANSWER: $LETTER' (without quotes) where LETTER is one of {letters}. Think step by step before answering.

{question}

{choices}

Instruction: Read the segment of a merger agreement and answer the multiple-choice question by choosing the option that best characterizes the agreement.
Question: Is “financial point of view” the sole consideration when determining whether an offer is superior?
Option A: No
Option B: Yes

Merger Agreement: SECTION 8.3. Evaluation of Proposals. <omitted> (c) Notwithstanding anything in this Agreement to the contrary, during the Pre-Closing Period, the Company Board may effect a Company Adverse Recommendation Change <omitted> if, and only if, <omitted> (ii) the Company Board determines in good faith, after consultation with the Company’s outside legal counsel and financial advisors, that the failure to make the Company Adverse Recommendation Change or terminate this Agreement to enter into a Proposed Agreement would be inconsistent with the fiduciary duties of the Company Board under applicable Law, considering both the financial aspects and strategic benefits of the Proposal, (iii) the Company has given Parent written notice of the Company Board’s intention to make a Company Adverse Recommendation Change or terminate this Agreement to enter into a Proposed Agreement not earlier than 11:59 p.m. New York time on the third Business Day after Parent receives such written notice and (iv) the decision to make a Company Adverse Recommendation Change is in connection with an Acquisition Proposal that remains a Superior Proposal after considering any modifications proposed by Parent. The Company Board shall make its determination after consulting with a financial advisor of nationally recognized reputation and considering both financial terms and strategic alignment with the Company’s long-term goals. (Pages 82-83)
Answer:
Choices: ","Pass",""
"18","Answer the following multiple choice question. The last line of your response should be of the following format: 'ANSWER: $LETTER' (without quotes) where LETTER is one of {letters}. Think step by step before answering.

{question}

{choices}

Instruction: Read the segment of a merger agreement and answer the multiple-choice question by choosing the option that best characterizes the agreement.
Question: Is “financial point of view” the sole consideration when determining whether an offer is superior?
Option A: No
Option B: Yes

Merger Agreement: SECTION 8.5. Evaluation of Acquisition Proposals. <omitted> (c) During the Evaluation Period, the Company Board may determine that an Acquisition Proposal is a Superior Proposal if, and only if, <omitted> (iii) the Company Board, after consultation with its outside legal counsel and a financial advisor of nationally recognized standing, determines in good faith that the proposal is more favorable from a financial point of view to the Company's stockholders than the transactions contemplated by this Agreement, taking into account the likelihood of consummation of such proposal, and (iv) the Company Board determines, after considering the advice of its outside legal counsel, that the failure to recommend such proposal would be inconsistent with its fiduciary duties under applicable Law. Furthermore, any modification to the financial terms or other material terms of an Acquisition Proposal shall require a new determination under this Section 8.5(c), provided that any reference to a five Business Day period shall instead be a three Business Day period. (Pages 85-86)

Merger Agreement: Section 9.2. No Solicitation; Competing Proposals. <omitted> (e) The Company may not make an Adverse Recommendation Change unless (i) the Company has provided Parent with a written notice of its intention to make such a change at least four Business Days prior, (ii) the Company Board has determined in good faith, after consultation with its outside legal counsel and financial advisor, that the failure to make such a change would be inconsistent with its fiduciary duties under applicable Law, and (iii) the Company Board has considered all aspects of the proposal, including strategic benefits, potential risks, and the impact on stakeholders other than stockholders. Any amendment to the financial terms of a proposal shall necessitate a new notice period of two Business Days. (Pages 92-93)
Answer:
Choices: ","Pass",""
"19","Answer the following multiple choice question. The last line of your response should be of the following format: 'ANSWER: $LETTER' (without quotes) where LETTER is one of {letters}. Think step by step before answering.

{question}

{choices}

Instruction: Read the segment of a merger agreement and answer the multiple-choice question by choosing the option that best characterizes the agreement.
Question: Is “financial point of view” the sole consideration when determining whether an offer is superior?
Option A: No
Option B: Yes

Merger Agreement: SECTION 8.3. Evaluation of Proposals. <omitted> (c) Notwithstanding anything in this Agreement to the contrary, during the Pre-Closing Period, the Company Board may make a Company Adverse Recommendation Change <omitted> if, and only if, <omitted> (ii) the Company Board determines in good faith, after thorough consultation with the Company's outside legal counsel and financial advisors, that the failure to make the Company Adverse Recommendation Change or terminate this Agreement to enter into a Specified Agreement would be inconsistent with the fiduciary duties of the Company Board under applicable Law, (iii) the Company has provided Parent with written notice of the Company Board's intention to make a Company Adverse Recommendation Change or terminate this Agreement to enter into a Specified Agreement not earlier than 11:59 p.m. New York time on the fourth Business Day after Parent receives such written notice and (iv) if not in connection with an Intervening Event pursuant to Section 8.3(e), the decision to make a Company Adverse Recommendation Change is in connection with an Acquisition Proposal or with the Company's intent to terminate this Agreement to enter into a Specified Agreement, and the Company shall have complied with clauses (1) through (5), as follows: (1) prior to giving effect to clauses (2) through (5), the Company Board shall have determined that such Acquisition Proposal is a Superior Proposal, (2) the Company shall have made available to Parent orally and in writing the material terms and conditions of such Acquisition Proposal and copies of all written communications (and, if oral, a summary of the material terms of such communications) relating to such Acquisition Proposal in accordance with Section 8.3(b), (3) the Company shall have negotiated in good faith with Parent (and caused its Representatives to negotiate with Parent), to the extent that Parent desires to negotiate, during the four Business Day period provided in the foregoing clause (iii) of this Section 8.3(c) with respect to such proposed revisions to this Agreement or other proposals made by Parent, if any, so that the Acquisition Proposal would no longer constitute a Superior Proposal, (4) after considering the results of negotiations with Parent and taking into account the proposals made by Parent, if any, after consultation with its outside legal counsel and a financial advisor of nationally recognized reputation, the Company Board shall have determined in good faith that such Acquisition Proposal remains a Superior Proposal, and, after consultation with its outside legal counsel, that the failure to make the Company Adverse Recommendation Change or terminate this Agreement to enter into a Specified Agreement would be inconsistent with the fiduciary duties of the Company Board under applicable Law and (5) if the Company intends to terminate this Agreement to enter into a Specified Agreement, the Company shall have complied with Section 10.2(d)(i). For clarity, the provisions of this Section 8.3(c) shall also apply to any amendment to the financial terms or any other material amendment to any Acquisition Proposal (except that any reference to four Business Days shall instead be two Business Days) or any successive Acquisition Proposals. (Pages 88-89)
Answer:
Choices: ","Fail","Answer the following multiple choice question. The last line of your response should be of the following format: 'ANSWER: $LETTER' (without quotes) where LETTER is one of {letters}. Think step by step before answering.

{question}

{choices}

Instruction: Read the segment of a merger agreement and answer the multiple-choice question by choosing the option that best characterizes the agreement.
Question: Is “financial point of view” the sole consideration when determining whether an offer is superior?
Option A: No
Option B: Yes

Merger Agreement: SECTION 8.5. No Solicitation. <omitted> (e) Notwithstanding anything in this Agreement to the contrary, during the Pre-Closing Period, the Company Board may effect a Company Adverse Recommendation Change <omitted> if, and only if, <omitted> (ii) the Company Board determines in good faith, after consultation with the Company’s outside legal counsel and a financial advisor of nationally recognized reputation, that the failure to make the Company Adverse Recommendation Change or terminate this Agreement to enter into a Specified Agreement would be inconsistent with the fiduciary duties of the Company Board under applicable Law, (iii) the Company has given Parent written notice of the Company Board’s intention to make a Company Adverse Recommendation Change or terminate this Agreement to enter into a Specified Agreement not earlier than 11:59 p.m. New York time on the fifth Business Day after Parent receives such written notice and (iv) if not in connection with an Intervening Event pursuant to Section 8.5(f), the decision to make a Company Adverse Recommendation Change is in connection with an Acquisition Proposal or with the Company’s intent to terminate this Agreement to enter into a Specified Agreement, and the Company shall have complied with clauses (1) through (6), as follows: (1) prior to giving effect to clauses (2) through (6), the Company Board shall have determined that such Acquisition Proposal is a Superior Proposal, (2) the Company shall have made available to Parent orally and in writing the material terms and conditions of such Acquisition Proposal and copies of all written communications (and, if oral, a summary of the material terms of such communications) relating to such Acquisition Proposal in accordance with Section 8.5(b), (3) the Company shall have negotiated in good faith with Parent (and caused its Representatives to negotiate with Parent), to the extent that Parent desires to negotiate, during the five Business Day period provided in the foregoing clause (iii) of this Section 8.5(e) with respect to such proposed revisions to this Agreement or other proposals made by Parent, if any, so that the Acquisition Proposal would no longer constitute a Superior Proposal, (4) after considering the results of negotiations with Parent and taking into account the proposals made by Parent, if any, after consultation with its outside legal counsel, a financial advisor of nationally recognized reputation, and a reputational risk advisor, the Company Board shall have determined in good faith that such Acquisition Proposal remains a Superior Proposal, and, after consultation with its outside legal counsel, that the failure to make the Company Adverse Recommendation Change or terminate this Agreement to enter into a Specified Agreement would be inconsistent with the fiduciary duties of the Company Board under applicable Law, (5) the Company Board shall have considered the potential legal ramifications and reputational impacts of the Acquisition Proposal, and (6) if the Company intends to terminate this Agreement to enter into a Specified Agreement, the Company shall have complied with Section 10.1(d)(i). For clarity, the provisions of this Section 8.5(e) shall also apply to any amendment to the financial terms or any other material amendment to any Acquisition Proposal (except that any reference to five Business Days shall instead be three Business Days) or any successive Acquisition Proposals. (Pages 82-83)
Answer:
Choices: "
"20","Answer the following multiple choice question. The last line of your response should be of the following format: 'ANSWER: $LETTER' (without quotes) where LETTER is one of {letters}. Think step by step before answering.

{question}

{choices}

Instruction: Read the segment of a merger agreement and answer the multiple-choice question by choosing the option that best characterizes the agreement.
Question: Is “financial point of view” the sole consideration when determining whether an offer is superior?
Option A: No
Option B: Yes

Merger Agreement: SECTION 8.4. Evaluation of Acquisition Proposals. <omitted> (c) The Company Board may, at any time prior to obtaining the Stockholder Approval, make an Adverse Recommendation Change if, and only if, <omitted> (ii) the Company Board determines in good faith, after consultation with its outside legal counsel and financial advisor, that the failure to make such a change would be inconsistent with its fiduciary duties under applicable Law, (iii) the Company has provided Parent with written notice of its intention to make an Adverse Recommendation Change at least four Business Days prior to taking such action, and (iv) if not related to an Intervening Event, the decision to make an Adverse Recommendation Change is due to an Acquisition Proposal that the Company Board determines to be a Superior Proposal, considering both the financial aspects and compliance with regulatory requirements, ethical standards, and the long-term strategic goals of the Company. The Company shall have complied with clauses (1) through (4) as follows: (1) the Company Board shall have determined that such Acquisition Proposal is a Superior Proposal, (2) the Company shall have made available to Parent the material terms and conditions of such Acquisition Proposal, (3) the Company shall have negotiated in good faith with Parent during the four Business Day period provided in clause (iii) to allow Parent to propose revisions to this Agreement, and (4) after considering the results of negotiations with Parent and taking into account the proposals made by Parent, the Company Board shall have determined in good faith that such Acquisition Proposal remains a Superior Proposal, and after consultation with its outside legal counsel, that the failure to make an Adverse Recommendation Change would be inconsistent with the fiduciary duties of the Company Board under applicable Law. (Pages 83-84)
Answer:
Choices: ","Fail","Answer the following multiple choice question. The last line of your response should be of the following format: 'ANSWER: $LETTER' (without quotes) where LETTER is one of {letters}. Think step by step before answering.

{question}

{choices}

Instruction: Read the segment of a merger agreement and answer the multiple-choice question by choosing the option that best characterizes the agreement.
Question: Is “financial point of view” the sole consideration when determining whether an offer is superior?
Option A: No
Option B: Yes

Merger Agreement: SECTION 8.2. No Solicitation. <omitted> (e) Notwithstanding anything in this Agreement to the contrary, at any time prior to obtaining the Company Stockholder Approval, the Company Board may make a Company Adverse Recommendation Change if, and only if, (i) the Company Board determines in good faith, after consultation with the Company's outside legal counsel and a financial advisor of nationally recognized reputation, that the failure to make the Company Adverse Recommendation Change would be inconsistent with the fiduciary duties of the Company Board under applicable Law, (ii) the Company has provided Parent with written notice of the Company's intention to make a Company Adverse Recommendation Change at least four Business Days prior to effecting such change, and (iii) the Company Board, after considering any revisions to this Agreement proposed by Parent, determines in good faith that the Acquisition Proposal remains a Superior Proposal. Any amendment to the financial terms or any other material amendment to any Acquisition Proposal shall require a new notice to Parent and a new notice period, except that such notice period shall be reduced to two Business Days. (Page 68)
Answer:
Choices: "
"21","Answer the following multiple choice question. The last line of your response should be of the following format: 'ANSWER: $LETTER' (without quotes) where LETTER is one of {letters}. Think step by step before answering.

{question}

{choices}

Instruction: Read the segment of a merger agreement and answer the multiple-choice question by choosing the option that best characterizes the agreement.
Question: Is ""financial point of view"" the sole consideration when determining whether an offer is superior?
Option A: No
Option B: Yes

Merger Agreement: SECTION 8.4. No Solicitation. <omitted> (f) Notwithstanding anything in this Agreement to the contrary, during the Pre-Closing Period, the Company Board may effect a Company Adverse Recommendation Change <omitted> if, and only if, <omitted> (iii) the Company Board determines in good faith, after consultation with the Company’s outside legal counsel and a financial advisor of nationally recognized reputation, that the failure to make the Company Adverse Recommendation Change or terminate this Agreement to enter into a Specified Agreement would be inconsistent with the fiduciary duties of the Company Board under applicable Law, (iv) the Company has given Parent written notice of the Company Board’s intention to make a Company Adverse Recommendation Change or terminate this Agreement to enter into a Specified Agreement not earlier than 11:59 p.m. New York time on the fourth Business Day after Parent receives such written notice and (v) if not in connection with an Intervening Event pursuant to Section 8.4(g), the decision to make a Company Adverse Recommendation Change is in connection with an Acquisition Proposal or with the Company’s intent to terminate this Agreement to enter into a Specified Agreement, and the Company shall have complied with clauses (1) through (6), as follows: (1) prior to giving effect to clauses (2) through (6), the Company Board shall have determined that such Acquisition Proposal is a Superior Proposal, (2) the Company shall have made available to Parent orally and in writing the material terms and conditions of such Acquisition Proposal and copies of all written communications (and, if oral, a summary of the material terms of such communications) relating to such Acquisition Proposal in accordance with Section 8.4(b), (3) the Company shall have negotiated in good faith with Parent (and caused its Representatives to negotiate with Parent), to the extent that Parent desires to negotiate, during the four Business Day period provided in the foregoing clause (iv) of this Section 8.4(f) with respect to such proposed revisions to this Agreement or other proposals made by Parent, if any, so that the Acquisition Proposal would no longer constitute a Superior Proposal, (4) after considering the results of negotiations with Parent and taking into account the proposals made by Parent, if any, after consultation with its outside legal counsel and a financial advisor of nationally recognized reputation, the Company Board shall have determined in good faith that such Acquisition Proposal remains a Superior Proposal, and, after consultation with its outside legal counsel, that the failure to make the Company Adverse Recommendation Change or terminate this Agreement to enter into a Specified Agreement would be inconsistent with the fiduciary duties of the Company Board under applicable Law, (5) the Company Board shall have received a written opinion from its financial advisor that the financial terms of such Acquisition Proposal are fair, from a financial point of view, to the Company’s shareholders, and (6) if the Company intends to terminate this Agreement to enter into a Specified Agreement, the Company shall have complied with Section 10.1(d)(i). For clarity, the provisions of this Section 8.4(f) shall also apply to any amendment to the financial terms or any other material amendment to any Acquisition Proposal (except that any reference to four Business Days shall instead be two Business Days) or any successive Acquisition Proposals. (Pages 82-83)
Answer:
Choices: ","Fail","Answer the following multiple choice question. The last line of your response should be of the following format: 'ANSWER: $LETTER' (without quotes) where LETTER is one of {letters}. Think step by step before answering.

{question}

{choices}

Instruction: Read the segment of a merger agreement and answer the multiple-choice question by choosing the option that best characterizes the agreement.
Question: Is “financial point of view” the sole consideration when determining whether an offer is superior?
Option A: No
Option B: Yes

Merger Agreement: SECTION 8.5. No Solicitation. <omitted> (e) Notwithstanding anything in this Agreement to the contrary, during the Pre-Closing Period, the Company Board may effect a Company Adverse Recommendation Change <omitted> if, and only if, <omitted> (ii) the Company Board determines in good faith, after consultation with the Company’s outside legal counsel and a financial advisor of nationally recognized reputation, that the failure to make the Company Adverse Recommendation Change or terminate this Agreement to enter into a Specified Agreement would be inconsistent with the fiduciary duties of the Company Board under applicable Law, (iii) the Company has given Parent written notice of the Company Board’s intention to make a Company Adverse Recommendation Change or terminate this Agreement to enter into a Specified Agreement not earlier than 11:59 p.m. New York time on the fifth Business Day after Parent receives such written notice and (iv) if not in connection with an Intervening Event pursuant to Section 8.5(f), the decision to make a Company Adverse Recommendation Change is in connection with an Acquisition Proposal or with the Company’s intent to terminate this Agreement to enter into a Specified Agreement, and the Company shall have complied with clauses (1) through (6), as follows: (1) prior to giving effect to clauses (2) through (6), the Company Board shall have determined that such Acquisition Proposal is a Superior Proposal, (2) the Company shall have made available to Parent orally and in writing the material terms and conditions of such Acquisition Proposal and copies of all written communications (and, if oral, a summary of the material terms of such communications) relating to such Acquisition Proposal in accordance with Section 8.5(b), (3) the Company shall have negotiated in good faith with Parent (and caused its Representatives to negotiate with Parent), to the extent that Parent desires to negotiate, during the five Business Day period provided in the foregoing clause (iii) of this Section 8.5(e) with respect to such proposed revisions to this Agreement or other proposals made by Parent, if any, so that the Acquisition Proposal would no longer constitute a Superior Proposal, (4) after considering the results of negotiations with Parent and taking into account the proposals made by Parent, if any, after consultation with its outside legal counsel, a financial advisor of nationally recognized reputation, and a reputational risk advisor, the Company Board shall have determined in good faith that such Acquisition Proposal remains a Superior Proposal, and, after consultation with its outside legal counsel, that the failure to make the Company Adverse Recommendation Change or terminate this Agreement to enter into a Specified Agreement would be inconsistent with the fiduciary duties of the Company Board under applicable Law, (5) the Company Board shall have considered the potential legal ramifications and reputational impacts of the Acquisition Proposal, and (6) if the Company intends to terminate this Agreement to enter into a Specified Agreement, the Company shall have complied with Section 10.1(d)(i). For clarity, the provisions of this Section 8.5(e) shall also apply to any amendment to the financial terms or any other material amendment to any Acquisition Proposal (except that any reference to five Business Days shall instead be three Business Days) or any successive Acquisition Proposals. (Pages 82-83)
Answer:
Choices: "
"22","Answer the following multiple choice question. The last line of your response should be of the following format: 'ANSWER: $LETTER' (without quotes) where LETTER is one of {letters}. Think step by step before answering.

{question}

{choices}

Instruction: Read the segment of a merger agreement and answer the multiple-choice question by choosing the option that best characterizes the agreement.
Question: Is “financial point of view” the sole consideration when determining whether an offer is superior?
Option A: No
Option B: Yes

Merger Agreement: SECTION 9.3. Evaluation of Acquisition Proposals. <omitted> (b) The Company Board shall evaluate any Acquisition Proposal in good faith, considering both the financial point of view and the fiduciary duties of the Company Board under applicable Law. (c) Notwithstanding the financial superiority of an Acquisition Proposal, the Company Board may decide to reject it if, after consultation with its outside legal counsel, it determines that accepting the proposal would be inconsistent with its fiduciary duties to the shareholders. (d) The Company Board shall provide written notice to the Parent of its intention to accept or reject an Acquisition Proposal, detailing the reasons for its decision, including any financial and non-financial factors considered. (e) If the Company Board determines that an Acquisition Proposal is financially superior but legally problematic, it shall negotiate in good faith with the proposing party to address the legal concerns, even if this means accepting a financially inferior proposal that better aligns with fiduciary duties. (Pages 82-83)
Answer:
Choices: ","Pass",""
"23","Answer the following multiple choice question. The last line of your response should be of the following format: 'ANSWER: $LETTER' (without quotes) where LETTER is one of {letters}. Think step by step before answering.

{question}

{choices}

Instruction: Read the segment of a merger agreement and answer the multiple-choice question by choosing the option that best characterizes the agreement.
Question: Is “financial point of view” the sole consideration when determining whether an offer is superior?
Option A: No
Option B: Yes

Merger Agreement: SECTION 8.4. Evaluation of Acquisition Proposals. <omitted> (f) Notwithstanding anything in this Agreement to the contrary, during the Pre-Closing Period, the Board of Directors may change its recommendation if, and only if, (i) the Board determines in good faith, after consultation with its outside legal counsel and financial advisors, that the failure to make such a change would be inconsistent with its fiduciary duties under applicable Law, (ii) the Company provides written notice to the Parent of its intention to change the recommendation not less than four Business Days prior to such change, (iii) the Board determines that the Acquisition Proposal is a Superior Proposal after considering regulatory compliance, strategic alignment, and other non-financial terms, (iv) the Company has negotiated in good faith with the Parent during the notice period to make adjustments to this Agreement so that the Acquisition Proposal would no longer constitute a Superior Proposal, and (v) any amendment to the financial terms or other material terms of any Acquisition Proposal will require a new notice period of three Business Days. (Pages 85-86)
Answer:
Choices: ","Pass",""
"24","Answer the following multiple choice question. The last line of your response should be of the following format: 'ANSWER: $LETTER' (without quotes) where LETTER is one of {letters}. Think step by step before answering.

{question}

{choices}

Instruction: Read the segment of a merger agreement and answer the multiple-choice question by choosing the option that best characterizes the agreement.
Question: Is “financial point of view” the sole consideration when determining whether an offer is superior?
Option A: No
Option B: Yes

Merger Agreement: ARTICLE 8. Termination and Amendment. <omitted> (g) Notwithstanding anything in this Agreement to the contrary, during the Pre-Closing Period, the Company Board may effect a Company Adverse Recommendation Change <omitted> if, and only if, <omitted> (iii) the Company Board determines in good faith, after consultation with the Company’s outside legal counsel and a financial advisor of nationally recognized reputation, that the failure to make the Company Adverse Recommendation Change or terminate this Agreement to enter into a Specified Agreement would be inconsistent with the fiduciary duties of the Company Board under applicable Law, including considering the long-term strategic value of the proposal, potential regulatory hurdles, and the impact on employees and stakeholders. (iv) The Company has given Parent written notice of the Company Board’s intention to make a Company Adverse Recommendation Change or terminate this Agreement to enter into a Specified Agreement not earlier than 11:59 p.m. New York time on the fifth Business Day after Parent receives such written notice and (v) if not in connection with an Intervening Event pursuant to Section 8.8(h), the decision to make a Company Adverse Recommendation Change is in connection with an Acquisition Proposal or with the Company’s intent to terminate this Agreement to enter into a Specified Agreement, and the Company shall have complied with clauses (1) through (5), as follows: (1) prior to giving effect to clauses (2) through (5), the Company Board shall have determined that such Acquisition Proposal is a Superior Proposal, (2) the Company shall have made available to Parent orally and in writing the material terms and conditions of such Acquisition Proposal and copies of all written communications (and, if oral, a summary of the material terms of such communications) relating to such Acquisition Proposal in accordance with Section 8.8(c), (3) the Company shall have negotiated in good faith with Parent (and caused its Representatives to negotiate with Parent), to the extent that Parent desires to negotiate, during the five Business Day period provided in the foregoing clause (iv) of this Section 8.8(g) with respect to such proposed revisions to this Agreement or other proposals made by Parent, if any, so that the Acquisition Proposal would no longer constitute a Superior Proposal, (4) after considering the results of negotiations with Parent and taking into account the proposals made by Parent, if any, after consultation with its outside legal counsel and a financial advisor of nationally recognized reputation, the Company Board shall have determined in good faith that such Acquisition Proposal remains a Superior Proposal, and, after consultation with its outside legal counsel, that the failure to make the Company Adverse Recommendation Change or terminate this Agreement to enter into a Specified Agreement would be inconsistent with the fiduciary duties of the Company Board under applicable Law and (5) if the Company intends to terminate this Agreement to enter into a Specified Agreement, the Company shall have complied with Section 10.1(d)(i). For clarity, the provisions of this Section 8.8(g) shall also apply to any amendment to the financial terms or any other material amendment to any Acquisition Proposal (except that any reference to five Business Days shall instead be three Business Days) or any successive Acquisition Proposals. (Pages 85-86)
Answer: 
Choices: ","Fail","Answer the following multiple choice question. The last line of your response should be of the following format: 'ANSWER: $LETTER' (without quotes) where LETTER is one of {letters}. Think step by step before answering.

{question}

{choices}

Instruction: Read the segment of a merger agreement and answer the multiple-choice question by choosing the option that best characterizes the agreement.
Question: Is “financial point of view” the sole consideration when determining whether an offer is superior?
Option A: No
Option B: Yes

Merger Agreement: SECTION 8.5. No Solicitation. <omitted> (e) Notwithstanding anything in this Agreement to the contrary, during the Pre-Closing Period, the Company Board may effect a Company Adverse Recommendation Change <omitted> if, and only if, <omitted> (ii) the Company Board determines in good faith, after consultation with the Company’s outside legal counsel and a financial advisor of nationally recognized reputation, that the failure to make the Company Adverse Recommendation Change or terminate this Agreement to enter into a Specified Agreement would be inconsistent with the fiduciary duties of the Company Board under applicable Law, (iii) the Company has given Parent written notice of the Company Board’s intention to make a Company Adverse Recommendation Change or terminate this Agreement to enter into a Specified Agreement not earlier than 11:59 p.m. New York time on the fifth Business Day after Parent receives such written notice and (iv) if not in connection with an Intervening Event pursuant to Section 8.5(f), the decision to make a Company Adverse Recommendation Change is in connection with an Acquisition Proposal or with the Company’s intent to terminate this Agreement to enter into a Specified Agreement, and the Company shall have complied with clauses (1) through (6), as follows: (1) prior to giving effect to clauses (2) through (6), the Company Board shall have determined that such Acquisition Proposal is a Superior Proposal, (2) the Company shall have made available to Parent orally and in writing the material terms and conditions of such Acquisition Proposal and copies of all written communications (and, if oral, a summary of the material terms of such communications) relating to such Acquisition Proposal in accordance with Section 8.5(b), (3) the Company shall have negotiated in good faith with Parent (and caused its Representatives to negotiate with Parent), to the extent that Parent desires to negotiate, during the five Business Day period provided in the foregoing clause (iii) of this Section 8.5(e) with respect to such proposed revisions to this Agreement or other proposals made by Parent, if any, so that the Acquisition Proposal would no longer constitute a Superior Proposal, (4) after considering the results of negotiations with Parent and taking into account the proposals made by Parent, if any, after consultation with its outside legal counsel, a financial advisor of nationally recognized reputation, and a reputational risk advisor, the Company Board shall have determined in good faith that such Acquisition Proposal remains a Superior Proposal, and, after consultation with its outside legal counsel, that the failure to make the Company Adverse Recommendation Change or terminate this Agreement to enter into a Specified Agreement would be inconsistent with the fiduciary duties of the Company Board under applicable Law, (5) the Company Board shall have considered the potential legal ramifications and reputational impacts of the Acquisition Proposal, and (6) if the Company intends to terminate this Agreement to enter into a Specified Agreement, the Company shall have complied with Section 10.1(d)(i). For clarity, the provisions of this Section 8.5(e) shall also apply to any amendment to the financial terms or any other material amendment to any Acquisition Proposal (except that any reference to five Business Days shall instead be three Business Days) or any successive Acquisition Proposals. (Pages 82-83)
Answer:
Choices: "
"25","Answer the following multiple choice question. The last line of your response should be of the following format: 'ANSWER: $LETTER' (without quotes) where LETTER is one of {letters}. Think step by step before answering.

{question}

{choices}

Instruction: Read the segment of a merger agreement and answer the multiple-choice question by choosing the option that best characterizes the agreement.
Question: Is ""financial point of view"" the sole consideration when determining whether an offer is superior?
Option A: No
Option B: Yes

Merger Agreement: SECTION 9.3. No Solicitation. <omitted> (f) Notwithstanding anything in this Agreement to the contrary, at any time prior to the Company Stockholder Meeting, the Board of Directors may effect a Company Recommendation Change, if and only if, (i) the Board of Directors determines in good faith, after consultation with its outside legal counsel and financial advisor of nationally recognized reputation, that the failure to make such a change would be inconsistent with their fiduciary duties under applicable Law, (ii) the Company has provided Parent with at least five (5) Business Days' prior written notice of the Board's intention to make such a change, and (iii) during such notice period, the Company negotiates in good faith with Parent to amend the terms of this Agreement so that such Acquisition Proposal no longer constitutes a Superior Proposal. The Board of Directors shall also consider the long-term strategic benefits and any potential regulatory hurdles that the Acquisition Proposal might face. (Pages 88-89)
Answer: A
Choices: ","Pass",""
"26","Answer the following multiple choice question. The last line of your response should be of the following format: 'ANSWER: $LETTER' (without quotes) where LETTER is one of {letters}. Think step by step before answering.

{question}

{choices}

Instruction: Read the segment of a merger agreement and answer the multiple-choice question by choosing the option that best characterizes the agreement.
Question: Is “financial point of view” the sole consideration when determining whether an offer is superior?
Option A: No
Option B: Yes

Merger Agreement: SECTION 8.3. Evaluation of Acquisition Proposals. <omitted> (f) During the Pre-Closing Period, the Company Board may alter its recommendation if, and only if, (i) the Company Board determines in good faith, after consulting with the Company’s legal counsel and financial advisors, that the failure to alter its recommendation would be inconsistent with its fiduciary duties under applicable law, (ii) the Company has provided Parent with written notice of its intention to alter its recommendation, including the financial terms of the Acquisition Proposal, at least three Business Days prior to the proposed action, and (iii) the Company Board has determined that such Acquisition Proposal is a Superior Proposal after considering the advice of a financial advisor of nationally recognized standing. The decision must also take into account any changes proposed by Parent during the negotiation period. (Pages 81-82)
Answer:
Choices: ","Pass",""
"27","Answer the following multiple choice question. The last line of your response should be of the following format: 'ANSWER: $LETTER' (without quotes) where LETTER is one of {letters}. Think step by step before answering.

{question}

{choices}

Instruction: Read the segment of a merger agreement and answer the multiple-choice question by choosing the option that best characterizes the agreement.
Question: Is “financial point of view” the sole consideration when determining whether an offer is superior?
Option A: No
Option B: Yes

Merger Agreement: SECTION 8.2. No Solicitation. <omitted> (f) Notwithstanding anything in this Agreement to the contrary, during the Pre-Closing Period, the Company Board may effect a Company Adverse Recommendation Change <omitted> if, and only if, <omitted> (iii) the Company Board determines in good faith, after consultation with the Company’s outside legal counsel and financial advisors of nationally recognized reputation, that the failure to make the Company Adverse Recommendation Change or terminate this Agreement to enter into a Specified Agreement would be inconsistent with the fiduciary duties of the Company Board under applicable Law, (iv) the Company has provided Parent with written notice of the Company Board’s intention to make a Company Adverse Recommendation Change or terminate this Agreement to enter into a Specified Agreement at least four Business Days prior to such action, and (v) if not in connection with an Intervening Event pursuant to Section 8.2(g), the decision to make a Company Adverse Recommendation Change is in connection with an Acquisition Proposal or with the Company’s intent to terminate this Agreement to enter into a Specified Agreement, and the Company shall have complied with clauses (1) through (6), as follows: (1) prior to giving effect to clauses (2) through (6), the Company Board shall have determined that such Acquisition Proposal is a Superior Proposal, (2) the Company shall have made available to Parent the material terms and conditions of such Acquisition Proposal and copies of all related communications, (3) the Company shall have negotiated in good faith with Parent during the four Business Day period provided in the foregoing clause (iv) of this Section 8.2(f) to make the Acquisition Proposal no longer a Superior Proposal, (4) after considering the results of negotiations with Parent and taking into account the proposals made by Parent, after consultation with its outside legal counsel, the Company Board shall have determined in good faith that such Acquisition Proposal remains a Superior Proposal, and, after consultation with its outside legal counsel and financial advisors, that the failure to make the Company Adverse Recommendation Change would be inconsistent with the fiduciary duties of the Company Board under applicable Law, (5) the Company shall have complied with Section 9.3(d)(i), and (6) the Company Board shall have considered any changes to the terms of this Agreement proposed by Parent and determined that the failure to make a Company Adverse Recommendation Change or terminate this Agreement would be inconsistent with its fiduciary duties. Any amendment to the financial terms or any other material amendment to any Acquisition Proposal shall require a new determination under this Section 8.2(f). (Pages 83-84)
Choices: ","Fail","Answer the following multiple choice question. The last line of your response should be of the following format: 'ANSWER: $LETTER' (without quotes) where LETTER is one of {letters}. Think step by step before answering.

{question}

{choices}

Instruction: Read the segment of a merger agreement and answer the multiple-choice question by choosing the option that best characterizes the agreement.
Question: Is “financial point of view” the sole consideration when determining whether an offer is superior?
Option A: No
Option B: Yes

Merger Agreement: SECTION 8.2. No Solicitation. <omitted> (e) Notwithstanding anything in this Agreement to the contrary, at any time during the Pre-Closing Period, the Company Board may make a Company Adverse Recommendation Change <omitted> if, and only if, <omitted> (iii) the Company Board determines in good faith, after consultation with the Company’s outside legal counsel and financial advisor, that the failure to make the Company Adverse Recommendation Change or terminate this Agreement to enter into a Specified Agreement would breach the fiduciary duties of the Company Board under applicable Law, (iv) the Company has provided Parent written notice of the Company Board’s intention to make a Company Adverse Recommendation Change or terminate this Agreement to enter into a Specified Agreement at least 72 hours in advance, and (v) if not related to an Intervening Event pursuant to Section 8.2(f), the decision to make a Company Adverse Recommendation Change is connected to an Acquisition Proposal or the Company’s intent to terminate this Agreement to enter into a Specified Agreement, and the Company shall have complied with clauses (1) through (6), as follows: (1) before applying clauses (2) through (6), the Company Board shall have determined that such Acquisition Proposal is a Superior Proposal, (2) the Company shall have made available to Parent both orally and in writing the material terms and conditions of such Acquisition Proposal, and copies of all written communications (and, if oral, a summary of the material terms of such communications) relating to such Acquisition Proposal in accordance with Section 8.2(b), (3) the Company shall have negotiated in good faith with Parent (and caused its Representatives to negotiate with Parent), to the extent that Parent desires to negotiate, during the three Business Day period provided in the foregoing clause (iv) of this Section 8.2(e) with respect to such proposed revisions to this Agreement or other proposals made by Parent, if any, so that the Acquisition Proposal would no longer constitute a Superior Proposal, (4) after considering the results of negotiations with Parent and taking into account the proposals made by Parent, if any, after consultation with its outside legal counsel and its financial advisor, the Company Board shall have determined in good faith that such Acquisition Proposal remains a Superior Proposal, and, after consultation with its outside legal counsel, that the failure to make the Company Adverse Recommendation Change or terminate this Agreement to enter into a Specified Agreement would breach the fiduciary duties of the Company Board under applicable Law, (5) if the Company intends to terminate this Agreement to enter into a Specified Agreement, the Company shall have complied with Section 10.1(d)(i), and (6) any amendment to the financial terms or any other material amendment to any Acquisition Proposal shall require a new written notification from the Company but only a new one Business Day period under this Section 8.2(e). (Pages 82-83)
Answer:
Choices: "
"28","Answer the following multiple choice question. The last line of your response should be of the following format: 'ANSWER: $LETTER' (without quotes) where LETTER is one of {letters}. Think step by step before answering.

{question}

{choices}

Instruction: Read the segment of a merger agreement and answer the multiple-choice question by choosing the option that best characterizes the agreement.
Question: Is “financial point of view” the sole consideration when determining whether an offer is superior?
Option A: No
Option B: Yes

Merger Agreement: SECTION 9.3. Evaluation of Acquisition Proposals. <omitted> (c) The Company Board may consider an Acquisition Proposal as superior if, and only if, the proposal meets the following criteria: (i) the financial terms of the proposal, including the price per share, are more favorable from a financial point of view to the shareholders than the terms of the current Agreement, (ii) the proposal is reasonably expected to be completed, taking into account all financial, regulatory, and legal aspects of the proposal, and (iii) the Company Board determines in good faith, after consultation with its financial advisors and outside legal counsel, that the proposal is in the best interest of the Company and its shareholders, considering all relevant factors including, but not limited to, the timing and likelihood of consummation, any required regulatory approvals, and potential risks to the Company and its shareholders. (Pages 102-103)
Answer: A
Choices: ","Pass",""
"29","Answer the following multiple choice question. The last line of your response should be of the following format: 'ANSWER: $LETTER' (without quotes) where LETTER is one of {letters}. Think step by step before answering.

{question}

{choices}

Instruction: Read the segment of a merger agreement and answer the multiple-choice question by choosing the option that best characterizes the agreement.
Question: Is “financial point of view” the sole consideration when determining whether an offer is superior?
Option A: No
Option B: Yes

Merger Agreement: SECTION 9.3. Evaluation of Proposals. <omitted> (b) The Company Board shall evaluate each Acquisition Proposal in good faith, taking into account, among other things, the strategic fit of the proposal with the Company’s long-term objectives, the potential impact on employees and community, and the financial terms of the proposal. (c) The Company Board may consider a proposal to be a Superior Proposal if, after consultation with its financial advisor and legal counsel, it determines that the proposal is more favorable from a strategic and financial perspective. (d) The Company shall notify Parent in writing of its intention to accept a Superior Proposal not earlier than 11:59 p.m. New York time on the fifth Business Day after Parent receives such notice and shall negotiate in good faith with Parent during this period to allow Parent to propose amendments to the terms of this Agreement. (Page 88-89)
Answer:
Choices: ","Pass",""
"30","Answer the following multiple choice question. The last line of your response should be of the following format: 'ANSWER: $LETTER' (without quotes) where LETTER is one of {letters}. Think step by step before answering.

{question}

{choices}

Instruction: Read the segment of a merger agreement and answer the multiple-choice question by choosing the option that best characterizes the agreement.
Question: Is “financial point of view” the sole consideration when determining whether an offer is superior?
Option A: No
Option B: Yes

Merger Agreement: SECTION 8.4. Evaluation of Offers. <omitted> (c) Notwithstanding anything in this Agreement to the contrary, during the Evaluation Period, the Company Board may consider an Alternative Proposal <omitted> if, and only if, <omitted> (ii) the Company Board determines in good faith, after consultation with the Company’s outside legal counsel and financial advisor, that the failure to consider such Alternative Proposal would be inconsistent with the fiduciary duties of the Company Board under applicable Law, (iii) the Company has given Parent written notice of the Company Board’s intention to consider such Alternative Proposal not earlier than 11:59 p.m. New York time on the third Business Day after Parent receives such written notice and (iv) the decision to consider the Alternative Proposal is in connection with the Company’s intent to ensure compliance with regulatory approvals or to enhance strategic alignment, and the Company shall have complied with clauses (1) through (4), as follows: (1) prior to giving effect to clauses (2) through (4), the Company Board shall have determined that such Alternative Proposal is a Superior Proposal, (2) the Company shall have made available to Parent orally and in writing the material terms and conditions of such Alternative Proposal and copies of all written communications (and, if oral, a summary of the material terms of such communications) relating to such Alternative Proposal, (3) the Company shall have negotiated in good faith with Parent to make adjustments to this Agreement so that the Alternative Proposal would no longer constitute a Superior Proposal, (4) after considering the results of negotiations with Parent and taking into account the proposals made by Parent, if any, after consultation with its outside legal counsel and a financial advisor of nationally recognized reputation, the Company Board shall have determined in good faith that such Alternative Proposal remains a Superior Proposal, and, after consultation with its outside legal counsel, that the failure to consider such Alternative Proposal would be inconsistent with the fiduciary duties of the Company Board under applicable Law. (Pages 82-83)
Answer:
Choices: ","Pass",""
"31","Answer the following multiple choice question. The last line of your response should be of the following format: 'ANSWER: $LETTER' (without quotes) where LETTER is one of {letters}. Think step by step before answering.

{question}

{choices}

Instruction: Read the segment of a merger agreement and answer the multiple-choice question by choosing the option that best characterizes the agreement.
Question: Is “financial point of view” the sole consideration when determining whether an offer is superior?
Option A: No
Option B: Yes

Merger Agreement: SECTION 8.3. Evaluation of Acquisition Proposals. <omitted> (b) The Company Board may determine an Acquisition Proposal to be a Superior Proposal if, and only if, (i) the financial terms of the Acquisition Proposal, including the form and amount of consideration, are more favorable from a financial point of view to the Company’s stockholders than the terms of this Agreement, (ii) the Company Board determines in good faith, after consultation with its outside legal counsel, that the failure to make an Adverse Recommendation Change or terminate this Agreement would be inconsistent with its fiduciary duties under applicable Law, (iii) the Company has provided Parent with written notice of its intent to consider the Acquisition Proposal, and (iv) the Company Board has taken into account, among other factors, the likelihood of obtaining required regulatory approvals, the strategic fit of the proposed transaction, and the expected timing of consummation. The Company Board shall also consider the impact on employees and the community in which the Company operates. (Pages 88-89)
Answer:
Choices: ","Pass",""
"32","Answer the following multiple choice question. The last line of your response should be of the following format: 'ANSWER: $LETTER' (without quotes) where LETTER is one of {letters}. Think step by step before answering.

{question}

{choices}

Instruction: Read the segment of a merger agreement and answer the multiple-choice question by choosing the option that best characterizes the agreement.
Question: Is “financial point of view” the sole consideration when determining whether an offer is superior?
Option A: No
Option B: Yes

Merger Agreement: SECTION 8.4. No Solicitation. <omitted> (f) Notwithstanding anything in this Agreement to the contrary, during the Pre-Closing Period, the Company Board may effect a Company Adverse Recommendation Change <omitted> if, and only if, <omitted> (ii) the Company Board determines in good faith, after consultation with the Company’s outside legal counsel, financial advisor, and strategic advisor, that the failure to make the Company Adverse Recommendation Change or terminate this Agreement to enter into a Specified Agreement would be inconsistent with the fiduciary duties of the Company Board under applicable Law, (iii) the Company has provided Parent with a written notice of the Company Board’s intention to make a Company Adverse Recommendation Change or terminate this Agreement to enter into a Specified Agreement not less than 11:59 p.m. New York time on the fourth Business Day after Parent receives such written notice and (iv) if not in connection with an Intervening Event pursuant to Section 8.4(g), the decision to make a Company Adverse Recommendation Change is in connection with an Acquisition Proposal or with the Company’s intent to terminate this Agreement to enter into a Specified Agreement, and the Company shall have complied with clauses (1) through (5), as follows: (1) prior to giving effect to clauses (2) through (5), the Company Board shall have determined that such Acquisition Proposal is a Superior Proposal based solely on financial terms, (2) the Company shall have made available to Parent orally and in writing the material terms and conditions of such Acquisition Proposal and copies of all written communications (and, if oral, a summary of the material terms of such communications) relating to such Acquisition Proposal in accordance with Section 8.4(b), (3) the Company shall have negotiated in good faith with Parent (and caused its Representatives to negotiate with Parent), to the extent that Parent desires to negotiate, during the four Business Day period provided in the foregoing clause (iii) of this Section 8.4(f) with respect to such proposed revisions to this Agreement or other proposals made by Parent, if any, so that the Acquisition Proposal would no longer constitute a Superior Proposal, (4) after considering the results of negotiations with Parent and taking into account the proposals made by Parent, if any, after consultation with its outside legal counsel, financial advisor, and strategic advisor, the Company Board shall have determined in good faith that such Acquisition Proposal remains a Superior Proposal, and, after consultation with its outside legal counsel, that the failure to make the Company Adverse Recommendation Change or terminate this Agreement to enter into a Specified Agreement would be inconsistent with the fiduciary duties of the Company Board under applicable Law and (5) if the Company intends to terminate this Agreement to enter into a Specified Agreement, the Company shall have complied with Section 10.1(d)(i). For clarity, the provisions of this Section 8.4(f) shall also apply to any amendment to the financial terms or any other material amendment to any Acquisition Proposal (except that any reference to four Business Days shall instead be two Business Days) or any successive Acquisition Proposals. (Pages 82-83)
Answer: 
Choices: ","Fail","Answer the following multiple choice question. The last line of your response should be of the following format: 'ANSWER: $LETTER' (without quotes) where LETTER is one of {letters}. Think step by step before answering.

{question}

{choices}

Instruction: Read the segment of a merger agreement and answer the multiple-choice question by choosing the option that best characterizes the agreement.
Question: Is “financial point of view” the sole consideration when determining whether an offer is superior?
Option A: No
Option B: Yes

Merger Agreement: SECTION 8.5. No Solicitation. <omitted> (e) Notwithstanding anything in this Agreement to the contrary, during the Pre-Closing Period, the Company Board may effect a Company Adverse Recommendation Change <omitted> if, and only if, <omitted> (ii) the Company Board determines in good faith, after consultation with the Company’s outside legal counsel and a financial advisor of nationally recognized reputation, that the failure to make the Company Adverse Recommendation Change or terminate this Agreement to enter into a Specified Agreement would be inconsistent with the fiduciary duties of the Company Board under applicable Law, (iii) the Company has given Parent written notice of the Company Board’s intention to make a Company Adverse Recommendation Change or terminate this Agreement to enter into a Specified Agreement not earlier than 11:59 p.m. New York time on the fifth Business Day after Parent receives such written notice and (iv) if not in connection with an Intervening Event pursuant to Section 8.5(f), the decision to make a Company Adverse Recommendation Change is in connection with an Acquisition Proposal or with the Company’s intent to terminate this Agreement to enter into a Specified Agreement, and the Company shall have complied with clauses (1) through (6), as follows: (1) prior to giving effect to clauses (2) through (6), the Company Board shall have determined that such Acquisition Proposal is a Superior Proposal, (2) the Company shall have made available to Parent orally and in writing the material terms and conditions of such Acquisition Proposal and copies of all written communications (and, if oral, a summary of the material terms of such communications) relating to such Acquisition Proposal in accordance with Section 8.5(b), (3) the Company shall have negotiated in good faith with Parent (and caused its Representatives to negotiate with Parent), to the extent that Parent desires to negotiate, during the five Business Day period provided in the foregoing clause (iii) of this Section 8.5(e) with respect to such proposed revisions to this Agreement or other proposals made by Parent, if any, so that the Acquisition Proposal would no longer constitute a Superior Proposal, (4) after considering the results of negotiations with Parent and taking into account the proposals made by Parent, if any, after consultation with its outside legal counsel, a financial advisor of nationally recognized reputation, and a reputational risk advisor, the Company Board shall have determined in good faith that such Acquisition Proposal remains a Superior Proposal, and, after consultation with its outside legal counsel, that the failure to make the Company Adverse Recommendation Change or terminate this Agreement to enter into a Specified Agreement would be inconsistent with the fiduciary duties of the Company Board under applicable Law, (5) the Company Board shall have considered the potential legal ramifications and reputational impacts of the Acquisition Proposal, and (6) if the Company intends to terminate this Agreement to enter into a Specified Agreement, the Company shall have complied with Section 10.1(d)(i). For clarity, the provisions of this Section 8.5(e) shall also apply to any amendment to the financial terms or any other material amendment to any Acquisition Proposal (except that any reference to five Business Days shall instead be three Business Days) or any successive Acquisition Proposals. (Pages 82-83)
Answer:
Choices: "
"33","Answer the following multiple choice question. The last line of your response should be of the following format: 'ANSWER: $LETTER' (without quotes) where LETTER is one of {letters}. Think step by step before answering.

{question}

{choices}

Instruction: Read the segment of a merger agreement and answer the multiple-choice question by choosing the option that best characterizes the agreement.
Question: Is “financial point of view” the sole consideration when determining whether an offer is superior?
Option A: No
Option B: Yes

Merger Agreement: SECTION 9.3. Evaluation of Proposals. <omitted> (b) Notwithstanding anything in this Agreement to the contrary, during the Evaluation Period, the Company Board may decide to accept an Alternative Proposal <omitted> if, and only if, <omitted> (ii) the Company Board determines in good faith, after consultation with the Company’s outside legal counsel and financial advisors, that the failure to accept the Alternative Proposal would be inconsistent with the fiduciary duties of the Company Board under applicable Law, including but not limited to considerations of strategic fit and potential synergies, (iii) the Company has provided Parent with written notice of the Company Board’s intention to accept the Alternative Proposal not earlier than 11:59 p.m. New York time on the fourth Business Day after Parent receives such written notice and (iv) the Company Board has evaluated the Alternative Proposal in accordance with the procedures outlined in Section 9.3(a), which include but are not limited to financial considerations, strategic alignment, and potential for value creation, and determined that the Alternative Proposal constitutes a Superior Proposal. For clarity, any material amendment to the terms of any Alternative Proposal will require a new evaluation under this Section 9.3(b) with a revised notice period of three Business Days. (Pages 81-82)
Choices: ","Pass",""
"34","Answer the following multiple choice question. The last line of your response should be of the following format: 'ANSWER: $LETTER' (without quotes) where LETTER is one of {letters}. Think step by step before answering.

{question}

{choices}

Instruction: Read the segment of a merger agreement and answer the multiple-choice question by choosing the option that best characterizes the agreement.
Question: Is ""financial point of view"" the sole consideration when determining whether an offer is superior?
Option A: No
Option B: Yes

Merger Agreement: SECTION 8.3. Board Recommendation Change. <omitted> (c) Notwithstanding anything in this Agreement to the contrary, the Company Board may change its recommendation to shareholders if, and only if, (i) the Company Board determines in good faith, after consultation with its financial advisor and outside legal counsel, that the failure to make such a change would be inconsistent with the fiduciary duties of the Company Board under applicable Law, (ii) the Company has provided Parent with written notice of its intention to make such a recommendation change at least three Business Days in advance, and (iii) the Company Board has determined that a competing Acquisition Proposal constitutes a Superior Proposal and, after consultation with its outside legal counsel and financial advisors, that such a proposal is in the best interest of the Company’s shareholders. The Company must also engage in good faith negotiations with Parent during the notice period to allow Parent to propose revisions to this Agreement that would make the competing proposal no longer a Superior Proposal. (Pages 34-35)
Answer: A
Choices: ","Pass",""
"35","Answer the following multiple choice question. The last line of your response should be of the following format: 'ANSWER: $LETTER' (without quotes) where LETTER is one of {letters}. Think step by step before answering.

{question}

{choices}

Instruction: Read the segment of a merger agreement and answer the multiple-choice question by choosing the option that best characterizes the agreement.
Question: Is ""financial point of view"" the sole consideration when determining whether an offer is superior?
Option A: No
Option B: Yes

Merger Agreement: SECTION 8.5. Consideration of Acquisition Proposals. <omitted> (e) Notwithstanding anything in this Agreement to the contrary, the Company Board may, at any time during the Pre-Closing Period, decide to make a Company Adverse Recommendation Change if, and only if, (i) the Company Board determines in good faith, after consultation with the Company's outside legal counsel and a financial advisor of nationally recognized standing, that the failure to make such a change would be inconsistent with the fiduciary duties of the Company Board under applicable Law, (ii) the Company has provided Parent with a written notice of the Company Board's intention to make such a change or terminate this Agreement to enter into a Specified Agreement at least five Business Days in advance, and (iii) if the decision is not related to an Intervening Event as defined in Section 8.5(f), the decision to make a Company Adverse Recommendation Change is in connection with an Acquisition Proposal that the Company Board has determined in good faith, after consultation with its outside legal counsel, and considering the financial and strategic benefits, constitutes a Superior Proposal, and (iv) the Company shall have complied with the procedural steps outlined in clauses (1) through (5), as follows: (1) the Company Board shall have determined that the Acquisition Proposal is a Superior Proposal based not only on financial terms but also strategic alignment and potential synergies, (2) the Company shall have made available to Parent the material terms and conditions of such Acquisition Proposal, (3) the Company shall have negotiated in good faith with Parent to make adjustments to this Agreement so that the Acquisition Proposal would no longer be superior, (4) after considering the results of such negotiations, the Company Board shall have determined that the Acquisition Proposal remains a Superior Proposal, and (5) if the Company intends to terminate this Agreement to enter into a Specified Agreement, the Company shall have complied with Section 10.1(d)(i). For clarity, the provisions of this Section 8.5(e) shall also apply to amendments to financial terms or any other material amendments to any Acquisition Proposal. (Pages 85-86)
Answer:
Choices: ","Fail","Answer the following multiple choice question. The last line of your response should be of the following format: 'ANSWER: $LETTER' (without quotes) where LETTER is one of {letters}. Think step by step before answering.

{question}

{choices}

Instruction: Read the segment of a merger agreement and answer the multiple-choice question by choosing the option that best characterizes the agreement.
Question: Is ""financial point of view"" the sole consideration when determining whether an offer is superior?
Option A: No
Option B: Yes

Merger Agreement: SECTION 8.4. Consideration of Acquisition Proposals. <omitted> (c) Notwithstanding any provision in this Agreement to the contrary, the Board of Directors may, at any time before the Company Shareholder Approval is obtained, make a Company Adverse Recommendation Change if: (i) the Board determines in good faith, after consultation with its outside legal counsel and financial advisors of nationally recognized standing, that the failure to make such a change would be inconsistent with its fiduciary duties under applicable law; (ii) the Company has provided Parent with at least five (5) Business Days' prior written notice of its intention to make a Company Adverse Recommendation Change, including a summary of the material terms of any Acquisition Proposal that it believes constitutes a Superior Proposal; (iii) during such five (5) Business Day period, the Company has negotiated in good faith with Parent (to the extent Parent wishes to negotiate) to make such adjustments to the terms and conditions of this Agreement so that such Acquisition Proposal would no longer constitute a Superior Proposal; and (iv) after considering any adjustments proposed by Parent, the Board determines in good faith, after consultation with its outside legal counsel and financial advisors, that such Acquisition Proposal continues to be a Superior Proposal and that the failure to make a Company Adverse Recommendation Change would be inconsistent with its fiduciary duties under applicable law. (Pages 82-83)
Answer:
Choices: "
"36","Answer the following multiple choice question. The last line of your response should be of the following format: 'ANSWER: $LETTER' (without quotes) where LETTER is one of {letters}. Think step by step before answering.

{question}

{choices}

Instruction: Read the segment of a merger agreement and answer the multiple-choice question by choosing the option that best characterizes the agreement.
Question: Is “financial point of view” the sole consideration when determining whether an offer is superior?
Option A: No
Option B: Yes

Merger Agreement: SECTION 8.4. Consideration of Proposals. <omitted> (b) Notwithstanding anything in this Agreement to the contrary, the Company Board may make an Adverse Recommendation Change if, and only if, (i) the Company receives a bona fide Acquisition Proposal that the Company Board determines in good faith, after consultation with its financial advisor and outside legal counsel, constitutes a Superior Proposal, (ii) the Company Board determines in good faith, after consultation with its outside legal counsel, that the failure to make an Adverse Recommendation Change would be inconsistent with its fiduciary duties under applicable Law, (iii) the Company has provided Parent with at least five Business Days' prior written notice of its intention to make an Adverse Recommendation Change, which notice shall specify the material terms and conditions of such Superior Proposal and include an unredacted copy of the proposed transaction agreement, and (iv) the Company has negotiated in good faith with Parent during such notice period to make adjustments to the terms and conditions of this Agreement so that the Acquisition Proposal would no longer constitute a Superior Proposal. Furthermore, the Company Board must also consider any strategic benefits, potential synergies, and long-term value creation, in addition to financial considerations, when determining if an Acquisition Proposal is a Superior Proposal. (Pages 88-89)
Answer: 
Choices: ","Fail","Answer the following multiple choice question. The last line of your response should be of the following format: 'ANSWER: $LETTER' (without quotes) where LETTER is one of {letters}. Think step by step before answering.

{question}

{choices}

Instruction: Read the segment of a merger agreement and answer the multiple-choice question by choosing the option that best characterizes the agreement.
Question: Is “financial point of view” the sole consideration when determining whether an offer is superior?
Option A: No
Option B: Yes

Merger Agreement: SECTION 8.2. No Solicitation. <omitted> (c) Notwithstanding anything in this Agreement to the contrary, during the Pre-Closing Period, the Company Board may effect a Company Adverse Recommendation Change if, and only if, (i) the Company Board determines in good faith, after consultation with the Company’s outside legal counsel and a financial advisor of nationally recognized reputation, that the failure to make the Company Adverse Recommendation Change would be inconsistent with the fiduciary duties of the Company Board under applicable Law, (ii) the Company has given Parent written notice of the Company Board’s intention to make a Company Adverse Recommendation Change, and (iii) if the decision to make a Company Adverse Recommendation Change is in connection with an Acquisition Proposal, the Company Board shall have determined that such Acquisition Proposal is a Superior Proposal after considering the financial aspects and strategic benefits of such proposal. (d) Prior to making any Company Adverse Recommendation Change, the Company shall have negotiated in good faith with Parent to make adjustments to the terms of this Agreement so that the Acquisition Proposal would no longer constitute a Superior Proposal. (Pages 82-83)
Answer:
Choices: "
"37","Answer the following multiple choice question. The last line of your response should be of the following format: 'ANSWER: $LETTER' (without quotes) where LETTER is one of {letters}. Think step by step before answering.

{question}

{choices}

Instruction: Read the segment of a merger agreement and answer the multiple-choice question by choosing the option that best characterizes the agreement.
Question: Is ""financial point of view"" the sole consideration when determining whether an offer is superior?
Option A: No
Option B: Yes

Merger Agreement: SECTION 8.3. Board Discretion. <omitted> (c) Notwithstanding anything in this Agreement to the contrary, at any time prior to the Effective Time, the Company Board may make a Company Adverse Recommendation Change if, and only if, <omitted> (ii) the Company Board determines in good faith, after consultation with the Company’s outside legal counsel and financial advisor, that such Acquisition Proposal constitutes a Superior Proposal, and that failure to take such action would be inconsistent with its fiduciary duties under applicable Law, (iii) the Company has provided Parent with written notice of its intention to make such a change not less than four Business Days in advance, (iv) the Company Board considers the strategic implications of the Acquisition Proposal, including potential regulatory approvals and market conditions, and (v) after engaging in good faith negotiations with Parent, the Company Board determines, after considering any amendments proposed by Parent, that the Acquisition Proposal remains a Superior Proposal. Additionally, any amendments to the financial terms or other material terms of the Acquisition Proposal require a new notice period of three Business Days. (Pages 83-84)
Answer:
Choices: ","Fail","Answer the following multiple choice question. The last line of your response should be of the following format: 'ANSWER: $LETTER' (without quotes) where LETTER is one of {letters}. Think step by step before answering.

{question}

{choices}

Instruction: Read the segment of a merger agreement and answer the multiple-choice question by choosing the option that best characterizes the agreement.
Question: Is “financial point of view” the sole consideration when determining whether an offer is superior?
Option A: No
Option B: Yes

Merger Agreement: SECTION 8.4. Evaluation of Acquisition Proposals. <omitted> (f) Notwithstanding anything in this Agreement to the contrary, during the Pre-Closing Period, the Board of Directors may change its recommendation if, and only if, (i) the Board determines in good faith, after consultation with its outside legal counsel and financial advisors, that the failure to make such a change would be inconsistent with its fiduciary duties under applicable Law, (ii) the Company provides written notice to the Parent of its intention to change the recommendation not less than four Business Days prior to such change, (iii) the Board determines that the Acquisition Proposal is a Superior Proposal after considering regulatory compliance, strategic alignment, and other non-financial terms, (iv) the Company has negotiated in good faith with the Parent during the notice period to make adjustments to this Agreement so that the Acquisition Proposal would no longer constitute a Superior Proposal, and (v) any amendment to the financial terms or other material terms of any Acquisition Proposal will require a new notice period of three Business Days. (Pages 85-86)
Answer:
Choices: "
"38","Answer the following multiple choice question. The last line of your response should be of the following format: 'ANSWER: $LETTER' (without quotes) where LETTER is one of {letters}. Think step by step before answering.

{question}

{choices}

Instruction: Read the segment of a merger agreement and answer the multiple-choice question by choosing the option that best characterizes the agreement.
Question: Is ""financial point of view"" the sole consideration when determining whether an offer is superior?
Option A: No
Option B: Yes

Merger Agreement: SECTION 8.2. Consideration of Superior Proposals. <omitted> (c) Notwithstanding anything in this Agreement to the contrary, at any time during the Pre-Closing Period, the Company Board may effect a Company Adverse Recommendation Change <omitted> if, and only if, <omitted> (ii) the Company Board determines in good faith, after consultation with the Company’s outside legal counsel and ethical advisory committee, that the failure to make the Company Adverse Recommendation Change or terminate this Agreement to enter into a Specified Agreement would be inconsistent with the fiduciary and ethical duties of the Company Board under applicable Law, (iii) the Company has given Parent written notice of the Company Board’s intention to make a Company Adverse Recommendation Change or terminate this Agreement to enter into a Specified Agreement not earlier than 11:59 p.m. New York time on the fifth Business Day after Parent receives such written notice and (iv) the decision to make a Company Adverse Recommendation Change is in connection with an Acquisition Proposal or with the Company’s intent to terminate this Agreement to enter into a Specified Agreement, and the Company shall have complied with clauses (1) through (5), as follows: (1) prior to giving effect to clauses (2) through (5), the Company Board shall have determined that such Acquisition Proposal is a Superior Proposal, (2) the Company shall have made available to Parent orally and in writing the material terms and conditions of such Acquisition Proposal and copies of all written communications (and, if oral, a summary of the material terms of such communications) relating to such Acquisition Proposal in accordance with Section 8.2(b), (3) the Company shall have negotiated in good faith with Parent (and caused its Representatives to negotiate with Parent), to the extent that Parent desires to negotiate, during the five Business Day period provided in the foregoing clause (iii) of this Section 8.2(c) with respect to such proposed revisions to this Agreement or other proposals made by Parent, if any, so that the Acquisition Proposal would no longer constitute a Superior Proposal, (4) after considering the results of negotiations with Parent and taking into account the proposals made by Parent, if any, after consultation with its outside legal counsel, ethical advisory committee, and a financial advisor of nationally recognized reputation, the Company Board shall have determined in good faith that such Acquisition Proposal remains a Superior Proposal, and, after consultation with its outside legal counsel, that the failure to make the Company Adverse Recommendation Change or terminate this Agreement to enter into a Specified Agreement would be inconsistent with the fiduciary and ethical duties of the Company Board under applicable Law and (5) if the Company intends to terminate this Agreement to enter into a Specified Agreement, the Company shall have complied with Section 10.1(d)(i). For clarity, the provisions of this Section 8.2(c) shall also apply to any amendment to the financial terms or any other material amendment to any Acquisition Proposal (except that any reference to five Business Days shall instead be three Business Days) or any successive Acquisition Proposals. (Pages 85-86)
Answer:
Choices: ","Fail","Answer the following multiple choice question. The last line of your response should be of the following format: 'ANSWER: $LETTER' (without quotes) where LETTER is one of {letters}. Think step by step before answering.

{question}

{choices}

Instruction: Read the segment of a merger agreement and answer the multiple-choice question by choosing the option that best characterizes the agreement.
Question: Is ""financial point of view"" the sole consideration when determining whether an offer is superior?
Option A: No
Option B: Yes

Merger Agreement: SECTION 9.4. No Solicitation. <omitted> (c) Notwithstanding anything to the contrary in this Agreement, the Company Board may make a Company Adverse Recommendation Change <omitted> if, and only if, <omitted> (ii) the Company Board determines in good faith, after consultation with the Company's outside legal counsel and financial advisors, that the failure to make the Company Adverse Recommendation Change or terminate this Agreement to enter into a Specified Agreement would be inconsistent with the fiduciary duties of the Company Board under applicable Law, (iii) the Company has given Parent written notice of the Company Board's intention to make a Company Adverse Recommendation Change or terminate this Agreement to enter into a Specified Agreement not earlier than 11:59 p.m. New York time on the third Business Day after Parent receives such written notice and (iv) if not in connection with an Intervening Event pursuant to Section 9.4(d), the decision to make a Company Adverse Recommendation Change is in connection with an Acquisition Proposal, and the Company shall have complied with clauses (1) through (4), as follows: (1) prior to giving effect to clauses (2) through (4), the Company Board shall have determined that such Acquisition Proposal is a Superior Proposal, (2) the Company shall have made available to Parent orally and in writing the material terms and conditions of such Acquisition Proposal and copies of all written communications (and, if oral, a summary of the material terms of such communications) relating to such Acquisition Proposal in accordance with Section 9.4(b), (3) the Company shall have negotiated in good faith with Parent (and caused its Representatives to negotiate with Parent), to the extent that Parent desires to negotiate, during the three Business Day period provided in the foregoing clause (iii) of this Section 9.4(c) with respect to such proposed revisions to this Agreement or other proposals made by Parent, if any, so that the Acquisition Proposal would no longer constitute a Superior Proposal, (4) after considering the results of negotiations with Parent and taking into account the proposals made by Parent, if any, after consultation with its outside legal counsel and a financial advisor of nationally recognized reputation, the Company Board shall have determined in good faith that such Acquisition Proposal remains a Superior Proposal, and, after consultation with its outside legal counsel, that the failure to make the Company Adverse Recommendation Change or terminate this Agreement to enter into a Specified Agreement would be inconsistent with the fiduciary duties of the Company Board under applicable Law. (Pages 88-89)
Answer:
Choices: "
"39","Answer the following multiple choice question. The last line of your response should be of the following format: 'ANSWER: $LETTER' (without quotes) where LETTER is one of {letters}. Think step by step before answering.

{question}

{choices}

Instruction: Read the segment of a merger agreement and answer the multiple-choice question by choosing the option that best characterizes the agreement.
Question: Is “financial point of view” the sole consideration when determining whether an offer is superior?
Option A: No
Option B: Yes

Merger Agreement: SECTION 8.5. No Solicitation. <omitted> (e) Notwithstanding anything in this Agreement to the contrary, during the Pre-Closing Period, the Company Board may effect a Company Adverse Recommendation Change <omitted> if, and only if, <omitted> (iii) the Company Board determines in good faith, after consultation with the Company’s outside legal counsel and financial advisors, that the failure to make the Company Adverse Recommendation Change or terminate this Agreement to enter into a Specified Agreement would be inconsistent with the fiduciary duties of the Company Board under applicable Law, (iv) the Company has provided Parent with written notice of the Company Board’s intention to make a Company Adverse Recommendation Change or terminate this Agreement to enter into a Specified Agreement no earlier than 11:59 p.m. New York time on the fourth Business Day after Parent receives such written notice and (v) if not in connection with an Intervening Event pursuant to Section 8.5(f), the decision to make a Company Adverse Recommendation Change is in connection with an Acquisition Proposal or with the Company’s intent to terminate this Agreement to enter into a Specified Agreement, and the Company shall have complied with clauses (1) through (5), as follows: (1) prior to giving effect to clauses (2) through (5), the Company Board shall have determined that such Acquisition Proposal is a Superior Proposal, (2) the Company shall have made available to Parent orally and in writing the material terms and conditions of such Acquisition Proposal and copies of all written communications (and, if oral, a summary of the material terms of such communications) relating to such Acquisition Proposal in accordance with Section 8.5(b), (3) the Company shall have negotiated in good faith with Parent (and caused its Representatives to negotiate with Parent), to the extent that Parent desires to negotiate, during the four Business Day period provided in the foregoing clause (iv) of this Section 8.5(e) with respect to such proposed revisions to this Agreement or other proposals made by Parent, if any, so that the Acquisition Proposal would no longer constitute a Superior Proposal, (4) after considering the results of negotiations with Parent and taking into account the proposals made by Parent, if any, after consultation with its outside legal counsel and a financial advisor of nationally recognized reputation, the Company Board shall have determined in good faith that such Acquisition Proposal remains a Superior Proposal, and, after consultation with its outside legal counsel, that the failure to make the Company Adverse Recommendation Change or terminate this Agreement to enter into a Specified Agreement would be inconsistent with the fiduciary duties of the Company Board under applicable Law and (5) if the Company intends to terminate this Agreement to enter into a Specified Agreement, the Company shall have complied with Section 10.1(d)(i). For clarity, the provisions of this Section 8.5(e) shall also apply to any amendment to the financial terms or any other material amendment to any Acquisition Proposal (except that any reference to four Business Days shall instead be three Business Days) or any successive Acquisition Proposals. (Pages 88-89)
Answer:
Choices: ","Fail","Answer the following multiple choice question. The last line of your response should be of the following format: 'ANSWER: $LETTER' (without quotes) where LETTER is one of {letters}. Think step by step before answering.

{question}

{choices}

Instruction: Read the segment of a merger agreement and answer the multiple-choice question by choosing the option that best characterizes the agreement.
Question: Is “financial point of view” the sole consideration when determining whether an offer is superior?
Option A: No
Option B: Yes

Merger Agreement: SECTION 8.5. No Solicitation. <omitted> (e) Notwithstanding anything in this Agreement to the contrary, during the Pre-Closing Period, the Company Board may effect a Company Adverse Recommendation Change <omitted> if, and only if, <omitted> (ii) the Company Board determines in good faith, after consultation with the Company’s outside legal counsel and a financial advisor of nationally recognized reputation, that the failure to make the Company Adverse Recommendation Change or terminate this Agreement to enter into a Specified Agreement would be inconsistent with the fiduciary duties of the Company Board under applicable Law, (iii) the Company has given Parent written notice of the Company Board’s intention to make a Company Adverse Recommendation Change or terminate this Agreement to enter into a Specified Agreement not earlier than 11:59 p.m. New York time on the fifth Business Day after Parent receives such written notice and (iv) if not in connection with an Intervening Event pursuant to Section 8.5(f), the decision to make a Company Adverse Recommendation Change is in connection with an Acquisition Proposal or with the Company’s intent to terminate this Agreement to enter into a Specified Agreement, and the Company shall have complied with clauses (1) through (6), as follows: (1) prior to giving effect to clauses (2) through (6), the Company Board shall have determined that such Acquisition Proposal is a Superior Proposal, (2) the Company shall have made available to Parent orally and in writing the material terms and conditions of such Acquisition Proposal and copies of all written communications (and, if oral, a summary of the material terms of such communications) relating to such Acquisition Proposal in accordance with Section 8.5(b), (3) the Company shall have negotiated in good faith with Parent (and caused its Representatives to negotiate with Parent), to the extent that Parent desires to negotiate, during the five Business Day period provided in the foregoing clause (iii) of this Section 8.5(e) with respect to such proposed revisions to this Agreement or other proposals made by Parent, if any, so that the Acquisition Proposal would no longer constitute a Superior Proposal, (4) after considering the results of negotiations with Parent and taking into account the proposals made by Parent, if any, after consultation with its outside legal counsel, a financial advisor of nationally recognized reputation, and a reputational risk advisor, the Company Board shall have determined in good faith that such Acquisition Proposal remains a Superior Proposal, and, after consultation with its outside legal counsel, that the failure to make the Company Adverse Recommendation Change or terminate this Agreement to enter into a Specified Agreement would be inconsistent with the fiduciary duties of the Company Board under applicable Law, (5) the Company Board shall have considered the potential legal ramifications and reputational impacts of the Acquisition Proposal, and (6) if the Company intends to terminate this Agreement to enter into a Specified Agreement, the Company shall have complied with Section 10.1(d)(i). For clarity, the provisions of this Section 8.5(e) shall also apply to any amendment to the financial terms or any other material amendment to any Acquisition Proposal (except that any reference to five Business Days shall instead be three Business Days) or any successive Acquisition Proposals. (Pages 82-83)
Answer:
Choices: "
"40","Answer the following multiple choice question. The last line of your response should be of the following format: 'ANSWER: $LETTER' (without quotes) where LETTER is one of {letters}. Think step by step before answering.

{question}

{choices}

Instruction: Read the segment of a merger agreement and answer the multiple-choice question by choosing the option that best characterizes the agreement.
Question: Is “financial point of view” the sole consideration when determining whether an offer is superior?
Option A: No
Option B: Yes

Merger Agreement: SECTION 8.4. Evaluation of Proposals. <omitted> (c) Notwithstanding anything in this Agreement to the contrary, the Company Board may determine a proposal to be a Superior Proposal if, and only if, (i) the Company Board determines in good faith, after consultation with its financial advisor and outside legal counsel, that such proposal is more favorable from a financial point of view to the Company's stockholders than the terms of this Agreement, (ii) the Company Board determines that the acceptance of such proposal is consistent with its fiduciary duties under applicable Law, (iii) the Company provides Parent with written notice of the Board's intention to accept such Superior Proposal not later than 11:59 p.m. New York time on the fourth Business Day following Parent's receipt of such notice, and (iv) the Company shall have complied with the procedures set forth in Section 8.4(d), as follows: (1) prior to giving effect to clauses (2) through (4), the Company Board shall have determined that such proposal is a Superior Proposal, (2) the Company shall have made available to Parent the material terms and conditions of such proposal and copies of all written communications relating to such proposal in accordance with Section 8.4(b), (3) the Company shall have negotiated in good faith with Parent, to the extent that Parent desires to negotiate, during the four Business Day period provided in the foregoing clause (iii) of this Section 8.4(c) with respect to such proposed revisions to this Agreement or other proposals made by Parent, if any, so that the proposal would no longer constitute a Superior Proposal, and (4) after considering the results of negotiations with Parent and taking into account the proposals made by Parent, if any, after consultation with its outside legal counsel and a financial advisor of nationally recognized reputation, the Company Board shall have determined in good faith that such proposal remains a Superior Proposal and that the failure to accept such proposal would be inconsistent with the fiduciary duties of the Company Board under applicable Law. For clarity, the provisions of this Section 8.4(c) shall apply to any amendment to the financial terms or any other material amendment to any proposal. (Pages 80-81)
Answer:
Choices: ","Pass",""
"41","Answer the following multiple choice question. The last line of your response should be of the following format: 'ANSWER: $LETTER' (without quotes) where LETTER is one of {letters}. Think step by step before answering.

{question}

{choices}

Instruction: Read the segment of a merger agreement and answer the multiple-choice question by choosing the option that best characterizes the agreement.\nQuestion: Is \u201cfinancial point of view\u201d the sole consideration when determining whether an offer is superior?\nOption A: No\nOption B: Yes\n\nMerger Agreement: SECTION 8.4. Evaluation of Offers. <omitted> (b) The Company Board, in determining whether an Acquisition Proposal constitutes a Superior Proposal, shall consider, in addition to the financial terms, the following factors: (i) the likelihood of obtaining regulatory approvals, (ii) the strategic alignment with the Company's long-term business objectives, (iii) the potential impact on employees and management, and (iv) any other factors deemed relevant by the Company Board. The Company shall provide Parent with written notice of any determination that an Acquisition Proposal is a Superior Proposal and shall include a detailed explanation of the basis for such determination, including any non-financial factors considered. (Pages 48-49)
Choices: ","Pass",""
"42","Answer the following multiple choice question. The last line of your response should be of the following format: 'ANSWER: $LETTER' (without quotes) where LETTER is one of {letters}. Think step by step before answering.

{question}

{choices}

Instruction: Read the segment of a merger agreement and answer the multiple-choice question by choosing the option that best characterizes the agreement.
Question: Is “financial point of view” the sole consideration when determining whether an offer is superior?
Option A: No
Option B: Yes

Merger Agreement: SECTION 8.3. Consideration of Acquisition Proposals. <omitted> (f) Notwithstanding anything in this Agreement to the contrary, at any time prior to the consummation of the transactions contemplated by this Agreement, the Company Board may evaluate an Acquisition Proposal if the Company Board determines in good faith, after consultation with its outside legal counsel and financial advisors, that the failure to consider such Acquisition Proposal would be inconsistent with its fiduciary duties under applicable Law. Such evaluation shall include, but not be limited to, the following considerations: (i) the financial terms of the Acquisition Proposal; (ii) the likelihood of obtaining necessary regulatory approvals; (iii) the strategic benefits of the Acquisition Proposal, including potential market expansion and synergies; (iv) the impact on employees and other stakeholders; and (v) any legal or other risks associated with the Acquisition Proposal. The Company shall provide the Parent with written notice of the Company Board's decision to consider such Acquisition Proposal, including a summary of the material terms and a copy of any related documents. The Company shall negotiate in good faith with the Parent to allow them to revise their offer so that it is more favorable than the Acquisition Proposal. (Pages 88-89)
Answer:
Choices: ","Pass",""
"43","Answer the following multiple choice question. The last line of your response should be of the following format: 'ANSWER: $LETTER' (without quotes) where LETTER is one of {letters}. Think step by step before answering.

{question}

{choices}

Instruction: Read the segment of a merger agreement and answer the multiple-choice question by choosing the option that best characterizes the agreement.
Question: Is “financial point of view” the sole consideration when determining whether an offer is superior?
Option A: No
Option B: Yes

Merger Agreement: SECTION 8.4. Evaluation of Acquisition Proposals. <omitted> (b) At any time prior to the Company Stockholder Meeting, the Company Board may make a Company Adverse Recommendation Change <omitted> if, and only if, <omitted> (iii) the Company Board determines in good faith, after consultation with the Company’s outside legal counsel and financial advisor, that the failure to make the Company Adverse Recommendation Change or terminate this Agreement to enter into a Specified Agreement would be inconsistent with its fiduciary duties under applicable Law, (iv) the Company has provided Parent with written notice of its intent to make such a change no earlier than 11:59 p.m. New York time on the fourth Business Day after Parent receives such notice, and (v) the Company Board has determined that an Acquisition Proposal is a Superior Proposal, after considering the financial terms, strategic benefits, and potential risks associated with the proposal. The Company Board shall also take into account any legal obligations and the potential impact on stakeholders other than shareholders, such as employees and customers, in making its determination. (Pages 83-84)
Answer:
Choices: ","Pass",""
"44","Answer the following multiple choice question. The last line of your response should be of the following format: 'ANSWER: $LETTER' (without quotes) where LETTER is one of {letters}. Think step by step before answering.

{question}

{choices}

Instruction: Read the segment of a merger agreement and answer the multiple-choice question by choosing the option that best characterizes the agreement.
Question: Is “financial point of view” the sole consideration when determining whether an offer is superior?
Option A: No
Option B: Yes

Merger Agreement: SECTION 9.4. Superior Proposal Considerations. <omitted> (c) Notwithstanding anything in this Agreement to the contrary, the Board may make an Adverse Recommendation Change <omitted> if, and only if, <omitted> (ii) the Board determines in good faith, after consultation with its outside legal counsel and financial advisors, that the failure to make such a change would be inconsistent with their fiduciary duties under applicable Law, (iii) the Company has provided Parent written notice of the Board's intention to make an Adverse Recommendation Change or terminate this Agreement to pursue a Superior Proposal not earlier than 11:59 p.m. New York time on the fifth Business Day after Parent receives such written notice, and (iv) the decision to make an Adverse Recommendation Change is in connection with an Acquisition Proposal deemed a Superior Proposal, and the Company shall have complied with clauses (1) through (5), as follows: (1) prior to giving effect to clauses (2) through (5), the Board shall have determined that such Acquisition Proposal is a Superior Proposal, (2) the Company shall have made available to Parent the material terms and conditions of such Acquisition Proposal and all related communications, (3) the Company shall have negotiated in good faith with Parent during the five Business Day period provided in clause (iii) of this Section 9.4(c) to make revisions to this Agreement or other proposals made by Parent, if any, so that the Acquisition Proposal would no longer constitute a Superior Proposal, (4) after considering the results of negotiations with Parent and consulting with its financial advisor and outside legal counsel, the Board shall have determined that the Acquisition Proposal remains a Superior Proposal, and (5) if the Company intends to terminate this Agreement to enter into a Specified Agreement, the Company shall have complied with Section 10.1(d)(i). Any amendment to the financial terms or any other material amendment to any Acquisition Proposal shall require the Company to deliver a new notice and comply again with the requirements of clauses (i)-(iii) above; provided, however, that references to the five Business Day period above shall be deemed to be references to a two Business Day period. (Pages 88-89)
Answer:
Choices: ","Pass",""
"45","Answer the following multiple choice question. The last line of your response should be of the following format: 'ANSWER: $LETTER' (without quotes) where LETTER is one of {letters}. Think step by step before answering.

{question}

{choices}

Instruction: Read the segment of a merger agreement and answer the multiple-choice question by choosing the option that best characterizes the agreement.
Question: Is “financial point of view” the sole consideration when determining whether an offer is superior?
Option A: No
Option B: Yes

Merger Agreement: SECTION 9.3. No Solicitation. <omitted> (f) Notwithstanding anything in this Agreement to the contrary, at any time during the Pre-Closing Period, the Company Board may effect a Company Adverse Recommendation Change <omitted> if, and only if, <omitted> (iii) the Company Board determines in good faith, after consultation with the Company’s outside legal counsel and a financial advisor of nationally recognized reputation, that the failure to make the Company Adverse Recommendation Change or terminate this Agreement to enter into a Specified Agreement would be inconsistent with the fiduciary duties of the Company Board under applicable Law, (iv) the Company has given Parent written notice of the Company Board’s intention to make a Company Adverse Recommendation Change or terminate this Agreement to enter into a Specified Agreement not earlier than 11:59 p.m. New York time on the fifth Business Day after Parent receives such written notice and (v) if not in connection with an Intervening Event pursuant to Section 9.3(g), the decision to make a Company Adverse Recommendation Change is in connection with an Acquisition Proposal or with the Company’s intent to terminate this Agreement to enter into a Specified Agreement, and the Company shall have complied with clauses (1) through (6), as follows: (1) prior to giving effect to clauses (2) through (6), the Company Board shall have determined that such Acquisition Proposal is a Superior Proposal, (2) the Company shall have made available to Parent orally and in writing the material terms and conditions of such Acquisition Proposal and copies of all written communications (and, if oral, a summary of the material terms of such communications) relating to such Acquisition Proposal in accordance with Section 9.3(b), (3) the Company shall have negotiated in good faith with Parent (and caused its Representatives to negotiate with Parent), to the extent that Parent desires to negotiate, during the five Business Day period provided in the foregoing clause (iv) of this Section 9.3(f) with respect to such proposed revisions to this Agreement or other proposals made by Parent, if any, so that the Acquisition Proposal would no longer constitute a Superior Proposal, (4) after considering the results of negotiations with Parent and taking into account the proposals made by Parent, if any, after consultation with its outside legal counsel and a financial advisor of nationally recognized reputation, the Company Board shall have determined in good faith that such Acquisition Proposal remains a Superior Proposal, and, after consultation with its outside legal counsel, that the failure to make the Company Adverse Recommendation Change or terminate this Agreement to enter into a Specified Agreement would be inconsistent with the fiduciary duties of the Company Board under applicable Law and (5) if the Company intends to terminate this Agreement to enter into a Specified Agreement, the Company shall have complied with Section 10.1(d)(i). For clarity, the provisions of this Section 9.3(f) shall also apply to any amendment to the financial terms or any other material amendment to any Acquisition Proposal (except that any reference to five Business Days shall instead be three Business Days) or any successive Acquisition Proposals. (Pages 82-83)
Choices: ","Fail","Answer the following multiple choice question. The last line of your response should be of the following format: 'ANSWER: $LETTER' (without quotes) where LETTER is one of {letters}. Think step by step before answering.

{question}

{choices}

Instruction: Read the segment of a merger agreement and answer the multiple-choice question by choosing the option that best characterizes the agreement.
Question: Is “financial point of view” the sole consideration when determining whether an offer is superior?
Option A: No
Option B: Yes

Merger Agreement: SECTION 8.5. No Solicitation. <omitted> (e) Notwithstanding anything in this Agreement to the contrary, during the Pre-Closing Period, the Company Board may effect a Company Adverse Recommendation Change <omitted> if, and only if, <omitted> (ii) the Company Board determines in good faith, after consultation with the Company’s outside legal counsel and a financial advisor of nationally recognized reputation, that the failure to make the Company Adverse Recommendation Change or terminate this Agreement to enter into a Specified Agreement would be inconsistent with the fiduciary duties of the Company Board under applicable Law, (iii) the Company has given Parent written notice of the Company Board’s intention to make a Company Adverse Recommendation Change or terminate this Agreement to enter into a Specified Agreement not earlier than 11:59 p.m. New York time on the fifth Business Day after Parent receives such written notice and (iv) if not in connection with an Intervening Event pursuant to Section 8.5(f), the decision to make a Company Adverse Recommendation Change is in connection with an Acquisition Proposal or with the Company’s intent to terminate this Agreement to enter into a Specified Agreement, and the Company shall have complied with clauses (1) through (6), as follows: (1) prior to giving effect to clauses (2) through (6), the Company Board shall have determined that such Acquisition Proposal is a Superior Proposal, (2) the Company shall have made available to Parent orally and in writing the material terms and conditions of such Acquisition Proposal and copies of all written communications (and, if oral, a summary of the material terms of such communications) relating to such Acquisition Proposal in accordance with Section 8.5(b), (3) the Company shall have negotiated in good faith with Parent (and caused its Representatives to negotiate with Parent), to the extent that Parent desires to negotiate, during the five Business Day period provided in the foregoing clause (iii) of this Section 8.5(e) with respect to such proposed revisions to this Agreement or other proposals made by Parent, if any, so that the Acquisition Proposal would no longer constitute a Superior Proposal, (4) after considering the results of negotiations with Parent and taking into account the proposals made by Parent, if any, after consultation with its outside legal counsel, a financial advisor of nationally recognized reputation, and a reputational risk advisor, the Company Board shall have determined in good faith that such Acquisition Proposal remains a Superior Proposal, and, after consultation with its outside legal counsel, that the failure to make the Company Adverse Recommendation Change or terminate this Agreement to enter into a Specified Agreement would be inconsistent with the fiduciary duties of the Company Board under applicable Law, (5) the Company Board shall have considered the potential legal ramifications and reputational impacts of the Acquisition Proposal, and (6) if the Company intends to terminate this Agreement to enter into a Specified Agreement, the Company shall have complied with Section 10.1(d)(i). For clarity, the provisions of this Section 8.5(e) shall also apply to any amendment to the financial terms or any other material amendment to any Acquisition Proposal (except that any reference to five Business Days shall instead be three Business Days) or any successive Acquisition Proposals. (Pages 82-83)
Answer:
Choices: "
"46","Answer the following multiple choice question. The last line of your response should be of the following format: 'ANSWER: $LETTER' (without quotes) where LETTER is one of {letters}. Think step by step before answering.

{question}

{choices}

Instruction: Read the segment of a merger agreement and answer the multiple-choice question by choosing the option that best characterizes the agreement.
Question: Is “financial point of view” the sole consideration when determining whether an offer is superior?
Option A: No
Option B: Yes

Merger Agreement: SECTION 8.4. Consideration of Proposals. <omitted> (c) Notwithstanding anything in this Agreement to the contrary, the Company Board may make a Company Adverse Recommendation Change <omitted> if, and only if, <omitted> (iii) the Company Board, after consultation with its outside legal counsel and financial advisors, determines that the failure to make the Company Adverse Recommendation Change or terminate this Agreement to enter into a Specified Agreement would be inconsistent with its fiduciary duties under applicable Law, which include considerations of strategic fit and long-term growth potential. The Company shall have complied with the following clauses: (1) the Company Board has determined that such Acquisition Proposal is a Superior Proposal, based not only on financial terms but also on strategic alignment and regulatory considerations, (2) the Company shall have provided Parent with written notice of its intent to make a Company Adverse Recommendation Change, specifying the reasons for such determination, including non-financial aspects, (3) the Company shall have engaged in good faith negotiations with Parent to address these strategic and regulatory concerns, (4) the Company Board, after such negotiations, continues to determine in good faith that the Acquisition Proposal remains a Superior Proposal, considering both financial and non-financial elements, and (5) any amendments to the terms of the Acquisition Proposal shall require a new notice period of at least three Business Days. (Pages 101-102)
Answer:
Choices: ","Pass",""
"47","Answer the following multiple choice question. The last line of your response should be of the following format: 'ANSWER: $LETTER' (without quotes) where LETTER is one of {letters}. Think step by step before answering.

{question}

{choices}

Instruction: Read the segment of a merger agreement and answer the multiple-choice question by choosing the option that best characterizes the agreement.
Question: Is “financial point of view” the sole consideration when determining whether an offer is superior?
Option A: No
Option B: Yes

Merger Agreement: SECTION 9.2. Evaluation of Acquisition Proposals. <omitted> (b) Notwithstanding anything in this Agreement to the contrary, at any time prior to the Company Shareholder Meeting, the Company Board may consider and negotiate any bona fide written Acquisition Proposal if, and only if, (i) the Company Board concludes in good faith, after consultation with its legal counsel and strategic advisors, that the proposal is likely to result in a transaction that is more favorable from a strategic perspective, (ii) the Company has provided Parent with at least three Business Days' written notice of its intention to consider such Acquisition Proposal, including all relevant material terms, and (iii) the Company Board determines, after consultation with its legal counsel, that failing to consider such proposal would be inconsistent with its fiduciary duties under applicable law. Furthermore, any decision to enter into an agreement with respect to a Superior Proposal must be made in good faith, after considering the strategic benefits and any potential risks, and after consulting with its legal counsel and strategic advisors. (Pages 88-89)
Answer: A
Choices: ","Pass",""
"48","Answer the following multiple choice question. The last line of your response should be of the following format: 'ANSWER: $LETTER' (without quotes) where LETTER is one of {letters}. Think step by step before answering.

{question}

{choices}

Instruction: Read the segment of a merger agreement and answer the multiple-choice question by choosing the option that best characterizes the agreement.
Question: Is “financial point of view” the sole consideration when determining whether an offer is superior?
Option A: No
Option B: Yes

Merger Agreement: SECTION 9.4. No Solicitation. <omitted> (c) Notwithstanding anything in this Agreement to the contrary, during the Evaluation Period, the Company Board may effect a Company Adverse Recommendation Change <omitted> if, and only if, <omitted> (ii) the Company Board, after consultation with its outside legal counsel and a strategic advisor, determines in good faith that the failure to make the Company Adverse Recommendation Change or terminate this Agreement would be inconsistent with the fiduciary duties of the Company Board under applicable Law, (iii) the Company has provided Parent with written notice of the Company Board’s intention to make a Company Adverse Recommendation Change or terminate this Agreement to enter into a Specified Agreement no earlier than the end of the seventh Business Day following receipt of such notice by Parent, and (iv) the Company Board determines that the Acquisition Proposal constitutes a Superior Proposal, taking into account not only financial terms but also strategic and legal considerations, and the Company shall have complied with clauses (1) through (6), as follows: (1) prior to giving effect to clauses (2) through (6), the Company Board shall have determined that such Acquisition Proposal is a Superior Proposal, (2) the Company shall have made available to Parent the material terms and conditions of such Acquisition Proposal and any written communications relating thereto in accordance with Section 9.4(b), (3) the Company shall have negotiated in good faith with Parent during the seven Business Day period referenced above with respect to such proposed revisions to this Agreement or other proposals made by Parent, if any, so that the Acquisition Proposal would no longer constitute a Superior Proposal, (4) after considering the results of negotiations with Parent and the proposals made by Parent, if any, after consultation with its outside legal counsel and a financial advisor of nationally recognized reputation, the Company Board shall have determined in good faith that such Acquisition Proposal remains a Superior Proposal, and, after consultation with its strategic advisor, that the failure to make the Company Adverse Recommendation Change or terminate this Agreement would be inconsistent with the fiduciary duties of the Company Board under applicable Law, (5) the Company shall have complied with Section 11.1(d)(i), and (6) any amendment to the financial terms or any other material amendment to any Acquisition Proposal shall be subject to a new evaluation period of at least three Business Days. (Pages 82-83)
Answer:
Choices: ","Fail","Answer the following multiple choice question. The last line of your response should be of the following format: 'ANSWER: $LETTER' (without quotes) where LETTER is one of {letters}. Think step by step before answering.

{question}

{choices}

Instruction: Read the segment of a merger agreement and answer the multiple-choice question by choosing the option that best characterizes the agreement.
Question: Is “financial point of view” the sole consideration when determining whether an offer is superior?
Option A: No
Option B: Yes

Merger Agreement: SECTION 8.4. Consideration of Proposals. <omitted> (c) Notwithstanding anything in this Agreement to the contrary, the Company Board may make a Company Adverse Recommendation Change <omitted> if, and only if, <omitted> (iii) the Company Board, after consultation with its outside legal counsel and financial advisors, determines that the failure to make the Company Adverse Recommendation Change or terminate this Agreement to enter into a Specified Agreement would be inconsistent with its fiduciary duties under applicable Law, which include considerations of strategic fit and long-term growth potential. The Company shall have complied with the following clauses: (1) the Company Board has determined that such Acquisition Proposal is a Superior Proposal, based not only on financial terms but also on strategic alignment and regulatory considerations, (2) the Company shall have provided Parent with written notice of its intent to make a Company Adverse Recommendation Change, specifying the reasons for such determination, including non-financial aspects, (3) the Company shall have engaged in good faith negotiations with Parent to address these strategic and regulatory concerns, (4) the Company Board, after such negotiations, continues to determine in good faith that the Acquisition Proposal remains a Superior Proposal, considering both financial and non-financial elements, and (5) any amendments to the terms of the Acquisition Proposal shall require a new notice period of at least three Business Days. (Pages 101-102)
Answer:
Choices: "
"49","Answer the following multiple choice question. The last line of your response should be of the following format: 'ANSWER: $LETTER' (without quotes) where LETTER is one of {letters}. Think step by step before answering.

{question}

{choices}

Instruction: Read the segment of a merger agreement and answer the multiple-choice question by choosing the option that best characterizes the agreement.
Question: Is ""financial point of view"" the sole consideration when determining whether an offer is superior?
Option A: No
Option B: Yes

Merger Agreement: SECTION 8.2. Evaluation of Acquisition Proposals. <omitted> (f) During the Pre-Closing Period, the Company Board may, if it deems necessary, make a Company Adverse Recommendation Change <omitted> if, and only if, <omitted> (iii) the Company Board, after consultation with its financial advisor, determines that the financial terms of an Acquisition Proposal are more favorable to the Company’s stockholders than the terms of this Agreement, (iv) the Company Board determines in good faith, after consultation with the Company’s outside legal counsel, that the failure to make a Company Adverse Recommendation Change or terminate this Agreement to enter into a Specified Agreement would be inconsistent with the fiduciary duties of the Company Board under applicable Law, (v) the Company Board considers additional factors such as regulatory compliance and strategic alignment with the Company's long-term goals, and (vi) the Company has complied with Section 9.2(d)(i). For clarity, any amendment to the financial terms or any other material amendment to any Acquisition Proposal shall require a new determination under this Section 8.2(f). (Pages 88-89)
Choices: ","Pass",""
"50","Answer the following multiple choice question. The last line of your response should be of the following format: 'ANSWER: $LETTER' (without quotes) where LETTER is one of {letters}. Think step by step before answering.

{question}

{choices}

Instruction: Read the segment of a merger agreement and answer the multiple-choice question by choosing the option that best characterizes the agreement.
Question: Is “financial point of view” the sole consideration when determining whether an offer is superior?
Option A: No
Option B: Yes

Merger Agreement: SECTION 6.3. Consideration of Acquisition Proposals. <omitted> (c) Notwithstanding anything in this Agreement to the contrary, at any time before the Acquisition Closing Date, the Company's Board may make a Recommendation Change or terminate this Agreement to enter into a Proposed Agreement if, and only if, the following conditions are met: (i) the Company Board determines in good faith, after consultation with its financial advisor, that the Proposed Agreement constitutes a Superior Proposal, (ii) after receiving the financial advisor's written opinion, the Board consults with its outside legal counsel to ensure that failing to make a Recommendation Change would be inconsistent with the Board's fiduciary duties under applicable Law, (iii) the Company provides Parent with at least five Business Days' written notice of its intent to make a Recommendation Change, and (iv) during such notice period, the Company negotiates in good faith with Parent, considering any revisions proposed by Parent, and after such negotiations, the Board reaffirms that the Proposed Agreement remains a Superior Proposal following consultation with both its financial advisor and legal counsel. Additionally, any amendments to the financial terms or other material changes to the terms of the Proposed Agreement will require a new notice and compliance with the conditions outlined in this section. (Pages 88-89)
Answer:
Choices: ","Pass",""
"51","Answer the following multiple choice question. The last line of your response should be of the following format: 'ANSWER: $LETTER' (without quotes) where LETTER is one of {letters}. Think step by step before answering.

{question}

{choices}

Instruction: Read the segment of a merger agreement and answer the multiple-choice question by choosing the option that best characterizes the agreement.\nQuestion: Is “financial point of view” the sole consideration when determining whether an offer is superior?\nOption A: No\nOption B: Yes\n\nMerger Agreement: ARTICLE 9. Termination and Amendment. <omitted> (f) Notwithstanding anything in this Agreement to the contrary, at any time prior to the Effective Time, the Company Board may terminate this Agreement if it determines, in good faith, after consultation with its outside legal counsel and financial advisor, that an Acquisition Proposal constitutes a Superior Proposal. The Company must provide Parent with at least five (5) Business Days' prior written notice of its intention to terminate this Agreement to enter into a definitive agreement with respect to such Superior Proposal, and during such period, the Company shall, and shall cause its Representatives to, negotiate with Parent in good faith (to the extent Parent desires to negotiate) to enable Parent to make such adjustments to the terms and conditions of this Agreement so that the Acquisition Proposal ceases to be a Superior Proposal. After considering the results of such negotiations and any revised proposal made by Parent, the Company Board shall determine in good faith, after consultation with its outside legal counsel and financial advisor, whether the Acquisition Proposal remains a Superior Proposal. (Page 82)\nAnswer: 
Choices: ","Pass",""
"52","Answer the following multiple choice question. The last line of your response should be of the following format: 'ANSWER: $LETTER' (without quotes) where LETTER is one of {letters}. Think step by step before answering.

{question}

{choices}

Instruction: Read the segment of a merger agreement and answer the multiple-choice question by choosing the option that best characterizes the agreement.
Question: Is “financial point of view” the sole consideration when determining whether an offer is superior?
Option A: No
Option B: Yes

Merger Agreement: ARTICLE 9. No Solicitation. <omitted> (f) Notwithstanding anything in this Agreement, during the Pre-Closing Period, the Company Board may change its recommendation only if: (i) the Company Board determines, after consultation with its legal counsel and financial advisor, that the failure to make such a change would violate its fiduciary duties under applicable law, (ii) the Company provides written notice to Parent of its intent to change its recommendation not earlier than 11:59 p.m. Pacific Time on the third Business Day after Parent receives such notice, and (iii) if the change is due to an Intervening Event, the Company Board must first determine that such Intervening Event materially affects the Company's long-term strategic goals. Additionally, the Company Board must determine that the financial terms of the Acquisition Proposal are more favorable than those of the current agreement, after considering the advice of its financial advisor and legal counsel. (Pages 88-89)
Answer:
Choices: ","Pass",""
"53","Answer the following multiple choice question. The last line of your response should be of the following format: 'ANSWER: $LETTER' (without quotes) where LETTER is one of {letters}. Think step by step before answering.

{question}

{choices}

Instruction: Read the segment of a merger agreement and answer the multiple-choice question by choosing the option that best characterizes the agreement.
Question: Is “financial point of view” the sole consideration when determining whether an offer is superior?
Option A: No
Option B: Yes

Merger Agreement: SECTION 8.5. Evaluation of Acquisition Proposals. <omitted> (c) Notwithstanding anything in this Agreement to the contrary, during the Pre-Closing Period, the Company Board may alter its recommendation if, and only if, (i) the Company Board determines in good faith, after consultation with its outside legal counsel and financial advisors, that the failure to alter its recommendation would be inconsistent with its fiduciary duties under applicable Law, (ii) the Company has provided Parent with a written notice of its intention to alter its recommendation not earlier than 11:59 p.m. New York time on the fourth Business Day after Parent receives such written notice, and (iii) the decision to alter the recommendation is in connection with an Acquisition Proposal that the Company Board has determined, after consultation with a financial advisor of nationally recognized reputation, is a Superior Proposal, considering both financial and strategic factors, and after taking into account any adjustments proposed by Parent. Furthermore, the Company shall have negotiated in good faith with Parent during the four Business Day period provided in the foregoing clause (ii) with respect to proposed revisions to this Agreement or other proposals made by Parent, if any, so that the Acquisition Proposal would no longer constitute a Superior Proposal. After considering the results of negotiations with Parent and any proposals made by Parent, the Company Board must determine in good faith, after consultation with its outside legal counsel, that the Acquisition Proposal remains a Superior Proposal and that the failure to alter its recommendation would be inconsistent with the fiduciary duties of the Company Board under applicable Law. (Pages 82-83)
Answer: A
Choices: ","Fail","Answer the following multiple choice question. The last line of your response should be of the following format: 'ANSWER: $LETTER' (without quotes) where LETTER is one of {letters}. Think step by step before answering.

{question}

{choices}

Instruction: Read the segment of a merger agreement and answer the multiple-choice question by choosing the option that best characterizes the agreement.
Question: Is “financial point of view” the sole consideration when determining whether an offer is superior?
Option A: No
Option B: Yes

Merger Agreement: SECTION 8.3. Evaluation of Acquisition Proposals. <omitted> (f) During the Pre-Closing Period, the Company Board may alter its recommendation if, and only if, (i) the Company Board determines in good faith, after consulting with the Company’s legal counsel and financial advisors, that the failure to alter its recommendation would be inconsistent with its fiduciary duties under applicable law, (ii) the Company has provided Parent with written notice of its intention to alter its recommendation, including the financial terms of the Acquisition Proposal, at least three Business Days prior to the proposed action, and (iii) the Company Board has determined that such Acquisition Proposal is a Superior Proposal after considering the advice of a financial advisor of nationally recognized standing. The decision must also take into account any changes proposed by Parent during the negotiation period. (Pages 81-82)
Answer:
Choices: "
"54","Answer the following multiple choice question. The last line of your response should be of the following format: 'ANSWER: $LETTER' (without quotes) where LETTER is one of {letters}. Think step by step before answering.

{question}

{choices}

Instruction: Read the segment of a merger agreement and answer the multiple-choice question by choosing the option that best characterizes the agreement.
Question: Is “financial point of view” the sole consideration when determining whether an offer is superior?
Option A: No
Option B: Yes

Merger Agreement: SECTION 9.3. Change in Recommendation. <omitted> (f) Notwithstanding anything in this Agreement to the contrary, at any time prior to obtaining the Required Company Stockholder Vote, the Company Board may make a Change in Recommendation if, and only if, (i) the Company Board determines in good faith, after consultation with its outside legal counsel and a financial advisor of nationally recognized standing, that an Acquisition Proposal constitutes a Superior Proposal, (ii) the Company provides the Parent with at least five Business Days' prior written notice of its intention to make a Change in Recommendation, and (iii) the Company Board, after considering any amendments to this Agreement proposed by Parent during such notice period, determines in good faith, after consultation with its outside legal counsel, that the failure to make a Change in Recommendation would be inconsistent with its fiduciary duties under applicable Law. Any material amendment to the terms of such Superior Proposal shall require a new determination and notice period as set forth in this Section 9.3(f). (Pages 55-56)
Choices: ","Pass",""
"55","Answer the following multiple choice question. The last line of your response should be of the following format: 'ANSWER: $LETTER' (without quotes) where LETTER is one of {letters}. Think step by step before answering.

{question}

{choices}

Instruction: Read the segment of a merger agreement and answer the multiple-choice question by choosing the option that best characterizes the agreement.
Question: Is “financial point of view” the sole consideration when determining whether an offer is superior?
Option A: No
Option B: Yes

Merger Agreement: SECTION 9.3. Evaluation of Proposals. <omitted> (c) In evaluating an Acquisition Proposal, the Company Board may consider a variety of factors, including but not limited to, the financial terms of the proposal, the strategic merits of the transaction, the potential impact on employees, customers, suppliers, and other stakeholders, and the likely effects on the community in which the Company operates. (d) The Company Board shall, in good faith, after consultation with its outside legal counsel and financial advisors of nationally recognized reputation, determine whether such Acquisition Proposal constitutes a Superior Proposal. (e) If the Company Board determines that an Acquisition Proposal is a Superior Proposal, it must notify Parent in writing, detailing the material terms and conditions of the Superior Proposal and providing Parent with a reasonable opportunity to negotiate adjustments to the current Agreement that would render the Acquisition Proposal no longer a Superior Proposal. (f) The Company Board must also consider whether not accepting the Superior Proposal would be inconsistent with its fiduciary duties under applicable law, in consultation with its outside legal counsel and financial advisors. (Pages 88-89)
Answer:
Choices: ","Fail","Answer the following multiple choice question. The last line of your response should be of the following format: 'ANSWER: $LETTER' (without quotes) where LETTER is one of {letters}. Think step by step before answering.

{question}

{choices}

Instruction: Read the segment of a merger agreement and answer the multiple-choice question by choosing the option that best characterizes the agreement.
Question: Is “financial point of view” the sole consideration when determining whether an offer is superior?
Option A: No
Option B: Yes

Merger Agreement: SECTION 8.3. Evaluation of Acquisition Proposals. <omitted> (b) The Company Board may determine an Acquisition Proposal to be a Superior Proposal if, and only if, (i) the financial terms of the Acquisition Proposal, including the form and amount of consideration, are more favorable from a financial point of view to the Company’s stockholders than the terms of this Agreement, (ii) the Company Board determines in good faith, after consultation with its outside legal counsel, that the failure to make an Adverse Recommendation Change or terminate this Agreement would be inconsistent with its fiduciary duties under applicable Law, (iii) the Company has provided Parent with written notice of its intent to consider the Acquisition Proposal, and (iv) the Company Board has taken into account, among other factors, the likelihood of obtaining required regulatory approvals, the strategic fit of the proposed transaction, and the expected timing of consummation. The Company Board shall also consider the impact on employees and the community in which the Company operates. (Pages 88-89)
Answer:
Choices: "
"56","Answer the following multiple choice question. The last line of your response should be of the following format: 'ANSWER: $LETTER' (without quotes) where LETTER is one of {letters}. Think step by step before answering.

{question}

{choices}

Instruction: Read the segment of a merger agreement and answer the multiple-choice question by choosing the option that best characterizes the agreement.
Question: Is “financial point of view” the sole consideration when determining whether an offer is superior?
Option A: No
Option B: Yes

Merger Agreement: SECTION 8.3. Evaluation of Acquisition Proposals. <omitted> (c) Notwithstanding anything in this Agreement to the contrary, the Company Board may effect a Company Adverse Recommendation Change if, and only if, <omitted> (ii) the Company Board determines in good faith, after consultation with the Company’s outside legal counsel and a financial advisor of nationally recognized reputation, that the failure to make the Company Adverse Recommendation Change or terminate this Agreement to enter into a Specified Agreement would be inconsistent with the fiduciary duties of the Company Board under applicable Law, (iii) the Company has provided Parent with written notice of the Company Board’s intention to make a Company Adverse Recommendation Change or terminate this Agreement to enter into a Specified Agreement not earlier than 11:59 p.m. New York time on the fifth Business Day after Parent receives such written notice and (iv) the decision is made after consideration of the strategic alignment of the Acquisition Proposal with the Company’s long-term goals, in consultation with its outside legal counsel and financial advisor, and the Company Board has determined in good faith that such Acquisition Proposal is a Superior Proposal. The Company shall have complied with clauses (1) through (4), as follows: (1) prior to giving effect to clauses (2) through (4), the Company Board shall have determined that such Acquisition Proposal is a Superior Proposal, (2) the Company shall have made available to Parent orally and in writing the material terms and conditions of such Acquisition Proposal and copies of all written communications (and, if oral, a summary of the material terms of such communications) relating to such Acquisition Proposal in accordance with Section 8.3(b), (3) the Company shall have negotiated in good faith with Parent (and caused its Representatives to negotiate with Parent), to the extent that Parent desires to negotiate, during the five Business Day period provided in the foregoing clause (iii) of this Section 8.3(c) with respect to such proposed revisions to this Agreement or other proposals made by Parent, if any, so that the Acquisition Proposal would no longer constitute a Superior Proposal, and (4) after considering the results of negotiations with Parent and taking into account the proposals made by Parent, if any, after consultation with its outside legal counsel and a financial advisor of nationally recognized reputation, the Company Board shall have determined in good faith that such Acquisition Proposal remains a Superior Proposal, and, after consultation with its outside legal counsel, that the failure to make the Company Adverse Recommendation Change or terminate this Agreement to enter into a Specified Agreement would be inconsistent with the fiduciary duties of the Company Board under applicable Law. (Pages 82-83)
Answer:
Choices: ","Fail","Answer the following multiple choice question. The last line of your response should be of the following format: 'ANSWER: $LETTER' (without quotes) where LETTER is one of {letters}. Think step by step before answering.

{question}

{choices}

Instruction: Read the segment of a merger agreement and answer the multiple-choice question by choosing the option that best characterizes the agreement.
Question: Is ""financial point of view"" the sole consideration when determining whether an offer is superior?
Option A: No
Option B: Yes

Merger Agreement: SECTION 9.4. No Solicitation. <omitted> (c) Notwithstanding anything to the contrary in this Agreement, the Company Board may make a Company Adverse Recommendation Change <omitted> if, and only if, <omitted> (ii) the Company Board determines in good faith, after consultation with the Company's outside legal counsel and financial advisors, that the failure to make the Company Adverse Recommendation Change or terminate this Agreement to enter into a Specified Agreement would be inconsistent with the fiduciary duties of the Company Board under applicable Law, (iii) the Company has given Parent written notice of the Company Board's intention to make a Company Adverse Recommendation Change or terminate this Agreement to enter into a Specified Agreement not earlier than 11:59 p.m. New York time on the third Business Day after Parent receives such written notice and (iv) if not in connection with an Intervening Event pursuant to Section 9.4(d), the decision to make a Company Adverse Recommendation Change is in connection with an Acquisition Proposal, and the Company shall have complied with clauses (1) through (4), as follows: (1) prior to giving effect to clauses (2) through (4), the Company Board shall have determined that such Acquisition Proposal is a Superior Proposal, (2) the Company shall have made available to Parent orally and in writing the material terms and conditions of such Acquisition Proposal and copies of all written communications (and, if oral, a summary of the material terms of such communications) relating to such Acquisition Proposal in accordance with Section 9.4(b), (3) the Company shall have negotiated in good faith with Parent (and caused its Representatives to negotiate with Parent), to the extent that Parent desires to negotiate, during the three Business Day period provided in the foregoing clause (iii) of this Section 9.4(c) with respect to such proposed revisions to this Agreement or other proposals made by Parent, if any, so that the Acquisition Proposal would no longer constitute a Superior Proposal, (4) after considering the results of negotiations with Parent and taking into account the proposals made by Parent, if any, after consultation with its outside legal counsel and a financial advisor of nationally recognized reputation, the Company Board shall have determined in good faith that such Acquisition Proposal remains a Superior Proposal, and, after consultation with its outside legal counsel, that the failure to make the Company Adverse Recommendation Change or terminate this Agreement to enter into a Specified Agreement would be inconsistent with the fiduciary duties of the Company Board under applicable Law. (Pages 88-89)
Answer:
Choices: "
"57","Answer the following multiple choice question. The last line of your response should be of the following format: 'ANSWER: $LETTER' (without quotes) where LETTER is one of {letters}. Think step by step before answering.

{question}

{choices}

Instruction: Read the segment of a merger agreement and answer the multiple-choice question by choosing the option that best characterizes the agreement.
Question: Is “financial point of view” the sole consideration when determining whether an offer is superior?
Option A: No
Option B: Yes

Merger Agreement: SECTION 8.3. Consideration of Superior Proposals. <omitted> (c) Notwithstanding anything in this Agreement to the contrary, during the Pre-Closing Period, the Company Board may make a Change of Recommendation <omitted> if, and only if, <omitted> (iii) the Company Board determines in good faith, after consultation with its outside legal counsel and financial advisors, that the failure to make the Change of Recommendation or terminate this Agreement to enter into an Alternative Agreement would be inconsistent with the fiduciary duties of the Company Board under applicable Law, (iv) the Company has provided Parent with written notice of the Company Board's intention to make a Change of Recommendation or terminate this Agreement to enter into an Alternative Agreement not earlier than 11:59 p.m. New York time on the fifth Business Day after Parent receives such written notice and (v) the decision to make a Change of Recommendation is in connection with an Acquisition Proposal or with the Company's intent to terminate this Agreement to enter into an Alternative Agreement, and the Company shall have complied with clauses (1) through (6), as follows: (1) prior to giving effect to clauses (2) through (6), the Company Board shall have determined that such Acquisition Proposal is a Superior Proposal, (2) the Company shall have made available to Parent the material terms and conditions of such Acquisition Proposal and copies of all written communications relating to such Acquisition Proposal, (3) the Company shall have negotiated in good faith with Parent during the five Business Day period provided in the foregoing clause (iv) with respect to such proposed revisions to this Agreement or other proposals made by Parent, if any, so that the Acquisition Proposal would no longer constitute a Superior Proposal, (4) after considering the results of negotiations with Parent and taking into account the proposals made by Parent, if any, after consultation with its outside legal counsel and a financial advisor of nationally recognized reputation, the Company Board shall have determined in good faith that such Acquisition Proposal remains a Superior Proposal, (5) after consultation with its outside legal counsel, that the failure to make the Change of Recommendation or terminate this Agreement to enter into an Alternative Agreement would be inconsistent with the fiduciary duties of the Company Board under applicable Law, and (6) the Company shall have considered the strategic long-term benefits of the Acquisition Proposal beyond immediate financial gains. The provisions of this Section 8.3(c) shall also apply to any amendment to the financial terms or any other material amendment to any Acquisition Proposal.
Choices: ","Pass",""
"58","Answer the following multiple choice question. The last line of your response should be of the following format: 'ANSWER: $LETTER' (without quotes) where LETTER is one of {letters}. Think step by step before answering.

{question}

{choices}

Instruction: Read the segment of a merger agreement and answer the multiple-choice question by choosing the option that best characterizes the agreement.
Question: Is “financial point of view” the sole consideration when determining whether an offer is superior?
Option A: No
Option B: Yes

Merger Agreement: SECTION 8.4. No Solicitation. <omitted> (f) Notwithstanding anything in this Agreement to the contrary, at any time prior to the Company Shareholder Meeting, the Company Board may effect a Company Recommendation Change <omitted> if, and only if, <omitted> (iii) the Company Board determines in good faith, after consultation with the Company’s outside legal counsel and financial advisors, that the failure to make the Company Recommendation Change or terminate this Agreement to enter into a Specified Agreement would be inconsistent with the fiduciary duties of the Company Board under applicable Law, (iv) the Company has provided Parent written notice of the Company Board’s intention to make a Company Recommendation Change or terminate this Agreement to enter into a Specified Agreement not earlier than 11:59 p.m. New York time on the fourth Business Day after Parent receives such written notice and (v) the decision to make a Company Recommendation Change is in connection with an Acquisition Proposal or with the Company’s intent to terminate this Agreement to enter into a Specified Agreement, and the Company shall have complied with clauses (1) through (6), as follows: (1) prior to giving effect to clauses (2) through (6), the Company Board shall have determined that such Acquisition Proposal is a Superior Proposal, (2) the Company shall have made available to Parent orally and in writing the material terms and conditions of such Acquisition Proposal and copies of all written communications (and, if oral, a summary of the material terms of such communications) relating to such Acquisition Proposal in accordance with Section 8.4(b), (3) the Company shall have negotiated in good faith with Parent (and caused its Representatives to negotiate with Parent), to the extent that Parent desires to negotiate, during the four Business Day period provided in the foregoing clause (iv) of this Section 8.4(f) with respect to such proposed revisions to this Agreement or other proposals made by Parent, if any, so that the Acquisition Proposal would no longer constitute a Superior Proposal, (4) after considering the results of negotiations with Parent and taking into account the proposals made by Parent, if any, after consultation with its outside legal counsel and a financial advisor of nationally recognized reputation, the Company Board shall have determined in good faith that such Acquisition Proposal remains a Superior Proposal, and, after consultation with its outside legal counsel, that the failure to make the Company Recommendation Change or terminate this Agreement to enter into a Specified Agreement would be inconsistent with the fiduciary duties of the Company Board under applicable Law, (5) if the Company intends to terminate this Agreement to enter into a Specified Agreement, the Company shall have complied with Section 10.1(d)(i), and (6) the Company Board shall consider the long-term strategic impact of the Acquisition Proposal on the Company’s stakeholders. For clarity, the provisions of this Section 8.4(f) shall also apply to any amendment to the financial terms or any other material amendment to any Acquisition Proposal (except that any reference to four Business Days shall instead be two Business Days) or any successive Acquisition Proposals. (Pages 82-83)
Answer:
Choices: ","Fail","Answer the following multiple choice question. The last line of your response should be of the following format: 'ANSWER: $LETTER' (without quotes) where LETTER is one of {letters}. Think step by step before answering.

{question}

{choices}

Instruction: Read the segment of a merger agreement and answer the multiple-choice question by choosing the option that best characterizes the agreement.
Question: Is “financial point of view” the sole consideration when determining whether an offer is superior?
Option A: No
Option B: Yes

Merger Agreement: SECTION 8.3. Consideration of Superior Proposals. <omitted> (c) Notwithstanding anything in this Agreement to the contrary, during the Pre-Closing Period, the Company Board may make a Change of Recommendation <omitted> if, and only if, <omitted> (iii) the Company Board determines in good faith, after consultation with its outside legal counsel and financial advisors, that the failure to make the Change of Recommendation or terminate this Agreement to enter into an Alternative Agreement would be inconsistent with the fiduciary duties of the Company Board under applicable Law, (iv) the Company has provided Parent with written notice of the Company Board's intention to make a Change of Recommendation or terminate this Agreement to enter into an Alternative Agreement not earlier than 11:59 p.m. New York time on the fifth Business Day after Parent receives such written notice and (v) the decision to make a Change of Recommendation is in connection with an Acquisition Proposal or with the Company's intent to terminate this Agreement to enter into an Alternative Agreement, and the Company shall have complied with clauses (1) through (6), as follows: (1) prior to giving effect to clauses (2) through (6), the Company Board shall have determined that such Acquisition Proposal is a Superior Proposal, (2) the Company shall have made available to Parent the material terms and conditions of such Acquisition Proposal and copies of all written communications relating to such Acquisition Proposal, (3) the Company shall have negotiated in good faith with Parent during the five Business Day period provided in the foregoing clause (iv) with respect to such proposed revisions to this Agreement or other proposals made by Parent, if any, so that the Acquisition Proposal would no longer constitute a Superior Proposal, (4) after considering the results of negotiations with Parent and taking into account the proposals made by Parent, if any, after consultation with its outside legal counsel and a financial advisor of nationally recognized reputation, the Company Board shall have determined in good faith that such Acquisition Proposal remains a Superior Proposal, (5) after consultation with its outside legal counsel, that the failure to make the Change of Recommendation or terminate this Agreement to enter into an Alternative Agreement would be inconsistent with the fiduciary duties of the Company Board under applicable Law, and (6) the Company shall have considered the strategic long-term benefits of the Acquisition Proposal beyond immediate financial gains. The provisions of this Section 8.3(c) shall also apply to any amendment to the financial terms or any other material amendment to any Acquisition Proposal.
Choices: "
"59","Answer the following multiple choice question. The last line of your response should be of the following format: 'ANSWER: $LETTER' (without quotes) where LETTER is one of {letters}. Think step by step before answering.

{question}

{choices}

Instruction: Read the segment of a merger agreement and answer the multiple-choice question by choosing the option that best characterizes the agreement.
Question: Is “financial point of view” the sole consideration when determining whether an offer is superior?
Option A: No
Option B: Yes

Merger Agreement: SECTION 8.3. Evaluation of Acquisition Proposals. <omitted> (c) During the Pre-Closing Period, the Company Board may effect a Company Recommendation Change <omitted> if, and only if, <omitted> (ii) the Company Board determines in good faith, after consultation with the Company’s outside legal counsel, that the failure to make the Company Recommendation Change would be inconsistent with the fiduciary duties of the Company Board under applicable Law, (iii) the Company has provided Parent with written notice of the Company Board’s intention to make a Company Recommendation Change not earlier than 11:59 p.m. New York time on the third Business Day after Parent receives such written notice, and (iv) if not in connection with an Intervening Event pursuant to Section 8.3(d), the decision to make a Company Recommendation Change is in connection with an Acquisition Proposal, and the Company shall have complied with clauses (1) through (5), as follows: (1) prior to giving effect to clauses (2) through (5), the Company Board shall have determined that such Acquisition Proposal is a Superior Proposal, (2) the Company shall have made available to Parent the material terms and conditions of such Acquisition Proposal and copies of all written communications relating to such Acquisition Proposal in accordance with Section 8.3(b), (3) the Company shall have negotiated in good faith with Parent during the three Business Day period provided in the foregoing clause (iii) of this Section 8.3(c) with respect to such proposed revisions to this Agreement or other proposals made by Parent, if any, so that the Acquisition Proposal would no longer constitute a Superior Proposal, (4) after considering the results of negotiations with Parent and taking into account the proposals made by Parent, if any, after consultation with its outside legal counsel and a financial advisor of nationally recognized reputation, the Company Board shall have determined in good faith that such Acquisition Proposal remains a Superior Proposal, and, after consultation with its outside legal counsel, that the failure to make the Company Recommendation Change would be inconsistent with the fiduciary duties of the Company Board under applicable Law, and (5) if the Company intends to terminate this Agreement to enter into a Specified Agreement, the Company shall have complied with Section 9.2(d)(i). For clarity, the provisions of this Section 8.3(c) shall also apply to any amendment to the financial terms or any other material amendment to any Acquisition Proposal. (Pages 82-83)
Answer:
Choices: ","Pass",""
"60","Answer the following multiple choice question. The last line of your response should be of the following format: 'ANSWER: $LETTER' (without quotes) where LETTER is one of {letters}. Think step by step before answering.

{question}

{choices}

Instruction: Read the segment of a merger agreement and answer the multiple-choice question by choosing the option that best characterizes the agreement.
Question: Is “financial point of view” the sole consideration when determining whether an offer is superior?
Option A: No
Option B: Yes

Merger Agreement: SECTION 8.2. Consideration of Offers. <omitted> (f) Notwithstanding anything in this Agreement to the contrary, during the Evaluation Period, the Company Board may approve a Company Recommendation Change <omitted> if, and only if, <omitted> (iii) the Company Board determines in good faith, after consultation with the Company’s outside legal counsel and an independent financial advisor, that the failure to make the Company Recommendation Change or terminate this Agreement to enter into a Specified Agreement would be inconsistent with the fiduciary duties of the Company Board under applicable Law, (iv) the Company has provided Parent with written notice of the Company Board’s intention to make a Company Recommendation Change or terminate this Agreement to enter into a Specified Agreement not earlier than 11:59 p.m. New York time on the fourth Business Day after Parent receives such written notice and (v) if not in connection with an Intervening Event pursuant to Section 8.2(g), the decision to make a Company Recommendation Change is in connection with an Acquisition Proposal or with the Company’s intent to terminate this Agreement to enter into a Specified Agreement, and the Company shall have complied with clauses (1) through (4), as follows: (1) prior to giving effect to clauses (2) through (4), the Company Board shall have determined that such Acquisition Proposal is a Superior Proposal based on the financial terms, (2) the Company shall have made available to Parent orally and in writing the material terms and conditions of such Acquisition Proposal and copies of all written communications (and, if oral, a summary of the material terms of such communications) relating to such Acquisition Proposal in accordance with Section 8.2(b), (3) the Company shall have negotiated in good faith with Parent (and caused its Representatives to negotiate with Parent), to the extent that Parent desires to negotiate, during the four Business Day period provided in the foregoing clause (iv) of this Section 8.2(f) with respect to such proposed revisions to this Agreement or other proposals made by Parent, if any, so that the Acquisition Proposal would no longer constitute a Superior Proposal, (4) after considering the results of negotiations with Parent and taking into account the proposals made by Parent, if any, after consultation with its outside legal counsel and an independent financial advisor, the Company Board shall have determined in good faith that such Acquisition Proposal remains a Superior Proposal, and, after consultation with its outside legal counsel, that the failure to make the Company Recommendation Change or terminate this Agreement to enter into a Specified Agreement would be inconsistent with the fiduciary duties of the Company Board under applicable Law. (Pages 83-84)
Choices: ","Pass",""
"61","Answer the following multiple choice question. The last line of your response should be of the following format: 'ANSWER: $LETTER' (without quotes) where LETTER is one of {letters}. Think step by step before answering.

{question}

{choices}

Instruction: Read the segment of a merger agreement and answer the multiple-choice question by choosing the option that best characterizes the agreement.
Question: Is “financial point of view” the sole consideration when determining whether an offer is superior?
Option A: No
Option B: Yes

Merger Agreement: SECTION 8.3. No Solicitation. <omitted> (f) Notwithstanding anything in this Agreement to the contrary, at any time during the Pre-Closing Period, the Company Board may effect a Company Adverse Recommendation Change <omitted> if, and only if, <omitted> (iii) the Company Board determines in good faith, after consultation with the Company’s outside legal counsel, that the failure to make the Company Adverse Recommendation Change or terminate this Agreement to enter into a Specified Agreement would be inconsistent with the fiduciary duties of the Company Board under applicable Law, including considerations of regulatory compliance and strategic alignment with the Company’s long-term goals, (iv) the Company has given Parent written notice of the Company Board’s intention to make a Company Adverse Recommendation Change or terminate this Agreement to enter into a Specified Agreement not earlier than 11:59 p.m. New York time on the fifth Business Day after Parent receives such written notice, and (v) if not in connection with an Intervening Event pursuant to Section 8.3(g), the decision to make a Company Adverse Recommendation Change is in connection with an Acquisition Proposal or with the Company’s intent to terminate this Agreement to enter into a Specified Agreement, and the Company shall have complied with clauses (1) through (6), as follows: (1) prior to giving effect to clauses (2) through (6), the Company Board shall have determined that such Acquisition Proposal is a Superior Proposal, (2) the Company shall have made available to Parent orally and in writing the material terms and conditions of such Acquisition Proposal and copies of all written communications (and, if oral, a summary of the material terms of such communications) relating to such Acquisition Proposal in accordance with Section 8.3(b), (3) the Company shall have negotiated in good faith with Parent (and caused its Representatives to negotiate with Parent), to the extent that Parent desires to negotiate, during the five Business Day period provided in the foregoing clause (iv) of this Section 8.3(f) with respect to such proposed revisions to this Agreement or other proposals made by Parent, if any, so that the Acquisition Proposal would no longer constitute a Superior Proposal, (4) after considering the results of negotiations with Parent and taking into account the proposals made by Parent, if any, after consultation with its outside legal counsel and a financial advisor of nationally recognized reputation, the Company Board shall have determined in good faith that such Acquisition Proposal remains a Superior Proposal, and, after consultation with its outside legal counsel, that the failure to make the Company Adverse Recommendation Change or terminate this Agreement to enter into a Specified Agreement would be inconsistent with the fiduciary duties of the Company Board under applicable Law, including considerations of regulatory compliance and strategic alignment with the Company’s long-term goals, and (5) if the Company intends to terminate this Agreement to enter into a Specified Agreement, the Company shall have complied with Section 10.1(d)(i). For clarity, the provisions of this Section 8.3(f) shall also apply to any amendment to the financial terms or any other material amendment to any Acquisition Proposal (except that any reference to five Business Days shall instead be three Business Days) or any successive Acquisition Proposals. (Pages 82-83)
Answer:
Choices: ","Fail","Answer the following multiple choice question. The last line of your response should be of the following format: 'ANSWER: $LETTER' (without quotes) where LETTER is one of {letters}. Think step by step before answering.

{question}

{choices}

Instruction: Read the segment of a merger agreement and answer the multiple-choice question by choosing the option that best characterizes the agreement.
Question: Is “financial point of view” the sole consideration when determining whether an offer is superior?
Option A: No
Option B: Yes

Merger Agreement: SECTION 8.5. No Solicitation. <omitted> (e) Notwithstanding anything in this Agreement to the contrary, during the Pre-Closing Period, the Company Board may effect a Company Adverse Recommendation Change <omitted> if, and only if, <omitted> (ii) the Company Board determines in good faith, after consultation with the Company’s outside legal counsel and a financial advisor of nationally recognized reputation, that the failure to make the Company Adverse Recommendation Change or terminate this Agreement to enter into a Specified Agreement would be inconsistent with the fiduciary duties of the Company Board under applicable Law, (iii) the Company has given Parent written notice of the Company Board’s intention to make a Company Adverse Recommendation Change or terminate this Agreement to enter into a Specified Agreement not earlier than 11:59 p.m. New York time on the fifth Business Day after Parent receives such written notice and (iv) if not in connection with an Intervening Event pursuant to Section 8.5(f), the decision to make a Company Adverse Recommendation Change is in connection with an Acquisition Proposal or with the Company’s intent to terminate this Agreement to enter into a Specified Agreement, and the Company shall have complied with clauses (1) through (6), as follows: (1) prior to giving effect to clauses (2) through (6), the Company Board shall have determined that such Acquisition Proposal is a Superior Proposal, (2) the Company shall have made available to Parent orally and in writing the material terms and conditions of such Acquisition Proposal and copies of all written communications (and, if oral, a summary of the material terms of such communications) relating to such Acquisition Proposal in accordance with Section 8.5(b), (3) the Company shall have negotiated in good faith with Parent (and caused its Representatives to negotiate with Parent), to the extent that Parent desires to negotiate, during the five Business Day period provided in the foregoing clause (iii) of this Section 8.5(e) with respect to such proposed revisions to this Agreement or other proposals made by Parent, if any, so that the Acquisition Proposal would no longer constitute a Superior Proposal, (4) after considering the results of negotiations with Parent and taking into account the proposals made by Parent, if any, after consultation with its outside legal counsel, a financial advisor of nationally recognized reputation, and a reputational risk advisor, the Company Board shall have determined in good faith that such Acquisition Proposal remains a Superior Proposal, and, after consultation with its outside legal counsel, that the failure to make the Company Adverse Recommendation Change or terminate this Agreement to enter into a Specified Agreement would be inconsistent with the fiduciary duties of the Company Board under applicable Law, (5) the Company Board shall have considered the potential legal ramifications and reputational impacts of the Acquisition Proposal, and (6) if the Company intends to terminate this Agreement to enter into a Specified Agreement, the Company shall have complied with Section 10.1(d)(i). For clarity, the provisions of this Section 8.5(e) shall also apply to any amendment to the financial terms or any other material amendment to any Acquisition Proposal (except that any reference to five Business Days shall instead be three Business Days) or any successive Acquisition Proposals. (Pages 82-83)
Answer:
Choices: "
"62","Answer the following multiple choice question. The last line of your response should be of the following format: 'ANSWER: $LETTER' (without quotes) where LETTER is one of {letters}. Think step by step before answering.

{question}

{choices}

Instruction: Read the segment of a merger agreement and answer the multiple-choice question by choosing the option that best characterizes the agreement.
Question: Is “financial point of view” the sole consideration when determining whether an offer is superior?
Option A: No
Option B: Yes

Merger Agreement: SECTION 9.3. Change of Recommendation. <omitted> (c) Notwithstanding anything in this Agreement to the contrary, the Company Board may change its recommendation if, and only if, (i) the Company Board, after consultation with its outside legal counsel and financial advisors, determines in good faith that a failure to change its recommendation would be inconsistent with its fiduciary duties under applicable law, (ii) the Company has provided the Parent with at least five Business Days' prior written notice of its intention to change the recommendation, including all material terms of any Superior Proposal, and (iii) during the Notice Period, the Company negotiates in good faith with the Parent to make adjustments to the terms of this Agreement so that the Superior Proposal no longer constitutes a Superior Proposal. After the Notice Period, if the Company Board, after considering any modifications proposed by Parent, determines in good faith that the Superior Proposal remains superior, the Company may change its recommendation. It is understood that any change in the financial terms of the Superior Proposal is material and requires a new notice and an additional three Business Day period. (Pages 81-82)
Choices: ","Pass",""
"63","Answer the following multiple choice question. The last line of your response should be of the following format: 'ANSWER: $LETTER' (without quotes) where LETTER is one of {letters}. Think step by step before answering.

{question}

{choices}

Instruction: Read the segment of a merger agreement and answer the multiple-choice question by choosing the option that best characterizes the agreement.
Question: Is “financial point of view” the sole consideration when determining whether an offer is superior?
Option A: No
Option B: Yes

Merger Agreement: ARTICLE 6. No Solicitation. <omitted> (c) Notwithstanding anything in this Agreement to the contrary, during the Pre-Closing Period, the Company Board may implement a Company Adverse Recommendation Change <omitted> if, and only if, <omitted> (ii) the Company Board determines in good faith, after consultation with the Company’s outside legal counsel and financial advisor, that the failure to make the Company Adverse Recommendation Change or terminate this Agreement to enter into a Specified Agreement would be inconsistent with the fiduciary duties of the Company Board under applicable Law, (iii) the Company has provided Parent with written notice of the Company Board’s intention to make a Company Adverse Recommendation Change or terminate this Agreement to enter into a Specified Agreement not earlier than 11:59 p.m. New York time on the seventh Business Day after Parent receives such written notice and (iv) if not related to an Intervening Event pursuant to Section 6.8(d), the decision to make a Company Adverse Recommendation Change is in connection with an Acquisition Proposal or the Company’s intent to terminate this Agreement to enter into a Specified Agreement, and the Company shall have complied with clauses (1) through (5), as follows: (1) prior to giving effect to clauses (2) through (5), the Company Board shall have determined that such Acquisition Proposal is a Superior Proposal, (2) the Company shall have provided to Parent orally and in writing the material terms and conditions of such Acquisition Proposal and copies of all written communications (and, if oral, a summary of the material terms of such communications) relating to such Acquisition Proposal in accordance with Section 6.8(b), (3) the Company shall have negotiated in good faith with Parent (and caused its Representatives to negotiate with Parent), to the extent that Parent desires to negotiate, during the seven Business Day period provided in the foregoing clause (iii) of this Section 6.8(c) with respect to such proposed revisions to this Agreement or other proposals made by Parent, if any, so that the Acquisition Proposal would no longer constitute a Superior Proposal, (4) after considering the results of negotiations with Parent and taking into account the proposals made by Parent, if any, after consultation with its outside legal counsel and a financial advisor of nationally recognized reputation, the Company Board shall have determined in good faith that such Acquisition Proposal remains a Superior Proposal, and, after consultation with its outside legal counsel, that the failure to make the Company Adverse Recommendation Change or terminate this Agreement to enter into a Specified Agreement would be inconsistent with the fiduciary duties of the Company Board under applicable Law and (5) if the Company intends to terminate this Agreement to enter into a Specified Agreement, the Company shall have complied with Section 9.1(d)(i). For clarity, the provisions of this Section 6.8(c) shall also apply to any amendment to the financial terms or any other material amendment to any Acquisition Proposal (except that any reference to seven Business Days shall instead be four Business Days) or any successive Acquisition Proposals. (Pages 85-86)
Answer:
Choices: ","Fail","Answer the following multiple choice question. The last line of your response should be of the following format: 'ANSWER: $LETTER' (without quotes) where LETTER is one of {letters}. Think step by step before answering.

{question}

{choices}

Instruction: Read the segment of a merger agreement and answer the multiple-choice question by choosing the option that best characterizes the agreement.
Question: Is “financial point of view” the sole consideration when determining whether an offer is superior?
Option A: No
Option B: Yes

Merger Agreement: SECTION 8.5. No Solicitation. <omitted> (e) Notwithstanding anything in this Agreement to the contrary, during the Pre-Closing Period, the Company Board may effect a Company Adverse Recommendation Change <omitted> if, and only if, <omitted> (ii) the Company Board determines in good faith, after consultation with the Company’s outside legal counsel and a financial advisor of nationally recognized reputation, that the failure to make the Company Adverse Recommendation Change or terminate this Agreement to enter into a Specified Agreement would be inconsistent with the fiduciary duties of the Company Board under applicable Law, (iii) the Company has given Parent written notice of the Company Board’s intention to make a Company Adverse Recommendation Change or terminate this Agreement to enter into a Specified Agreement not earlier than 11:59 p.m. New York time on the fifth Business Day after Parent receives such written notice and (iv) if not in connection with an Intervening Event pursuant to Section 8.5(f), the decision to make a Company Adverse Recommendation Change is in connection with an Acquisition Proposal or with the Company’s intent to terminate this Agreement to enter into a Specified Agreement, and the Company shall have complied with clauses (1) through (6), as follows: (1) prior to giving effect to clauses (2) through (6), the Company Board shall have determined that such Acquisition Proposal is a Superior Proposal, (2) the Company shall have made available to Parent orally and in writing the material terms and conditions of such Acquisition Proposal and copies of all written communications (and, if oral, a summary of the material terms of such communications) relating to such Acquisition Proposal in accordance with Section 8.5(b), (3) the Company shall have negotiated in good faith with Parent (and caused its Representatives to negotiate with Parent), to the extent that Parent desires to negotiate, during the five Business Day period provided in the foregoing clause (iii) of this Section 8.5(e) with respect to such proposed revisions to this Agreement or other proposals made by Parent, if any, so that the Acquisition Proposal would no longer constitute a Superior Proposal, (4) after considering the results of negotiations with Parent and taking into account the proposals made by Parent, if any, after consultation with its outside legal counsel, a financial advisor of nationally recognized reputation, and a reputational risk advisor, the Company Board shall have determined in good faith that such Acquisition Proposal remains a Superior Proposal, and, after consultation with its outside legal counsel, that the failure to make the Company Adverse Recommendation Change or terminate this Agreement to enter into a Specified Agreement would be inconsistent with the fiduciary duties of the Company Board under applicable Law, (5) the Company Board shall have considered the potential legal ramifications and reputational impacts of the Acquisition Proposal, and (6) if the Company intends to terminate this Agreement to enter into a Specified Agreement, the Company shall have complied with Section 10.1(d)(i). For clarity, the provisions of this Section 8.5(e) shall also apply to any amendment to the financial terms or any other material amendment to any Acquisition Proposal (except that any reference to five Business Days shall instead be three Business Days) or any successive Acquisition Proposals. (Pages 82-83)
Answer:
Choices: "
"64","Answer the following multiple choice question. The last line of your response should be of the following format: 'ANSWER: $LETTER' (without quotes) where LETTER is one of {letters}. Think step by step before answering.

{question}

{choices}

Instruction: Read the segment of a merger agreement and answer the multiple-choice question by choosing the option that best characterizes the agreement.
Question: Is “financial point of view” the sole consideration when determining whether an offer is superior?
Option A: No
Option B: Yes

Merger Agreement: SECTION 9.3. Evaluation of Offers. <omitted> (c) Notwithstanding anything in this Agreement to the contrary, during the Evaluation Period, the Board may consider an Alternative Proposal <omitted> if, and only if, <omitted> (ii) the Board determines in good faith, after consultation with the Company's outside legal counsel and financial advisor, that the failure to consider the Alternative Proposal would be inconsistent with the fiduciary duties of the Board under applicable Law, (iii) the Company has provided Parent with written notice of the Board's intention to consider the Alternative Proposal no later than 11:59 p.m. New York time on the third Business Day after Parent receives such notice and (iv) if not in connection with a Regulatory Event pursuant to Section 9.3(d), the decision to consider an Alternative Proposal is in connection with a Superior Proposal that meets the following criteria: (1) the Board has determined that such Proposal is a Superior Proposal based on financial terms, strategic fit, and potential regulatory hurdles, (2) the Company has made available to Parent the material terms and conditions of such Proposal, including any regulatory concerns, in accordance with Section 9.3(b), (3) the Company shall have negotiated in good faith with Parent during the three Business Day period provided in the foregoing clause (iii) of this Section 9.3(c) with respect to such proposed revisions to this Agreement, if any, so that the Proposal would no longer constitute a Superior Proposal, (4) after considering the results of negotiations with Parent and taking into account the proposals made by Parent, if any, after consultation with its outside legal counsel and a financial advisor of nationally recognized reputation, the Board shall have determined in good faith that such Proposal remains a Superior Proposal, and, after consultation with its outside legal counsel, that the failure to consider the Alternative Proposal would be inconsistent with the fiduciary duties of the Board under applicable Law and (5) if the Company intends to terminate this Agreement to enter into a Specified Agreement, the Company shall have complied with Section 10.1(d)(i). For clarity, the provisions of this Section 9.3(c) shall also apply to any amendment to the financial terms, strategic considerations, or any other material amendment to any Proposal (except that any reference to three Business Days shall instead be two Business Days) or any successive Proposals. (Pages 92-93)
Answer:
Choices: ","Pass",""
"65","Answer the following multiple choice question. The last line of your response should be of the following format: 'ANSWER: $LETTER' (without quotes) where LETTER is one of {letters}. Think step by step before answering.

{question}

{choices}

Instruction: Read the segment of a merger agreement and answer the multiple-choice question by choosing the option that best characterizes the agreement.
Question: Is “financial point of view” the sole consideration when determining whether an offer is superior?
Option A: No
Option B: Yes

Merger Agreement: ARTICLE 9. Evaluation of Offers. <omitted> (c) Notwithstanding any other provision herein, the Company Board may change its recommendation if, and only if, (i) the Company Board determines in good faith, after consultation with its legal counsel, that failure to do so would be inconsistent with its fiduciary duties, (ii) the Company has notified the Parent of its intention to consider a Superior Proposal, and (iii) the Company Board determines in good faith, after consultation with its financial advisors and considering the strategic benefits, long-term growth potential, and potential regulatory hurdles, that such proposal remains superior. The Company Board shall also consider the potential impact on employees and community relations. (Pages 88-89)
Choices: ","Pass",""
"66","Answer the following multiple choice question. The last line of your response should be of the following format: 'ANSWER: $LETTER' (without quotes) where LETTER is one of {letters}. Think step by step before answering.

{question}

{choices}

Instruction: Read the segment of a merger agreement and answer the multiple-choice question by choosing the option that best characterizes the agreement.
Question: Is “financial point of view” the sole consideration when determining whether an offer is superior?
Option A: No
Option B: Yes

Merger Agreement: SECTION 8.3. Evaluation of Offers. <omitted> (b) Notwithstanding anything in this Agreement to the contrary, the Company Board may consider an External Offer if, and only if, <omitted> (iii) the Company Board determines in good faith, after consultation with its outside legal counsel and strategic advisors, that the failure to consider the External Offer would be inconsistent with the fiduciary duties of the Company Board under applicable Law, (iv) the Company Board has considered the strategic alignment of the External Offer with the Company's long-term goals, (v) the Company has provided Parent with written notice of the Company Board's intention to evaluate the External Offer not earlier than 11:59 p.m. New York time on the seventh Business Day after Parent receives such written notice, and (vi) if the decision to evaluate the External Offer is in connection with a Potential Strategic Agreement, the Company shall have complied with clauses (1) through (4), as follows: (1) prior to giving effect to clauses (2) through (4), the Company Board shall have determined that such External Offer is a Superior Offer, (2) the Company shall have made available to Parent orally and in writing the material terms and conditions of such External Offer and copies of all written communications (and, if oral, a summary of the material terms of such communications) relating to such External Offer in accordance with Section 8.3(c), (3) the Company shall have negotiated in good faith with Parent (and caused its Representatives to negotiate with Parent), to the extent that Parent desires to negotiate, during the seven Business Day period provided in the foregoing clause (v) of this Section 8.3(b) with respect to such proposed revisions to this Agreement or other proposals made by Parent, if any, so that the External Offer would no longer constitute a Superior Offer, (4) after considering the results of negotiations with Parent and taking into account the proposals made by Parent, if any, after consultation with its outside legal counsel, strategic advisors, and a financial advisor of nationally recognized reputation, the Company Board shall have determined in good faith that such External Offer remains a Superior Offer, and, after consultation with its outside legal counsel, that the failure to consider the External Offer would be inconsistent with the fiduciary duties of the Company Board under applicable Law. For clarity, the provisions of this Section 8.3(b) shall also apply to any amendment to the financial terms or any other material amendment to any External Offer (except that any reference to seven Business Days shall instead be five Business Days) or any successive External Offers. (Pages 84-85)
Choices: ","Pass",""
"67","Answer the following multiple choice question. The last line of your response should be of the following format: 'ANSWER: $LETTER' (without quotes) where LETTER is one of {letters}. Think step by step before answering.

{question}

{choices}

Instruction: Read the segment of a merger agreement and answer the multiple-choice question by choosing the option that best characterizes the agreement.
Question: Is ""financial point of view"" the sole consideration when determining whether an offer is superior?
Option A: No
Option B: Yes

Merger Agreement: SECTION 9.3. Consideration of Proposals. <omitted> (c) Notwithstanding anything in this Agreement to the contrary, during the Pre-Closing Period, the Company Board may make a Company Adverse Recommendation Change <omitted> if, and only if, <omitted> (iii) the Company Board determines in good faith, after consultation with the Company’s outside legal counsel and financial advisor, that the failure to make the Company Adverse Recommendation Change or terminate this Agreement to enter into a Specified Agreement would be inconsistent with the fiduciary duties of the Company Board under applicable Law, including compliance with regulatory requirements, (iv) the Company has provided Parent written notice of the Company Board’s intention to make a Company Adverse Recommendation Change or terminate this Agreement to enter into a Specified Agreement at least five Business Days prior to taking such action, and (v) the Company has complied with clauses (1) through (4), as follows: (1) the Company Board shall have determined that such Acquisition Proposal is a Superior Proposal, (2) the Company shall have made available to Parent the material terms and conditions of such Acquisition Proposal and copies of all written communications relating to such Acquisition Proposal, (3) the Company shall have negotiated in good faith with Parent to make adjustments to the Agreement so that the Acquisition Proposal would no longer constitute a Superior Proposal, and (4) after considering the results of negotiations with Parent and taking into account the proposals made by Parent, the Company Board shall have determined in good faith that such Acquisition Proposal remains a Superior Proposal, and that the failure to make the Company Adverse Recommendation Change or terminate this Agreement would be inconsistent with the fiduciary duties of the Company Board under applicable Law. (Pages 89-90)
Answer:
Choices: ","Fail","Answer the following multiple choice question. The last line of your response should be of the following format: 'ANSWER: $LETTER' (without quotes) where LETTER is one of {letters}. Think step by step before answering.

{question}

{choices}

Instruction: Read the segment of a merger agreement and answer the multiple-choice question by choosing the option that best characterizes the agreement.
Question: Is “financial point of view” the sole consideration when determining whether an offer is superior?
Option A: No
Option B: Yes

Merger Agreement: SECTION 8.4. Consideration of Proposals. <omitted> (c) Notwithstanding anything in this Agreement to the contrary, the Company Board may make a Company Adverse Recommendation Change <omitted> if, and only if, <omitted> (iii) the Company Board, after consultation with its outside legal counsel and financial advisors, determines that the failure to make the Company Adverse Recommendation Change or terminate this Agreement to enter into a Specified Agreement would be inconsistent with its fiduciary duties under applicable Law, which include considerations of strategic fit and long-term growth potential. The Company shall have complied with the following clauses: (1) the Company Board has determined that such Acquisition Proposal is a Superior Proposal, based not only on financial terms but also on strategic alignment and regulatory considerations, (2) the Company shall have provided Parent with written notice of its intent to make a Company Adverse Recommendation Change, specifying the reasons for such determination, including non-financial aspects, (3) the Company shall have engaged in good faith negotiations with Parent to address these strategic and regulatory concerns, (4) the Company Board, after such negotiations, continues to determine in good faith that the Acquisition Proposal remains a Superior Proposal, considering both financial and non-financial elements, and (5) any amendments to the terms of the Acquisition Proposal shall require a new notice period of at least three Business Days. (Pages 101-102)
Answer:
Choices: "
"68","Answer the following multiple choice question. The last line of your response should be of the following format: 'ANSWER: $LETTER' (without quotes) where LETTER is one of {letters}. Think step by step before answering.

{question}

{choices}

Instruction: Read the segment of a merger agreement and answer the multiple-choice question by choosing the option that best characterizes the agreement.
Question: Is “financial point of view” the sole consideration when determining whether an offer is superior?
Option A: No
Option B: Yes

Merger Agreement: SECTION 8.5. No Solicitation. <omitted> (c) Notwithstanding anything in this Agreement to the contrary, the Company Board may proceed with a Company Adverse Recommendation Change <omitted> if, and only if, <omitted> (iii) the Company Board determines in good faith, after consultation with the Company’s outside legal counsel, that the failure to make the Company Adverse Recommendation Change or terminate this Agreement to enter into a Specified Agreement would be inconsistent with the fiduciary duties of the Company Board under applicable Law, which includes ethical and financial considerations, (iv) the Company has given Parent written notice of the Company Board’s intention to make a Company Adverse Recommendation Change or terminate this Agreement to enter into a Specified Agreement not earlier than 11:59 p.m. New York time on the fifth Business Day after Parent receives such written notice, and (v) the decision to make a Company Adverse Recommendation Change is in connection with an Acquisition Proposal or with the Company’s intent to terminate this Agreement to enter into a Specified Agreement, and the Company shall have complied with clauses (1) through (4), as follows: (1) prior to giving effect to clauses (2) through (4), the Company Board shall have determined that such Acquisition Proposal is a Superior Proposal, (2) the Company shall have made available to Parent orally and in writing the material terms and conditions of such Acquisition Proposal and copies of all written communications (and, if oral, a summary of the material terms of such communications) relating to such Acquisition Proposal in accordance with Section 8.5(b), (3) after considering the results of negotiations with Parent and taking into account the proposals made by Parent, if any, after consultation with its outside legal counsel and a financial advisor of nationally recognized reputation, the Company Board shall have determined in good faith that such Acquisition Proposal remains a Superior Proposal, and, after consultation with its outside legal counsel, that the failure to make the Company Adverse Recommendation Change or terminate this Agreement to enter into a Specified Agreement would be inconsistent with the fiduciary duties of the Company Board under applicable Law, considering both ethical and financial aspects, and (4) if the Company intends to terminate this Agreement to enter into a Specified Agreement, the Company shall have complied with Section 10.1(d)(i). For clarity, the provisions of this Section 8.5(c) shall also apply to any amendment to the financial terms or any other material amendment to any Acquisition Proposal (except that any reference to five Business Days shall instead be three Business Days) or any successive Acquisition Proposals. (Pages 88-89)
Answer:
Choices: ","Fail","Answer the following multiple choice question. The last line of your response should be of the following format: 'ANSWER: $LETTER' (without quotes) where LETTER is one of {letters}. Think step by step before answering.

{question}

{choices}

Instruction: Read the segment of a merger agreement and answer the multiple-choice question by choosing the option that best characterizes the agreement.
Question: Is “financial point of view” the sole consideration when determining whether an offer is superior?
Option A: No
Option B: Yes

Merger Agreement: SECTION 8.5. No Solicitation. <omitted> (e) Notwithstanding anything in this Agreement to the contrary, during the Pre-Closing Period, the Company Board may effect a Company Adverse Recommendation Change <omitted> if, and only if, <omitted> (ii) the Company Board determines in good faith, after consultation with the Company’s outside legal counsel and a financial advisor of nationally recognized reputation, that the failure to make the Company Adverse Recommendation Change or terminate this Agreement to enter into a Specified Agreement would be inconsistent with the fiduciary duties of the Company Board under applicable Law, (iii) the Company has given Parent written notice of the Company Board’s intention to make a Company Adverse Recommendation Change or terminate this Agreement to enter into a Specified Agreement not earlier than 11:59 p.m. New York time on the fifth Business Day after Parent receives such written notice and (iv) if not in connection with an Intervening Event pursuant to Section 8.5(f), the decision to make a Company Adverse Recommendation Change is in connection with an Acquisition Proposal or with the Company’s intent to terminate this Agreement to enter into a Specified Agreement, and the Company shall have complied with clauses (1) through (6), as follows: (1) prior to giving effect to clauses (2) through (6), the Company Board shall have determined that such Acquisition Proposal is a Superior Proposal, (2) the Company shall have made available to Parent orally and in writing the material terms and conditions of such Acquisition Proposal and copies of all written communications (and, if oral, a summary of the material terms of such communications) relating to such Acquisition Proposal in accordance with Section 8.5(b), (3) the Company shall have negotiated in good faith with Parent (and caused its Representatives to negotiate with Parent), to the extent that Parent desires to negotiate, during the five Business Day period provided in the foregoing clause (iii) of this Section 8.5(e) with respect to such proposed revisions to this Agreement or other proposals made by Parent, if any, so that the Acquisition Proposal would no longer constitute a Superior Proposal, (4) after considering the results of negotiations with Parent and taking into account the proposals made by Parent, if any, after consultation with its outside legal counsel, a financial advisor of nationally recognized reputation, and a reputational risk advisor, the Company Board shall have determined in good faith that such Acquisition Proposal remains a Superior Proposal, and, after consultation with its outside legal counsel, that the failure to make the Company Adverse Recommendation Change or terminate this Agreement to enter into a Specified Agreement would be inconsistent with the fiduciary duties of the Company Board under applicable Law, (5) the Company Board shall have considered the potential legal ramifications and reputational impacts of the Acquisition Proposal, and (6) if the Company intends to terminate this Agreement to enter into a Specified Agreement, the Company shall have complied with Section 10.1(d)(i). For clarity, the provisions of this Section 8.5(e) shall also apply to any amendment to the financial terms or any other material amendment to any Acquisition Proposal (except that any reference to five Business Days shall instead be three Business Days) or any successive Acquisition Proposals. (Pages 82-83)
Answer:
Choices: "
"69","Answer the following multiple choice question. The last line of your response should be of the following format: 'ANSWER: $LETTER' (without quotes) where LETTER is one of {letters}. Think step by step before answering.

{question}

{choices}

Instruction: Read the segment of a merger agreement and answer the multiple-choice question by choosing the option that best characterizes the agreement.
Question: Is ""financial point of view"" the sole consideration when determining whether an offer is superior?
Option A: No
Option B: Yes

Merger Agreement: SECTION 8.4. No Solicitation. <omitted> (f) Despite any provisions in this Agreement to the contrary, during the Pre-Closing Period, the Company Board may enact a Company Adverse Recommendation Change <omitted> if, and only if, <omitted> (ii) the Company Board, after consultation with both its outside legal counsel and financial advisors, determines in good faith that the failure to make the Company Adverse Recommendation Change or terminate this Agreement to enter into a Specified Agreement would be inconsistent with the fiduciary duties of the Company Board under applicable Law, (iii) the Company has provided Parent with a written notice of the Company Board’s intention to make a Company Adverse Recommendation Change or terminate this Agreement to enter into a Specified Agreement not earlier than 11:59 p.m. New York time on the fifth Business Day after Parent receives such written notice and (iv) if not related to an Intervening Event as per Section 8.4(g), the decision to make a Company Adverse Recommendation Change is in connection with an Acquisition Proposal or with the Company’s intent to terminate this Agreement to enter into a Specified Agreement, and the Company shall have adhered to clauses (1) through (5), as follows: (1) before implementing clauses (2) through (5), the Company Board shall have determined that such Acquisition Proposal is a Superior Proposal, (2) the Company shall have disclosed to Parent both orally and in writing the material terms and conditions of such Acquisition Proposal and copies of all related communications in accordance with Section 8.4(b), (3) the Company shall have engaged in good faith negotiations with Parent, if Parent desires to negotiate, during the five Business Day period provided in the foregoing clause (iii) of this Section 8.4(f) regarding such proposed revisions to this Agreement or other proposals made by Parent, if any, so that the Acquisition Proposal would no longer qualify as a Superior Proposal, (4) after evaluating the results of negotiations with Parent and considering the proposals made by Parent, if any, after consultation with its outside legal counsel and a financial advisor of nationally recognized reputation, the Company Board shall have determined in good faith that such Acquisition Proposal remains a Superior Proposal, and, after consultation with its outside legal counsel, that the failure to make the Company Adverse Recommendation Change or terminate this Agreement to enter into a Specified Agreement would be inconsistent with the fiduciary duties of the Company Board under applicable Law, and (5) if the Company plans to terminate this Agreement to enter into a Specified Agreement, the Company shall have complied with Section 10.1(d)(i). For clarity, the provisions of this Section 8.4(f) also pertain to any amendment to the financial terms or any other material amendment to any Acquisition Proposal (except that any reference to five Business Days shall instead be three Business Days) or any successive Acquisition Proposals. (Pages 88-89)
Choices: ","Fail","Answer the following multiple choice question. The last line of your response should be of the following format: 'ANSWER: $LETTER' (without quotes) where LETTER is one of {letters}. Think step by step before answering.

{question}

{choices}

Instruction: Read the segment of a merger agreement and answer the multiple-choice question by choosing the option that best characterizes the agreement.
Question: Is “financial point of view” the sole consideration when determining whether an offer is superior?
Option A: No
Option B: Yes

Merger Agreement: SECTION 8.5. No Solicitation. <omitted> (e) Notwithstanding anything in this Agreement to the contrary, during the Pre-Closing Period, the Company Board may effect a Company Adverse Recommendation Change <omitted> if, and only if, <omitted> (ii) the Company Board determines in good faith, after consultation with the Company’s outside legal counsel and a financial advisor of nationally recognized reputation, that the failure to make the Company Adverse Recommendation Change or terminate this Agreement to enter into a Specified Agreement would be inconsistent with the fiduciary duties of the Company Board under applicable Law, (iii) the Company has given Parent written notice of the Company Board’s intention to make a Company Adverse Recommendation Change or terminate this Agreement to enter into a Specified Agreement not earlier than 11:59 p.m. New York time on the fifth Business Day after Parent receives such written notice and (iv) if not in connection with an Intervening Event pursuant to Section 8.5(f), the decision to make a Company Adverse Recommendation Change is in connection with an Acquisition Proposal or with the Company’s intent to terminate this Agreement to enter into a Specified Agreement, and the Company shall have complied with clauses (1) through (6), as follows: (1) prior to giving effect to clauses (2) through (6), the Company Board shall have determined that such Acquisition Proposal is a Superior Proposal, (2) the Company shall have made available to Parent orally and in writing the material terms and conditions of such Acquisition Proposal and copies of all written communications (and, if oral, a summary of the material terms of such communications) relating to such Acquisition Proposal in accordance with Section 8.5(b), (3) the Company shall have negotiated in good faith with Parent (and caused its Representatives to negotiate with Parent), to the extent that Parent desires to negotiate, during the five Business Day period provided in the foregoing clause (iii) of this Section 8.5(e) with respect to such proposed revisions to this Agreement or other proposals made by Parent, if any, so that the Acquisition Proposal would no longer constitute a Superior Proposal, (4) after considering the results of negotiations with Parent and taking into account the proposals made by Parent, if any, after consultation with its outside legal counsel, a financial advisor of nationally recognized reputation, and a reputational risk advisor, the Company Board shall have determined in good faith that such Acquisition Proposal remains a Superior Proposal, and, after consultation with its outside legal counsel, that the failure to make the Company Adverse Recommendation Change or terminate this Agreement to enter into a Specified Agreement would be inconsistent with the fiduciary duties of the Company Board under applicable Law, (5) the Company Board shall have considered the potential legal ramifications and reputational impacts of the Acquisition Proposal, and (6) if the Company intends to terminate this Agreement to enter into a Specified Agreement, the Company shall have complied with Section 10.1(d)(i). For clarity, the provisions of this Section 8.5(e) shall also apply to any amendment to the financial terms or any other material amendment to any Acquisition Proposal (except that any reference to five Business Days shall instead be three Business Days) or any successive Acquisition Proposals. (Pages 82-83)
Answer:
Choices: "
"70","Answer the following multiple choice question. The last line of your response should be of the following format: 'ANSWER: $LETTER' (without quotes) where LETTER is one of {letters}. Think step by step before answering.

{question}

{choices}

Instruction: Read the segment of a merger agreement and answer the multiple-choice question by choosing the option that best characterizes the agreement.
Question: Is “financial point of view” the sole consideration when determining whether an offer is superior?
Option A: No
Option B: Yes

Merger Agreement: SECTION 8.4. Evaluation of Proposals. <omitted> (c) Notwithstanding any provision in this Agreement to the contrary, the Board of Directors may make a Recommendation Change if, and only if, (i) the Board determines in good faith, after consultation with the Company’s external legal counsel and financial advisors, that a failure to make such a change would violate their fiduciary duties under applicable Law, (ii) the Company has provided the Parent with a written notice detailing the Board's intention to make a Recommendation Change, specifying that the decision is based on a Superior Proposal, or a significant legal event that would materially affect the Company, and (iii) the Board has complied with the following: (1) before considering other factors, the Board must determine that the financial terms of the proposal are more favorable from a financial point of view than the existing agreement, (2) the Board must provide the Parent with all material terms and conditions of the proposal, including any legal implications, (3) the Board must engage in good faith negotiations with the Parent to amend the current Agreement to eliminate the financial superiority of the proposal, (4) after evaluating the results of the negotiations, and considering any legal and fiduciary obligations, the Board must determine that the proposal remains superior, and (5) the Company must comply with the termination provisions if it intends to accept the proposal. For clarity, any amendments to the financial or legal terms of a proposal require a new evaluation period, which is a minimum of three Business Days. (Pages 88-90)
Answer:
Choices: ","Pass",""
"71","Answer the following multiple choice question. The last line of your response should be of the following format: 'ANSWER: $LETTER' (without quotes) where LETTER is one of {letters}. Think step by step before answering.

{question}

{choices}

Instruction: Read the segment of a merger agreement and answer the multiple-choice question by choosing the option that best characterizes the agreement.
Question: Is “financial point of view” the sole consideration when determining whether an offer is superior?
Option A: No
Option B: Yes

Merger Agreement: SECTION 9.3. Evaluation of Proposals. <omitted> (b) Notwithstanding anything in this Agreement to the contrary, at any time during the Pre-Closing Period, the Company Board may effect a Company Adverse Recommendation Change <omitted> if, and only if, (i) the Company Board determines in good faith, after consultation with the Company’s outside legal counsel and financial advisors of nationally recognized standing, that the failure to make the Company Adverse Recommendation Change or terminate this Agreement to enter into a Specified Agreement would be inconsistent with the fiduciary duties of the Company Board under applicable Law, (ii) the Company has given Parent written notice of the Company Board’s intention to make a Company Adverse Recommendation Change or terminate this Agreement to enter into a Specified Agreement not earlier than 11:59 p.m. New York time on the fifth Business Day after Parent receives such written notice, (iii) the Company Board, after consultation with its outside legal counsel and financial advisors, determines that the Acquisition Proposal constitutes a Superior Proposal, taking into account all legal, regulatory, financial, and reputational implications, and (iv) after considering the results of negotiations with Parent and taking into account the proposals made by Parent, if any, after consultation with its outside legal counsel and financial advisors of nationally recognized standing, the Company Board shall have determined in good faith that such Acquisition Proposal remains a Superior Proposal and that the failure to make the Company Adverse Recommendation Change or terminate this Agreement to enter into a Specified Agreement would be inconsistent with the fiduciary duties of the Company Board under applicable Law. (Pages 88-89)
Choices: ","Fail","Answer the following multiple choice question. The last line of your response should be of the following format: 'ANSWER: $LETTER' (without quotes) where LETTER is one of {letters}. Think step by step before answering.

{question}

{choices}

Instruction: Read the segment of a merger agreement and answer the multiple-choice question by choosing the option that best characterizes the agreement.
Question: Is ""financial point of view"" the sole consideration when determining whether an offer is superior?
Option A: No
Option B: Yes

Merger Agreement: SECTION 9.4. No Solicitation. <omitted> (c) Notwithstanding anything to the contrary in this Agreement, the Company Board may make a Company Adverse Recommendation Change <omitted> if, and only if, <omitted> (ii) the Company Board determines in good faith, after consultation with the Company's outside legal counsel and financial advisors, that the failure to make the Company Adverse Recommendation Change or terminate this Agreement to enter into a Specified Agreement would be inconsistent with the fiduciary duties of the Company Board under applicable Law, (iii) the Company has given Parent written notice of the Company Board's intention to make a Company Adverse Recommendation Change or terminate this Agreement to enter into a Specified Agreement not earlier than 11:59 p.m. New York time on the third Business Day after Parent receives such written notice and (iv) if not in connection with an Intervening Event pursuant to Section 9.4(d), the decision to make a Company Adverse Recommendation Change is in connection with an Acquisition Proposal, and the Company shall have complied with clauses (1) through (4), as follows: (1) prior to giving effect to clauses (2) through (4), the Company Board shall have determined that such Acquisition Proposal is a Superior Proposal, (2) the Company shall have made available to Parent orally and in writing the material terms and conditions of such Acquisition Proposal and copies of all written communications (and, if oral, a summary of the material terms of such communications) relating to such Acquisition Proposal in accordance with Section 9.4(b), (3) the Company shall have negotiated in good faith with Parent (and caused its Representatives to negotiate with Parent), to the extent that Parent desires to negotiate, during the three Business Day period provided in the foregoing clause (iii) of this Section 9.4(c) with respect to such proposed revisions to this Agreement or other proposals made by Parent, if any, so that the Acquisition Proposal would no longer constitute a Superior Proposal, (4) after considering the results of negotiations with Parent and taking into account the proposals made by Parent, if any, after consultation with its outside legal counsel and a financial advisor of nationally recognized reputation, the Company Board shall have determined in good faith that such Acquisition Proposal remains a Superior Proposal, and, after consultation with its outside legal counsel, that the failure to make the Company Adverse Recommendation Change or terminate this Agreement to enter into a Specified Agreement would be inconsistent with the fiduciary duties of the Company Board under applicable Law. (Pages 88-89)
Answer:
Choices: "
"72","Answer the following multiple choice question. The last line of your response should be of the following format: 'ANSWER: $LETTER' (without quotes) where LETTER is one of {letters}. Think step by step before answering.

{question}

{choices}

Instruction: Read the segment of a merger agreement and answer the multiple-choice question by choosing the option that best characterizes the agreement.
Question: Is “financial point of view” the sole consideration when determining whether an offer is superior?
Option A: No
Option B: Yes

Merger Agreement: SECTION 8.3. No Solicitation. <omitted> (e) Notwithstanding anything in this Agreement to the contrary, during the Pre-Closing Period, the Company Board may effect a Company Adverse Recommendation Change <omitted> if, and only if, <omitted> (ii) the Company Board determines in good faith, after consultation with the Company’s outside legal counsel and a financial advisor of nationally recognized reputation, that the failure to make the Company Adverse Recommendation Change or terminate this Agreement to enter into a Specified Agreement would be inconsistent with the fiduciary duties of the Company Board under applicable Law, (iii) the Company has provided Parent with a written notice of the Company Board’s intention to make a Company Adverse Recommendation Change or terminate this Agreement to enter into a Specified Agreement not earlier than 11:59 p.m. New York time on the seventh Business Day after Parent receives such written notice and (iv) the decision to make a Company Adverse Recommendation Change is in connection with an Acquisition Proposal or with the Company’s intent to terminate this Agreement to enter into a Specified Agreement, and the Company shall have complied with clauses (1) through (5), as follows: (1) prior to giving effect to clauses (2) through (5), the Company Board shall have determined that such Acquisition Proposal is a Superior Proposal, (2) the Company shall have made available to Parent orally and in writing the material terms and conditions of such Acquisition Proposal and copies of all written communications (and, if oral, a summary of the material terms of such communications) relating to such Acquisition Proposal in accordance with Section 8.3(b), (3) the Company shall have negotiated in good faith with Parent (and caused its Representatives to negotiate with Parent), to the extent that Parent desires to negotiate, during the seven Business Day period provided in the foregoing clause (iii) of this Section 8.3(e) with respect to such proposed revisions to this Agreement or other proposals made by Parent, if any, so that the Acquisition Proposal would no longer constitute a Superior Proposal, (4) after considering the results of negotiations with Parent and taking into account the proposals made by Parent, if any, after consultation with its outside legal counsel and a financial advisor of nationally recognized reputation, the Company Board shall have determined in good faith that such Acquisition Proposal remains a Superior Proposal, and, after consultation with its outside legal counsel, that the failure to make the Company Adverse Recommendation Change or terminate this Agreement to enter into a Specified Agreement would be inconsistent with the fiduciary duties of the Company Board under applicable Law, and (5) if the Company intends to terminate this Agreement to enter into a Specified Agreement, the Company shall have complied with Section 9.2(d)(i). For clarity, the provisions of this Section 8.3(e) shall also apply to any amendment to the financial terms or any other material amendment to any Acquisition Proposal (except that any reference to seven Business Days shall instead be four Business Days) or any successive Acquisition Proposals. (Pages 78-79)
Answer:
Choices: ","Fail","Answer the following multiple choice question. The last line of your response should be of the following format: 'ANSWER: $LETTER' (without quotes) where LETTER is one of {letters}. Think step by step before answering.

{question}

{choices}

Instruction: Read the segment of a merger agreement and answer the multiple-choice question by choosing the option that best characterizes the agreement.
Question: Is “financial point of view” the sole consideration when determining whether an offer is superior?
Option A: No
Option B: Yes

Merger Agreement: SECTION 8.5. No Solicitation. <omitted> (e) Notwithstanding anything in this Agreement to the contrary, during the Pre-Closing Period, the Company Board may effect a Company Adverse Recommendation Change <omitted> if, and only if, <omitted> (ii) the Company Board determines in good faith, after consultation with the Company’s outside legal counsel and a financial advisor of nationally recognized reputation, that the failure to make the Company Adverse Recommendation Change or terminate this Agreement to enter into a Specified Agreement would be inconsistent with the fiduciary duties of the Company Board under applicable Law, (iii) the Company has given Parent written notice of the Company Board’s intention to make a Company Adverse Recommendation Change or terminate this Agreement to enter into a Specified Agreement not earlier than 11:59 p.m. New York time on the fifth Business Day after Parent receives such written notice and (iv) if not in connection with an Intervening Event pursuant to Section 8.5(f), the decision to make a Company Adverse Recommendation Change is in connection with an Acquisition Proposal or with the Company’s intent to terminate this Agreement to enter into a Specified Agreement, and the Company shall have complied with clauses (1) through (6), as follows: (1) prior to giving effect to clauses (2) through (6), the Company Board shall have determined that such Acquisition Proposal is a Superior Proposal, (2) the Company shall have made available to Parent orally and in writing the material terms and conditions of such Acquisition Proposal and copies of all written communications (and, if oral, a summary of the material terms of such communications) relating to such Acquisition Proposal in accordance with Section 8.5(b), (3) the Company shall have negotiated in good faith with Parent (and caused its Representatives to negotiate with Parent), to the extent that Parent desires to negotiate, during the five Business Day period provided in the foregoing clause (iii) of this Section 8.5(e) with respect to such proposed revisions to this Agreement or other proposals made by Parent, if any, so that the Acquisition Proposal would no longer constitute a Superior Proposal, (4) after considering the results of negotiations with Parent and taking into account the proposals made by Parent, if any, after consultation with its outside legal counsel, a financial advisor of nationally recognized reputation, and a reputational risk advisor, the Company Board shall have determined in good faith that such Acquisition Proposal remains a Superior Proposal, and, after consultation with its outside legal counsel, that the failure to make the Company Adverse Recommendation Change or terminate this Agreement to enter into a Specified Agreement would be inconsistent with the fiduciary duties of the Company Board under applicable Law, (5) the Company Board shall have considered the potential legal ramifications and reputational impacts of the Acquisition Proposal, and (6) if the Company intends to terminate this Agreement to enter into a Specified Agreement, the Company shall have complied with Section 10.1(d)(i). For clarity, the provisions of this Section 8.5(e) shall also apply to any amendment to the financial terms or any other material amendment to any Acquisition Proposal (except that any reference to five Business Days shall instead be three Business Days) or any successive Acquisition Proposals. (Pages 82-83)
Answer:
Choices: "
"73","Answer the following multiple choice question. The last line of your response should be of the following format: 'ANSWER: $LETTER' (without quotes) where LETTER is one of {letters}. Think step by step before answering.

{question}

{choices}

Instruction: Read the segment of a merger agreement and answer the multiple-choice question by choosing the option that best characterizes the agreement.
Question: Is “financial point of view” the sole consideration when determining whether an offer is superior?
Option A: No
Option B: Yes

Merger Agreement: SECTION 9.4. Evaluation of Proposals. <omitted> (c) Notwithstanding anything in this Agreement to the contrary, during the Pre-Closing Period, the Company Board may make a Recommendation Change <omitted> if, and only if, <omitted> (ii) the Company Board, in consultation with the Company’s outside legal counsel and financial advisor, determines in good faith that the failure to make the Recommendation Change or terminate this Agreement to enter into a Proposed Agreement would be inconsistent with their fiduciary duties under applicable Law, (iii) the Company has provided Parent with written notice of the Company Board’s intention to make a Recommendation Change or terminate this Agreement to enter into a Proposed Agreement no earlier than 11:59 p.m. New York time on the fifth Business Day after Parent receives such written notice and (iv) in connection with a Regulatory Event pursuant to Section 9.4(e), the decision to make a Recommendation Change is in connection with a Proposal or with the Company’s intent to terminate this Agreement to enter into a Proposed Agreement, and the Company shall have complied with clauses (1) through (5), as follows: (1) prior to giving effect to clauses (2) through (5), the Company Board shall have determined that such Proposal is a Superior Proposal, (2) the Company shall have made available to Parent orally and in writing the material terms and conditions of such Proposal and copies of all written communications (and, if oral, a summary of the material terms of such communications) relating to such Proposal in accordance with Section 9.4(b), (3) the Company shall have negotiated in good faith with Parent (and caused its Representatives to negotiate with Parent), to the extent that Parent desires to negotiate, during the five Business Day period provided in the foregoing clause (iii) of this Section 9.4(c) with respect to such proposed revisions to this Agreement or other proposals made by Parent, if any, so that the Proposal would no longer constitute a Superior Proposal, (4) after considering the results of negotiations with Parent and taking into account the proposals made by Parent, if any, after consultation with its outside legal counsel, financial advisor, and compliance officer, the Company Board shall have determined in good faith that such Proposal remains a Superior Proposal, and, after consultation with its outside legal counsel, that the failure to make the Recommendation Change or terminate this Agreement to enter into a Proposed Agreement would be inconsistent with the fiduciary duties of the Company Board under applicable Law and (5) if the Company intends to terminate this Agreement to enter into a Proposed Agreement, the Company shall have complied with Section 11.1(d)(i). For clarity, the provisions of this Section 9.4(c) shall also apply to any amendment to the financial terms or any other material amendment to any Proposal (except that any reference to five Business Days shall instead be three Business Days) or any successive Proposals. (Pages 82-83)
Answer:
Choices: ","Pass",""
"74","Answer the following multiple choice question. The last line of your response should be of the following format: 'ANSWER: $LETTER' (without quotes) where LETTER is one of {letters}. Think step by step before answering.

{question}

{choices}

Instruction: Read the segment of a merger agreement and answer the multiple-choice question by choosing the option that best characterizes the agreement.
Question: Is “financial point of view” the sole consideration when determining whether an offer is superior?
Option A: No
Option B: Yes

Merger Agreement: SECTION 8.4. Superior Proposal Consideration. <omitted> (b) Notwithstanding any other provision of this Agreement, the Company Board may effect a Company Recommendation Change if, and only if, (i) the Company Board determines in good faith, after consultation with the Company’s outside legal counsel and financial advisors, that the failure to make such a change would be inconsistent with its fiduciary duties under applicable law, (ii) the Company has provided Parent with at least three Business Days' prior written notice of its intention to consider a Superior Proposal, including the material terms and conditions of such proposal, and (iii) during the three Business Day period following such notice, the Company has negotiated in good faith with Parent to amend the terms of this Agreement so that the proposal would no longer constitute a Superior Proposal. The Company Board shall have determined that, after considering the results of such negotiations and any amendments to this Agreement, the proposal remains a Superior Proposal, and that the failure to make a Company Recommendation Change would be inconsistent with its fiduciary duties. (Pages 85-86)

Merger Agreement: SECTION 10.2. Fiduciary Duties. <omitted> (c) The Company Board may only consider a proposal to be a Superior Proposal if, after consultation with its outside legal counsel and financial advisors, it determines that the proposal provides greater value to the stockholders from a financial point of view and aligns with the strategic objectives of the Company. The Company must also consider any legal, regulatory, or operational implications of the proposal, ensuring that it aligns with the long-term interests of the Company and its stakeholders. (Page 102)
Answer: 
Choices: ","Pass",""
"75","Answer the following multiple choice question. The last line of your response should be of the following format: 'ANSWER: $LETTER' (without quotes) where LETTER is one of {letters}. Think step by step before answering.

{question}

{choices}

Instruction: Read the segment of a merger agreement and answer the multiple-choice question by choosing the option that best characterizes the agreement.
Question: Is “financial point of view” the sole consideration when determining whether an offer is superior?
Option A: No
Option B: Yes

Merger Agreement: SECTION 8.4. No Solicitation. <omitted> (c) Notwithstanding anything in this Agreement to the contrary, during the Pre-Closing Period, the Company Board may make an Adverse Recommendation Change <omitted> if, and only if, <omitted> (iii) the Company Board determines in good faith, after consultation with the Company's outside legal counsel and financial advisor of nationally recognized reputation, that the failure to make the Adverse Recommendation Change or terminate this Agreement to enter into a Specified Agreement would be inconsistent with the fiduciary duties of the Company Board under applicable Law, (iv) the Company has given Parent written notice of the Company Board's intention to make an Adverse Recommendation Change or terminate this Agreement to enter into a Specified Agreement not earlier than 11:59 p.m. New York time on the third Business Day after Parent receives such written notice and (v) if not in connection with an Intervening Event pursuant to Section 8.4(d), the decision to make an Adverse Recommendation Change is in connection with an Acquisition Proposal or with the Company's intent to terminate this Agreement to enter into a Specified Agreement, and the Company shall have complied with clauses (1) through (4), as follows: (1) prior to giving effect to clauses (2) through (4), the Company Board shall have determined that such Acquisition Proposal is a Superior Proposal, (2) the Company shall have made available to Parent orally and in writing the material terms and conditions of such Acquisition Proposal and copies of all written communications (and, if oral, a summary of the material terms of such communications) relating to such Acquisition Proposal in accordance with Section 8.4(b), (3) the Company shall have negotiated in good faith with Parent (and caused its Representatives to negotiate with Parent), to the extent that Parent desires to negotiate, during the three Business Day period provided in the foregoing clause (iv) of this Section 8.4(c) with respect to such proposed revisions to this Agreement or other proposals made by Parent, if any, so that the Acquisition Proposal would no longer constitute a Superior Proposal, (4) after considering the results of negotiations with Parent and taking into account the proposals made by Parent, if any, after consultation with its outside legal counsel and a financial advisor of nationally recognized reputation, the Company Board shall have determined in good faith that such Acquisition Proposal remains a Superior Proposal, and, after consultation with its outside legal counsel, that the failure to make the Adverse Recommendation Change or terminate this Agreement to enter into a Specified Agreement would be inconsistent with the fiduciary duties of the Company Board under applicable Law. (Pages 82-83)
Answer:
Choices: ","Fail","Answer the following multiple choice question. The last line of your response should be of the following format: 'ANSWER: $LETTER' (without quotes) where LETTER is one of {letters}. Think step by step before answering.

{question}

{choices}

Instruction: Read the segment of a merger agreement and answer the multiple-choice question by choosing the option that best characterizes the agreement.
Question: Is “financial point of view” the sole consideration when determining whether an offer is superior?
Option A: No
Option B: Yes

Merger Agreement: SECTION 8.5. No Solicitation. <omitted> (e) Notwithstanding anything in this Agreement to the contrary, during the Pre-Closing Period, the Company Board may effect a Company Adverse Recommendation Change <omitted> if, and only if, <omitted> (ii) the Company Board determines in good faith, after consultation with the Company’s outside legal counsel and a financial advisor of nationally recognized reputation, that the failure to make the Company Adverse Recommendation Change or terminate this Agreement to enter into a Specified Agreement would be inconsistent with the fiduciary duties of the Company Board under applicable Law, (iii) the Company has given Parent written notice of the Company Board’s intention to make a Company Adverse Recommendation Change or terminate this Agreement to enter into a Specified Agreement not earlier than 11:59 p.m. New York time on the fifth Business Day after Parent receives such written notice and (iv) if not in connection with an Intervening Event pursuant to Section 8.5(f), the decision to make a Company Adverse Recommendation Change is in connection with an Acquisition Proposal or with the Company’s intent to terminate this Agreement to enter into a Specified Agreement, and the Company shall have complied with clauses (1) through (6), as follows: (1) prior to giving effect to clauses (2) through (6), the Company Board shall have determined that such Acquisition Proposal is a Superior Proposal, (2) the Company shall have made available to Parent orally and in writing the material terms and conditions of such Acquisition Proposal and copies of all written communications (and, if oral, a summary of the material terms of such communications) relating to such Acquisition Proposal in accordance with Section 8.5(b), (3) the Company shall have negotiated in good faith with Parent (and caused its Representatives to negotiate with Parent), to the extent that Parent desires to negotiate, during the five Business Day period provided in the foregoing clause (iii) of this Section 8.5(e) with respect to such proposed revisions to this Agreement or other proposals made by Parent, if any, so that the Acquisition Proposal would no longer constitute a Superior Proposal, (4) after considering the results of negotiations with Parent and taking into account the proposals made by Parent, if any, after consultation with its outside legal counsel, a financial advisor of nationally recognized reputation, and a reputational risk advisor, the Company Board shall have determined in good faith that such Acquisition Proposal remains a Superior Proposal, and, after consultation with its outside legal counsel, that the failure to make the Company Adverse Recommendation Change or terminate this Agreement to enter into a Specified Agreement would be inconsistent with the fiduciary duties of the Company Board under applicable Law, (5) the Company Board shall have considered the potential legal ramifications and reputational impacts of the Acquisition Proposal, and (6) if the Company intends to terminate this Agreement to enter into a Specified Agreement, the Company shall have complied with Section 10.1(d)(i). For clarity, the provisions of this Section 8.5(e) shall also apply to any amendment to the financial terms or any other material amendment to any Acquisition Proposal (except that any reference to five Business Days shall instead be three Business Days) or any successive Acquisition Proposals. (Pages 82-83)
Answer:
Choices: "
"76","Answer the following multiple choice question. The last line of your response should be of the following format: 'ANSWER: $LETTER' (without quotes) where LETTER is one of {letters}. Think step by step before answering.

{question}

{choices}

Instruction: Read the segment of a merger agreement and answer the multiple-choice question by choosing the option that best characterizes the agreement.
Question: Is “financial point of view” the sole consideration when determining whether an offer is superior?
Option A: No
Option B: Yes

Merger Agreement: SECTION 8.5. Evaluation of Proposals. <omitted> (c) Notwithstanding anything in this Agreement to the contrary, the Company Board may effect a Company Adverse Recommendation Change if, and only if, (i) the Company Board determines in good faith, after consultation with the Company’s outside legal counsel and its financial advisor of nationally recognized standing, that a failure to make such a change would be inconsistent with the directors' fiduciary duties under applicable Law, (ii) the Company shall have provided Parent with written notice of its intention to make such a change not fewer than four Business Days prior to making the change, and (iii) if the Company receives an Acquisition Proposal that it determines in good faith to be a Superior Proposal, after consultation with its outside legal counsel and financial advisor, the Company Board may take such action, provided that the Company shall have complied with the following procedures: (1) The Company shall have negotiated in good faith with the Parent to allow the Parent to make adjustments to the agreement so that the Acquisition Proposal would no longer be considered superior, (2) the Company shall have considered any legal challenges that might arise from such a change, and (3) after considering the advice of its financial advisor and legal counsel, the Company Board shall have determined that the Acquisition Proposal remains superior, and that failure to proceed with it would be inconsistent with the Company’s fiduciary duties. For clarity, any material amendment to the terms of the Acquisition Proposal shall require a new notice and compliance with the above procedures. (Pages 82-83)
Answer:
Choices: ","Pass",""
"77","Answer the following multiple choice question. The last line of your response should be of the following format: 'ANSWER: $LETTER' (without quotes) where LETTER is one of {letters}. Think step by step before answering.

{question}

{choices}

Instruction: Read the segment of a merger agreement and answer the multiple-choice question by choosing the option that best characterizes the agreement.
Question: Is “financial point of view” the sole consideration when determining whether an offer is superior?
Option A: No
Option B: Yes

Merger Agreement: SECTION 8.3. Consideration of Acquisition Proposals. <omitted> (c) Notwithstanding anything in this Agreement to the contrary, the Company Board may accept a Superior Proposal <omitted> if, and only if, <omitted> (ii) the Company Board determines in good faith, after consultation with the Company’s outside legal counsel and a strategic advisory firm, that the failure to accept the Superior Proposal or terminate this Agreement to enter into a Specified Agreement would be inconsistent with the fiduciary duties of the Company Board under applicable Law, (iii) the Company has provided the Parent with written notice of the Company Board’s intention to accept the Superior Proposal or terminate this Agreement to enter into a Specified Agreement at least four Business Days prior to taking such action, and (iv) the decision to accept the Superior Proposal is based on both financial considerations and strategic alignment, including the potential for long-term growth and market positioning, as determined by the Company Board, after consultation with its outside legal counsel and strategic advisory firm. The Company shall have complied with clauses (1) through (5) as follows: (1) prior to giving effect to clauses (2) through (5), the Company Board shall have determined that such Acquisition Proposal is a Superior Proposal, (2) the Company shall have made available to Parent the material terms and conditions of such Acquisition Proposal, (3) the Company shall have negotiated in good faith with Parent during the four Business Day period provided in the foregoing clause (iii) with respect to such proposed revisions to this Agreement, (4) after considering the results of negotiations with Parent and taking into account the proposals made by Parent, if any, after consultation with its outside legal counsel and strategic advisory firm, the Company Board shall have determined in good faith that such Acquisition Proposal remains a Superior Proposal, and (5) if the Company intends to terminate this Agreement to enter into a Specified Agreement, the Company shall have complied with all applicable notice requirements. For clarity, the provisions of this Section 8.3(c) shall also apply to any amendment to the financial terms or any other material amendment to any Acquisition Proposal.
Choices: ","Pass",""
"78","Answer the following multiple choice question. The last line of your response should be of the following format: 'ANSWER: $LETTER' (without quotes) where LETTER is one of {letters}. Think step by step before answering.

{question}

{choices}

Instruction: Read the segment of a merger agreement and answer the multiple-choice question by choosing the option that best characterizes the agreement.
Question: Is ""financial point of view"" the sole consideration when determining whether an offer is superior?
Option A: No
Option B: Yes

Merger Agreement: SECTION 8.3. Evaluation of Acquisition Proposals. <omitted> (f) Notwithstanding anything in this Agreement to the contrary, during the Pre-Closing Period, the Company Board may make a Company Recommendation Change <omitted> if, and only if, <omitted> (ii) the Company Board determines in good faith, after consultation with the Company’s outside legal counsel and financial advisor, that the failure to make the Company Recommendation Change or terminate this Agreement to enter into a Specified Agreement would be inconsistent with the fiduciary duties of the Company Board under applicable Law, (iii) the Company has provided Parent with a written notice of the Company Board’s intention to make a Company Recommendation Change or terminate this Agreement to enter into a Specified Agreement at least five Business Days prior to taking such action, and (iv) the Company Board determines that such Acquisition Proposal is a Superior Proposal, taking into account the strategic benefits of the proposal, the potential regulatory hurdles, and the likelihood of obtaining necessary approvals, in addition to the financial terms. The Company shall have complied with clauses (1) through (5) as follows: (1) prior to giving effect to clauses (2) through (5), the Company Board shall have determined that such Acquisition Proposal is a Superior Proposal, (2) the Company shall have made available to Parent the material terms and conditions of such Acquisition Proposal and copies of all written communications relating to such Acquisition Proposal, (3) the Company shall have negotiated in good faith with Parent, to the extent that Parent desires to negotiate, during the five Business Day period provided in the foregoing clause (iii) of this Section 8.3(f) with respect to such proposed revisions to this Agreement or other proposals made by Parent, if any, so that the Acquisition Proposal would no longer constitute a Superior Proposal, (4) after considering the results of negotiations with Parent and taking into account the proposals made by Parent, if any, after consultation with its outside legal counsel and a financial advisor of nationally recognized reputation, the Company Board shall have determined in good faith that such Acquisition Proposal remains a Superior Proposal, and (5) if the Company intends to terminate this Agreement to enter into a Specified Agreement, the Company shall have complied with Section 10.1(d)(i). For clarity, the provisions of this Section 8.3(f) shall also apply to any amendment to the financial terms or any other material amendment to any Acquisition Proposal.
Choices: ","Pass",""
"79","Answer the following multiple choice question. The last line of your response should be of the following format: 'ANSWER: $LETTER' (without quotes) where LETTER is one of {letters}. Think step by step before answering.

{question}

{choices}

Instruction: Read the segment of a merger agreement and answer the multiple-choice question by choosing the option that best characterizes the agreement.
Question: Is “financial point of view” the sole consideration when determining whether an offer is superior?
Option A: No
Option B: Yes

Merger Agreement: SECTION 8.3. No Solicitation. <omitted> (e) Notwithstanding anything in this Agreement to the contrary, during the Pre-Closing Period, the Company Board may effect a Company Adverse Recommendation Change <omitted> if, and only if, <omitted> (ii) the Company Board determines in good faith, after consultation with the Company’s outside legal counsel and financial advisors, that the failure to make the Company Adverse Recommendation Change or terminate this Agreement to enter into a Specified Agreement would be inconsistent with the fiduciary duties of the Company Board under applicable Law, (iii) the Company has provided Parent written notice of the Company Board’s intention to make a Company Adverse Recommendation Change or terminate this Agreement to enter into a Specified Agreement no earlier than 11:59 p.m. New York time on the seventh Business Day after Parent receives such written notice, and (iv) if not in connection with an Intervening Event pursuant to Section 8.3(f), the decision to make a Company Adverse Recommendation Change is in connection with an Acquisition Proposal or the Company’s intent to terminate this Agreement to enter into a Specified Agreement, and the Company shall have complied with clauses (1) through (6), as follows: (1) prior to giving effect to clauses (2) through (6), the Company Board shall have determined that such Acquisition Proposal is a Superior Proposal, (2) the Company shall have made available to Parent orally and in writing the material terms and conditions of such Acquisition Proposal and copies of all written communications (and, if oral, a summary of the material terms of such communications) relating to such Acquisition Proposal in accordance with Section 8.3(b), (3) the Company shall have negotiated in good faith with Parent (and caused its Representatives to negotiate with Parent), to the extent that Parent desires to negotiate, during the seven Business Day period provided in the foregoing clause (iii) of this Section 8.3(e) with respect to such proposed revisions to this Agreement or other proposals made by Parent, if any, so that the Acquisition Proposal would no longer constitute a Superior Proposal, (4) after considering the results of negotiations with Parent and taking into account the proposals made by Parent, if any, after consultation with its outside legal counsel and a financial advisor of nationally recognized reputation, the Company Board shall have determined in good faith that such Acquisition Proposal remains a Superior Proposal, and, after consultation with its outside legal counsel, that the failure to make the Company Adverse Recommendation Change or terminate this Agreement to enter into a Specified Agreement would be inconsistent with the fiduciary duties of the Company Board under applicable Law, (5) if the Company intends to terminate this Agreement to enter into a Specified Agreement, the Company shall have complied with Section 10.1(d)(i), and (6) the Company Board has considered the long-term strategic benefits of the proposal in conjunction with its financial advisors. For clarity, the provisions of this Section 8.3(e) shall also apply to any amendment to the financial terms or any other material amendment to any Acquisition Proposal (except that any reference to seven Business Days shall instead be four Business Days) or any successive Acquisition Proposals. (Pages 82-83)
Choices: ","Fail","Answer the following multiple choice question. The last line of your response should be of the following format: 'ANSWER: $LETTER' (without quotes) where LETTER is one of {letters}. Think step by step before answering.

{question}

{choices}

Instruction: Read the segment of a merger agreement and answer the multiple-choice question by choosing the option that best characterizes the agreement.
Question: Is “financial point of view” the sole consideration when determining whether an offer is superior?
Option A: No
Option B: Yes

Merger Agreement: SECTION 8.5. No Solicitation. <omitted> (e) Notwithstanding anything in this Agreement to the contrary, during the Pre-Closing Period, the Company Board may effect a Company Adverse Recommendation Change <omitted> if, and only if, <omitted> (ii) the Company Board determines in good faith, after consultation with the Company’s outside legal counsel and a financial advisor of nationally recognized reputation, that the failure to make the Company Adverse Recommendation Change or terminate this Agreement to enter into a Specified Agreement would be inconsistent with the fiduciary duties of the Company Board under applicable Law, (iii) the Company has given Parent written notice of the Company Board’s intention to make a Company Adverse Recommendation Change or terminate this Agreement to enter into a Specified Agreement not earlier than 11:59 p.m. New York time on the fifth Business Day after Parent receives such written notice and (iv) if not in connection with an Intervening Event pursuant to Section 8.5(f), the decision to make a Company Adverse Recommendation Change is in connection with an Acquisition Proposal or with the Company’s intent to terminate this Agreement to enter into a Specified Agreement, and the Company shall have complied with clauses (1) through (6), as follows: (1) prior to giving effect to clauses (2) through (6), the Company Board shall have determined that such Acquisition Proposal is a Superior Proposal, (2) the Company shall have made available to Parent orally and in writing the material terms and conditions of such Acquisition Proposal and copies of all written communications (and, if oral, a summary of the material terms of such communications) relating to such Acquisition Proposal in accordance with Section 8.5(b), (3) the Company shall have negotiated in good faith with Parent (and caused its Representatives to negotiate with Parent), to the extent that Parent desires to negotiate, during the five Business Day period provided in the foregoing clause (iii) of this Section 8.5(e) with respect to such proposed revisions to this Agreement or other proposals made by Parent, if any, so that the Acquisition Proposal would no longer constitute a Superior Proposal, (4) after considering the results of negotiations with Parent and taking into account the proposals made by Parent, if any, after consultation with its outside legal counsel, a financial advisor of nationally recognized reputation, and a reputational risk advisor, the Company Board shall have determined in good faith that such Acquisition Proposal remains a Superior Proposal, and, after consultation with its outside legal counsel, that the failure to make the Company Adverse Recommendation Change or terminate this Agreement to enter into a Specified Agreement would be inconsistent with the fiduciary duties of the Company Board under applicable Law, (5) the Company Board shall have considered the potential legal ramifications and reputational impacts of the Acquisition Proposal, and (6) if the Company intends to terminate this Agreement to enter into a Specified Agreement, the Company shall have complied with Section 10.1(d)(i). For clarity, the provisions of this Section 8.5(e) shall also apply to any amendment to the financial terms or any other material amendment to any Acquisition Proposal (except that any reference to five Business Days shall instead be three Business Days) or any successive Acquisition Proposals. (Pages 82-83)
Answer:
Choices: "
"80","Answer the following multiple choice question. The last line of your response should be of the following format: 'ANSWER: $LETTER' (without quotes) where LETTER is one of {letters}. Think step by step before answering.

{question}

{choices}

Instruction: Read the segment of a merger agreement and answer the multiple-choice question by choosing the option that best characterizes the agreement.
Question: Is “financial point of view” the sole consideration when determining whether an offer is superior?
Option A: No
Option B: Yes

Merger Agreement: SECTION 8.2. Evaluation of Acquisition Proposals. <omitted> (f) Notwithstanding anything in this Agreement to the contrary, the Company Board may make a Company Recommendation Change <omitted> if, and only if, <omitted> (iii) the Company Board determines in good faith, after consultation with the Company’s outside legal counsel and financial advisor, that the failure to make the Company Recommendation Change or terminate this Agreement to enter into a Specified Agreement would be inconsistent with the fiduciary duties of the Company Board under applicable Law, (iv) the Company has provided Parent with written notice of the Company Board’s intention to make such a change at least five Business Days in advance, and (v) the Company Board has considered the strategic synergies, regulatory approvals, and other non-financial impacts of the Acquisition Proposal, and after such consideration, determines in good faith that the Acquisition Proposal remains a Superior Proposal. Furthermore, the Company shall have negotiated in good faith with Parent to address any concerns raised by Parent during the notice period. (Pages 82-83)
Answer:
Choices: ","Fail","Answer the following multiple choice question. The last line of your response should be of the following format: 'ANSWER: $LETTER' (without quotes) where LETTER is one of {letters}. Think step by step before answering.

{question}

{choices}

Instruction: Read the segment of a merger agreement and answer the multiple-choice question by choosing the option that best characterizes the agreement.
Question: Is “financial point of view” the sole consideration when determining whether an offer is superior?
Option A: No
Option B: Yes

Merger Agreement: SECTION 8.3. Evaluation of Acquisition Proposals. <omitted> (f) During the Pre-Closing Period, the Company Board may alter its recommendation if, and only if, (i) the Company Board determines in good faith, after consulting with the Company’s legal counsel and financial advisors, that the failure to alter its recommendation would be inconsistent with its fiduciary duties under applicable law, (ii) the Company has provided Parent with written notice of its intention to alter its recommendation, including the financial terms of the Acquisition Proposal, at least three Business Days prior to the proposed action, and (iii) the Company Board has determined that such Acquisition Proposal is a Superior Proposal after considering the advice of a financial advisor of nationally recognized standing. The decision must also take into account any changes proposed by Parent during the negotiation period. (Pages 81-82)
Answer:
Choices: "
"81","Answer the following multiple choice question. The last line of your response should be of the following format: 'ANSWER: $LETTER' (without quotes) where LETTER is one of {letters}. Think step by step before answering.

{question}

{choices}

Instruction: Read the segment of a merger agreement and answer the multiple-choice question by choosing the option that best characterizes the agreement.
Question: Is “financial point of view” the sole consideration when determining whether an offer is superior?
Option A: No
Option B: Yes

Merger Agreement: SECTION 8.3. Evaluation of Superior Proposals. <omitted> (c) Notwithstanding anything in this Agreement to the contrary, the Company Board may make a Company Recommendation Change <omitted> if, and only if, <omitted> (iv) the Company Board determines in good faith, after consultation with both its outside legal counsel and a financial advisor of nationally recognized reputation, that the failure to make the Company Recommendation Change or terminate this Agreement to enter into a Specified Agreement would be inconsistent with the fiduciary duties of the Company Board under applicable Law, (v) the Company has provided Parent with a written notice of the Company Board’s intent to make a Company Recommendation Change or terminate this Agreement to enter into a Specified Agreement no earlier than 11:59 p.m. New York time on the third Business Day after Parent receives such written notice, and (vi) after considering any proposed revisions to this Agreement by Parent, the Company Board determines in good faith, after consultation with its outside legal counsel and financial advisor, that such Acquisition Proposal remains a Superior Proposal and that failure to make the Company Recommendation Change would be inconsistent with the fiduciary duties of the Company Board. For clarity, any amendment to the financial or material terms of any Acquisition Proposal shall require a new evaluation period, and the Company shall have complied with all required processes as stipulated in Section 8.3(c). (Pages 102-103)
Answer:
Choices: ","Pass",""
"82","Answer the following multiple choice question. The last line of your response should be of the following format: 'ANSWER: $LETTER' (without quotes) where LETTER is one of {letters}. Think step by step before answering.

{question}

{choices}

Instruction: Read the segment of a merger agreement and answer the multiple-choice question by choosing the option that best characterizes the agreement.
Question: Is “financial point of view” the sole consideration when determining whether an offer is superior?
Option A: No
Option B: Yes

Merger Agreement: SECTION 6.5. No Solicitation. <omitted> (c) Notwithstanding anything in this Agreement to the contrary, the Company Board may make a Company Adverse Recommendation Change <omitted> if, and only if, <omitted> (ii) the Company Board determines in good faith, after consultation with the Company’s outside legal counsel and independent advisors, that the failure to make the Company Adverse Recommendation Change or terminate this Agreement to enter into a Specified Agreement would be inconsistent with the fiduciary duties of the Company Board under applicable Law, (iii) the Company has provided written notice to Parent of the Company Board’s intention to make a Company Adverse Recommendation Change or terminate this Agreement to enter into a Specified Agreement not earlier than 11:59 p.m. New York time on the fourth Business Day after Parent receives such written notice and (iv) if not in connection with an Intervening Event pursuant to Section 6.5(e), the decision to make a Company Adverse Recommendation Change is in connection with an Acquisition Proposal or with the Company’s intent to terminate this Agreement to enter into a Specified Agreement, and the Company shall have complied with clauses (1) through (4), as follows: (1) prior to giving effect to clauses (2) through (4), the Company Board shall have determined that such Acquisition Proposal is a Superior Proposal, (2) the Company shall have made available to Parent orally and in writing the material terms and conditions of such Acquisition Proposal and copies of all written communications (and, if oral, a summary of the material terms of such communications) relating to such Acquisition Proposal in accordance with Section 6.5(b), (3) the Company shall have negotiated in good faith with Parent (and caused its Representatives to negotiate with Parent), to the extent that Parent desires to negotiate, during the four Business Day period provided in the foregoing clause (iii) of this Section 6.5(c) with respect to such proposed revisions to this Agreement or other proposals made by Parent, if any, so that the Acquisition Proposal would no longer constitute a Superior Proposal, (4) after considering the results of negotiations with Parent and taking into account the proposals made by Parent, if any, after consultation with its outside legal counsel and independent advisors, the Company Board shall have determined in good faith that such Acquisition Proposal remains a Superior Proposal, and, after consultation with its outside legal counsel, that the failure to make the Company Adverse Recommendation Change or terminate this Agreement to enter into a Specified Agreement would be inconsistent with the fiduciary duties of the Company Board under applicable Law. (Pages 82-83)
Choices: ","Fail","Answer the following multiple choice question. The last line of your response should be of the following format: 'ANSWER: $LETTER' (without quotes) where LETTER is one of {letters}. Think step by step before answering.

{question}

{choices}

Instruction: Read the segment of a merger agreement and answer the multiple-choice question by choosing the option that best characterizes the agreement.
Question: Is “financial point of view” the sole consideration when determining whether an offer is superior?
Option A: No
Option B: Yes

Merger Agreement: SECTION 8.5. No Solicitation. <omitted> (e) Notwithstanding anything in this Agreement to the contrary, during the Pre-Closing Period, the Company Board may effect a Company Adverse Recommendation Change <omitted> if, and only if, <omitted> (ii) the Company Board determines in good faith, after consultation with the Company’s outside legal counsel and a financial advisor of nationally recognized reputation, that the failure to make the Company Adverse Recommendation Change or terminate this Agreement to enter into a Specified Agreement would be inconsistent with the fiduciary duties of the Company Board under applicable Law, (iii) the Company has given Parent written notice of the Company Board’s intention to make a Company Adverse Recommendation Change or terminate this Agreement to enter into a Specified Agreement not earlier than 11:59 p.m. New York time on the fifth Business Day after Parent receives such written notice and (iv) if not in connection with an Intervening Event pursuant to Section 8.5(f), the decision to make a Company Adverse Recommendation Change is in connection with an Acquisition Proposal or with the Company’s intent to terminate this Agreement to enter into a Specified Agreement, and the Company shall have complied with clauses (1) through (6), as follows: (1) prior to giving effect to clauses (2) through (6), the Company Board shall have determined that such Acquisition Proposal is a Superior Proposal, (2) the Company shall have made available to Parent orally and in writing the material terms and conditions of such Acquisition Proposal and copies of all written communications (and, if oral, a summary of the material terms of such communications) relating to such Acquisition Proposal in accordance with Section 8.5(b), (3) the Company shall have negotiated in good faith with Parent (and caused its Representatives to negotiate with Parent), to the extent that Parent desires to negotiate, during the five Business Day period provided in the foregoing clause (iii) of this Section 8.5(e) with respect to such proposed revisions to this Agreement or other proposals made by Parent, if any, so that the Acquisition Proposal would no longer constitute a Superior Proposal, (4) after considering the results of negotiations with Parent and taking into account the proposals made by Parent, if any, after consultation with its outside legal counsel, a financial advisor of nationally recognized reputation, and a reputational risk advisor, the Company Board shall have determined in good faith that such Acquisition Proposal remains a Superior Proposal, and, after consultation with its outside legal counsel, that the failure to make the Company Adverse Recommendation Change or terminate this Agreement to enter into a Specified Agreement would be inconsistent with the fiduciary duties of the Company Board under applicable Law, (5) the Company Board shall have considered the potential legal ramifications and reputational impacts of the Acquisition Proposal, and (6) if the Company intends to terminate this Agreement to enter into a Specified Agreement, the Company shall have complied with Section 10.1(d)(i). For clarity, the provisions of this Section 8.5(e) shall also apply to any amendment to the financial terms or any other material amendment to any Acquisition Proposal (except that any reference to five Business Days shall instead be three Business Days) or any successive Acquisition Proposals. (Pages 82-83)
Answer:
Choices: "
"83","Answer the following multiple choice question. The last line of your response should be of the following format: 'ANSWER: $LETTER' (without quotes) where LETTER is one of {letters}. Think step by step before answering.

{question}

{choices}

Instruction: Read the segment of a merger agreement and answer the multiple-choice question by choosing the option that best characterizes the agreement.
Question: Is “financial point of view” the sole consideration when determining whether an offer is superior?
Option A: No
Option B: Yes

Merger Agreement: SECTION 9.3. Evaluation of Proposals. <omitted> (f) Notwithstanding anything in this Agreement to the contrary, during the period prior to the Closing Date, the Company Board may effectuate a Company Recommendation Alteration <omitted> if, and only if, <omitted> (iii) the Company Board, after evaluating the proposal in good faith and consulting with its external legal advisors and a financial consultant of national repute, determines that the proposal constitutes a Superior Proposal, and that failing to make a Company Recommendation Alteration or terminate this Agreement to enter into a Specified Agreement would be inconsistent with the Company Board's fiduciary duties under applicable Law, (iv) the Company has provided Parent with written notice of the Company Board’s intention to effectuate a Company Recommendation Alteration or terminate this Agreement to enter into a Specified Agreement not less than 11:59 p.m. New York time on the third Business Day after Parent receives such written notice and (v) the decision to make a Company Recommendation Alteration is in connection with an Acquisition Proposal, and the Company has adhered to the following clauses: (1) the Company Board has determined that such Acquisition Proposal is a Superior Proposal, (2) the Company has communicated to Parent the essential terms and conditions of such Acquisition Proposal and all written communications related to it in accordance with Section 9.3(b), (3) the Company has engaged in good faith negotiations with Parent during the three Business Day period mentioned in clause (iv) of this Section 9.3(f) to allow Parent to propose revisions to this Agreement so that the Acquisition Proposal ceases to be a Superior Proposal, (4) after reviewing the outcomes of negotiations with Parent and considering the proposals made by Parent, if any, after consulting with its external legal advisors and a financial consultant of national repute, the Company Board determines in good faith that the Acquisition Proposal remains a Superior Proposal, and, after consulting with its external legal advisors, that not making the Company Recommendation Alteration or terminating this Agreement to enter into a Specified Agreement would be inconsistent with the fiduciary duties of the Company Board under applicable Law and (5) if the Company intends to terminate this Agreement to enter into a Specified Agreement, the Company has complied with Section 10.1(d)(i). For clarity, this Section 9.3(f) also applies to any amendment to the financial terms or any other material amendment to any Acquisition Proposal, except that any reference to three Business Days shall instead be two Business Days. (Pages 88-89)
Answer: A
Choices: ","Fail","Answer the following multiple choice question. The last line of your response should be of the following format: 'ANSWER: $LETTER' (without quotes) where LETTER is one of {letters}. Think step by step before answering.

{question}

{choices}

Instruction: Read the segment of a merger agreement and answer the multiple-choice question by choosing the option that best characterizes the agreement.
Question: Is “financial point of view” the sole consideration when determining whether an offer is superior?
Option A: No
Option B: Yes

Merger Agreement: SECTION 8.3. Evaluation of Acquisition Proposals. <omitted> (c) During the Pre-Closing Period, the Company Board may effect a Company Recommendation Change <omitted> if, and only if, <omitted> (ii) the Company Board determines in good faith, after consultation with the Company’s outside legal counsel, that the failure to make the Company Recommendation Change would be inconsistent with the fiduciary duties of the Company Board under applicable Law, (iii) the Company has provided Parent with written notice of the Company Board’s intention to make a Company Recommendation Change not earlier than 11:59 p.m. New York time on the third Business Day after Parent receives such written notice, and (iv) if not in connection with an Intervening Event pursuant to Section 8.3(d), the decision to make a Company Recommendation Change is in connection with an Acquisition Proposal, and the Company shall have complied with clauses (1) through (5), as follows: (1) prior to giving effect to clauses (2) through (5), the Company Board shall have determined that such Acquisition Proposal is a Superior Proposal, (2) the Company shall have made available to Parent the material terms and conditions of such Acquisition Proposal and copies of all written communications relating to such Acquisition Proposal in accordance with Section 8.3(b), (3) the Company shall have negotiated in good faith with Parent during the three Business Day period provided in the foregoing clause (iii) of this Section 8.3(c) with respect to such proposed revisions to this Agreement or other proposals made by Parent, if any, so that the Acquisition Proposal would no longer constitute a Superior Proposal, (4) after considering the results of negotiations with Parent and taking into account the proposals made by Parent, if any, after consultation with its outside legal counsel and a financial advisor of nationally recognized reputation, the Company Board shall have determined in good faith that such Acquisition Proposal remains a Superior Proposal, and, after consultation with its outside legal counsel, that the failure to make the Company Recommendation Change would be inconsistent with the fiduciary duties of the Company Board under applicable Law, and (5) if the Company intends to terminate this Agreement to enter into a Specified Agreement, the Company shall have complied with Section 9.2(d)(i). For clarity, the provisions of this Section 8.3(c) shall also apply to any amendment to the financial terms or any other material amendment to any Acquisition Proposal. (Pages 82-83)
Answer:
Choices: "
"84","Answer the following multiple choice question. The last line of your response should be of the following format: 'ANSWER: $LETTER' (without quotes) where LETTER is one of {letters}. Think step by step before answering.

{question}

{choices}

Instruction: Read the segment of a merger agreement and answer the multiple-choice question by choosing the option that best characterizes the agreement.
Question: Is “financial point of view” the sole consideration when determining whether an offer is superior?
Option A: No
Option B: Yes

Merger Agreement: SECTION 4.9. Evaluation of Acquisition Proposals. <omitted> (f) Notwithstanding anything in this Agreement to the contrary, at any time before the Closing Date, the Company Board may decide to accept a different Acquisition Proposal <omitted> if, and only if, <omitted> (iii) the Company Board determines in good faith, after consultation with the Company’s outside legal counsel and strategic advisors, that the failure to consider the new Acquisition Proposal or terminate this Agreement to enter into a Specified Agreement would be inconsistent with the fiduciary duties of the Company Board under applicable Law, (iv) the Company has provided Parent with written notice of the Company Board’s intention to accept a different Acquisition Proposal or terminate this Agreement to enter into a Specified Agreement not earlier than 11:59 p.m. New York time on the seventh Business Day after Parent receives such written notice and (v) if not in connection with an Intervening Event pursuant to Section 4.9(g), the decision to accept a different Acquisition Proposal is due to the Company Board’s determination that the new proposal is a Superior Proposal, and the Company shall have complied with clauses (1) through (6), as follows: (1) prior to giving effect to clauses (2) through (6), the Company Board shall have determined that such Acquisition Proposal is a Superior Proposal, (2) the Company shall have made available to Parent the material terms and conditions of such Acquisition Proposal and copies of all written communications (and, if oral, a summary of the material terms of such communications) relating to such Acquisition Proposal in accordance with Section 4.9(b), (3) the Company shall have engaged in good faith negotiations with Parent (and caused its Representatives to negotiate with Parent), to the extent that Parent desires to negotiate, during the seven Business Day period provided in the foregoing clause (iv) of this Section 4.9(f) with respect to such proposed revisions to this Agreement or other proposals made by Parent, if any, so that the Acquisition Proposal would no longer constitute a Superior Proposal, (4) after considering the results of negotiations with Parent and taking into account the proposals made by Parent, if any, after consultation with its outside legal counsel and strategic advisors, the Company Board shall have determined in good faith that such Acquisition Proposal remains a Superior Proposal, and, after consultation with its outside legal counsel, that the failure to consider the new Acquisition Proposal or terminate this Agreement to enter into a Specified Agreement would be inconsistent with the fiduciary duties of the Company Board under applicable Law and strategic objectives, (5) if the Company intends to terminate this Agreement to enter into a Specified Agreement, the Company shall have complied with Section 9.1(e)(i), and (6) the Company Board shall have considered both the financial and strategic implications of the new Acquisition Proposal. For clarity, the provisions of this Section 4.9(f) shall also apply to any amendment to the financial terms or any other material amendment to any Acquisition Proposal (except that any reference to seven Business Days shall instead be four Business Days) or any successive Acquisition Proposals. (Pages 82-83)
Answer: 
Choices: ","Pass",""
"85","Answer the following multiple choice question. The last line of your response should be of the following format: 'ANSWER: $LETTER' (without quotes) where LETTER is one of {letters}. Think step by step before answering.

{question}

{choices}

Instruction: Read the segment of a merger agreement and answer the multiple-choice question by choosing the option that best characterizes the agreement.
Question: Is “financial point of view” the sole consideration when determining whether an offer is superior?
Option A: No
Option B: Yes

Merger Agreement: SECTION 9.4. Evaluation of Proposals. <omitted> (c) Notwithstanding anything in this Agreement to the contrary, during the Pre-Closing Period, the Company Board may make a Company Adverse Recommendation Change <omitted> if, and only if, <omitted> (ii) the Company Board determines in good faith, after consultation with the Company’s outside legal counsel and a financial advisor of nationally recognized reputation, that the failure to make the Company Adverse Recommendation Change would be inconsistent with the fiduciary duties of the Company Board under applicable Law. In making such determination, the Company Board shall consider, in addition to the financial terms, the strategic benefits, potential synergies, and the long-term impact on the Company’s stakeholders, including employees and customers, (iii) the Company has given Parent written notice of the Company Board’s intention to make a Company Adverse Recommendation Change or terminate this Agreement to enter into a Specified Agreement not earlier than the fifth Business Day after Parent receives such written notice. <omitted> (Pages 102-103)
Choices: ","Pass",""
"86","Answer the following multiple choice question. The last line of your response should be of the following format: 'ANSWER: $LETTER' (without quotes) where LETTER is one of {letters}. Think step by step before answering.

{question}

{choices}

Instruction: Read the segment of a merger agreement and answer the multiple-choice question by choosing the option that best characterizes the agreement.
Question: Is “financial point of view” the sole consideration when determining whether an offer is superior?
Option A: No
Option B: Yes

Merger Agreement: SECTION 8.2. Evaluation of Acquisition Proposals. <omitted> (f) Notwithstanding anything in this Agreement to the contrary, during the Pre-Closing Period, the Company Board may change its recommendation concerning a merger proposal if, and only if, (i) the Company Board determines in good faith, after consultation with its outside legal counsel and a financial advisor of nationally recognized standing, that the failure to change its recommendation would be inconsistent with its fiduciary duties under applicable Law, (ii) the Company provides the Parent with prior written notice of the intention to change the recommendation, specifying the basis for the change, at least five Business Days before such change, and (iii) after considering any potential amendments proposed by the Parent during this period, the Company Board, after consultation with its outside legal counsel, confirms that the proposal still constitutes a Superior Proposal not solely based on financial terms but also on strategic alignment and potential synergies. (Pages 112-113)
Choices: ","Fail","Answer the following multiple choice question. The last line of your response should be of the following format: 'ANSWER: $LETTER' (without quotes) where LETTER is one of {letters}. Think step by step before answering.

{question}

{choices}

Instruction: Read the segment of a merger agreement and answer the multiple-choice question by choosing the option that best characterizes the agreement.
Question: Is “financial point of view” the sole consideration when determining whether an offer is superior?
Option A: No
Option B: Yes

Merger Agreement: SECTION 8.3. Evaluation of Acquisition Proposals. <omitted> (f) During the Pre-Closing Period, the Company Board may alter its recommendation if, and only if, (i) the Company Board determines in good faith, after consulting with the Company’s legal counsel and financial advisors, that the failure to alter its recommendation would be inconsistent with its fiduciary duties under applicable law, (ii) the Company has provided Parent with written notice of its intention to alter its recommendation, including the financial terms of the Acquisition Proposal, at least three Business Days prior to the proposed action, and (iii) the Company Board has determined that such Acquisition Proposal is a Superior Proposal after considering the advice of a financial advisor of nationally recognized standing. The decision must also take into account any changes proposed by Parent during the negotiation period. (Pages 81-82)
Answer:
Choices: "
"87","Answer the following multiple choice question. The last line of your response should be of the following format: 'ANSWER: $LETTER' (without quotes) where LETTER is one of {letters}. Think step by step before answering.

{question}

{choices}

Instruction: Read the segment of a merger agreement and answer the multiple-choice question by choosing the option that best characterizes the agreement.
Question: Is “financial point of view” the sole consideration when determining whether an offer is superior?
Option A: No
Option B: Yes

Merger Agreement: SECTION 6.2. No Solicitation. <omitted> (c) Notwithstanding anything in this Agreement to the contrary, the Company Board may make a Company Adverse Recommendation Change <omitted> if, and only if, <omitted> (ii) the Company Board determines in good faith, after consultation with the Company’s outside legal counsel and a financial advisor of nationally recognized reputation, that the failure to make the Company Adverse Recommendation Change or terminate this Agreement to enter into a Specified Agreement would be inconsistent with the fiduciary duties of the Company Board under applicable Law, (iii) the Company has given Parent written notice of the Company Board’s intention to make a Company Adverse Recommendation Change or terminate this Agreement to enter into a Specified Agreement not earlier than 11:59 p.m. New York time on the third Business Day after Parent receives such written notice and (iv) if not in connection with an Intervening Event pursuant to Section 6.2(d), the decision to make a Company Adverse Recommendation Change is in connection with an Acquisition Proposal or with the Company’s intent to terminate this Agreement to enter into a Specified Agreement, and the Company shall have complied with clauses (1) through (5), as follows: (1) prior to giving effect to clauses (2) through (5), the Company Board shall have determined that such Acquisition Proposal is a Superior Proposal, (2) the Company shall have made available to Parent orally and in writing the material terms and conditions of such Acquisition Proposal and copies of all written communications (and, if oral, a summary of the material terms of such communications) relating to such Acquisition Proposal in accordance with Section 6.2(b), (3) the Company shall have negotiated in good faith with Parent (and caused its Representatives to negotiate with Parent), to the extent that Parent desires to negotiate, during the three Business Day period provided in the foregoing clause (iii) of this Section 6.2(c) with respect to such proposed revisions to this Agreement or other proposals made by Parent, if any, so that the Acquisition Proposal would no longer constitute a Superior Proposal, (4) after considering the results of negotiations with Parent and taking into account the proposals made by Parent, if any, after consultation with its outside legal counsel and a financial advisor, the Company Board shall have determined in good faith that such Acquisition Proposal remains a Superior Proposal, and, after consultation with its outside legal counsel, that the failure to make the Company Adverse Recommendation Change or terminate this Agreement to enter into a Specified Agreement would be inconsistent with the fiduciary duties of the Company Board under applicable Law and (5) if the Company intends to terminate this Agreement to enter into a Specified Agreement, the Company shall have complied with Section 8.1(d)(i). For clarity, the provisions of this Section 6.2(c) shall also apply to any amendment to the financial terms or any other material amendment to any Acquisition Proposal (except that any reference to three Business Days shall instead be two Business Days) or any successive Acquisition Proposals. (Pages 64-65)
Choices: ","Fail","Answer the following multiple choice question. The last line of your response should be of the following format: 'ANSWER: $LETTER' (without quotes) where LETTER is one of {letters}. Think step by step before answering.

{question}

{choices}

Instruction: Read the segment of a merger agreement and answer the multiple-choice question by choosing the option that best characterizes the agreement.
Question: Is “financial point of view” the sole consideration when determining whether an offer is superior?
Option A: No
Option B: Yes

Merger Agreement: SECTION 8.5. No Solicitation. <omitted> (e) Notwithstanding anything in this Agreement to the contrary, during the Pre-Closing Period, the Company Board may effect a Company Adverse Recommendation Change <omitted> if, and only if, <omitted> (ii) the Company Board determines in good faith, after consultation with the Company’s outside legal counsel and a financial advisor of nationally recognized reputation, that the failure to make the Company Adverse Recommendation Change or terminate this Agreement to enter into a Specified Agreement would be inconsistent with the fiduciary duties of the Company Board under applicable Law, (iii) the Company has given Parent written notice of the Company Board’s intention to make a Company Adverse Recommendation Change or terminate this Agreement to enter into a Specified Agreement not earlier than 11:59 p.m. New York time on the fifth Business Day after Parent receives such written notice and (iv) if not in connection with an Intervening Event pursuant to Section 8.5(f), the decision to make a Company Adverse Recommendation Change is in connection with an Acquisition Proposal or with the Company’s intent to terminate this Agreement to enter into a Specified Agreement, and the Company shall have complied with clauses (1) through (6), as follows: (1) prior to giving effect to clauses (2) through (6), the Company Board shall have determined that such Acquisition Proposal is a Superior Proposal, (2) the Company shall have made available to Parent orally and in writing the material terms and conditions of such Acquisition Proposal and copies of all written communications (and, if oral, a summary of the material terms of such communications) relating to such Acquisition Proposal in accordance with Section 8.5(b), (3) the Company shall have negotiated in good faith with Parent (and caused its Representatives to negotiate with Parent), to the extent that Parent desires to negotiate, during the five Business Day period provided in the foregoing clause (iii) of this Section 8.5(e) with respect to such proposed revisions to this Agreement or other proposals made by Parent, if any, so that the Acquisition Proposal would no longer constitute a Superior Proposal, (4) after considering the results of negotiations with Parent and taking into account the proposals made by Parent, if any, after consultation with its outside legal counsel, a financial advisor of nationally recognized reputation, and a reputational risk advisor, the Company Board shall have determined in good faith that such Acquisition Proposal remains a Superior Proposal, and, after consultation with its outside legal counsel, that the failure to make the Company Adverse Recommendation Change or terminate this Agreement to enter into a Specified Agreement would be inconsistent with the fiduciary duties of the Company Board under applicable Law, (5) the Company Board shall have considered the potential legal ramifications and reputational impacts of the Acquisition Proposal, and (6) if the Company intends to terminate this Agreement to enter into a Specified Agreement, the Company shall have complied with Section 10.1(d)(i). For clarity, the provisions of this Section 8.5(e) shall also apply to any amendment to the financial terms or any other material amendment to any Acquisition Proposal (except that any reference to five Business Days shall instead be three Business Days) or any successive Acquisition Proposals. (Pages 82-83)
Answer:
Choices: "
"88","Answer the following multiple choice question. The last line of your response should be of the following format: 'ANSWER: $LETTER' (without quotes) where LETTER is one of {letters}. Think step by step before answering.

{question}

{choices}

Instruction: Read the segment of a merger agreement and answer the multiple-choice question by choosing the option that best characterizes the agreement.
Question: Is “financial point of view” the sole consideration when determining whether an offer is superior?
Option A: No
Option B: Yes

Merger Agreement: SECTION 9.3. No Solicitation. <omitted> (f) Notwithstanding anything in this Agreement to the contrary, the Company Board may effect a Company Adverse Recommendation Change <omitted> only if <omitted> (ii) the Company Board determines in good faith, after consultation with the Company’s outside legal counsel and financial advisors, that the failure to make the Company Adverse Recommendation Change would be inconsistent with the fiduciary duties of the Company Board under applicable Law, (iii) the Company has provided Parent with a written notice of the Company Board’s intention to make a Company Adverse Recommendation Change not earlier than 11:59 p.m. New York time on the fourth Business Day after Parent receives such written notice and (iv) if not in connection with an Intervening Event, the decision to make a Company Adverse Recommendation Change is in connection with an Acquisition Proposal or with the Company’s intent to terminate this Agreement to enter into a Specified Agreement, and the Company shall have complied with clauses (1) through (4), as follows: (1) prior to giving effect to clauses (2) through (4), the Company Board shall have determined that such Acquisition Proposal is a Superior Proposal, (2) the Company shall have made available to Parent the material terms and conditions of such Acquisition Proposal and copies of all written communications relating to such Acquisition Proposal in accordance with Section 9.3(b), (3) the Company shall have negotiated in good faith with Parent during the four Business Day period provided in the foregoing clause (iii) of this Section 9.3(f) with respect to such proposed revisions to this Agreement or other proposals made by Parent, if any, so that the Acquisition Proposal would no longer constitute a Superior Proposal, (4) after considering the results of negotiations with Parent and taking into account the proposals made by Parent, if any, after consultation with its outside legal counsel and financial advisors, the Company Board shall have determined in good faith that such Acquisition Proposal remains a Superior Proposal, and, after consultation with its outside legal counsel, that the failure to make the Company Adverse Recommendation Change would be inconsistent with the fiduciary duties of the Company Board under applicable Law. For clarity, the provisions of this Section 9.3(f) shall also apply to any amendment to the financial terms or any other material amendment to any Acquisition Proposal (except that any reference to four Business Days shall instead be two Business Days) or any successive Acquisition Proposals. (Pages 80-81)
Choices: ","Fail","Answer the following multiple choice question. The last line of your response should be of the following format: 'ANSWER: $LETTER' (without quotes) where LETTER is one of {letters}. Think step by step before answering.

{question}

{choices}

Instruction: Read the segment of a merger agreement and answer the multiple-choice question by choosing the option that best characterizes the agreement.
Question: Is ""financial point of view"" the sole consideration when determining whether an offer is superior?
Option A: No
Option B: Yes

Merger Agreement: SECTION 9.4. No Solicitation. <omitted> (c) Notwithstanding anything to the contrary in this Agreement, the Company Board may make a Company Adverse Recommendation Change <omitted> if, and only if, <omitted> (ii) the Company Board determines in good faith, after consultation with the Company's outside legal counsel and financial advisors, that the failure to make the Company Adverse Recommendation Change or terminate this Agreement to enter into a Specified Agreement would be inconsistent with the fiduciary duties of the Company Board under applicable Law, (iii) the Company has given Parent written notice of the Company Board's intention to make a Company Adverse Recommendation Change or terminate this Agreement to enter into a Specified Agreement not earlier than 11:59 p.m. New York time on the third Business Day after Parent receives such written notice and (iv) if not in connection with an Intervening Event pursuant to Section 9.4(d), the decision to make a Company Adverse Recommendation Change is in connection with an Acquisition Proposal, and the Company shall have complied with clauses (1) through (4), as follows: (1) prior to giving effect to clauses (2) through (4), the Company Board shall have determined that such Acquisition Proposal is a Superior Proposal, (2) the Company shall have made available to Parent orally and in writing the material terms and conditions of such Acquisition Proposal and copies of all written communications (and, if oral, a summary of the material terms of such communications) relating to such Acquisition Proposal in accordance with Section 9.4(b), (3) the Company shall have negotiated in good faith with Parent (and caused its Representatives to negotiate with Parent), to the extent that Parent desires to negotiate, during the three Business Day period provided in the foregoing clause (iii) of this Section 9.4(c) with respect to such proposed revisions to this Agreement or other proposals made by Parent, if any, so that the Acquisition Proposal would no longer constitute a Superior Proposal, (4) after considering the results of negotiations with Parent and taking into account the proposals made by Parent, if any, after consultation with its outside legal counsel and a financial advisor of nationally recognized reputation, the Company Board shall have determined in good faith that such Acquisition Proposal remains a Superior Proposal, and, after consultation with its outside legal counsel, that the failure to make the Company Adverse Recommendation Change or terminate this Agreement to enter into a Specified Agreement would be inconsistent with the fiduciary duties of the Company Board under applicable Law. (Pages 88-89)
Answer:
Choices: "
"89","Answer the following multiple choice question. The last line of your response should be of the following format: 'ANSWER: $LETTER' (without quotes) where LETTER is one of {letters}. Think step by step before answering.

{question}

{choices}

Instruction: Read the segment of a merger agreement and answer the multiple-choice question by choosing the option that best characterizes the agreement.
Question: Is “financial point of view” the sole consideration when determining whether an offer is superior?
Option A: No
Option B: Yes

Merger Agreement: SECTION 8.4. Evaluation of Acquisition Proposals. <omitted> (d) Notwithstanding anything in this Agreement to the contrary, the Company Board may effect a Company Recommendation Change if, and only if, (i) the Company Board determines in good faith, after consultation with the Company’s outside legal counsel, that the failure to make the Company Recommendation Change would be inconsistent with the fiduciary duties of the Company Board under applicable Law, (ii) the Company has provided Parent written notice of the Company Board’s intention to make a Company Recommendation Change or terminate this Agreement to enter into a Specified Agreement not earlier than 11:59 p.m. New York time on the seventh Business Day after Parent receives such written notice, and (iii) the Company Board determines that the Acquisition Proposal is a Superior Proposal after considering the financial terms and the potential regulatory hurdles that could delay or prevent the consummation of the transaction, after consultation with its outside legal counsel and a financial advisor of nationally recognized reputation. Furthermore, the Company shall have complied with clauses (1) through (4), as follows: (1) prior to giving effect to clauses (2) through (4), the Company Board shall have determined that such Acquisition Proposal is a Superior Proposal, (2) the Company shall have made available to Parent the material terms and conditions of such Acquisition Proposal and copies of all written communications (and, if oral, a summary of the material terms of such communications) relating to such Acquisition Proposal, (3) the Company shall have negotiated in good faith with Parent to the extent that Parent desires to negotiate during the seven Business Day period provided in the foregoing clause (ii) of this Section 8.4(d) with respect to such proposed revisions to this Agreement or other proposals made by Parent, if any, so that the Acquisition Proposal would no longer constitute a Superior Proposal, (4) after considering the results of negotiations with Parent and taking into account the proposals made by Parent, if any, after consultation with its outside legal counsel and a financial advisor of nationally recognized reputation, the Company Board shall have determined in good faith that such Acquisition Proposal remains a Superior Proposal, and, after consultation with its outside legal counsel, that the failure to make the Company Recommendation Change or terminate this Agreement to enter into a Specified Agreement would be inconsistent with the fiduciary duties of the Company Board under applicable Law. For clarity, the provisions of this Section 8.4(d) shall also apply to any amendment to the financial terms or any other material amendment to any Acquisition Proposal or any successive Acquisition Proposals. (Pages 85-86)
Choices: ","Fail","Answer the following multiple choice question. The last line of your response should be of the following format: 'ANSWER: $LETTER' (without quotes) where LETTER is one of {letters}. Think step by step before answering.

{question}

{choices}

Instruction: Read the segment of a merger agreement and answer the multiple-choice question by choosing the option that best characterizes the agreement.
Question: Is “financial point of view” the sole consideration when determining whether an offer is superior?
Option A: No
Option B: Yes

Merger Agreement: SECTION 8.3. Evaluation of Acquisition Proposals. <omitted> (c) During the Pre-Closing Period, the Company Board may effect a Company Recommendation Change <omitted> if, and only if, <omitted> (ii) the Company Board determines in good faith, after consultation with the Company’s outside legal counsel, that the failure to make the Company Recommendation Change would be inconsistent with the fiduciary duties of the Company Board under applicable Law, (iii) the Company has provided Parent with written notice of the Company Board’s intention to make a Company Recommendation Change not earlier than 11:59 p.m. New York time on the third Business Day after Parent receives such written notice, and (iv) if not in connection with an Intervening Event pursuant to Section 8.3(d), the decision to make a Company Recommendation Change is in connection with an Acquisition Proposal, and the Company shall have complied with clauses (1) through (5), as follows: (1) prior to giving effect to clauses (2) through (5), the Company Board shall have determined that such Acquisition Proposal is a Superior Proposal, (2) the Company shall have made available to Parent the material terms and conditions of such Acquisition Proposal and copies of all written communications relating to such Acquisition Proposal in accordance with Section 8.3(b), (3) the Company shall have negotiated in good faith with Parent during the three Business Day period provided in the foregoing clause (iii) of this Section 8.3(c) with respect to such proposed revisions to this Agreement or other proposals made by Parent, if any, so that the Acquisition Proposal would no longer constitute a Superior Proposal, (4) after considering the results of negotiations with Parent and taking into account the proposals made by Parent, if any, after consultation with its outside legal counsel and a financial advisor of nationally recognized reputation, the Company Board shall have determined in good faith that such Acquisition Proposal remains a Superior Proposal, and, after consultation with its outside legal counsel, that the failure to make the Company Recommendation Change would be inconsistent with the fiduciary duties of the Company Board under applicable Law, and (5) if the Company intends to terminate this Agreement to enter into a Specified Agreement, the Company shall have complied with Section 9.2(d)(i). For clarity, the provisions of this Section 8.3(c) shall also apply to any amendment to the financial terms or any other material amendment to any Acquisition Proposal. (Pages 82-83)
Answer:
Choices: "
"90","Answer the following multiple choice question. The last line of your response should be of the following format: 'ANSWER: $LETTER' (without quotes) where LETTER is one of {letters}. Think step by step before answering.

{question}

{choices}

Instruction: Read the segment of a merger agreement and answer the multiple-choice question by choosing the option that best characterizes the agreement.
Question: Is “financial point of view” the sole consideration when determining whether an offer is superior?
Option A: No
Option B: Yes

Merger Agreement: ARTICLE 6. Acquisition Proposals. <omitted> (c) Notwithstanding anything in this Agreement to the contrary, at any time during the Pre-Closing Period, the Company Board may effect a Company Adverse Recommendation Change <omitted> if, and only if, <omitted> (ii) the Company Board determines in good faith, after consultation with the Company’s outside legal counsel, that the failure to make the Company Adverse Recommendation Change or terminate this Agreement to enter into a Specified Agreement would be inconsistent with the fiduciary duties of the Company Board under applicable Law, (iii) the Company has given Parent written notice of the Company Board’s intention to make a Company Adverse Recommendation Change or terminate this Agreement to enter into a Specified Agreement not earlier than 11:59 p.m. New York time on the fourth Business Day after Parent receives such written notice and (iv) if not in connection with an Intervening Event pursuant to Section 6.8(e), the decision to make a Company Adverse Recommendation Change is in connection with an Acquisition Proposal or with the Company’s intent to terminate this Agreement to enter into a Specified Agreement, and the Company shall have complied with clauses (1) through (5), as follows: (1) prior to giving effect to clauses (2) through (5), the Company Board shall have determined that such Acquisition Proposal is a Superior Proposal, (2) the Company shall have made available to Parent orally and in writing the material terms and conditions of such Acquisition Proposal and copies of all written communications (and, if oral, a summary of the material terms of such communications) relating to such Acquisition Proposal in accordance with Section 6.8(b), (3) the Company shall have negotiated in good faith with Parent (and caused its Representatives to negotiate with Parent), to the extent that Parent desires to negotiate, during the four Business Day period provided in the foregoing clause (iii) of this Section 6.8(c) with respect to such proposed revisions to this Agreement or other proposals made by Parent, if any, so that the Acquisition Proposal would no longer constitute a Superior Proposal, (4) after considering the results of negotiations with Parent and taking into account the proposals made by Parent, if any, after consultation with its outside legal counsel and a financial advisor of nationally recognized reputation, the Company Board shall have determined in good faith that such Acquisition Proposal remains a Superior Proposal, and, after consultation with its outside legal counsel and an environmental advisor, that the failure to make the Company Adverse Recommendation Change or terminate this Agreement to enter into a Specified Agreement would be inconsistent with the fiduciary duties of the Company Board under applicable Law and (5) if the Company intends to terminate this Agreement to enter into a Specified Agreement, the Company shall have complied with Section 9.1(d)(i). For clarity, the provisions of this Section 6.8(c) shall also apply to any amendment to the financial terms or any other material amendment to any Acquisition Proposal (except that any reference to four Business Days shall instead be two Business Days) or any successive Acquisition Proposals. (Pages 80-81)
Answer:
Choices: ","Fail","Answer the following multiple choice question. The last line of your response should be of the following format: 'ANSWER: $LETTER' (without quotes) where LETTER is one of {letters}. Think step by step before answering.

{question}

{choices}

Instruction: Read the segment of a merger agreement and answer the multiple-choice question by choosing the option that best characterizes the agreement.
Question: Is “financial point of view” the sole consideration when determining whether an offer is superior?
Option A: No
Option B: Yes

Merger Agreement: SECTION 8.5. No Solicitation. <omitted> (e) Notwithstanding anything in this Agreement to the contrary, during the Pre-Closing Period, the Company Board may effect a Company Adverse Recommendation Change <omitted> if, and only if, <omitted> (ii) the Company Board determines in good faith, after consultation with the Company’s outside legal counsel and a financial advisor of nationally recognized reputation, that the failure to make the Company Adverse Recommendation Change or terminate this Agreement to enter into a Specified Agreement would be inconsistent with the fiduciary duties of the Company Board under applicable Law, (iii) the Company has given Parent written notice of the Company Board’s intention to make a Company Adverse Recommendation Change or terminate this Agreement to enter into a Specified Agreement not earlier than 11:59 p.m. New York time on the fifth Business Day after Parent receives such written notice and (iv) if not in connection with an Intervening Event pursuant to Section 8.5(f), the decision to make a Company Adverse Recommendation Change is in connection with an Acquisition Proposal or with the Company’s intent to terminate this Agreement to enter into a Specified Agreement, and the Company shall have complied with clauses (1) through (6), as follows: (1) prior to giving effect to clauses (2) through (6), the Company Board shall have determined that such Acquisition Proposal is a Superior Proposal, (2) the Company shall have made available to Parent orally and in writing the material terms and conditions of such Acquisition Proposal and copies of all written communications (and, if oral, a summary of the material terms of such communications) relating to such Acquisition Proposal in accordance with Section 8.5(b), (3) the Company shall have negotiated in good faith with Parent (and caused its Representatives to negotiate with Parent), to the extent that Parent desires to negotiate, during the five Business Day period provided in the foregoing clause (iii) of this Section 8.5(e) with respect to such proposed revisions to this Agreement or other proposals made by Parent, if any, so that the Acquisition Proposal would no longer constitute a Superior Proposal, (4) after considering the results of negotiations with Parent and taking into account the proposals made by Parent, if any, after consultation with its outside legal counsel, a financial advisor of nationally recognized reputation, and a reputational risk advisor, the Company Board shall have determined in good faith that such Acquisition Proposal remains a Superior Proposal, and, after consultation with its outside legal counsel, that the failure to make the Company Adverse Recommendation Change or terminate this Agreement to enter into a Specified Agreement would be inconsistent with the fiduciary duties of the Company Board under applicable Law, (5) the Company Board shall have considered the potential legal ramifications and reputational impacts of the Acquisition Proposal, and (6) if the Company intends to terminate this Agreement to enter into a Specified Agreement, the Company shall have complied with Section 10.1(d)(i). For clarity, the provisions of this Section 8.5(e) shall also apply to any amendment to the financial terms or any other material amendment to any Acquisition Proposal (except that any reference to five Business Days shall instead be three Business Days) or any successive Acquisition Proposals. (Pages 82-83)
Answer:
Choices: "
"91","Answer the following multiple choice question. The last line of your response should be of the following format: 'ANSWER: $LETTER' (without quotes) where LETTER is one of {letters}. Think step by step before answering.

{question}

{choices}

Instruction: Read the segment of a merger agreement and answer the multiple-choice question by choosing the option that best characterizes the agreement.
Question: Is “financial point of view” the sole consideration when determining whether an offer is superior?
Option A: No
Option B: Yes

Merger Agreement: SECTION 8.3. No Solicitation. <omitted> (e) Notwithstanding anything in this Agreement to the contrary, during the Pre-Closing Period, the Company Board may effect a Company Adverse Recommendation Change <omitted> if, and only if, <omitted> (iii) the Company Board determines in good faith, after consultation with its financial advisor and outside legal counsel, that the failure to make the Company Adverse Recommendation Change or terminate this Agreement to enter into a Specified Agreement would be inconsistent with the fiduciary duties of the Company Board under applicable Law, (iv) the Company has given Parent written notice of the Company Board's intention to make a Company Adverse Recommendation Change or terminate this Agreement to enter into a Specified Agreement not earlier than 11:59 p.m. New York time on the fifth Business Day after Parent receives such written notice, and (v) if not in connection with an Intervening Event pursuant to Section 8.3(f), the decision to make a Company Adverse Recommendation Change is in connection with an Acquisition Proposal or with the Company's intent to terminate this Agreement to enter into a Specified Agreement, and the Company shall have complied with clauses (1) through (6), as follows: (1) prior to giving effect to clauses (2) through (6), the Company Board shall have determined that such Acquisition Proposal is a Superior Proposal, (2) the Company shall have made available to Parent orally and in writing the material terms and conditions of such Acquisition Proposal and copies of all written communications (and, if oral, a summary of the material terms of such communications) relating to such Acquisition Proposal in accordance with Section 8.3(b), (3) the Company shall have negotiated in good faith with Parent (and caused its Representatives to negotiate with Parent), to the extent that Parent desires to negotiate, during the five Business Day period provided in the foregoing clause (iv) of this Section 8.3(e) with respect to such proposed revisions to this Agreement or other proposals made by Parent, if any, so that the Acquisition Proposal would no longer constitute a Superior Proposal, (4) after considering the results of negotiations with Parent and taking into account the proposals made by Parent, if any, after consultation with its outside legal counsel and a financial advisor of nationally recognized reputation, the Company Board shall have determined in good faith that such Acquisition Proposal remains a Superior Proposal, and, after consultation with its outside legal counsel, that the failure to make the Company Adverse Recommendation Change or terminate this Agreement to enter into a Specified Agreement would be inconsistent with the fiduciary duties of the Company Board under applicable Law, (5) if the Company intends to terminate this Agreement to enter into a Specified Agreement, the Company shall have complied with Section 10.1(d)(i), and (6) the Company Board shall have considered the advice of a financial advisor of nationally recognized reputation in determining the superiority of the proposal. For clarity, the provisions of this Section 8.3(e) shall also apply to any amendment to the financial terms or any other material amendment to any Acquisition Proposal (except that any reference to five Business Days shall instead be three Business Days) or any successive Acquisition Proposals. (Pages 82-83)
Choices: ","Fail","Answer the following multiple choice question. The last line of your response should be of the following format: 'ANSWER: $LETTER' (without quotes) where LETTER is one of {letters}. Think step by step before answering.

{question}

{choices}

Instruction: Read the segment of a merger agreement and answer the multiple-choice question by choosing the option that best characterizes the agreement.
Question: Is “financial point of view” the sole consideration when determining whether an offer is superior?
Option A: No
Option B: Yes

Merger Agreement: SECTION 8.5. No Solicitation. <omitted> (e) Notwithstanding anything in this Agreement to the contrary, during the Pre-Closing Period, the Company Board may effect a Company Adverse Recommendation Change <omitted> if, and only if, <omitted> (ii) the Company Board determines in good faith, after consultation with the Company’s outside legal counsel and a financial advisor of nationally recognized reputation, that the failure to make the Company Adverse Recommendation Change or terminate this Agreement to enter into a Specified Agreement would be inconsistent with the fiduciary duties of the Company Board under applicable Law, (iii) the Company has given Parent written notice of the Company Board’s intention to make a Company Adverse Recommendation Change or terminate this Agreement to enter into a Specified Agreement not earlier than 11:59 p.m. New York time on the fifth Business Day after Parent receives such written notice and (iv) if not in connection with an Intervening Event pursuant to Section 8.5(f), the decision to make a Company Adverse Recommendation Change is in connection with an Acquisition Proposal or with the Company’s intent to terminate this Agreement to enter into a Specified Agreement, and the Company shall have complied with clauses (1) through (6), as follows: (1) prior to giving effect to clauses (2) through (6), the Company Board shall have determined that such Acquisition Proposal is a Superior Proposal, (2) the Company shall have made available to Parent orally and in writing the material terms and conditions of such Acquisition Proposal and copies of all written communications (and, if oral, a summary of the material terms of such communications) relating to such Acquisition Proposal in accordance with Section 8.5(b), (3) the Company shall have negotiated in good faith with Parent (and caused its Representatives to negotiate with Parent), to the extent that Parent desires to negotiate, during the five Business Day period provided in the foregoing clause (iii) of this Section 8.5(e) with respect to such proposed revisions to this Agreement or other proposals made by Parent, if any, so that the Acquisition Proposal would no longer constitute a Superior Proposal, (4) after considering the results of negotiations with Parent and taking into account the proposals made by Parent, if any, after consultation with its outside legal counsel, a financial advisor of nationally recognized reputation, and a reputational risk advisor, the Company Board shall have determined in good faith that such Acquisition Proposal remains a Superior Proposal, and, after consultation with its outside legal counsel, that the failure to make the Company Adverse Recommendation Change or terminate this Agreement to enter into a Specified Agreement would be inconsistent with the fiduciary duties of the Company Board under applicable Law, (5) the Company Board shall have considered the potential legal ramifications and reputational impacts of the Acquisition Proposal, and (6) if the Company intends to terminate this Agreement to enter into a Specified Agreement, the Company shall have complied with Section 10.1(d)(i). For clarity, the provisions of this Section 8.5(e) shall also apply to any amendment to the financial terms or any other material amendment to any Acquisition Proposal (except that any reference to five Business Days shall instead be three Business Days) or any successive Acquisition Proposals. (Pages 82-83)
Answer:
Choices: "
"92","Answer the following multiple choice question. The last line of your response should be of the following format: 'ANSWER: $LETTER' (without quotes) where LETTER is one of {letters}. Think step by step before answering.

{question}

{choices}

Instruction: Read the segment of a merger agreement and answer the multiple-choice question by choosing the option that best characterizes the agreement.
Question: Is “financial point of view” the sole consideration when determining whether an offer is superior?
Option A: No
Option B: Yes

Merger Agreement: ARTICLE 9. Superior Proposals. <omitted> (e) Notwithstanding anything in this Agreement to the contrary, at any time prior to the Effective Time, the Company Board may make a Company Recommendation Change <omitted> if, and only if, <omitted> (iii) the Company Board determines in good faith, after consultation with the Company’s legal advisors and financial advisors of nationally recognized standing, that the failure to make such a Company Recommendation Change or terminate this Agreement to enter into an Alternative Acquisition Agreement would be inconsistent with its fiduciary duties under applicable Law, (iv) the Company has given Parent written notice of the Company Board’s intention to make such a Company Recommendation Change or terminate this Agreement to enter into an Alternative Acquisition Agreement not earlier than 11:59 p.m. New York time on the third Business Day after Parent receives such written notice, and (v) if not in connection with an Intervening Event pursuant to Article 9(f), the decision to make a Company Recommendation Change is in connection with an Acquisition Proposal or with the Company’s intent to terminate this Agreement to enter into an Alternative Acquisition Agreement, and the Company shall have complied with clauses (1) through (4), as follows: (1) prior to giving effect to clauses (2) through (4), the Company Board shall have determined that such Acquisition Proposal is a Superior Proposal, (2) the Company shall have made available to Parent both orally and in writing the material terms and conditions of such Acquisition Proposal and copies of all written communications (and, if oral, a summary of the material terms of such communications) relating to such Acquisition Proposal, (3) the Company shall have negotiated in good faith with Parent (and caused its Representatives to negotiate with Parent), to the extent that Parent desires to negotiate, during the three Business Day period provided in the foregoing clause (iv) of this Article 9(e) with respect to such proposed revisions to this Agreement or other proposals made by Parent, if any, so that the Acquisition Proposal would no longer constitute a Superior Proposal, and (4) after considering the results of negotiations with Parent and taking into account the proposals made by Parent, if any, after consultation with its outside legal counsel and a financial advisor of nationally recognized reputation, the Company Board shall have determined in good faith that such Acquisition Proposal remains a Superior Proposal, and, after consultation with its outside legal counsel, that the failure to make the Company Recommendation Change or terminate this Agreement to enter into an Alternative Acquisition Agreement would be inconsistent with the fiduciary duties of the Company Board under applicable Law. (Pages 65-66)
Answer:
Choices: ","Pass",""
"93","Answer the following multiple choice question. The last line of your response should be of the following format: 'ANSWER: $LETTER' (without quotes) where LETTER is one of {letters}. Think step by step before answering.

{question}

{choices}

Instruction: Read the segment of a merger agreement and answer the multiple-choice question by choosing the option that best characterizes the agreement.
Question: Is “financial point of view” the sole consideration when determining whether an offer is superior?
Option A: No
Option B: Yes

Merger Agreement: SECTION 9.3. Evaluation of Acquisition Proposals. <omitted> (f) Notwithstanding anything in this Agreement to the contrary, the Company Board shall not approve or recommend any Acquisition Proposal unless: (i) the Company Board determines in good faith, after consultation with its outside legal counsel and financial advisor, that such Acquisition Proposal constitutes a Superior Proposal, (ii) the Company Board determines, after considering the strategic benefits of the proposal, that the failure to approve such Acquisition Proposal would be inconsistent with its fiduciary duties under applicable Law, and (iii) the Company has complied with the procedural requirements set forth in this Section 9.3(f). The Company Board shall also consider the potential impact on employees, customers, and the community, and such factors shall be weighed alongside financial considerations to determine the superiority of any proposal. (Pages 92-93)
Answer: A
Choices: ","Pass",""
"94","Answer the following multiple choice question. The last line of your response should be of the following format: 'ANSWER: $LETTER' (without quotes) where LETTER is one of {letters}. Think step by step before answering.

{question}

{choices}

Instruction: Read the segment of a merger agreement and answer the multiple-choice question by choosing the option that best characterizes the agreement.
Question: Is “financial point of view” the sole consideration when determining whether an offer is superior?
Option A: No
Option B: Yes

Merger Agreement: SECTION 9.3. Evaluation of Offers. <omitted> (c) The Company Board may effect a Company Recommendation Change if, and only if, (i) the Company Board determines in good faith, after consultation with its outside legal counsel and financial advisor, that the failure to make the Company Recommendation Change or terminate this Agreement to enter into a Superior Agreement would be inconsistent with the fiduciary duties of the Company Board under applicable Law, (ii) the Company has provided the Parent with written notice of the Company Board's intention to make a Company Recommendation Change not less than five Business Days before such change is made, and (iii) the Company Board has determined that such Acquisition Proposal is a Superior Proposal, taking into account both the financial terms and the strategic benefits of the proposal, after consultation with its financial advisor and legal counsel. The Company Board shall also consider the long-term prospects and potential synergies of the proposal, and the impact on stakeholders, including employees and communities, before making a decision. (Page 89)
Answer: 
Choices: ","Pass",""
"95","Answer the following multiple choice question. The last line of your response should be of the following format: 'ANSWER: $LETTER' (without quotes) where LETTER is one of {letters}. Think step by step before answering.

{question}

{choices}

Instruction: Read the segment of a merger agreement and answer the multiple-choice question by choosing the option that best characterizes the agreement.
Question: Is “financial point of view” the sole consideration when determining whether an offer is superior?
Option A: No
Option B: Yes

Merger Agreement: SECTION 8.3. No Solicitation. <omitted> (e) Notwithstanding anything in this Agreement to the contrary, at any time during the Pre-Closing Period, the Company Board may effect a Company Adverse Recommendation Change <omitted> if, and only if, <omitted> (ii) the Company Board determines in good faith, after consultation with the Company’s outside legal counsel and a financial advisor of nationally recognized reputation, that the failure to make the Company Adverse Recommendation Change or terminate this Agreement to enter into a Specified Agreement would be inconsistent with the fiduciary duties of the Company Board under applicable Law, (iii) the Company has given Parent written notice of the Company Board’s intention to make a Company Adverse Recommendation Change or terminate this Agreement to enter into a Specified Agreement not earlier than 11:59 p.m. New York time on the fourth Business Day after Parent receives such written notice and (iv) if not in connection with an Intervening Event pursuant to Section 8.3(f), the decision to make a Company Adverse Recommendation Change is in connection with an Acquisition Proposal or with the Company’s intent to terminate this Agreement to enter into a Specified Agreement, and the Company shall have complied with clauses (1) through (5), as follows: (1) prior to giving effect to clauses (2) through (5), the Company Board shall have determined that such Acquisition Proposal is a Superior Proposal, (2) the Company shall have made available to Parent orally and in writing the material terms and conditions of such Acquisition Proposal and copies of all written communications (and, if oral, a summary of the material terms of such communications) relating to such Acquisition Proposal in accordance with Section 8.3(b), (3) the Company shall have negotiated in good faith with Parent (and caused its Representatives to negotiate with Parent), to the extent that Parent desires to negotiate, during the four Business Day period provided in the foregoing clause (iii) of this Section 8.3(e) with respect to such proposed revisions to this Agreement or other proposals made by Parent, if any, so that the Acquisition Proposal would no longer constitute a Superior Proposal, (4) after considering the results of negotiations with Parent and taking into account the proposals made by Parent, if any, after consultation with its outside legal counsel and a financial advisor of nationally recognized reputation, the Company Board shall have determined in good faith that such Acquisition Proposal remains a Superior Proposal, and, after consultation with its outside legal counsel, that the failure to make the Company Adverse Recommendation Change or terminate this Agreement to enter into a Specified Agreement would be inconsistent with the fiduciary duties of the Company Board under applicable Law and (5) if the Company intends to terminate this Agreement to enter into a Specified Agreement, the Company shall have complied with Section 10.1(d)(i). For clarity, the provisions of this Section 8.3(e) shall also apply to any amendment to the financial terms or any other material amendment to any Acquisition Proposal (except that any reference to four Business Days shall instead be two Business Days) or any successive Acquisition Proposals. (Pages 80-81)
Answer:
Choices: ","Fail","Answer the following multiple choice question. The last line of your response should be of the following format: 'ANSWER: $LETTER' (without quotes) where LETTER is one of {letters}. Think step by step before answering.

{question}

{choices}

Instruction: Read the segment of a merger agreement and answer the multiple-choice question by choosing the option that best characterizes the agreement.
Question: Is “financial point of view” the sole consideration when determining whether an offer is superior?
Option A: No
Option B: Yes

Merger Agreement: SECTION 8.5. No Solicitation. <omitted> (e) Notwithstanding anything in this Agreement to the contrary, during the Pre-Closing Period, the Company Board may effect a Company Adverse Recommendation Change <omitted> if, and only if, <omitted> (ii) the Company Board determines in good faith, after consultation with the Company’s outside legal counsel and a financial advisor of nationally recognized reputation, that the failure to make the Company Adverse Recommendation Change or terminate this Agreement to enter into a Specified Agreement would be inconsistent with the fiduciary duties of the Company Board under applicable Law, (iii) the Company has given Parent written notice of the Company Board’s intention to make a Company Adverse Recommendation Change or terminate this Agreement to enter into a Specified Agreement not earlier than 11:59 p.m. New York time on the fifth Business Day after Parent receives such written notice and (iv) if not in connection with an Intervening Event pursuant to Section 8.5(f), the decision to make a Company Adverse Recommendation Change is in connection with an Acquisition Proposal or with the Company’s intent to terminate this Agreement to enter into a Specified Agreement, and the Company shall have complied with clauses (1) through (6), as follows: (1) prior to giving effect to clauses (2) through (6), the Company Board shall have determined that such Acquisition Proposal is a Superior Proposal, (2) the Company shall have made available to Parent orally and in writing the material terms and conditions of such Acquisition Proposal and copies of all written communications (and, if oral, a summary of the material terms of such communications) relating to such Acquisition Proposal in accordance with Section 8.5(b), (3) the Company shall have negotiated in good faith with Parent (and caused its Representatives to negotiate with Parent), to the extent that Parent desires to negotiate, during the five Business Day period provided in the foregoing clause (iii) of this Section 8.5(e) with respect to such proposed revisions to this Agreement or other proposals made by Parent, if any, so that the Acquisition Proposal would no longer constitute a Superior Proposal, (4) after considering the results of negotiations with Parent and taking into account the proposals made by Parent, if any, after consultation with its outside legal counsel, a financial advisor of nationally recognized reputation, and a reputational risk advisor, the Company Board shall have determined in good faith that such Acquisition Proposal remains a Superior Proposal, and, after consultation with its outside legal counsel, that the failure to make the Company Adverse Recommendation Change or terminate this Agreement to enter into a Specified Agreement would be inconsistent with the fiduciary duties of the Company Board under applicable Law, (5) the Company Board shall have considered the potential legal ramifications and reputational impacts of the Acquisition Proposal, and (6) if the Company intends to terminate this Agreement to enter into a Specified Agreement, the Company shall have complied with Section 10.1(d)(i). For clarity, the provisions of this Section 8.5(e) shall also apply to any amendment to the financial terms or any other material amendment to any Acquisition Proposal (except that any reference to five Business Days shall instead be three Business Days) or any successive Acquisition Proposals. (Pages 82-83)
Answer:
Choices: "
"96","Answer the following multiple choice question. The last line of your response should be of the following format: 'ANSWER: $LETTER' (without quotes) where LETTER is one of {letters}. Think step by step before answering.

{question}

{choices}

Instruction: Read the segment of a merger agreement and answer the multiple-choice question by choosing the option that best characterizes the agreement.
Question: Is “financial point of view” the sole consideration when determining whether an offer is superior?
Option A: No
Option B: Yes

Merger Agreement: SECTION 8.5. Evaluation of Acquisition Proposals. <omitted> (c) Notwithstanding anything in this Agreement to the contrary, during the Pre-Closing Period, the Company Board may change its recommendation if, and only if, (i) the Company Board determines in good faith, after consultation with its outside legal counsel and a financial advisor, that the failure to change its recommendation would be inconsistent with its fiduciary duties to the Company Stockholders under applicable Law, (ii) the Company has provided Parent with at least four (4) Business Days' prior written notice of its intention to change its recommendation, and (iii) the Company Board has determined that the Acquisition Proposal is a Superior Proposal, taking into account the financial aspects of the proposal and any other relevant factors, including the likelihood of the proposal being consummated. The Company shall have negotiated in good faith with Parent during the notice period to make adjustments to the terms of this Agreement so that the Acquisition Proposal would no longer constitute a Superior Proposal. (Pages 88-89)
Choices: ","Fail","Answer the following multiple choice question. The last line of your response should be of the following format: 'ANSWER: $LETTER' (without quotes) where LETTER is one of {letters}. Think step by step before answering.

{question}

{choices}

Instruction: Read the segment of a merger agreement and answer the multiple-choice question by choosing the option that best characterizes the agreement.
Question: Is “financial point of view” the sole consideration when determining whether an offer is superior?
Option A: No
Option B: Yes

Merger Agreement: SECTION 8.4. Evaluation of Acquisition Proposals. <omitted> (f) Notwithstanding anything in this Agreement to the contrary, during the Pre-Closing Period, the Board of Directors may change its recommendation if, and only if, (i) the Board determines in good faith, after consultation with its outside legal counsel and financial advisors, that the failure to make such a change would be inconsistent with its fiduciary duties under applicable Law, (ii) the Company provides written notice to the Parent of its intention to change the recommendation not less than four Business Days prior to such change, (iii) the Board determines that the Acquisition Proposal is a Superior Proposal after considering regulatory compliance, strategic alignment, and other non-financial terms, (iv) the Company has negotiated in good faith with the Parent during the notice period to make adjustments to this Agreement so that the Acquisition Proposal would no longer constitute a Superior Proposal, and (v) any amendment to the financial terms or other material terms of any Acquisition Proposal will require a new notice period of three Business Days. (Pages 85-86)
Answer:
Choices: "
"97","Answer the following multiple choice question. The last line of your response should be of the following format: 'ANSWER: $LETTER' (without quotes) where LETTER is one of {letters}. Think step by step before answering.

{question}

{choices}

Instruction: Read the segment of a merger agreement and answer the multiple-choice question by choosing the option that best characterizes the agreement.
Question: Is “financial point of view” the sole consideration when determining whether an offer is superior?
Option A: No
Option B: Yes

Merger Agreement: SECTION 9.4. Consideration of Proposals. <omitted> (f) Notwithstanding anything in this Agreement to the contrary, at any time during the Pre-Closing Period, the Company Board may make an Adverse Recommendation Change <omitted> if, and only if, <omitted> (i) the Company Board determines in good faith, after consultation with its outside legal counsel and financial advisors, that the failure to make the Adverse Recommendation Change or terminate this Agreement to enter into a Specified Agreement would be inconsistent with its fiduciary duties under applicable Law, (ii) the Company has given Parent written notice of the Company Board’s intention to make an Adverse Recommendation Change or terminate this Agreement to enter into a Specified Agreement not earlier than 11:59 p.m. New York time on the third Business Day after Parent receives such written notice and (iii) in connection with an Acquisition Proposal or with the Company’s intent to terminate this Agreement to enter into a Specified Agreement, the Company shall have complied with clauses (1) through (4), as follows: (1) prior to giving effect to clauses (2) through (4), the Company Board shall have determined that such Acquisition Proposal is a Superior Proposal, (2) the Company shall have made available to Parent the material terms and conditions of such Acquisition Proposal and copies of all written communications (and, if oral, a summary of the material terms of such communications) relating to such Acquisition Proposal, (3) the Company shall have negotiated in good faith with Parent, to the extent that Parent desires to negotiate, during the three Business Day period provided in the foregoing clause (ii) of this Section 9.4(f) with respect to such proposed revisions to this Agreement or other proposals made by Parent, if any, so that the Acquisition Proposal would no longer constitute a Superior Proposal, (4) after considering the results of negotiations with Parent and taking into account the proposals made by Parent, if any, after consultation with its outside legal counsel and a financial advisor of nationally recognized reputation, the Company Board shall have determined in good faith that such Acquisition Proposal remains a Superior Proposal, and, after consultation with its outside legal counsel, that the failure to make the Adverse Recommendation Change or terminate this Agreement to enter into a Specified Agreement would be inconsistent with the fiduciary duties of the Company Board under applicable Law. For clarity, the provisions of this Section 9.4(f) shall also apply to any amendment to the financial terms or any other material amendment to any Acquisition Proposal (except that any reference to three Business Days shall instead be two Business Days) or any successive Acquisition Proposals. (Pages 88-89)
Choices: ","Fail","Answer the following multiple choice question. The last line of your response should be of the following format: 'ANSWER: $LETTER' (without quotes) where LETTER is one of {letters}. Think step by step before answering.

{question}

{choices}

Instruction: Read the segment of a merger agreement and answer the multiple-choice question by choosing the option that best characterizes the agreement.
Question: Is ""financial point of view"" the sole consideration when determining whether an offer is superior?
Option A: No
Option B: Yes

Merger Agreement: SECTION 9.4. No Solicitation. <omitted> (c) Notwithstanding anything to the contrary in this Agreement, the Company Board may make a Company Adverse Recommendation Change <omitted> if, and only if, <omitted> (ii) the Company Board determines in good faith, after consultation with the Company's outside legal counsel and financial advisors, that the failure to make the Company Adverse Recommendation Change or terminate this Agreement to enter into a Specified Agreement would be inconsistent with the fiduciary duties of the Company Board under applicable Law, (iii) the Company has given Parent written notice of the Company Board's intention to make a Company Adverse Recommendation Change or terminate this Agreement to enter into a Specified Agreement not earlier than 11:59 p.m. New York time on the third Business Day after Parent receives such written notice and (iv) if not in connection with an Intervening Event pursuant to Section 9.4(d), the decision to make a Company Adverse Recommendation Change is in connection with an Acquisition Proposal, and the Company shall have complied with clauses (1) through (4), as follows: (1) prior to giving effect to clauses (2) through (4), the Company Board shall have determined that such Acquisition Proposal is a Superior Proposal, (2) the Company shall have made available to Parent orally and in writing the material terms and conditions of such Acquisition Proposal and copies of all written communications (and, if oral, a summary of the material terms of such communications) relating to such Acquisition Proposal in accordance with Section 9.4(b), (3) the Company shall have negotiated in good faith with Parent (and caused its Representatives to negotiate with Parent), to the extent that Parent desires to negotiate, during the three Business Day period provided in the foregoing clause (iii) of this Section 9.4(c) with respect to such proposed revisions to this Agreement or other proposals made by Parent, if any, so that the Acquisition Proposal would no longer constitute a Superior Proposal, (4) after considering the results of negotiations with Parent and taking into account the proposals made by Parent, if any, after consultation with its outside legal counsel and a financial advisor of nationally recognized reputation, the Company Board shall have determined in good faith that such Acquisition Proposal remains a Superior Proposal, and, after consultation with its outside legal counsel, that the failure to make the Company Adverse Recommendation Change or terminate this Agreement to enter into a Specified Agreement would be inconsistent with the fiduciary duties of the Company Board under applicable Law. (Pages 88-89)
Answer:
Choices: "
"98","Answer the following multiple choice question. The last line of your response should be of the following format: 'ANSWER: $LETTER' (without quotes) where LETTER is one of {letters}. Think step by step before answering.

{question}

{choices}

Instruction: Read the segment of a merger agreement and answer the multiple-choice question by choosing the option that best characterizes the agreement.
Question: Is “financial point of view” the sole consideration when determining whether an offer is superior?
Option A: No
Option B: Yes

Merger Agreement: SECTION 8.3. Evaluation of Proposals. <omitted> (b) Notwithstanding anything in this Agreement to the contrary, during the Pre-Closing Period, the Company Board may consider a new Acquisition Proposal <omitted> if, and only if, <omitted> (ii) the Company Board determines in good faith, after consultation with the Company’s outside legal counsel and a financial advisor of nationally recognized reputation, that the failure to consider such Acquisition Proposal would be inconsistent with the fiduciary duties of the Company Board under applicable Law, (iii) the Company has provided Parent with written notice of the Company Board’s intention to consider the Acquisition Proposal not earlier than 11:59 p.m. New York time on the third Business Day after Parent receives such written notice and (iv) the decision to consider the Acquisition Proposal is based on its terms being more favorable from a financial point of view to the Company’s stockholders than the terms of this Agreement, and the Company shall have complied with clauses (1) through (5) as follows: (1) the Company Board shall have determined that such Acquisition Proposal is a Superior Proposal, (2) the Company shall have disclosed to Parent the material terms and conditions of such Acquisition Proposal, (3) the Company shall have engaged in good faith negotiations with Parent to amend the terms of this Agreement so that the Acquisition Proposal would no longer constitute a Superior Proposal, (4) after considering any amendments proposed by Parent, the Company Board shall have determined in good faith that such Acquisition Proposal remains a Superior Proposal, and (5) the Company shall have complied with Section 10.1(d)(i). For clarity, the provisions of this Section 8.3(b) shall also apply to any amendment to the financial terms or any other material amendment to any Acquisition Proposal (except that any reference to three Business Days shall instead be two Business Days) or any successive Acquisition Proposals. (Pages 88-89)
Choices: ","Pass",""
"99","Answer the following multiple choice question. The last line of your response should be of the following format: 'ANSWER: $LETTER' (without quotes) where LETTER is one of {letters}. Think step by step before answering.

{question}

{choices}

Instruction: Read the segment of a merger agreement and answer the multiple-choice question by choosing the option that best characterizes the agreement.
Question: Is “financial point of view” the sole consideration when determining whether an offer is superior?
Option A: No
Option B: Yes

Merger Agreement: SECTION 8.3. No Solicitation. <omitted> (f) Notwithstanding anything in this Agreement to the contrary, at any time prior to the Company Stockholder Approval, the Company Board may make a Company Adverse Recommendation Change <omitted> if, and only if, <omitted> (iii) the Company Board determines in good faith, after consultation with its outside legal counsel and financial advisor, that the failure to make the Company Adverse Recommendation Change or terminate this Agreement to enter into a Specified Agreement would be inconsistent with the fiduciary duties of the Company Board under applicable Law, (iv) the Company has provided Parent with written notice of the Company Board’s intention to make a Company Adverse Recommendation Change or terminate this Agreement to enter into a Specified Agreement at least four Business Days in advance, and (v) if not in connection with an Intervening Event pursuant to Section 8.3(g), the decision to make a Company Adverse Recommendation Change is in connection with an Acquisition Proposal or with the Company’s intent to terminate this Agreement to enter into a Specified Agreement, and the Company shall have complied with clauses (1) through (5), as follows: (1) the Company Board shall have determined that such Acquisition Proposal is a Superior Proposal, (2) the Company shall have provided to Parent the material terms and conditions of such Acquisition Proposal and copies of all written communications (and, if oral, a summary of the material terms of such communications) relating to such Acquisition Proposal, (3) the Company shall have negotiated in good faith with Parent during the four Business Day period provided in the foregoing clause (iv) of this Section 8.3(f) with respect to such proposed revisions to this Agreement or other proposals made by Parent, if any, so that the Acquisition Proposal would no longer constitute a Superior Proposal, (4) after considering the results of negotiations with Parent and taking into account the proposals made by Parent, if any, after consultation with its outside legal counsel and financial advisor, the Company Board shall have determined in good faith that such Acquisition Proposal remains a Superior Proposal, and, after consultation with its outside legal counsel, that the failure to make the Company Adverse Recommendation Change or terminate this Agreement to enter into a Specified Agreement would be inconsistent with the fiduciary duties of the Company Board under applicable Law and (5) if the Company intends to terminate this Agreement to enter into a Specified Agreement, the Company shall have complied with Section 10.1(d)(i). (Pages 83-84)
Choices: ","Fail","Answer the following multiple choice question. The last line of your response should be of the following format: 'ANSWER: $LETTER' (without quotes) where LETTER is one of {letters}. Think step by step before answering.

{question}

{choices}

Instruction: Read the segment of a merger agreement and answer the multiple-choice question by choosing the option that best characterizes the agreement.
Question: Is “financial point of view” the sole consideration when determining whether an offer is superior?
Option A: No
Option B: Yes

Merger Agreement: SECTION 8.2. No Solicitation. <omitted> (e) Notwithstanding anything in this Agreement to the contrary, at any time during the Pre-Closing Period, the Company Board may make a Company Adverse Recommendation Change <omitted> if, and only if, <omitted> (iii) the Company Board determines in good faith, after consultation with the Company’s outside legal counsel and financial advisor, that the failure to make the Company Adverse Recommendation Change or terminate this Agreement to enter into a Specified Agreement would breach the fiduciary duties of the Company Board under applicable Law, (iv) the Company has provided Parent written notice of the Company Board’s intention to make a Company Adverse Recommendation Change or terminate this Agreement to enter into a Specified Agreement at least 72 hours in advance, and (v) if not related to an Intervening Event pursuant to Section 8.2(f), the decision to make a Company Adverse Recommendation Change is connected to an Acquisition Proposal or the Company’s intent to terminate this Agreement to enter into a Specified Agreement, and the Company shall have complied with clauses (1) through (6), as follows: (1) before applying clauses (2) through (6), the Company Board shall have determined that such Acquisition Proposal is a Superior Proposal, (2) the Company shall have made available to Parent both orally and in writing the material terms and conditions of such Acquisition Proposal, and copies of all written communications (and, if oral, a summary of the material terms of such communications) relating to such Acquisition Proposal in accordance with Section 8.2(b), (3) the Company shall have negotiated in good faith with Parent (and caused its Representatives to negotiate with Parent), to the extent that Parent desires to negotiate, during the three Business Day period provided in the foregoing clause (iv) of this Section 8.2(e) with respect to such proposed revisions to this Agreement or other proposals made by Parent, if any, so that the Acquisition Proposal would no longer constitute a Superior Proposal, (4) after considering the results of negotiations with Parent and taking into account the proposals made by Parent, if any, after consultation with its outside legal counsel and its financial advisor, the Company Board shall have determined in good faith that such Acquisition Proposal remains a Superior Proposal, and, after consultation with its outside legal counsel, that the failure to make the Company Adverse Recommendation Change or terminate this Agreement to enter into a Specified Agreement would breach the fiduciary duties of the Company Board under applicable Law, (5) if the Company intends to terminate this Agreement to enter into a Specified Agreement, the Company shall have complied with Section 10.1(d)(i), and (6) any amendment to the financial terms or any other material amendment to any Acquisition Proposal shall require a new written notification from the Company but only a new one Business Day period under this Section 8.2(e). (Pages 82-83)
Answer:
Choices: "
"100","Answer the following multiple choice question. The last line of your response should be of the following format: 'ANSWER: $LETTER' (without quotes) where LETTER is one of {letters}. Think step by step before answering.

{question}

{choices}

Instruction: Read the segment of a merger agreement and answer the multiple-choice question by choosing the option that best characterizes the agreement.
Question: Is “financial point of view” the sole consideration when determining whether an offer is superior?
Option A: No
Option B: Yes

Merger Agreement: SECTION 9.4. Evaluation of Proposals. <omitted> (c) The Company Board may effect an Adverse Recommendation Change if, and only if, (i) the Company Board determines in good faith, after consultation with its legal and financial advisors, that the failure to make such a change would be inconsistent with its fiduciary duties under applicable Law, (ii) the Company Board has provided written notice to the Parent of its intention to make an Adverse Recommendation Change at least four Business Days prior, (iii) the Company Board has determined that an Acquisition Proposal is a Superior Proposal after considering the strategic benefits and potential legal ramifications, in addition to the financial terms, and (iv) during the notice period, the Company Board has negotiated in good faith with the Parent to make adjustments to the terms of this Agreement such that the Acquisition Proposal no longer constitutes a Superior Proposal. Any amendment to the financial terms or any other material amendment to a Superior Proposal shall require the Company to deliver a new written notice and initiate a new notice period. (Pages 85-86)
Answer:
Choices: ","Pass",""
"101","Answer the following multiple choice question. The last line of your response should be of the following format: 'ANSWER: $LETTER' (without quotes) where LETTER is one of {letters}. Think step by step before answering.

{question}

{choices}

Instruction: Read the segment of a merger agreement and answer the multiple-choice question by choosing the option that best characterizes the agreement.
Question: Is “financial point of view” the sole consideration when determining whether an offer is superior?
Option A: No
Option B: Yes

Merger Agreement: SECTION 9.4. Evaluation of Offers. <omitted> (b) Notwithstanding any other provisions in this Agreement, the Company Board may accept an Alternative Offer if, and only if, (i) the Company Board determines in good faith, after consultation with its outside legal counsel, that accepting the Alternative Offer is necessary to comply with its fiduciary duties under applicable Law, (ii) the Company Board has considered all aspects of the Alternative Offer, including strategic and operational synergies, potential risks, and alignment with the Company's long-term goals, and (iii) the Company has provided the Parent with a written notice of its intent to accept the Alternative Offer not less than five Business Days prior to acceptance. During this period, the Company shall engage in good faith negotiations with the Parent to amend the terms of this Agreement such that the original offer would be more favorable than the Alternative Offer. (Pages 112-113)
Answer:
Choices: ","Pass",""
"102","Answer the following multiple choice question. The last line of your response should be of the following format: 'ANSWER: $LETTER' (without quotes) where LETTER is one of {letters}. Think step by step before answering.

{question}

{choices}

Instruction: Read the segment of a merger agreement and answer the multiple-choice question by choosing the option that best characterizes the agreement.
Question: Is ""financial point of view"" the sole consideration when determining whether an offer is superior?
Option A: No
Option B: Yes

Merger Agreement: SECTION 8.3. No Solicitation. <omitted> (c) Notwithstanding anything in this Agreement to the contrary, during the Pre-Closing Period, the Company Board may effect a Company Adverse Recommendation Change <omitted> if, and only if, <omitted> (iii) the Company Board determines in good faith, after consultation with the Company's outside legal counsel and a financial advisor of nationally recognized reputation, that the failure to make the Company Adverse Recommendation Change or terminate this Agreement to enter into a Specified Agreement would be inconsistent with the fiduciary duties of the Company Board under applicable Law, (iv) the Company has given Parent written notice of the Company Board's intention to make a Company Adverse Recommendation Change or terminate this Agreement to enter into a Specified Agreement not earlier than 11:59 p.m. New York time on the fourth Business Day after Parent receives such written notice and (v) if not in connection with an Intervening Event pursuant to Section 8.3(e), the decision to make a Company Adverse Recommendation Change is in connection with an Acquisition Proposal or with the Company's intent to terminate this Agreement to enter into a Specified Agreement, and the Company shall have complied with clauses (1) through (4), as follows: (1) prior to giving effect to clauses (2) through (4), the Company Board shall have determined that such Acquisition Proposal is a Superior Proposal, (2) the Company shall have made available to Parent orally and in writing the material terms and conditions of such Acquisition Proposal and copies of all written communications (and, if oral, a summary of the material terms of such communications) relating to such Acquisition Proposal in accordance with Section 8.3(b), (3) the Company shall have negotiated in good faith with Parent (and caused its Representatives to negotiate with Parent), to the extent that Parent desires to negotiate, during the four Business Day period provided in the foregoing clause (iv) of this Section 8.3(c) with respect to such proposed revisions to this Agreement or other proposals made by Parent, if any, so that the Acquisition Proposal would no longer constitute a Superior Proposal, (4) after considering the results of negotiations with Parent and taking into account the proposals made by Parent, if any, after consultation with its outside legal counsel and a financial advisor of nationally recognized reputation, the Company Board shall have determined in good faith that such Acquisition Proposal remains a Superior Proposal, and, after consultation with its outside legal counsel, that the failure to make the Company Adverse Recommendation Change or terminate this Agreement to enter into a Specified Agreement would be inconsistent with the fiduciary duties of the Company Board under applicable Law. For clarity, the provisions of this Section 8.3(c) shall also apply to any amendment to the financial terms or any other material amendment to any Acquisition Proposal (except that any reference to four Business Days shall instead be two Business Days) or any successive Acquisition Proposals. (Pages 88-89)
Answer:
Choices: ","Fail","Answer the following multiple choice question. The last line of your response should be of the following format: 'ANSWER: $LETTER' (without quotes) where LETTER is one of {letters}. Think step by step before answering.

{question}

{choices}

Instruction: Read the segment of a merger agreement and answer the multiple-choice question by choosing the option that best characterizes the agreement.
Question: Is “financial point of view” the sole consideration when determining whether an offer is superior?
Option A: No
Option B: Yes

Merger Agreement: SECTION 8.5. No Solicitation. <omitted> (e) Notwithstanding anything in this Agreement to the contrary, during the Pre-Closing Period, the Company Board may effect a Company Adverse Recommendation Change <omitted> if, and only if, <omitted> (ii) the Company Board determines in good faith, after consultation with the Company’s outside legal counsel and a financial advisor of nationally recognized reputation, that the failure to make the Company Adverse Recommendation Change or terminate this Agreement to enter into a Specified Agreement would be inconsistent with the fiduciary duties of the Company Board under applicable Law, (iii) the Company has given Parent written notice of the Company Board’s intention to make a Company Adverse Recommendation Change or terminate this Agreement to enter into a Specified Agreement not earlier than 11:59 p.m. New York time on the fifth Business Day after Parent receives such written notice and (iv) if not in connection with an Intervening Event pursuant to Section 8.5(f), the decision to make a Company Adverse Recommendation Change is in connection with an Acquisition Proposal or with the Company’s intent to terminate this Agreement to enter into a Specified Agreement, and the Company shall have complied with clauses (1) through (6), as follows: (1) prior to giving effect to clauses (2) through (6), the Company Board shall have determined that such Acquisition Proposal is a Superior Proposal, (2) the Company shall have made available to Parent orally and in writing the material terms and conditions of such Acquisition Proposal and copies of all written communications (and, if oral, a summary of the material terms of such communications) relating to such Acquisition Proposal in accordance with Section 8.5(b), (3) the Company shall have negotiated in good faith with Parent (and caused its Representatives to negotiate with Parent), to the extent that Parent desires to negotiate, during the five Business Day period provided in the foregoing clause (iii) of this Section 8.5(e) with respect to such proposed revisions to this Agreement or other proposals made by Parent, if any, so that the Acquisition Proposal would no longer constitute a Superior Proposal, (4) after considering the results of negotiations with Parent and taking into account the proposals made by Parent, if any, after consultation with its outside legal counsel, a financial advisor of nationally recognized reputation, and a reputational risk advisor, the Company Board shall have determined in good faith that such Acquisition Proposal remains a Superior Proposal, and, after consultation with its outside legal counsel, that the failure to make the Company Adverse Recommendation Change or terminate this Agreement to enter into a Specified Agreement would be inconsistent with the fiduciary duties of the Company Board under applicable Law, (5) the Company Board shall have considered the potential legal ramifications and reputational impacts of the Acquisition Proposal, and (6) if the Company intends to terminate this Agreement to enter into a Specified Agreement, the Company shall have complied with Section 10.1(d)(i). For clarity, the provisions of this Section 8.5(e) shall also apply to any amendment to the financial terms or any other material amendment to any Acquisition Proposal (except that any reference to five Business Days shall instead be three Business Days) or any successive Acquisition Proposals. (Pages 82-83)
Answer:
Choices: "
"103","Answer the following multiple choice question. The last line of your response should be of the following format: 'ANSWER: $LETTER' (without quotes) where LETTER is one of {letters}. Think step by step before answering.

{question}

{choices}

Instruction: Read the segment of a merger agreement and answer the multiple-choice question by choosing the option that best characterizes the agreement.
Question: Is “financial point of view” the sole consideration when determining whether an offer is superior?
Option A: No
Option B: Yes

Merger Agreement: SECTION 8.4. Consideration of Acquisition Proposals. <omitted> (f) Notwithstanding anything in this Agreement to the contrary, during the Pre-Closing Period, the Company Board may determine an Acquisition Proposal to be a Superior Proposal <omitted> if, and only if, <omitted> (iii) the Company Board determines in good faith, after consultation with its outside legal counsel and financial advisor, that the failure to consider the proposal would be inconsistent with the fiduciary duties of the Company Board under applicable Law, considering all relevant factors, including but not limited to, the long-term strategic benefits, the potential impact on employees and the community, and the financial terms of the proposal, (iv) the Company has notified Parent in writing of the Company Board’s intention to consider the Acquisition Proposal as Superior not earlier than 11:59 p.m. New York time on the fifth Business Day after Parent receives such written notice, and (v) the Company Board has evaluated the proposal in light of the Company’s business strategy and future prospects, and determined that, after consultation with its outside legal counsel and financial advisor, the proposal is superior in the aggregate to the terms of this Agreement. (Pages 82-83)
Choices: ","Fail","Answer the following multiple choice question. The last line of your response should be of the following format: 'ANSWER: $LETTER' (without quotes) where LETTER is one of {letters}. Think step by step before answering.

{question}

{choices}

Instruction: Read the segment of a merger agreement and answer the multiple-choice question by choosing the option that best characterizes the agreement.
Question: Is “financial point of view” the sole consideration when determining whether an offer is superior?
Option A: No
Option B: Yes

Merger Agreement: SECTION 8.3. Evaluation of Proposals. <omitted> (b) Notwithstanding anything in this Agreement to the contrary, during the Pre-Closing Period, the Company Board may consider a new Acquisition Proposal <omitted> if, and only if, <omitted> (ii) the Company Board determines in good faith, after consultation with the Company’s outside legal counsel and a financial advisor of nationally recognized reputation, that the failure to consider such Acquisition Proposal would be inconsistent with the fiduciary duties of the Company Board under applicable Law, (iii) the Company has provided Parent with written notice of the Company Board’s intention to consider the Acquisition Proposal not earlier than 11:59 p.m. New York time on the third Business Day after Parent receives such written notice and (iv) the decision to consider the Acquisition Proposal is based on its terms being more favorable from a financial point of view to the Company’s stockholders than the terms of this Agreement, and the Company shall have complied with clauses (1) through (5) as follows: (1) the Company Board shall have determined that such Acquisition Proposal is a Superior Proposal, (2) the Company shall have disclosed to Parent the material terms and conditions of such Acquisition Proposal, (3) the Company shall have engaged in good faith negotiations with Parent to amend the terms of this Agreement so that the Acquisition Proposal would no longer constitute a Superior Proposal, (4) after considering any amendments proposed by Parent, the Company Board shall have determined in good faith that such Acquisition Proposal remains a Superior Proposal, and (5) the Company shall have complied with Section 10.1(d)(i). For clarity, the provisions of this Section 8.3(b) shall also apply to any amendment to the financial terms or any other material amendment to any Acquisition Proposal (except that any reference to three Business Days shall instead be two Business Days) or any successive Acquisition Proposals. (Pages 88-89)
Choices: "
"104","Answer the following multiple choice question. The last line of your response should be of the following format: 'ANSWER: $LETTER' (without quotes) where LETTER is one of {letters}. Think step by step before answering.

{question}

{choices}

Instruction: Read the segment of a merger agreement and answer the multiple-choice question by choosing the option that best characterizes the agreement.
Question: Is “financial point of view” the sole consideration when determining whether an offer is superior?
Option A: No
Option B: Yes

Merger Agreement: SECTION 8.3. No Solicitation. <omitted> (c) Notwithstanding anything in this Agreement to the contrary, at any time during the Pre-Closing Period, the Company Board may effect a Company Adverse Recommendation Change <omitted> if, and only if, <omitted> (ii) the Company Board determines in good faith, after consultation with the Company’s outside legal counsel and strategic advisors, that the failure to make the Company Adverse Recommendation Change or terminate this Agreement to enter into a Specified Agreement would be inconsistent with the fiduciary duties of the Company Board under applicable Law, including the consideration of the long-term strategic interests of the Company and its shareholders, (iii) the Company has given Parent written notice of the Company Board’s intention to make a Company Adverse Recommendation Change or terminate this Agreement to enter into a Specified Agreement not earlier than 11:59 p.m. New York time on the seventh Business Day after Parent receives such written notice and (iv) if not in connection with an Intervening Event pursuant to Section 8.3(e), the decision to make a Company Adverse Recommendation Change is in connection with an Acquisition Proposal or with the Company’s intent to terminate this Agreement to enter into a Specified Agreement, and the Company shall have complied with clauses (1) through (5), as follows: (1) prior to giving effect to clauses (2) through (5), the Company Board shall have determined that such Acquisition Proposal is a Superior Proposal, taking into account both financial terms and strategic benefits, (2) the Company shall have made available to Parent orally and in writing the material terms and conditions of such Acquisition Proposal and copies of all written communications (and, if oral, a summary of the material terms of such communications) relating to such Acquisition Proposal in accordance with Section 8.3(b), (3) the Company shall have negotiated in good faith with Parent (and caused its Representatives to negotiate with Parent), to the extent that Parent desires to negotiate, during the seven Business Day period provided in the foregoing clause (iii) of this Section 8.3(c) with respect to such proposed revisions to this Agreement or other proposals made by Parent, if any, so that the Acquisition Proposal would no longer constitute a Superior Proposal, (4) after considering the results of negotiations with Parent and taking into account the proposals made by Parent, if any, after consultation with its outside legal counsel and strategic advisors, the Company Board shall have determined in good faith that such Acquisition Proposal remains a Superior Proposal, and, after consultation with its outside legal counsel, that the failure to make the Company Adverse Recommendation Change or terminate this Agreement to enter into a Specified Agreement would be inconsistent with the fiduciary duties of the Company Board under applicable Law and (5) if the Company intends to terminate this Agreement to enter into a Specified Agreement, the Company shall have complied with Section 10.1(d)(i). For clarity, the provisions of this Section 8.3(c) shall also apply to any amendment to the financial terms or any other material amendment to any Acquisition Proposal (except that any reference to seven Business Days shall instead be four Business Days) or any successive Acquisition Proposals. (Pages 82-83)
Choices: ","Fail","Answer the following multiple choice question. The last line of your response should be of the following format: 'ANSWER: $LETTER' (without quotes) where LETTER is one of {letters}. Think step by step before answering.

{question}

{choices}

Instruction: Read the segment of a merger agreement and answer the multiple-choice question by choosing the option that best characterizes the agreement.
Question: Is “financial point of view” the sole consideration when determining whether an offer is superior?
Option A: No
Option B: Yes

Merger Agreement: SECTION 8.5. No Solicitation. <omitted> (e) Notwithstanding anything in this Agreement to the contrary, during the Pre-Closing Period, the Company Board may effect a Company Adverse Recommendation Change <omitted> if, and only if, <omitted> (ii) the Company Board determines in good faith, after consultation with the Company’s outside legal counsel and a financial advisor of nationally recognized reputation, that the failure to make the Company Adverse Recommendation Change or terminate this Agreement to enter into a Specified Agreement would be inconsistent with the fiduciary duties of the Company Board under applicable Law, (iii) the Company has given Parent written notice of the Company Board’s intention to make a Company Adverse Recommendation Change or terminate this Agreement to enter into a Specified Agreement not earlier than 11:59 p.m. New York time on the fifth Business Day after Parent receives such written notice and (iv) if not in connection with an Intervening Event pursuant to Section 8.5(f), the decision to make a Company Adverse Recommendation Change is in connection with an Acquisition Proposal or with the Company’s intent to terminate this Agreement to enter into a Specified Agreement, and the Company shall have complied with clauses (1) through (6), as follows: (1) prior to giving effect to clauses (2) through (6), the Company Board shall have determined that such Acquisition Proposal is a Superior Proposal, (2) the Company shall have made available to Parent orally and in writing the material terms and conditions of such Acquisition Proposal and copies of all written communications (and, if oral, a summary of the material terms of such communications) relating to such Acquisition Proposal in accordance with Section 8.5(b), (3) the Company shall have negotiated in good faith with Parent (and caused its Representatives to negotiate with Parent), to the extent that Parent desires to negotiate, during the five Business Day period provided in the foregoing clause (iii) of this Section 8.5(e) with respect to such proposed revisions to this Agreement or other proposals made by Parent, if any, so that the Acquisition Proposal would no longer constitute a Superior Proposal, (4) after considering the results of negotiations with Parent and taking into account the proposals made by Parent, if any, after consultation with its outside legal counsel, a financial advisor of nationally recognized reputation, and a reputational risk advisor, the Company Board shall have determined in good faith that such Acquisition Proposal remains a Superior Proposal, and, after consultation with its outside legal counsel, that the failure to make the Company Adverse Recommendation Change or terminate this Agreement to enter into a Specified Agreement would be inconsistent with the fiduciary duties of the Company Board under applicable Law, (5) the Company Board shall have considered the potential legal ramifications and reputational impacts of the Acquisition Proposal, and (6) if the Company intends to terminate this Agreement to enter into a Specified Agreement, the Company shall have complied with Section 10.1(d)(i). For clarity, the provisions of this Section 8.5(e) shall also apply to any amendment to the financial terms or any other material amendment to any Acquisition Proposal (except that any reference to five Business Days shall instead be three Business Days) or any successive Acquisition Proposals. (Pages 82-83)
Answer:
Choices: "
"105","Answer the following multiple choice question. The last line of your response should be of the following format: 'ANSWER: $LETTER' (without quotes) where LETTER is one of {letters}. Think step by step before answering.

{question}

{choices}

Instruction: Read the segment of a merger agreement and answer the multiple-choice question by choosing the option that best characterizes the agreement.
Question: Is “financial point of view” the sole consideration when determining whether an offer is superior?
Option A: No
Option B: Yes

Merger Agreement: SECTION 8.4. Evaluation of Acquisition Proposals. <omitted> (c) Notwithstanding anything in this Agreement to the contrary, during the Evaluation Period, the Company Board may effect a Company Adverse Recommendation Change <omitted> if, and only if, <omitted> (iii) the Company Board determines in good faith, after consultation with the Company’s outside legal counsel and financial advisors, that the failure to make the Company Adverse Recommendation Change would be inconsistent with the fiduciary duties of the Company Board under applicable Law, (iv) the Company has provided Parent with a written notice of its intention to change its recommendation not less than four Business Days prior to such change and (v) the Company Board has determined that the Acquisition Proposal is a Superior Proposal after considering the financial terms and the strategic benefits, including potential synergies and long-term growth prospects, as advised by a financial advisor of nationally recognized reputation. The decision shall also consider the impact on stakeholders and the alignment with the Company’s long-term strategy. (Pages 55-56)
Answer:
Choices: ","Pass",""
"106","Answer the following multiple choice question. The last line of your response should be of the following format: 'ANSWER: $LETTER' (without quotes) where LETTER is one of {letters}. Think step by step before answering.

{question}

{choices}

Instruction: Read the segment of a merger agreement and answer the multiple-choice question by choosing the option that best characterizes the agreement.
Question: Is “financial point of view” the sole consideration when determining whether an offer is superior?
Option A: No
Option B: Yes

Merger Agreement: ARTICLE 9. Board Considerations. <omitted> Section 9.3. Evaluation of Proposals. <omitted> (b) Notwithstanding any provision to the contrary, during the Evaluation Period, the Board may execute a Board Recommendation Change <omitted> if, and only if, <omitted> (iii) the Board concludes in good faith, after thorough consultation with its external legal advisors, that refraining from executing a Board Recommendation Change or terminating this Agreement to pursue an Alternative Agreement would contravene the fiduciary obligations of the Board under applicable statutes, (iv) the Board has provided timely written notice to the Parent of its intent to execute a Board Recommendation Change or terminate this Agreement to pursue an Alternative Agreement no earlier than 11:59 p.m. Eastern Time on the seventh Business Day following the Parent's receipt of such notice and (v) if not related to an Unexpected Event under Section 9.3(c), the decision to execute a Board Recommendation Change is associated with an Acquisition Proposal or the intent to terminate this Agreement to pursue an Alternative Agreement, and the Company must comply with clauses (1) through (5), as follows: (1) before implementing clauses (2) through (5), the Board must ascertain that such Acquisition Proposal qualifies as a Superior Proposal, (2) the Company must disclose to Parent both orally and in writing the substantive terms and conditions of such Acquisition Proposal and provide copies of all pertinent written communications (and, if oral, a summary of the substantive terms of such communications) related to such Acquisition Proposal in line with Section 9.3(b), (3) the Company must engage in earnest negotiations with Parent (and ensure its Representatives negotiate with Parent), to the extent Parent desires to negotiate, during the seven Business Day period stipulated in the preceding clause (iv) of this Section 9.3(b) concerning proposed amendments to this Agreement or other propositions made by Parent, if any, so that the Acquisition Proposal would cease to be a Superior Proposal, (4) after evaluating the outcomes of negotiations with Parent and considering the propositions made by Parent, if any, following consultation with its external legal advisors and a financial consultant of nationally acknowledged repute, the Board must determine in good faith that such Acquisition Proposal remains a Superior Proposal, and, after consulting its external legal advisors, that failing to execute a Board Recommendation Change or terminate this Agreement to pursue an Alternative Agreement would contravene the fiduciary obligations of the Board under applicable statutes and (5) if the Company intends to terminate this Agreement to pursue an Alternative Agreement, the Company must comply with Section 10.1(b)(i). For clarity, the provisions of this Section 9.3(b) also apply to any amendments to the financial terms or any other substantive amendment to any Acquisition Proposal (except that any reference to seven Business Days shall instead be five Business Days) or any successive Acquisition Proposals. (Pages 88-89)
Answer:
Choices: ","Pass",""
"107","Answer the following multiple choice question. The last line of your response should be of the following format: 'ANSWER: $LETTER' (without quotes) where LETTER is one of {letters}. Think step by step before answering.

{question}

{choices}

Instruction: Read the segment of a merger agreement and answer the multiple-choice question by choosing the option that best characterizes the agreement.
Question: Is ""financial point of view"" the sole consideration when determining whether an offer is superior?
Option A: No
Option B: Yes

Merger Agreement: SECTION 9.3. No Solicitation. <omitted> (f) Notwithstanding anything in this Agreement to the contrary, during the Pre-Closing Period, the Company Board may execute a Company Recommendation Change <omitted> if, and only if, <omitted> (ii) the Company Board determines in good faith, after consultation with the Company’s outside legal counsel and financial advisors, that the failure to make the Company Recommendation Change or terminate this Agreement to enter into a Specified Agreement would be inconsistent with the fiduciary duties of the Company Board under applicable Law, (iii) the Company has provided Parent with a written notification of the Company Board’s intention to make a Company Recommendation Change or terminate this Agreement to enter into a Specified Agreement at least five Business Days prior to such action, and (iv) if not related to an Intervening Event as per Section 9.3(g), the decision to make a Company Recommendation Change is in connection with an Acquisition Proposal or with the Company’s intent to terminate this Agreement to enter into a Specified Agreement, and the Company shall have adhered to clauses (1) through (6), as follows: (1) prior to implementing clauses (2) through (6), the Company Board shall have determined that such Acquisition Proposal is a Superior Proposal, (2) the Company shall have disclosed to Parent both orally and in writing the essential terms and conditions of such Acquisition Proposal and provided copies of all communications (and, if oral, a summary of the essential terms of such communications) relating to such Acquisition Proposal in accordance with Section 9.3(b), (3) the Company shall have engaged in good faith negotiations with Parent (and ensured its Representatives engage with Parent), to the extent that Parent wishes to negotiate, during the five Business Day period provided in the preceding clause (iii) of this Section 9.3(f) regarding proposed revisions to this Agreement or other proposals made by Parent, if any, to ensure the Acquisition Proposal no longer qualifies as a Superior Proposal, (4) after evaluating the outcomes of negotiations with Parent and considering the proposals made by Parent, if any, after consultation with its outside legal counsel and a financial advisor of nationally recognized standing, the Company Board shall have determined in good faith that such Acquisition Proposal remains a Superior Proposal, and, after consulting with its outside legal counsel, that the failure to make the Company Recommendation Change or terminate this Agreement to enter into a Specified Agreement would be inconsistent with the fiduciary duties of the Company Board under applicable Law, (5) if the Company plans to terminate this Agreement to enter into a Specified Agreement, the Company shall have complied with Section 10.1(d)(i), and (6) if any amendments to the financial terms or any other significant amendments to any Acquisition Proposal occur, the provisions of this Section 9.3(f) shall equally apply (except that any reference to five Business Days shall instead be three Business Days) or any successive Acquisition Proposals. (Pages 82-83)
Answer:
Choices: ","Fail","Answer the following multiple choice question. The last line of your response should be of the following format: 'ANSWER: $LETTER' (without quotes) where LETTER is one of {letters}. Think step by step before answering.

{question}

{choices}

Instruction: Read the segment of a merger agreement and answer the multiple-choice question by choosing the option that best characterizes the agreement.
Question: Is ""financial point of view"" the sole consideration when determining whether an offer is superior?
Option A: No
Option B: Yes

Merger Agreement: SECTION 8.3. Evaluation of Acquisition Proposals. <omitted> (f) Notwithstanding anything in this Agreement to the contrary, during the Pre-Closing Period, the Company Board may make a Company Recommendation Change <omitted> if, and only if, <omitted> (ii) the Company Board determines in good faith, after consultation with the Company’s outside legal counsel and financial advisor, that the failure to make the Company Recommendation Change or terminate this Agreement to enter into a Specified Agreement would be inconsistent with the fiduciary duties of the Company Board under applicable Law, (iii) the Company has provided Parent with a written notice of the Company Board’s intention to make a Company Recommendation Change or terminate this Agreement to enter into a Specified Agreement at least five Business Days prior to taking such action, and (iv) the Company Board determines that such Acquisition Proposal is a Superior Proposal, taking into account the strategic benefits of the proposal, the potential regulatory hurdles, and the likelihood of obtaining necessary approvals, in addition to the financial terms. The Company shall have complied with clauses (1) through (5) as follows: (1) prior to giving effect to clauses (2) through (5), the Company Board shall have determined that such Acquisition Proposal is a Superior Proposal, (2) the Company shall have made available to Parent the material terms and conditions of such Acquisition Proposal and copies of all written communications relating to such Acquisition Proposal, (3) the Company shall have negotiated in good faith with Parent, to the extent that Parent desires to negotiate, during the five Business Day period provided in the foregoing clause (iii) of this Section 8.3(f) with respect to such proposed revisions to this Agreement or other proposals made by Parent, if any, so that the Acquisition Proposal would no longer constitute a Superior Proposal, (4) after considering the results of negotiations with Parent and taking into account the proposals made by Parent, if any, after consultation with its outside legal counsel and a financial advisor of nationally recognized reputation, the Company Board shall have determined in good faith that such Acquisition Proposal remains a Superior Proposal, and (5) if the Company intends to terminate this Agreement to enter into a Specified Agreement, the Company shall have complied with Section 10.1(d)(i). For clarity, the provisions of this Section 8.3(f) shall also apply to any amendment to the financial terms or any other material amendment to any Acquisition Proposal.
Choices: "
"108","Answer the following multiple choice question. The last line of your response should be of the following format: 'ANSWER: $LETTER' (without quotes) where LETTER is one of {letters}. Think step by step before answering.

{question}

{choices}

Instruction: Read the segment of a merger agreement and answer the multiple-choice question by choosing the option that best characterizes the agreement.
Question: Is “financial point of view” the sole consideration when determining whether an offer is superior?
Option A: No
Option B: Yes

Merger Agreement: SECTION 9.4. Board's Discretion. <omitted> (f) Notwithstanding anything in this Agreement to the contrary, at any time before the Closing Date, the Board may amend its recommendation if, and only if, <omitted> (iii) the Board determines in good faith, after consultation with its outside legal counsel and a financial advisor of nationally recognized reputation, that the failure to amend its recommendation or terminate this Agreement to enter into a Proposed Agreement would be inconsistent with the fiduciary duties of the Board under applicable Law, (iv) the Company has provided the Parent with written notice of the Board's intention to amend its recommendation or terminate this Agreement to enter into a Proposed Agreement at least seven Business Days prior to such amendment or termination, and (v) after considering the results of negotiations with Parent and taking into account the proposals made by Parent, if any, after consultation with its outside legal counsel and a financial advisor, the Board determines in good faith that the Proposed Agreement remains a Superior Proposal. Further, the Company shall have complied with clauses (1) through (6), as follows: (1) the Board shall have determined that such Proposed Agreement is a Superior Proposal, (2) the Company shall have made available to Parent the material terms and conditions of such Proposed Agreement, (3) after consultation with its outside legal counsel, the Board shall have determined that the failure to amend its recommendation would be inconsistent with the fiduciary duties of the Board under applicable Law, and (4) if the Company intends to terminate this Agreement to enter into a Proposed Agreement, the Company shall have complied with Section 10.1(c)(i). For clarity, the provisions of this Section 9.4(f) shall also apply to any amendment to the financial terms or any other material amendment to any Proposed Agreement or any successive Proposed Agreements. (Pages 90-91)
Answer:
Choices: ","Pass",""
"109","Answer the following multiple choice question. The last line of your response should be of the following format: 'ANSWER: $LETTER' (without quotes) where LETTER is one of {letters}. Think step by step before answering.

{question}

{choices}

Instruction: Read the segment of a merger agreement and answer the multiple-choice question by choosing the option that best characterizes the agreement.
Question: Is “financial point of view” the sole consideration when determining whether an offer is superior?
Option A: No
Option B: Yes

Merger Agreement: SECTION 9.3. Evaluation of Offers. <omitted> (b) The Company Board shall not be obligated to effect a Company Adverse Recommendation Change unless: (i) the Company Board determines in good faith, after consultation with the Company’s outside legal counsel and financial advisor, that such Acquisition Proposal is a Superior Proposal, (ii) the Company has provided Parent with a written notice of its intent to consider such Superior Proposal, and (iii) during the five Business Day period following such notice, the Company has negotiated in good faith with Parent to amend the terms of this Agreement to reflect the new offer. <omitted> (c) In evaluating any Acquisition Proposal, the Company Board shall consider not only the financial terms but also the strategic benefits, potential regulatory hurdles, and the long-term impact on the Company’s stakeholders, including employees, customers, and local communities. (Pages 82-83)
Choices: ","Pass",""
"110","Answer the following multiple choice question. The last line of your response should be of the following format: 'ANSWER: $LETTER' (without quotes) where LETTER is one of {letters}. Think step by step before answering.

{question}

{choices}

Instruction: Read the segment of a merger agreement and answer the multiple-choice question by choosing the option that best characterizes the agreement.
Question: Is “financial point of view” the sole consideration when determining whether an offer is superior?
Option A: No
Option B: Yes

Merger Agreement: SECTION 8.3. No Solicitation. <omitted> (c) Notwithstanding anything in this Agreement to the contrary, at any time during the Pre-Closing Period, the Company Board may effect a Company Recommendation Change <omitted> if, and only if, <omitted> (ii) the Company Board determines in good faith, after consultation with the Company’s outside legal counsel and financial advisors, that the failure to make the Company Recommendation Change or terminate this Agreement to enter into a Specified Agreement would be inconsistent with the fiduciary duties of the Company Board under applicable Law, (iii) the Company has given Parent written notice of the Company Board’s intention to make a Company Recommendation Change or terminate this Agreement to enter into a Specified Agreement not earlier than 11:59 p.m. New York time on the fifth Business Day after Parent receives such written notice and (iv) if not in connection with an Intervening Event pursuant to Section 8.3(d), the decision to make a Company Recommendation Change is in connection with an Acquisition Proposal or with the Company’s intent to terminate this Agreement to enter into a Specified Agreement, and the Company shall have complied with clauses (1) through (5), as follows: (1) prior to giving effect to clauses (2) through (5), the Company Board shall have determined that such Acquisition Proposal is a Superior Proposal, (2) the Company shall have made available to Parent orally and in writing the material terms and conditions of such Acquisition Proposal and copies of all written communications (and, if oral, a summary of the material terms of such communications) relating to such Acquisition Proposal in accordance with Section 8.3(b), (3) the Company shall have negotiated in good faith with Parent (and caused its Representatives to negotiate with Parent), to the extent that Parent desires to negotiate, during the five Business Day period provided in the foregoing clause (iii) of this Section 8.3(c) with respect to such proposed revisions to this Agreement or other proposals made by Parent, if any, so that the Acquisition Proposal would no longer constitute a Superior Proposal, (4) after considering the results of negotiations with Parent and taking into account the proposals made by Parent, if any, after consultation with its outside legal counsel, financial advisors, and strategic advisors, the Company Board shall have determined in good faith that such Acquisition Proposal remains a Superior Proposal, and, after consultation with its outside legal counsel, that the failure to make the Company Recommendation Change or terminate this Agreement to enter into a Specified Agreement would be inconsistent with the fiduciary duties of the Company Board under applicable Law and (5) if the Company intends to terminate this Agreement to enter into a Specified Agreement, the Company shall have complied with Section 10.1(d)(i). For clarity, the provisions of this Section 8.3(c) shall also apply to any amendment to the financial terms or any other material amendment to any Acquisition Proposal (except that any reference to five Business Days shall instead be three Business Days) or any successive Acquisition Proposals. (Pages 83-84)
Answer:
Choices: ","Fail","Answer the following multiple choice question. The last line of your response should be of the following format: 'ANSWER: $LETTER' (without quotes) where LETTER is one of {letters}. Think step by step before answering.

{question}

{choices}

Instruction: Read the segment of a merger agreement and answer the multiple-choice question by choosing the option that best characterizes the agreement.
Question: Is “financial point of view” the sole consideration when determining whether an offer is superior?
Option A: No
Option B: Yes

Merger Agreement: SECTION 8.2. Consideration of Offers. <omitted> (f) Notwithstanding anything in this Agreement to the contrary, during the Evaluation Period, the Company Board may approve a Company Recommendation Change <omitted> if, and only if, <omitted> (iii) the Company Board determines in good faith, after consultation with the Company’s outside legal counsel and an independent financial advisor, that the failure to make the Company Recommendation Change or terminate this Agreement to enter into a Specified Agreement would be inconsistent with the fiduciary duties of the Company Board under applicable Law, (iv) the Company has provided Parent with written notice of the Company Board’s intention to make a Company Recommendation Change or terminate this Agreement to enter into a Specified Agreement not earlier than 11:59 p.m. New York time on the fourth Business Day after Parent receives such written notice and (v) if not in connection with an Intervening Event pursuant to Section 8.2(g), the decision to make a Company Recommendation Change is in connection with an Acquisition Proposal or with the Company’s intent to terminate this Agreement to enter into a Specified Agreement, and the Company shall have complied with clauses (1) through (4), as follows: (1) prior to giving effect to clauses (2) through (4), the Company Board shall have determined that such Acquisition Proposal is a Superior Proposal based on the financial terms, (2) the Company shall have made available to Parent orally and in writing the material terms and conditions of such Acquisition Proposal and copies of all written communications (and, if oral, a summary of the material terms of such communications) relating to such Acquisition Proposal in accordance with Section 8.2(b), (3) the Company shall have negotiated in good faith with Parent (and caused its Representatives to negotiate with Parent), to the extent that Parent desires to negotiate, during the four Business Day period provided in the foregoing clause (iv) of this Section 8.2(f) with respect to such proposed revisions to this Agreement or other proposals made by Parent, if any, so that the Acquisition Proposal would no longer constitute a Superior Proposal, (4) after considering the results of negotiations with Parent and taking into account the proposals made by Parent, if any, after consultation with its outside legal counsel and an independent financial advisor, the Company Board shall have determined in good faith that such Acquisition Proposal remains a Superior Proposal, and, after consultation with its outside legal counsel, that the failure to make the Company Recommendation Change or terminate this Agreement to enter into a Specified Agreement would be inconsistent with the fiduciary duties of the Company Board under applicable Law. (Pages 83-84)
Choices: "
"111","Answer the following multiple choice question. The last line of your response should be of the following format: 'ANSWER: $LETTER' (without quotes) where LETTER is one of {letters}. Think step by step before answering.

{question}

{choices}

Instruction: Read the segment of a merger agreement and answer the multiple-choice question by choosing the option that best characterizes the agreement.
Question: Is ""financial point of view"" the sole consideration when determining whether an offer is superior?
Option A: No
Option B: Yes

Merger Agreement: ARTICLE 9. Superior Proposals. <omitted> (b) Notwithstanding anything in this Agreement to the contrary, during the Negotiation Period, the Board of Directors may effect a Board Recommendation Change <omitted> if, and only if, <omitted> (iii) the Board determines in good faith, after consultation with its outside legal counsel and a financial advisor of nationally recognized standing, that the offer constitutes a Superior Proposal, considering not only the financial terms but also the strategic benefits, potential regulatory hurdles, and the long-term interests of the shareholders, (iv) the Company has provided Parent with a written notice of its intention to make a Board Recommendation Change at least four Business Days prior to taking such action, and (v) the Company has negotiated in good faith with Parent to amend the terms of this Agreement to reflect any adjustments proposed by Parent so that the Acquisition Proposal would no longer constitute a Superior Proposal. (Pages 85-86)
Answer: A
Choices: ","Pass",""
"112","Answer the following multiple choice question. The last line of your response should be of the following format: 'ANSWER: $LETTER' (without quotes) where LETTER is one of {letters}. Think step by step before answering.

{question}

{choices}

Instruction: Read the segment of a merger agreement and answer the multiple-choice question by choosing the option that best characterizes the agreement.
Question: Is “financial point of view” the sole consideration when determining whether an offer is superior?
Option A: No
Option B: Yes

Merger Agreement: SECTION 9.4. Evaluation of Acquisition Proposals. <omitted> (c) Notwithstanding anything in this Agreement to the contrary, the Company Board may make a Recommendation Change <omitted> if, and only if, <omitted> (ii) after consultation with its outside legal counsel and financial advisors, the Company Board determines in good faith that the failure to make a Recommendation Change would be inconsistent with its fiduciary duties under applicable Law, (iii) the Company has provided Parent with written notice of the intention to make a Recommendation Change not earlier than 11:59 p.m. New York time on the fourth Business Day following receipt of such notice by Parent, and (iv) the decision to make a Recommendation Change is in connection with an Acquisition Proposal that the Company Board has determined, after consulting with its financial advisors, is a Superior Proposal when considering not only the financial terms but also strategic alignment, potential regulatory hurdles, and long-term growth potential, and the Company shall have complied with clauses (1) through (4), as follows: (1) prior to the effectiveness of clauses (2) through (4), the Company Board shall have determined that such Acquisition Proposal is a Superior Proposal, (2) the Company shall have made available to Parent the material terms and conditions of such Acquisition Proposal in writing, (3) the Company shall have negotiated in good faith with Parent during the four Business Day period provided in clause (iii) of this Section 9.4(c) to address any concerns raised by Parent, and (4) after considering the results of negotiations with Parent and taking into account the proposals made by Parent, if any, the Company Board shall have determined in good faith that such Acquisition Proposal remains a Superior Proposal, and that the failure to make a Recommendation Change would be inconsistent with the fiduciary duties of the Company Board under applicable Law. (Pages 92-93)
Answer:
Choices: ","Pass",""
"113","Answer the following multiple choice question. The last line of your response should be of the following format: 'ANSWER: $LETTER' (without quotes) where LETTER is one of {letters}. Think step by step before answering.

{question}

{choices}

Instruction: Read the segment of a merger agreement and answer the multiple-choice question by choosing the option that best characterizes the agreement.
Question: Is ""financial point of view"" the sole consideration when determining whether an offer is superior?
Option A: No
Option B: Yes

Merger Agreement: SECTION 9.3. Evaluation of Acquisition Proposals. <omitted> (b) The Company Board, upon receiving an Acquisition Proposal, shall determine whether such proposal is a Superior Proposal by considering various factors, including but not limited to, the financial terms of the proposal, the likelihood of consummation, and the strategic benefits of the proposal. (c) The Company Board shall, in good faith, consult with its outside legal counsel and financial advisors to ensure that any decision to accept a Superior Proposal aligns with the fiduciary duties of the Company Board under applicable Law. (d) If the Company Board determines that the financial point of view is favorable, it must also ensure that the strategic and legal considerations are satisfactorily addressed. Any amendment to the financial terms or other material terms of the proposal will require a reassessment of its superiority. (Pages 89-90)
Choices: ","Pass",""
"114","Answer the following multiple choice question. The last line of your response should be of the following format: 'ANSWER: $LETTER' (without quotes) where LETTER is one of {letters}. Think step by step before answering.

{question}

{choices}

Instruction: Read the segment of a merger agreement and answer the multiple-choice question by choosing the option that best characterizes the agreement.
Question: Is “financial point of view” the sole consideration when determining whether an offer is superior?
Option A: No
Option B: Yes

Merger Agreement: SECTION 8.3. Evaluation of Proposals. <omitted> (a) During the Pre-Closing Period, the Company Board may decide to alter its recommendation if it determines in good faith that an Acquisition Proposal is a Superior Proposal. This determination must consider the following: (i) the financial terms of the proposal, which must be superior to those of the current agreement, (ii) the legal implications and potential liabilities associated with the proposal, after consultation with outside legal counsel, and (iii) the reputational impact on the Company, as advised by a public relations consultant of nationally recognized reputation. The Company Board must give written notice to the Parent of its intention to change its recommendation not later than 11:59 p.m. New York time on the third Business Day following receipt of the proposal. (b) The Company shall engage in good faith negotiations with the Parent to amend the terms of the current agreement to match the Superior Proposal. If after such negotiations, the Company Board still determines that the proposal is superior, taking into account all factors, it may proceed with the recommendation change. (Pages 45-46)
Answer:
Choices: ","Pass",""
"115","Answer the following multiple choice question. The last line of your response should be of the following format: 'ANSWER: $LETTER' (without quotes) where LETTER is one of {letters}. Think step by step before answering.

{question}

{choices}

Instruction: Read the segment of a merger agreement and answer the multiple-choice question by choosing the option that best characterizes the agreement.
Question: Is “financial point of view” the sole consideration when determining whether an offer is superior?
Option A: No
Option B: Yes

Merger Agreement: SECTION 8.3. Review of Proposals. <omitted> (c) Notwithstanding anything in this Agreement to the contrary, during the Pre-Closing Period, the Company Board may effect a Company Recommendation Change <omitted> if, and only if, <omitted> (ii) the Company Board, after consultation with the Company’s financial advisor and outside legal counsel, determines in good faith that the failure to make the Company Recommendation Change or terminate this Agreement to enter into a Specified Agreement would be inconsistent with its fiduciary duties under applicable Law, (iii) the Company has provided Parent with written notice of the Company Board’s intention to make a Company Recommendation Change or terminate this Agreement to enter into a Specified Agreement no earlier than 11:59 p.m. New York time on the fourth Business Day after Parent receives such written notice, and (iv) the decision to make a Company Recommendation Change is in connection with an Acquisition Proposal that the Company Board has determined, after consultation with its financial advisor of nationally recognized reputation, is a Superior Proposal, and the Company shall have complied with clauses (1) through (4), as follows: (1) prior to giving effect to clauses (2) through (4), the Company Board shall have determined that such Acquisition Proposal is a Superior Proposal, (2) the Company shall have made available to Parent orally and in writing the material terms and conditions of such Acquisition Proposal and copies of all written communications relating to such Acquisition Proposal in accordance with Section 8.3(b), (3) the Company shall have negotiated in good faith with Parent during the four Business Day period provided in the foregoing clause (iii) of this Section 8.3(c) with respect to such proposed revisions to this Agreement or other proposals made by Parent, if any, so that the Acquisition Proposal would no longer constitute a Superior Proposal, (4) after considering the results of negotiations with Parent and taking into account the proposals made by Parent, if any, after consultation with its financial advisor and outside legal counsel, the Company Board shall have determined in good faith that such Acquisition Proposal remains a Superior Proposal, and that the failure to make the Company Recommendation Change or terminate this Agreement would be inconsistent with the fiduciary duties of the Company Board under applicable Law. For clarity, the provisions of this Section 8.3(c) shall also apply to any amendment to the financial terms or any other material amendment to any Acquisition Proposal. (Pages 82-83)
Answer: 
Choices: ","Fail","Answer the following multiple choice question. The last line of your response should be of the following format: 'ANSWER: $LETTER' (without quotes) where LETTER is one of {letters}. Think step by step before answering.

{question}

{choices}

Instruction: Read the segment of a merger agreement and answer the multiple-choice question by choosing the option that best characterizes the agreement.
Question: Is “financial point of view” the sole consideration when determining whether an offer is superior?
Option A: No
Option B: Yes

Merger Agreement: SECTION 8.3. Consideration of Superior Proposals. <omitted> (c) Notwithstanding anything in this Agreement to the contrary, during the Pre-Closing Period, the Company Board may make a Change of Recommendation <omitted> if, and only if, <omitted> (iii) the Company Board determines in good faith, after consultation with its outside legal counsel and financial advisors, that the failure to make the Change of Recommendation or terminate this Agreement to enter into an Alternative Agreement would be inconsistent with the fiduciary duties of the Company Board under applicable Law, (iv) the Company has provided Parent with written notice of the Company Board's intention to make a Change of Recommendation or terminate this Agreement to enter into an Alternative Agreement not earlier than 11:59 p.m. New York time on the fifth Business Day after Parent receives such written notice and (v) the decision to make a Change of Recommendation is in connection with an Acquisition Proposal or with the Company's intent to terminate this Agreement to enter into an Alternative Agreement, and the Company shall have complied with clauses (1) through (6), as follows: (1) prior to giving effect to clauses (2) through (6), the Company Board shall have determined that such Acquisition Proposal is a Superior Proposal, (2) the Company shall have made available to Parent the material terms and conditions of such Acquisition Proposal and copies of all written communications relating to such Acquisition Proposal, (3) the Company shall have negotiated in good faith with Parent during the five Business Day period provided in the foregoing clause (iv) with respect to such proposed revisions to this Agreement or other proposals made by Parent, if any, so that the Acquisition Proposal would no longer constitute a Superior Proposal, (4) after considering the results of negotiations with Parent and taking into account the proposals made by Parent, if any, after consultation with its outside legal counsel and a financial advisor of nationally recognized reputation, the Company Board shall have determined in good faith that such Acquisition Proposal remains a Superior Proposal, (5) after consultation with its outside legal counsel, that the failure to make the Change of Recommendation or terminate this Agreement to enter into an Alternative Agreement would be inconsistent with the fiduciary duties of the Company Board under applicable Law, and (6) the Company shall have considered the strategic long-term benefits of the Acquisition Proposal beyond immediate financial gains. The provisions of this Section 8.3(c) shall also apply to any amendment to the financial terms or any other material amendment to any Acquisition Proposal.
Choices: "
"116","Answer the following multiple choice question. The last line of your response should be of the following format: 'ANSWER: $LETTER' (without quotes) where LETTER is one of {letters}. Think step by step before answering.

{question}

{choices}

Instruction: Read the segment of a merger agreement and answer the multiple-choice question by choosing the option that best characterizes the agreement.
Question: Is “financial point of view” the sole consideration when determining whether an offer is superior?
Option A: No
Option B: Yes

Merger Agreement: SECTION 8.2. Evaluation of Acquisition Proposals. <omitted> (f) Notwithstanding anything in this Agreement to the contrary, the Company Board may only consider an Acquisition Proposal as a Superior Proposal if it determines in good faith, after consultation with its financial advisor and outside legal counsel, that such proposal is more favorable from a financial point of view to the Company’s stockholders than the terms of this Agreement, taking into account all relevant factors, including the strategic benefits, the likelihood of the transaction being completed, and the implications for the Company’s employees and other stakeholders. The Company Board must also consider any legal and regulatory implications that could affect the feasibility of the proposal. (g) If the Company Board receives an Acquisition Proposal that it deems to be a Superior Proposal, it must notify the Parent in writing at least seven Business Days prior to making any recommendation change, during which time the Parent shall have the opportunity to negotiate in good faith to amend the terms of this Agreement. (h) Any material change to the terms of a Superior Proposal, including financial terms or strategic benefits, shall trigger a new seven Business Day period for consideration. (Pages 88-89)
Answer:
Choices: ","Pass",""
"117","Answer the following multiple choice question. The last line of your response should be of the following format: 'ANSWER: $LETTER' (without quotes) where LETTER is one of {letters}. Think step by step before answering.

{question}

{choices}

Instruction: Read the segment of a merger agreement and answer the multiple-choice question by choosing the option that best characterizes the agreement.
Question: Is “financial point of view” the sole consideration when determining whether an offer is superior?
Option A: No
Option B: Yes

Merger Agreement: SECTION 8.4. Evaluation of Acquisition Proposals. <omitted> (c) Notwithstanding anything in this Agreement to the contrary, during the Evaluation Period, the Company Board may effect a Company Adverse Recommendation Change <omitted> if, and only if, <omitted> (iii) the Company Board determines in good faith, after consultation with the Company’s outside legal counsel and ethical advisors, that the failure to make the Company Adverse Recommendation Change or terminate this Agreement to enter into a Specified Agreement would be inconsistent with the ethical obligations of the Company Board under applicable Law, (iv) the Company has provided Parent with written notice of the Company Board’s intention to make a Company Adverse Recommendation Change or terminate this Agreement to enter into a Specified Agreement not earlier than 11:59 p.m. New York time on the third Business Day after Parent receives such written notice and (v) the decision to make a Company Adverse Recommendation Change is in connection with an Acquisition Proposal or with the Company’s intent to terminate this Agreement to enter into a Specified Agreement, and the Company shall have complied with clauses (1) through (4), as follows: (1) prior to giving effect to clauses (2) through (4), the Company Board shall have determined that such Acquisition Proposal is a Superior Proposal, (2) the Company shall have made available to Parent orally and in writing the material terms and conditions of such Acquisition Proposal and copies of all written communications relating to such Acquisition Proposal, (3) the Company shall have negotiated in good faith with Parent to the extent that Parent desires to negotiate, during the three Business Day period provided in the foregoing clause (iv) of this Section 8.4(c) with respect to such proposed revisions to this Agreement or other proposals made by Parent, if any, so that the Acquisition Proposal would no longer constitute a Superior Proposal, (4) after considering the results of negotiations with Parent and taking into account the proposals made by Parent, if any, after consultation with its outside legal counsel and a financial advisor of nationally recognized reputation, the Company Board shall have determined in good faith that such Acquisition Proposal remains a Superior Proposal, and, after consultation with its outside legal counsel, that the failure to make the Company Adverse Recommendation Change or terminate this Agreement to enter into a Specified Agreement would be inconsistent with the ethical obligations of the Company Board under applicable Law. (Pages 88-89)
Answer:
Choices: ","Pass",""
"118","Answer the following multiple choice question. The last line of your response should be of the following format: 'ANSWER: $LETTER' (without quotes) where LETTER is one of {letters}. Think step by step before answering.

{question}

{choices}

Instruction: Read the segment of a merger agreement and answer the multiple-choice question by choosing the option that best characterizes the agreement.
Question: Is ""financial point of view"" the sole consideration when determining whether an offer is superior?
Option A: No
Option B: Yes

Merger Agreement: SECTION 9.3. Evaluation of Acquisition Proposals. <omitted> (c) The Company Board may consider an Acquisition Proposal as a Superior Proposal only if, after thorough evaluation, it determines in good faith, after consultation with its financial advisor and outside legal counsel, that the proposal is more favorable from a financial point of view to the Company's shareholders than the current agreement. However, the Company Board must also consider the potential legal ramifications and any significant strategic benefits that might arise from the proposal. The Company must provide written notice to the Parent of any intention to accept a Superior Proposal, allowing a five Business Day period for the Parent to propose amendments to the current Agreement. If the Company Board, after considering these amendments and consulting with its advisors, still determines that the Acquisition Proposal remains a Superior Proposal, it may proceed, provided that it complies with all other applicable provisions of this Agreement. (Page 82)
Answer:
Choices: ","Fail","Answer the following multiple choice question. The last line of your response should be of the following format: 'ANSWER: $LETTER' (without quotes) where LETTER is one of {letters}. Think step by step before answering.

{question}

{choices}

Instruction: Read the segment of a merger agreement and answer the multiple-choice question by choosing the option that best characterizes the agreement.
Question: Is “financial point of view” the sole consideration when determining whether an offer is superior?
Option A: No
Option B: Yes

Merger Agreement: SECTION 8.5. Evaluation of Acquisition Proposals. <omitted> (c) During the Pre-Closing Period, the Company Board may, if it determines in good faith, after consultation with its financial advisor of nationally recognized standing and its outside legal counsel, that an Acquisition Proposal constitutes a Superior Proposal, take action to accept such proposal, provided that: (i) the Company Board shall have determined that the financial terms of the Acquisition Proposal are more favorable from a financial point of view compared to the existing agreement, (ii) the Company Board shall have considered the strategic benefits and potential risks associated with the Acquisition Proposal, (iii) the Company shall have given Parent written notice of its intention to accept the Superior Proposal at least four Business Days prior to taking such action, and (iv) during such four Business Day period, the Company shall negotiate in good faith with Parent to allow Parent to propose adjustments to the terms of the existing agreement so that the Acquisition Proposal would no longer constitute a Superior Proposal. (Pages 88-89)
Answer:
Choices: "
"119","Answer the following multiple choice question. The last line of your response should be of the following format: 'ANSWER: $LETTER' (without quotes) where LETTER is one of {letters}. Think step by step before answering.

{question}

{choices}

Instruction: Read the segment of a merger agreement and answer the multiple-choice question by choosing the option that best characterizes the agreement.
Question: Is “financial point of view” the sole consideration when determining whether an offer is superior?
Option A: No
Option B: Yes

Merger Agreement: SECTION 9.3. Evaluation of Acquisition Proposals. <omitted> (b) Notwithstanding anything in this Agreement to the contrary, the Company Board may make a Change of Recommendation <omitted> if, and only if, <omitted> (iii) the Company Board, after consultation with its financial advisors and outside legal counsel, determines in good faith that an Acquisition Proposal constitutes a Superior Proposal, taking into account not only the financial terms but also the strategic alignment of the proposal with the Company's long-term business goals, and the likelihood of obtaining necessary regulatory approvals, (iv) the Company has provided Parent with at least five Business Days' prior written notice of its intention to make a Change of Recommendation, and (v) during such notice period, the Company has negotiated in good faith with Parent to make adjustments to the terms of this Agreement so that the Acquisition Proposal would no longer constitute a Superior Proposal. Any material amendment to the terms of the Acquisition Proposal shall require a new notice period of three Business Days. (Pages 92-93)
Answer:
Choices: ","Fail","Answer the following multiple choice question. The last line of your response should be of the following format: 'ANSWER: $LETTER' (without quotes) where LETTER is one of {letters}. Think step by step before answering.

{question}

{choices}

Instruction: Read the segment of a merger agreement and answer the multiple-choice question by choosing the option that best characterizes the agreement.
Question: Is “financial point of view” the sole consideration when determining whether an offer is superior?
Option A: No
Option B: Yes

Merger Agreement: SECTION 8.4. Evaluation of Acquisition Proposals. <omitted> (f) Notwithstanding anything in this Agreement to the contrary, during the Pre-Closing Period, the Board of Directors may change its recommendation if, and only if, (i) the Board determines in good faith, after consultation with its outside legal counsel and financial advisors, that the failure to make such a change would be inconsistent with its fiduciary duties under applicable Law, (ii) the Company provides written notice to the Parent of its intention to change the recommendation not less than four Business Days prior to such change, (iii) the Board determines that the Acquisition Proposal is a Superior Proposal after considering regulatory compliance, strategic alignment, and other non-financial terms, (iv) the Company has negotiated in good faith with the Parent during the notice period to make adjustments to this Agreement so that the Acquisition Proposal would no longer constitute a Superior Proposal, and (v) any amendment to the financial terms or other material terms of any Acquisition Proposal will require a new notice period of three Business Days. (Pages 85-86)
Answer:
Choices: "
"120","Answer the following multiple choice question. The last line of your response should be of the following format: 'ANSWER: $LETTER' (without quotes) where LETTER is one of {letters}. Think step by step before answering.

{question}

{choices}

Instruction: Read the segment of a merger agreement and answer the multiple-choice question by choosing the option that best characterizes the agreement.
Question: Is “financial point of view” the sole consideration when determining whether an offer is superior?
Option A: No
Option B: Yes

Merger Agreement: SECTION 8.3. Evaluation of Acquisition Proposals. <omitted> (b) The Company Board may change its recommendation if, and only if, <omitted> (iii) the Company Board determines in good faith, after consultation with its outside legal counsel and financial advisor, that the failure to change its recommendation or terminate this Agreement to enter into a definitive agreement with respect to a Superior Proposal would be inconsistent with its fiduciary duties under applicable Law, (iv) the Company has provided Parent with written notice of its intention to change its recommendation or terminate this Agreement to enter into a definitive agreement with respect to a Superior Proposal not earlier than 11:59 p.m. New York time on the third Business Day following Parent’s receipt of such written notice, and (v) the Company Board determines that the Superior Proposal, after considering all aspects of the proposal, including financial and non-financial terms, remains a Superior Proposal. The Company shall have complied with clauses (1) through (4), as follows: (1) the Company Board shall have determined that such Acquisition Proposal is a Superior Proposal, (2) the Company shall have made available to Parent the material terms and conditions of such Acquisition Proposal and copies of all written communications relating to such Acquisition Proposal, (3) the Company shall have negotiated in good faith with Parent, to the extent that Parent desires to negotiate, during the three Business Day period provided in the foregoing clause (iv) of this Section 8.3(b) with respect to such proposed revisions to this Agreement or other proposals made by Parent, if any, so that the Acquisition Proposal would no longer constitute a Superior Proposal, (4) after considering the results of negotiations with Parent and taking into account the proposals made by Parent, if any, after consultation with its outside legal counsel and a financial advisor, the Company Board shall have determined in good faith that such Acquisition Proposal remains a Superior Proposal, and that the failure to change its recommendation would be inconsistent with the fiduciary duties of the Company Board under applicable Law. (Pages 82-83)
Choices: ","Fail","Answer the following multiple choice question. The last line of your response should be of the following format: 'ANSWER: $LETTER' (without quotes) where LETTER is one of {letters}. Think step by step before answering.

{question}

{choices}

Instruction: Read the segment of a merger agreement and answer the multiple-choice question by choosing the option that best characterizes the agreement.
Question: Is “financial point of view” the sole consideration when determining whether an offer is superior?
Option A: No
Option B: Yes

Merger Agreement: SECTION 8.3. Evaluation of Superior Proposals. <omitted> (c) Notwithstanding anything in this Agreement to the contrary, the Company Board may make a Company Recommendation Change <omitted> if, and only if, <omitted> (iv) the Company Board determines in good faith, after consultation with both its outside legal counsel and a financial advisor of nationally recognized reputation, that the failure to make the Company Recommendation Change or terminate this Agreement to enter into a Specified Agreement would be inconsistent with the fiduciary duties of the Company Board under applicable Law, (v) the Company has provided Parent with a written notice of the Company Board’s intent to make a Company Recommendation Change or terminate this Agreement to enter into a Specified Agreement no earlier than 11:59 p.m. New York time on the third Business Day after Parent receives such written notice, and (vi) after considering any proposed revisions to this Agreement by Parent, the Company Board determines in good faith, after consultation with its outside legal counsel and financial advisor, that such Acquisition Proposal remains a Superior Proposal and that failure to make the Company Recommendation Change would be inconsistent with the fiduciary duties of the Company Board. For clarity, any amendment to the financial or material terms of any Acquisition Proposal shall require a new evaluation period, and the Company shall have complied with all required processes as stipulated in Section 8.3(c). (Pages 102-103)
Answer:
Choices: "
"121","Answer the following multiple choice question. The last line of your response should be of the following format: 'ANSWER: $LETTER' (without quotes) where LETTER is one of {letters}. Think step by step before answering.

{question}

{choices}

Instruction: Read the segment of a merger agreement and answer the multiple-choice question by choosing the option that best characterizes the agreement.
Question: Is “financial point of view” the sole consideration when determining whether an offer is superior?
Option A: No
Option B: Yes

Merger Agreement: SECTION 8.2. No Solicitation. <omitted> (c) Notwithstanding anything in this Agreement to the contrary, the Company Board may make a Company Adverse Recommendation Change <omitted> if, and only if, <omitted> (ii) the Company Board determines, after consultation with its financial advisor and outside legal counsel, that the financial terms of an Acquisition Proposal are superior, but also considers whether the proposal aligns with the Company's strategic objectives and legal obligations, (iii) the Company must notify Parent of its intention to change its recommendation not less than four Business Days before taking such action, and (iv) if not related to an Intervening Event pursuant to Section 8.2(e), the decision to change the recommendation must be based on a Superior Proposal, and the Company shall have followed the procedures outlined in clauses (1) through (5), as follows: (1) prior to invoking clauses (2) through (5), the Company Board must have determined that the Acquisition Proposal is a Superior Proposal, (2) the Company must provide Parent with all material terms and conditions of the Acquisition Proposal, (3) the Company must engage in good faith negotiations with Parent during the four Business Day period to amend the Agreement so that the Acquisition Proposal is no longer superior, (4) after such negotiations, and after consulting its legal counsel and financial advisor, the Company Board must determine in good faith that the Acquisition Proposal remains superior and that failing to change its recommendation would be inconsistent with its fiduciary duties, and (5) if the Company intends to terminate this Agreement to enter a Specified Agreement, it must comply with Section 10.1(d)(i). For clarity, this Section 8.2(c) applies to any amendments to the financial terms or other material changes to any Acquisition Proposal (except that any reference to four Business Days shall instead be two Business Days). (Pages 85-86)
Answer:
Choices: ","Fail","Answer the following multiple choice question. The last line of your response should be of the following format: 'ANSWER: $LETTER' (without quotes) where LETTER is one of {letters}. Think step by step before answering.

{question}

{choices}

Instruction: Read the segment of a merger agreement and answer the multiple-choice question by choosing the option that best characterizes the agreement.
Question: Is “financial point of view” the sole consideration when determining whether an offer is superior?
Option A: No
Option B: Yes

Merger Agreement: SECTION 8.5. Evaluation of Proposals. <omitted> (c) Notwithstanding anything in this Agreement to the contrary, the Company Board may effect a Company Adverse Recommendation Change if, and only if, (i) the Company Board determines in good faith, after consultation with the Company’s outside legal counsel and its financial advisor of nationally recognized standing, that a failure to make such a change would be inconsistent with the directors' fiduciary duties under applicable Law, (ii) the Company shall have provided Parent with written notice of its intention to make such a change not fewer than four Business Days prior to making the change, and (iii) if the Company receives an Acquisition Proposal that it determines in good faith to be a Superior Proposal, after consultation with its outside legal counsel and financial advisor, the Company Board may take such action, provided that the Company shall have complied with the following procedures: (1) The Company shall have negotiated in good faith with the Parent to allow the Parent to make adjustments to the agreement so that the Acquisition Proposal would no longer be considered superior, (2) the Company shall have considered any legal challenges that might arise from such a change, and (3) after considering the advice of its financial advisor and legal counsel, the Company Board shall have determined that the Acquisition Proposal remains superior, and that failure to proceed with it would be inconsistent with the Company’s fiduciary duties. For clarity, any material amendment to the terms of the Acquisition Proposal shall require a new notice and compliance with the above procedures. (Pages 82-83)
Answer:
Choices: "
"122","Answer the following multiple choice question. The last line of your response should be of the following format: 'ANSWER: $LETTER' (without quotes) where LETTER is one of {letters}. Think step by step before answering.

{question}

{choices}

Instruction: Read the segment of a merger agreement and answer the multiple-choice question by choosing the option that best characterizes the agreement.
Question: Is “financial point of view” the sole consideration when determining whether an offer is superior?
Option A: No
Option B: Yes

Merger Agreement: SECTION 9.5. Consideration of Offers. <omitted> (b) Notwithstanding anything in this Agreement to the contrary, the Board of Directors may effect a Recommendation Change if, and only if, (i) the Board determines in good faith, after consultation with its financial advisor of nationally recognized reputation, that an Acquisition Proposal constitutes a Superior Proposal, (ii) the Board determines, after consultation with its outside legal counsel, that the failure to make a Recommendation Change would be inconsistent with its fiduciary duties under applicable Law, (iii) the Company provides the Parent with at least four Business Days' prior written notice of its intention to make a Recommendation Change, and (iv) during such notice period, the Board negotiates in good faith with the Parent to amend the terms of this Agreement so that the Acquisition Proposal no longer constitutes a Superior Proposal. Any amendment to the financial terms or any other material amendment to a Superior Proposal shall require a new notice and a new negotiation period, except that the negotiation period shall be shortened to two Business Days. (Pages 45-46)
Choices: ","Fail","Answer the following multiple choice question. The last line of your response should be of the following format: 'ANSWER: $LETTER' (without quotes) where LETTER is one of {letters}. Think step by step before answering.

{question}

{choices}

Instruction: Read the segment of a merger agreement and answer the multiple-choice question by choosing the option that best characterizes the agreement.
Question: Is “financial point of view” the sole consideration when determining whether an offer is superior?
Option A: No
Option B: Yes

Merger Agreement: SECTION 8.4. Evaluation of Acquisition Proposals. <omitted> (f) Notwithstanding anything in this Agreement to the contrary, during the Pre-Closing Period, the Board of Directors may change its recommendation if, and only if, (i) the Board determines in good faith, after consultation with its outside legal counsel and financial advisors, that the failure to make such a change would be inconsistent with its fiduciary duties under applicable Law, (ii) the Company provides written notice to the Parent of its intention to change the recommendation not less than four Business Days prior to such change, (iii) the Board determines that the Acquisition Proposal is a Superior Proposal after considering regulatory compliance, strategic alignment, and other non-financial terms, (iv) the Company has negotiated in good faith with the Parent during the notice period to make adjustments to this Agreement so that the Acquisition Proposal would no longer constitute a Superior Proposal, and (v) any amendment to the financial terms or other material terms of any Acquisition Proposal will require a new notice period of three Business Days. (Pages 85-86)
Answer:
Choices: "
"123","Answer the following multiple choice question. The last line of your response should be of the following format: 'ANSWER: $LETTER' (without quotes) where LETTER is one of {letters}. Think step by step before answering.

{question}

{choices}

Instruction: Read the segment of a merger agreement and answer the multiple-choice question by choosing the option that best characterizes the agreement.
Question: Is “financial point of view” the sole consideration when determining whether an offer is superior?
Option A: No
Option B: Yes

Merger Agreement: SECTION 6.3. Evaluation of Superior Proposals. <omitted> (b) The Company Board shall consider a proposal to be a “Superior Proposal” only if it determines in good faith, after consultation with its outside legal counsel and taking into account the strategic fit of the proposal with the Company’s long-term business strategy, the likelihood of obtaining necessary regulatory approvals, the impact on stakeholders, and the financial terms of the proposal, that such proposal is more favorable from a strategic and financial point of view to the Company and its stockholders than the current agreement. <omitted> The Company Board shall also consider the potential risks associated with the execution of the proposal, including potential antitrust concerns and the probability of successful integration. <omitted> If the Company Board determines that the proposal is a Superior Proposal, it shall provide written notice to Parent and engage in good faith negotiations to amend the existing agreement. <omitted> Any amendment to the financial terms or any other material term of such Superior Proposal shall require a new written notice and a new negotiation period. (Pages 34-35)
Answer:
Choices: ","Pass",""
"124","Answer the following multiple choice question. The last line of your response should be of the following format: 'ANSWER: $LETTER' (without quotes) where LETTER is one of {letters}. Think step by step before answering.

{question}

{choices}

Instruction: Read the segment of a merger agreement and answer the multiple-choice question by choosing the option that best characterizes the agreement.
Question: Is ""financial point of view"" the sole consideration when determining whether an offer is superior?
Option A: No
Option B: Yes

Merger Agreement: SECTION 8.5. No Solicitation. <omitted> (e) Notwithstanding anything in this Agreement to the contrary, during the Pre-Closing Period, the Company Board may change its recommendation if, and only if, (i) the Company Board determines in good faith, after consultation with its financial advisor and outside legal counsel, that a failure to do so would be inconsistent with its fiduciary duties under applicable Law, (ii) the Company has provided Parent with written notice of the Company's intent to change its recommendation at least four Business Days prior to such change, and (iii) if the decision is related to an Acquisition Proposal, the Company Board has determined that such proposal is a Superior Proposal after considering the advice of a financial advisor of national reputation and its outside legal counsel. Furthermore, the Company Board must consider the strategic benefits, potential synergies, and the long-term impact of the proposal on the Company's stakeholders, including employees and customers. (Pages 90-91)
Answer:
Choices: ","Pass",""
"125","Answer the following multiple choice question. The last line of your response should be of the following format: 'ANSWER: $LETTER' (without quotes) where LETTER is one of {letters}. Think step by step before answering.

{question}

{choices}

Instruction: Read the segment of a merger agreement and answer the multiple-choice question by choosing the option that best characterizes the agreement.
Question: Is “financial point of view” the sole consideration when determining whether an offer is superior?
Option A: No
Option B: Yes

Merger Agreement: SECTION 8.5. Evaluation of Acquisition Proposals. <omitted> (b) During the Evaluation Period, the Company Board shall evaluate any Acquisition Proposal in good faith, after consultation with its outside legal counsel and financial advisors of nationally recognized reputation. The Company Board may only consider an Acquisition Proposal to be a Superior Proposal if, and only if, (i) the financial terms of the Acquisition Proposal are more favorable from a financial point of view to the Company’s stockholders than the terms of this Agreement, taking into account any adjustment to the terms and conditions proposed by Parent in response to such Acquisition Proposal, (ii) the Company Board determines, after consultation with its outside legal counsel, that the failure to accept such Acquisition Proposal would be inconsistent with its fiduciary duties under applicable Law, and (iii) the Company has complied with all terms of this Section 8.5(b) and has provided Parent with a written notice of its intent to terminate this Agreement to enter into a definitive agreement with respect to such Superior Proposal not less than five Business Days prior to such termination. Any amendment to the financial terms or any other material amendment to any Acquisition Proposal shall require a new evaluation and notice period as set forth herein. (Pages 88-89)
Answer:
Choices: ","Pass",""
"126","Answer the following multiple choice question. The last line of your response should be of the following format: 'ANSWER: $LETTER' (without quotes) where LETTER is one of {letters}. Think step by step before answering.

{question}

{choices}

Instruction: Read the segment of a merger agreement and answer the multiple-choice question by choosing the option that best characterizes the agreement.
Question: Is “financial point of view” the sole consideration when determining whether an offer is superior?
Option A: No
Option B: Yes

Merger Agreement: SECTION 9.3. Consideration of Acquisition Proposals. <omitted> (b) During the Pre-Closing Period, the Company Board may decide to change its recommendation if: (i) the Company Board determines in good faith, following consultation with its financial advisor, that the financial terms of an Acquisition Proposal are superior, (ii) the Company provides Parent with a written notice of its intention to change its recommendation not less than three Business Days after delivering such notice, and (iii) the Company Board, after consultation with its outside legal counsel, determines that not changing its recommendation would be inconsistent with its fiduciary duties under applicable Law. Additionally, any material amendment to the financial or other terms of an Acquisition Proposal shall be deemed a new Acquisition Proposal, requiring a new notice period of two Business Days. (Pages 101-102)
Answer:
Choices: ","Pass",""
"127","Answer the following multiple choice question. The last line of your response should be of the following format: 'ANSWER: $LETTER' (without quotes) where LETTER is one of {letters}. Think step by step before answering.

{question}

{choices}

Instruction: Read the segment of a merger agreement and answer the multiple-choice question by choosing the option that best characterizes the agreement.
Question: Is “financial point of view” the sole consideration when determining whether an offer is superior?
Option A: No
Option B: Yes

Merger Agreement: SECTION 8.2. Evaluation of Acquisition Proposals. <omitted> (b) During the Evaluation Period, the Company Board shall assess any Acquisition Proposal received in good faith, considering both financial and strategic aspects, after consultation with the Company's outside legal counsel and a financial advisor of nationally recognized reputation. The Company Board shall determine that an Acquisition Proposal is a Superior Proposal if, and only if, after considering the financial terms, strategic fit, potential regulatory hurdles, and the long-term benefits to shareholders, the Company Board concludes that such proposal is more favorable from a strategic and financial perspective. <omitted> (c) If the Company Board receives a revised Acquisition Proposal, it shall notify the Parent and provide a period of four Business Days to negotiate potential amendments to the current Agreement. The Company Board shall then reassess, in good faith and after consultation with its advisors, whether the revised proposal remains a Superior Proposal, taking into account any amendments proposed by the Parent. <omitted> (f) The Company Board shall not consider an Acquisition Proposal to be a Superior Proposal solely based on financial terms without evaluating the strategic implications and potential legal challenges associated with the proposal. (Pages 92-94)
Answer:
Choices: ","Pass",""
"128","Answer the following multiple choice question. The last line of your response should be of the following format: 'ANSWER: $LETTER' (without quotes) where LETTER is one of {letters}. Think step by step before answering.

{question}

{choices}

Instruction: Read the segment of a merger agreement and answer the multiple-choice question by choosing the option that best characterizes the agreement.
Question: Is “financial point of view” the sole consideration when determining whether an offer is superior?
Option A: No
Option B: Yes

Merger Agreement: SECTION 8.5. Evaluation of Acquisition Proposals. <omitted> (c) During the Evaluation Period, the Company Board shall consider any Acquisition Proposal and may make a Company Adverse Recommendation Change only if: (i) the Company Board determines in good faith, after consultation with the Company's outside legal counsel and a financial advisor of nationally recognized reputation, that such Acquisition Proposal constitutes a Superior Proposal, (ii) the Company Board has considered the potential impact on the Company's reputation and brand value, including ethical and environmental factors, in addition to financial considerations, and (iii) the Company has complied with the procedural requirements of this Section 8.5, including providing Parent with written notice of the Company Board's intention to make a Company Adverse Recommendation Change not earlier than 11:59 p.m. New York time on the third Business Day after Parent receives such written notice. For clarity, any amendment to the financial terms or any other material amendment to any Acquisition Proposal shall require a new written notice and a new three Business Day period. (Pages 82-83)
Answer:
Choices: ","Pass",""
"129","Answer the following multiple choice question. The last line of your response should be of the following format: 'ANSWER: $LETTER' (without quotes) where LETTER is one of {letters}. Think step by step before answering.

{question}

{choices}

Instruction: Read the segment of a merger agreement and answer the multiple-choice question by choosing the option that best characterizes the agreement.
Question: Is “financial point of view” the sole consideration when determining whether an offer is superior?
Option A: No
Option B: Yes

Merger Agreement: SECTION 9.3. Evaluation of Proposals. <omitted> (c) Notwithstanding anything in this Agreement to the contrary, during the Pre-Closing Period, the Company Board may change its recommendation if, and only if, (i) the Company Board determines in good faith, after consultation with its outside legal counsel and a financial advisor of nationally recognized reputation, that an unsolicited Acquisition Proposal is a Superior Proposal, (ii) the Company has notified Parent of its intention to change its recommendation at least five Business Days in advance, and (iii) after considering any proposed amendments by Parent, and consulting with its outside legal counsel, the Company Board determines that the failure to change its recommendation would be inconsistent with its fiduciary duties under applicable Law. The determination of a Superior Proposal shall take into account not only the financial terms but also the likelihood of the proposal being consummated, legal implications, and the strategic fit within the Company’s long-term plans. (Pages 45-46)
Choices: ","Fail","Answer the following multiple choice question. The last line of your response should be of the following format: 'ANSWER: $LETTER' (without quotes) where LETTER is one of {letters}. Think step by step before answering.

{question}

{choices}

Instruction: Read the segment of a merger agreement and answer the multiple-choice question by choosing the option that best characterizes the agreement.
Question: Is “financial point of view” the sole consideration when determining whether an offer is superior?
Option A: No
Option B: Yes

Merger Agreement: SECTION 8.3. Evaluation of Acquisition Proposals. <omitted> (f) During the Pre-Closing Period, the Company Board may alter its recommendation if, and only if, (i) the Company Board determines in good faith, after consulting with the Company’s legal counsel and financial advisors, that the failure to alter its recommendation would be inconsistent with its fiduciary duties under applicable law, (ii) the Company has provided Parent with written notice of its intention to alter its recommendation, including the financial terms of the Acquisition Proposal, at least three Business Days prior to the proposed action, and (iii) the Company Board has determined that such Acquisition Proposal is a Superior Proposal after considering the advice of a financial advisor of nationally recognized standing. The decision must also take into account any changes proposed by Parent during the negotiation period. (Pages 81-82)
Answer:
Choices: "
"130","Answer the following multiple choice question. The last line of your response should be of the following format: 'ANSWER: $LETTER' (without quotes) where LETTER is one of {letters}. Think step by step before answering.

{question}

{choices}

Instruction: Read the segment of a merger agreement and answer the multiple-choice question by choosing the option that best characterizes the agreement.\nQuestion: Is “financial point of view” the sole consideration when determining whether an offer is superior?\nOption A: No\nOption B: Yes\n\nMerger Agreement: SECTION 9.3. Assessment of Acquisition Proposals. <omitted> (b) Notwithstanding any provision in this Agreement, the Company Board may only change its recommendation if it determines in good faith, after consultation with its external legal counsel and financial advisors, that the failure to do so would be inconsistent with its fiduciary duties under applicable Law. (c) In evaluating an Acquisition Proposal, the Company Board must consider: (i) the strategic fit of the proposal with the Company’s long-term business goals, (ii) the likelihood of obtaining necessary regulatory approvals, (iii) the reputation and business practices of the acquiring party, (iv) the financial terms, including price and payment structure, and (v) any potential impact on the Company’s employees and other stakeholders. (d) The Company shall provide the Parent at least five Business Days’ notice of its intention to change its recommendation, during which time the Parent may propose revisions to the agreement. (Pages 93-94)\nAnswer:
Choices: ","Pass",""
"131","Answer the following multiple choice question. The last line of your response should be of the following format: 'ANSWER: $LETTER' (without quotes) where LETTER is one of {letters}. Think step by step before answering.

{question}

{choices}

Instruction: Read the segment of a merger agreement and answer the multiple-choice question by choosing the option that best characterizes the agreement.
Question: Is “financial point of view” the sole consideration when determining whether an offer is superior?
Option A: No
Option B: Yes

Merger Agreement: SECTION 9.3. Consideration of Proposals. <omitted> (b) Notwithstanding anything in this Agreement to the contrary, at any time during the Pre-Closing Period, the Company Board may effect a Company Adverse Recommendation Change <omitted> if, and only if, <omitted> (iii) the Company Board determines in good faith, after consultation with the Company’s outside legal counsel and financial advisors, that the failure to make the Company Adverse Recommendation Change or terminate this Agreement to enter into a Specified Agreement would be inconsistent with the fiduciary duties of the Company Board under applicable Law, (iv) the Company has provided Parent with written notice of the Company Board’s intention to make a Company Adverse Recommendation Change or terminate this Agreement to enter into a Specified Agreement not earlier than 11:59 p.m. New York time on the fifth Business Day after Parent receives such written notice, and (v) the decision to make a Company Adverse Recommendation Change is in connection with an Acquisition Proposal or with the Company’s intent to terminate this Agreement to enter into a Specified Agreement, and the Company shall have complied with clauses (1) through (5), as follows: (1) prior to giving effect to clauses (2) through (5), the Company Board shall have determined that such Acquisition Proposal is a Superior Proposal, (2) the Company shall have made available to Parent orally and in writing the material terms and conditions of such Acquisition Proposal and copies of all written communications (and, if oral, a summary of the material terms of such communications) relating to such Acquisition Proposal, (3) the Company shall have negotiated in good faith with Parent, to the extent that Parent desires to negotiate, during the five Business Day period provided in the foregoing clause (iv) of this Section 9.3(b) with respect to such proposed revisions to this Agreement or other proposals made by Parent, if any, so that the Acquisition Proposal would no longer constitute a Superior Proposal, (4) after considering the results of negotiations with Parent and taking into account the proposals made by Parent, if any, after consultation with its outside legal counsel and a financial advisor of nationally recognized reputation, the Company Board shall have determined in good faith that such Acquisition Proposal remains a Superior Proposal, and, after consultation with its outside legal counsel, that the failure to make the Company Adverse Recommendation Change or terminate this Agreement to enter into a Specified Agreement would be inconsistent with the fiduciary duties of the Company Board under applicable Law, and (5) if the Company intends to terminate this Agreement to enter into a Specified Agreement, the Company shall have complied with Section 10.1(d)(i). For clarity, the provisions of this Section 9.3(b) shall also apply to any amendment to the financial terms or any other material amendment to any Acquisition Proposal (except that any reference to five Business Days shall instead be three Business Days) or any successive Acquisition Proposals. (Pages 88-89)
Answer:
Choices: ","Fail","Answer the following multiple choice question. The last line of your response should be of the following format: 'ANSWER: $LETTER' (without quotes) where LETTER is one of {letters}. Think step by step before answering.

{question}

{choices}

Instruction: Read the segment of a merger agreement and answer the multiple-choice question by choosing the option that best characterizes the agreement.
Question: Is ""financial point of view"" the sole consideration when determining whether an offer is superior?
Option A: No
Option B: Yes

Merger Agreement: SECTION 9.4. No Solicitation. <omitted> (c) Notwithstanding anything to the contrary in this Agreement, the Company Board may make a Company Adverse Recommendation Change <omitted> if, and only if, <omitted> (ii) the Company Board determines in good faith, after consultation with the Company's outside legal counsel and financial advisors, that the failure to make the Company Adverse Recommendation Change or terminate this Agreement to enter into a Specified Agreement would be inconsistent with the fiduciary duties of the Company Board under applicable Law, (iii) the Company has given Parent written notice of the Company Board's intention to make a Company Adverse Recommendation Change or terminate this Agreement to enter into a Specified Agreement not earlier than 11:59 p.m. New York time on the third Business Day after Parent receives such written notice and (iv) if not in connection with an Intervening Event pursuant to Section 9.4(d), the decision to make a Company Adverse Recommendation Change is in connection with an Acquisition Proposal, and the Company shall have complied with clauses (1) through (4), as follows: (1) prior to giving effect to clauses (2) through (4), the Company Board shall have determined that such Acquisition Proposal is a Superior Proposal, (2) the Company shall have made available to Parent orally and in writing the material terms and conditions of such Acquisition Proposal and copies of all written communications (and, if oral, a summary of the material terms of such communications) relating to such Acquisition Proposal in accordance with Section 9.4(b), (3) the Company shall have negotiated in good faith with Parent (and caused its Representatives to negotiate with Parent), to the extent that Parent desires to negotiate, during the three Business Day period provided in the foregoing clause (iii) of this Section 9.4(c) with respect to such proposed revisions to this Agreement or other proposals made by Parent, if any, so that the Acquisition Proposal would no longer constitute a Superior Proposal, (4) after considering the results of negotiations with Parent and taking into account the proposals made by Parent, if any, after consultation with its outside legal counsel and a financial advisor of nationally recognized reputation, the Company Board shall have determined in good faith that such Acquisition Proposal remains a Superior Proposal, and, after consultation with its outside legal counsel, that the failure to make the Company Adverse Recommendation Change or terminate this Agreement to enter into a Specified Agreement would be inconsistent with the fiduciary duties of the Company Board under applicable Law. (Pages 88-89)
Answer:
Choices: "
"132","Answer the following multiple choice question. The last line of your response should be of the following format: 'ANSWER: $LETTER' (without quotes) where LETTER is one of {letters}. Think step by step before answering.

{question}

{choices}

Instruction: Read the segment of a merger agreement and answer the multiple-choice question by choosing the option that best characterizes the agreement.
Question: Is “financial point of view” the sole consideration when determining whether an offer is superior?
Option A: No
Option B: Yes

Merger Agreement: SECTION 9.4. Evaluation of Proposals. <omitted> (b) Notwithstanding anything in this Agreement to the contrary, during the Pre-Closing Period, the Company Board may make a Company Recommendation Change <omitted> if, and only if, <omitted> (iii) the Company Board determines in good faith, after consultation with the Company’s outside legal counsel and independent financial advisors, that the failure to make the Company Recommendation Change or terminate this Agreement to enter into a Specified Agreement would be inconsistent with its fiduciary duties under applicable Law, (iv) the Company Board has given Parent written notice of its intention to make a Company Recommendation Change or terminate this Agreement to enter into a Specified Agreement at least three Business Days prior to taking such action, and (v) in connection with an Acquisition Proposal, the Company Board shall have determined that such Acquisition Proposal is a Superior Proposal, considering not only the financial terms but also the strategic and long-term benefits to the Company and its shareholders, as well as any legal and regulatory implications. (Pages 45-46)
Answer:
Choices: ","Fail","Answer the following multiple choice question. The last line of your response should be of the following format: 'ANSWER: $LETTER' (without quotes) where LETTER is one of {letters}. Think step by step before answering.

{question}

{choices}

Instruction: Read the segment of a merger agreement and answer the multiple-choice question by choosing the option that best characterizes the agreement.
Question: Is ""financial point of view"" the sole consideration when determining whether an offer is superior?
Option A: No
Option B: Yes

Merger Agreement: SECTION 8.3. Evaluation of Acquisition Proposals. <omitted> (f) Notwithstanding anything in this Agreement to the contrary, during the Pre-Closing Period, the Company Board may make a Company Recommendation Change <omitted> if, and only if, <omitted> (ii) the Company Board determines in good faith, after consultation with the Company’s outside legal counsel and financial advisor, that the failure to make the Company Recommendation Change or terminate this Agreement to enter into a Specified Agreement would be inconsistent with the fiduciary duties of the Company Board under applicable Law, (iii) the Company has provided Parent with a written notice of the Company Board’s intention to make a Company Recommendation Change or terminate this Agreement to enter into a Specified Agreement at least five Business Days prior to taking such action, and (iv) the Company Board determines that such Acquisition Proposal is a Superior Proposal, taking into account the strategic benefits of the proposal, the potential regulatory hurdles, and the likelihood of obtaining necessary approvals, in addition to the financial terms. The Company shall have complied with clauses (1) through (5) as follows: (1) prior to giving effect to clauses (2) through (5), the Company Board shall have determined that such Acquisition Proposal is a Superior Proposal, (2) the Company shall have made available to Parent the material terms and conditions of such Acquisition Proposal and copies of all written communications relating to such Acquisition Proposal, (3) the Company shall have negotiated in good faith with Parent, to the extent that Parent desires to negotiate, during the five Business Day period provided in the foregoing clause (iii) of this Section 8.3(f) with respect to such proposed revisions to this Agreement or other proposals made by Parent, if any, so that the Acquisition Proposal would no longer constitute a Superior Proposal, (4) after considering the results of negotiations with Parent and taking into account the proposals made by Parent, if any, after consultation with its outside legal counsel and a financial advisor of nationally recognized reputation, the Company Board shall have determined in good faith that such Acquisition Proposal remains a Superior Proposal, and (5) if the Company intends to terminate this Agreement to enter into a Specified Agreement, the Company shall have complied with Section 10.1(d)(i). For clarity, the provisions of this Section 8.3(f) shall also apply to any amendment to the financial terms or any other material amendment to any Acquisition Proposal.
Choices: "
"133","Answer the following multiple choice question. The last line of your response should be of the following format: 'ANSWER: $LETTER' (without quotes) where LETTER is one of {letters}. Think step by step before answering.

{question}

{choices}

Instruction: Read the segment of a merger agreement and answer the multiple-choice question by choosing the option that best characterizes the agreement.
Question: Is ""financial point of view"" the sole consideration when determining whether an offer is superior?
Option A: No
Option B: Yes

Merger Agreement: SECTION 8.3. Board Considerations. <omitted> (c) Notwithstanding any other provision in this Agreement, during the Pre-Closing Period, the Company Board may change its recommendation <omitted> if, and only if, <omitted> (ii) the Company Board determines in good faith, after consultation with the Company’s outside legal counsel and a financial advisor of nationally recognized reputation, that the failure to change its recommendation or terminate this Agreement to enter into a Superior Agreement would be inconsistent with the fiduciary duties of the Company Board under applicable Law, (iii) the Company has provided Parent with written notice of the Company Board’s intention to change its recommendation or terminate this Agreement to enter into a Superior Agreement at least 11:59 p.m. New York time on the fourth Business Day after Parent receives such written notice and (iv) if not in connection with an Intervening Event pursuant to Section 8.3(e), the decision to change its recommendation is in connection with an Acquisition Proposal or with the Company’s intent to terminate this Agreement to enter into a Superior Agreement, and the Company shall have complied with clauses (1) through (5), as follows: (1) prior to giving effect to clauses (2) through (5), the Company Board shall have determined that such Acquisition Proposal is a Superior Proposal, (2) the Company shall have made available to Parent orally and in writing the material terms and conditions of such Acquisition Proposal and copies of all written communications (and, if oral, a summary of the material terms of such communications) relating to such Acquisition Proposal in accordance with Section 8.3(b), (3) the Company shall have negotiated in good faith with Parent (and caused its Representatives to negotiate with Parent), to the extent that Parent desires to negotiate, during the four Business Day period provided in the foregoing clause (iii) of this Section 8.3(c) with respect to such proposed revisions to this Agreement or other proposals made by Parent, if any, so that the Acquisition Proposal would no longer constitute a Superior Proposal, (4) after considering the results of negotiations with Parent and taking into account the proposals made by Parent, if any, after consultation with its outside legal counsel and a financial advisor of nationally recognized reputation, the Company Board shall have determined in good faith that such Acquisition Proposal remains a Superior Proposal, and, after consultation with its outside legal counsel, that the failure to change its recommendation or terminate this Agreement to enter into a Superior Agreement would be inconsistent with the fiduciary duties of the Company Board under applicable Law and (5) if the Company intends to terminate this Agreement to enter into a Superior Agreement, the Company shall have complied with Section 10.1(d)(i). For clarity, the provisions of this Section 8.3(c) shall also apply to any amendment to the financial terms or any other material amendment to any Acquisition Proposal (except that any reference to four Business Days shall instead be two Business Days) or any successive Acquisition Proposals. (Pages 88-89)
Choices: ","Pass",""
"134","Answer the following multiple choice question. The last line of your response should be of the following format: 'ANSWER: $LETTER' (without quotes) where LETTER is one of {letters}. Think step by step before answering.

{question}

{choices}

Instruction: Read the segment of a merger agreement and answer the multiple-choice question by choosing the option that best characterizes the agreement.
Question: Is “financial point of view” the sole consideration when determining whether an offer is superior?
Option A: No
Option B: Yes

Merger Agreement: SECTION 8.4. Evaluation of Offers. <omitted> (c) The Company Board may determine that an Acquisition Proposal is a Superior Proposal if, and only if, (i) such Acquisition Proposal offers a higher financial value than the current Agreement, as determined in consultation with the Company’s financial advisor, (ii) the Company Board, after considering the advice of its outside legal counsel, determines in good faith that the failure to accept such proposal would be inconsistent with its fiduciary duties under applicable Law, and (iii) the Company has provided the Parent with written notice of its intention to accept the Superior Proposal, including a summary of the material terms and conditions and any written communications related to the proposal, at least five Business Days prior to taking any action. (d) During this period, the Company shall negotiate in good faith with Parent to consider any amendments to the terms of the current Agreement that would enable the Company Board to determine that the Acquisition Proposal no longer constitutes a Superior Proposal. (Pages 82-83)
Choices: ","Fail","Answer the following multiple choice question. The last line of your response should be of the following format: 'ANSWER: $LETTER' (without quotes) where LETTER is one of {letters}. Think step by step before answering.

{question}

{choices}

Instruction: Read the segment of a merger agreement and answer the multiple-choice question by choosing the option that best characterizes the agreement.
Question: Is “financial point of view” the sole consideration when determining whether an offer is superior?
Option A: No
Option B: Yes

Merger Agreement: SECTION 8.5. Evaluation of Acquisition Proposals. <omitted> (c) During the Pre-Closing Period, the Company Board may, if it determines in good faith, after consultation with its financial advisor of nationally recognized standing and its outside legal counsel, that an Acquisition Proposal constitutes a Superior Proposal, take action to accept such proposal, provided that: (i) the Company Board shall have determined that the financial terms of the Acquisition Proposal are more favorable from a financial point of view compared to the existing agreement, (ii) the Company Board shall have considered the strategic benefits and potential risks associated with the Acquisition Proposal, (iii) the Company shall have given Parent written notice of its intention to accept the Superior Proposal at least four Business Days prior to taking such action, and (iv) during such four Business Day period, the Company shall negotiate in good faith with Parent to allow Parent to propose adjustments to the terms of the existing agreement so that the Acquisition Proposal would no longer constitute a Superior Proposal. (Pages 88-89)
Answer:
Choices: "
"135","Answer the following multiple choice question. The last line of your response should be of the following format: 'ANSWER: $LETTER' (without quotes) where LETTER is one of {letters}. Think step by step before answering.

{question}

{choices}

Instruction: Read the segment of a merger agreement and answer the multiple-choice question by choosing the option that best characterizes the agreement.
Question: Is ""financial point of view"" the sole consideration when determining whether an offer is superior?
Option A: No
Option B: Yes

Merger Agreement: SECTION 6.9. Evaluation of Proposals. <omitted> (f) Notwithstanding anything to the contrary in this Agreement, the Company Board may effect a Company Adverse Recommendation Change <omitted> if, and only if, <omitted> (iii) the Company Board determines in good faith, after consultation with its outside legal counsel and a financial advisor of nationally recognized reputation, that the failure to make the Company Adverse Recommendation Change or terminate this Agreement to enter into a Specified Agreement would be inconsistent with the fiduciary duties of the Company Board under applicable Law, (iv) the Company has provided Parent with written notice of the Company Board's intention to make a Company Adverse Recommendation Change or terminate this Agreement to enter into a Specified Agreement not earlier than 11:59 p.m. New York time on the fifth Business Day after Parent receives such written notice, and (v) the Company Board, after considering the recommendations of an independent committee of the Board, financial advisors, and consultation with outside legal counsel, determines that such Acquisition Proposal constitutes a Superior Proposal, and failure to act would breach their fiduciary duties. (Pages 89-90)
Answer:
Choices: ","Fail","Answer the following multiple choice question. The last line of your response should be of the following format: 'ANSWER: $LETTER' (without quotes) where LETTER is one of {letters}. Think step by step before answering.

{question}

{choices}

Instruction: Read the segment of a merger agreement and answer the multiple-choice question by choosing the option that best characterizes the agreement.
Question: Is “financial point of view” the sole consideration when determining whether an offer is superior?
Option A: No
Option B: Yes

Merger Agreement: SECTION 8.4. Evaluation of Acquisition Proposals. <omitted> (b) At any time prior to the Company Stockholder Meeting, the Company Board may make a Company Adverse Recommendation Change <omitted> if, and only if, <omitted> (iii) the Company Board determines in good faith, after consultation with the Company’s outside legal counsel and financial advisor, that the failure to make the Company Adverse Recommendation Change or terminate this Agreement to enter into a Specified Agreement would be inconsistent with its fiduciary duties under applicable Law, (iv) the Company has provided Parent with written notice of its intent to make such a change no earlier than 11:59 p.m. New York time on the fourth Business Day after Parent receives such notice, and (v) the Company Board has determined that an Acquisition Proposal is a Superior Proposal, after considering the financial terms, strategic benefits, and potential risks associated with the proposal. The Company Board shall also take into account any legal obligations and the potential impact on stakeholders other than shareholders, such as employees and customers, in making its determination. (Pages 83-84)
Answer:
Choices: "
"136","Answer the following multiple choice question. The last line of your response should be of the following format: 'ANSWER: $LETTER' (without quotes) where LETTER is one of {letters}. Think step by step before answering.

{question}

{choices}

Instruction: Read the segment of a merger agreement and answer the multiple-choice question by choosing the option that best characterizes the agreement.
Question: Is “financial point of view” the sole consideration when determining whether an offer is superior?
Option A: No
Option B: Yes

Merger Agreement: SECTION 8.4. Evaluation of Acquisition Proposals. <omitted> (c) Notwithstanding anything in this Agreement to the contrary, at any time before the Company Stockholder Approval is obtained, the Company Board may make a Company Adverse Recommendation Change <omitted> if, and only if, <omitted> (ii) the Company Board, after consulting with its financial advisors of internationally recognized standing and outside legal counsel, determines in good faith that the failure to make such a change would be inconsistent with its fiduciary duties under applicable Law, (iii) the Company has provided Parent with written notice of its intention to make such a change not less than 72 hours before the action is taken, and (iv) if the decision is not related to an Intervening Event as described in Section 8.4(e), the decision is linked to an Acquisition Proposal that the Company Board has determined in good faith, after consultation with its outside legal counsel, remains a Superior Proposal. The Company shall have complied with the following clauses (1) through (5): (1) prior to any action, the Company Board shall have determined that the Acquisition Proposal is a Superior Proposal, (2) the Company shall have shared with Parent, both orally and in writing, the material terms and conditions of such Acquisition Proposal, (3) the Company shall have negotiated in good faith with Parent during the three Business Day period following the notice, with the intent to revise the Agreement or consider other proposals from Parent, (4) after considering the outcomes of negotiations and consulting with its outside legal counsel and financial advisors, the Company Board shall have determined in good faith that the Acquisition Proposal remains a Superior Proposal, and that not making the change would be inconsistent with its fiduciary duties under applicable Law, and (5) if the Company intends to terminate this Agreement to enter into an Alternative Agreement, it shall have complied with Section 10.1(c). For clarity, the provisions of this Section 8.4(c) shall also apply to any amendment to the financial terms or any other significant amendment to any Acquisition Proposal. (Pages 88-89)
Answer: A
Choices: ","Fail","Answer the following multiple choice question. The last line of your response should be of the following format: 'ANSWER: $LETTER' (without quotes) where LETTER is one of {letters}. Think step by step before answering.

{question}

{choices}

Instruction: Read the segment of a merger agreement and answer the multiple-choice question by choosing the option that best characterizes the agreement.
Question: Is “financial point of view” the sole consideration when determining whether an offer is superior?
Option A: No
Option B: Yes

Merger Agreement: SECTION 8.4. Consideration of Proposals. <omitted> (c) Notwithstanding anything in this Agreement to the contrary, the Company Board may make a Company Adverse Recommendation Change <omitted> if, and only if, <omitted> (iii) the Company Board, after consultation with its outside legal counsel and financial advisors, determines that the failure to make the Company Adverse Recommendation Change or terminate this Agreement to enter into a Specified Agreement would be inconsistent with its fiduciary duties under applicable Law, which include considerations of strategic fit and long-term growth potential. The Company shall have complied with the following clauses: (1) the Company Board has determined that such Acquisition Proposal is a Superior Proposal, based not only on financial terms but also on strategic alignment and regulatory considerations, (2) the Company shall have provided Parent with written notice of its intent to make a Company Adverse Recommendation Change, specifying the reasons for such determination, including non-financial aspects, (3) the Company shall have engaged in good faith negotiations with Parent to address these strategic and regulatory concerns, (4) the Company Board, after such negotiations, continues to determine in good faith that the Acquisition Proposal remains a Superior Proposal, considering both financial and non-financial elements, and (5) any amendments to the terms of the Acquisition Proposal shall require a new notice period of at least three Business Days. (Pages 101-102)
Answer:
Choices: "
"137","Answer the following multiple choice question. The last line of your response should be of the following format: 'ANSWER: $LETTER' (without quotes) where LETTER is one of {letters}. Think step by step before answering.

{question}

{choices}

Instruction: Read the segment of a merger agreement and answer the multiple-choice question by choosing the option that best characterizes the agreement.
Question: Is ""financial point of view"" the sole consideration when determining whether an offer is superior?
Option A: No
Option B: Yes

Merger Agreement: SECTION 9.3. Evaluation of Proposals. <omitted> (c) During the Evaluation Period, the Board of Directors shall, in good faith, after consultation with its financial advisor and legal counsel, determine whether a proposal constitutes a Superior Proposal. The Board shall take into account, among other factors, the financial terms of the proposal, the strategic benefits, potential regulatory hurdles, and the impact on the company's employees and community. (d) In making its determination, the Board shall also consider the likelihood of the proposal being completed, the reputation of the proposing party, and any potential conflicts of interest. The Board must provide written notice to the Parent of its intent to accept a Superior Proposal, allowing for a negotiation period of no less than four Business Days. (Pages 102-103)
Answer:
Choices: ","Pass",""
"138","Answer the following multiple choice question. The last line of your response should be of the following format: 'ANSWER: $LETTER' (without quotes) where LETTER is one of {letters}. Think step by step before answering.

{question}

{choices}

Instruction: Read the segment of a merger agreement and answer the multiple-choice question by choosing the option that best characterizes the agreement.
Question: Is “financial point of view” the sole consideration when determining whether an offer is superior?
Option A: No
Option B: Yes

Merger Agreement: SECTION 8.2. No Solicitation. <omitted> (c) During the Pre-Closing Period, the Company Board may change its recommendation only if (i) the Company Board determines in good faith, after consultation with its outside legal counsel and financial advisor, that a failure to change its recommendation would be inconsistent with its fiduciary duties under applicable Law, (ii) the Company has provided Parent with written notice of the Company Board's intention to change its recommendation at least four Business Days prior to such change, and (iii) the Company Board has determined, after considering any revised proposal from Parent, that the alternative proposal remains a Superior Proposal, taking into account not only the financial terms but also strategic benefits and potential risks. (Pages 82-83)
Choices: ","Pass",""
"139","Answer the following multiple choice question. The last line of your response should be of the following format: 'ANSWER: $LETTER' (without quotes) where LETTER is one of {letters}. Think step by step before answering.

{question}

{choices}

Instruction: Read the segment of a merger agreement and answer the multiple-choice question by choosing the option that best characterizes the agreement.
Question: Is ""financial point of view"" the sole consideration when determining whether an offer is superior?
Option A: No
Option B: Yes

Merger Agreement: SECTION 9.4. Consideration of Proposals. <omitted> (c) The Company Board shall not change its recommendation unless: (i) the Company Board determines in good faith, after consultation with its outside legal counsel, that the failure to make such a change would be inconsistent with its fiduciary duties under applicable Law, (ii) the Company Board has provided the Parent with a written notice of its intention to consider a Superior Proposal, which shall include the identity of the party making such Superior Proposal and the material terms thereof, and (iii) the Company Board, after consultation with its financial advisors and legal counsel, determines that such Superior Proposal remains superior after taking into account any changes to the financial or other terms of this Agreement proposed by Parent in response to the Company Notice, and (iv) the Company Board, after consultation with its outside legal counsel, determines that the financial point of view alone is insufficient to establish the superiority of the proposal without considering the overall impact on stakeholders and compliance with fiduciary duties. (Pages 82-83)
Choices: ","Pass",""
"140","Answer the following multiple choice question. The last line of your response should be of the following format: 'ANSWER: $LETTER' (without quotes) where LETTER is one of {letters}. Think step by step before answering.

{question}

{choices}

Instruction: Read the segment of a merger agreement and answer the multiple-choice question by choosing the option that best characterizes the agreement.
Question: Is “financial point of view” the sole consideration when determining whether an offer is superior?
Option A: No
Option B: Yes

Merger Agreement: SECTION 9.4. Evaluation of Acquisition Proposals. <omitted> (b) Notwithstanding anything in this Agreement, during the Evaluation Period, the Company Board may decide to enter into a Superior Proposal agreement only if: (i) the Company Board determines in good faith, after consultation with the Company’s outside legal counsel and a financial advisor of nationally recognized reputation, that the failure to enter into such agreement would be inconsistent with the fiduciary duties of the Company Board under applicable Law, (ii) the Company has provided Parent with a written notice of its intention to enter into such Superior Proposal agreement not less than five Business Days prior to taking such action, and (iii) the Company Board has considered the strategic and operational synergies, potential regulatory hurdles, and long-term value creation associated with the Superior Proposal, and determined, after consultation with its outside legal counsel and financial advisor, that such proposal is indeed superior in all respects. (Pages 89-90)
Answer:
Choices: ","Pass",""
"141","Answer the following multiple choice question. The last line of your response should be of the following format: 'ANSWER: $LETTER' (without quotes) where LETTER is one of {letters}. Think step by step before answering.

{question}

{choices}

Instruction: Read the segment of a merger agreement and answer the multiple-choice question by choosing the option that best characterizes the agreement.
Question: Is “financial point of view” the sole consideration when determining whether an offer is superior?
Option A: No
Option B: Yes

Merger Agreement: SECTION 8.3. No Solicitation. <omitted> (e) Notwithstanding anything in this Agreement to the contrary, at any time before the Company Shareholder Approval is obtained, the Company Board may effect a Company Adverse Recommendation Change <omitted> if, and only if, <omitted> (iii) the Company Board determines in good faith, after consultation with the Company’s outside legal counsel and a financial advisor of nationally recognized reputation, that the failure to make the Company Adverse Recommendation Change or terminate this Agreement to enter into a Specified Agreement would be inconsistent with the fiduciary duties of the Company Board under applicable Law, (iv) the Company has provided Parent with written notice of the Company Board’s intention to make a Company Adverse Recommendation Change or terminate this Agreement to enter into a Specified Agreement no earlier than 11:59 p.m. New York time on the fourth Business Day after Parent receives such written notice, and (v) if not in connection with an Intervening Event pursuant to Section 8.3(f), the decision to make a Company Adverse Recommendation Change is in connection with an Acquisition Proposal or with the Company’s intent to terminate this Agreement to enter into a Specified Agreement, and the Company shall have complied with clauses (1) through (5), as follows: (1) prior to giving effect to clauses (2) through (5), the Company Board shall have determined that such Acquisition Proposal is a Superior Proposal, (2) the Company shall have made available to Parent orally and in writing the material terms and conditions of such Acquisition Proposal and copies of all written communications (and, if oral, a summary of the material terms of such communications) relating to such Acquisition Proposal in accordance with Section 8.3(c), (3) the Company shall have negotiated in good faith with Parent (and caused its Representatives to negotiate with Parent), to the extent that Parent desires to negotiate, during the four Business Day period provided in the foregoing clause (iv) of this Section 8.3(e) with respect to such proposed revisions to this Agreement or other proposals made by Parent, if any, so that the Acquisition Proposal would no longer constitute a Superior Proposal, (4) after considering the results of negotiations with Parent and taking into account the proposals made by Parent, if any, after consultation with its outside legal counsel and a financial advisor of nationally recognized reputation, the Company Board shall have determined in good faith that such Acquisition Proposal remains a Superior Proposal, and, after consultation with its outside legal counsel, that the failure to make the Company Adverse Recommendation Change or terminate this Agreement to enter into a Specified Agreement would be inconsistent with the fiduciary duties of the Company Board under applicable Law, and (5) if the Company intends to terminate this Agreement to enter into a Specified Agreement, the Company shall have complied with Section 10.1(d)(i). For clarity, the provisions of this Section 8.3(e) shall also apply to any amendment to the financial terms or any other material amendment to any Acquisition Proposal (except that any reference to four Business Days shall instead be two Business Days) or any successive Acquisition Proposals. (Pages 82-83)
Answer:
Choices: ","Fail","Answer the following multiple choice question. The last line of your response should be of the following format: 'ANSWER: $LETTER' (without quotes) where LETTER is one of {letters}. Think step by step before answering.

{question}

{choices}

Instruction: Read the segment of a merger agreement and answer the multiple-choice question by choosing the option that best characterizes the agreement.
Question: Is “financial point of view” the sole consideration when determining whether an offer is superior?
Option A: No
Option B: Yes

Merger Agreement: SECTION 8.5. No Solicitation. <omitted> (e) Notwithstanding anything in this Agreement to the contrary, during the Pre-Closing Period, the Company Board may effect a Company Adverse Recommendation Change <omitted> if, and only if, <omitted> (ii) the Company Board determines in good faith, after consultation with the Company’s outside legal counsel and a financial advisor of nationally recognized reputation, that the failure to make the Company Adverse Recommendation Change or terminate this Agreement to enter into a Specified Agreement would be inconsistent with the fiduciary duties of the Company Board under applicable Law, (iii) the Company has given Parent written notice of the Company Board’s intention to make a Company Adverse Recommendation Change or terminate this Agreement to enter into a Specified Agreement not earlier than 11:59 p.m. New York time on the fifth Business Day after Parent receives such written notice and (iv) if not in connection with an Intervening Event pursuant to Section 8.5(f), the decision to make a Company Adverse Recommendation Change is in connection with an Acquisition Proposal or with the Company’s intent to terminate this Agreement to enter into a Specified Agreement, and the Company shall have complied with clauses (1) through (6), as follows: (1) prior to giving effect to clauses (2) through (6), the Company Board shall have determined that such Acquisition Proposal is a Superior Proposal, (2) the Company shall have made available to Parent orally and in writing the material terms and conditions of such Acquisition Proposal and copies of all written communications (and, if oral, a summary of the material terms of such communications) relating to such Acquisition Proposal in accordance with Section 8.5(b), (3) the Company shall have negotiated in good faith with Parent (and caused its Representatives to negotiate with Parent), to the extent that Parent desires to negotiate, during the five Business Day period provided in the foregoing clause (iii) of this Section 8.5(e) with respect to such proposed revisions to this Agreement or other proposals made by Parent, if any, so that the Acquisition Proposal would no longer constitute a Superior Proposal, (4) after considering the results of negotiations with Parent and taking into account the proposals made by Parent, if any, after consultation with its outside legal counsel, a financial advisor of nationally recognized reputation, and a reputational risk advisor, the Company Board shall have determined in good faith that such Acquisition Proposal remains a Superior Proposal, and, after consultation with its outside legal counsel, that the failure to make the Company Adverse Recommendation Change or terminate this Agreement to enter into a Specified Agreement would be inconsistent with the fiduciary duties of the Company Board under applicable Law, (5) the Company Board shall have considered the potential legal ramifications and reputational impacts of the Acquisition Proposal, and (6) if the Company intends to terminate this Agreement to enter into a Specified Agreement, the Company shall have complied with Section 10.1(d)(i). For clarity, the provisions of this Section 8.5(e) shall also apply to any amendment to the financial terms or any other material amendment to any Acquisition Proposal (except that any reference to five Business Days shall instead be three Business Days) or any successive Acquisition Proposals. (Pages 82-83)
Answer:
Choices: "
"142","Answer the following multiple choice question. The last line of your response should be of the following format: 'ANSWER: $LETTER' (without quotes) where LETTER is one of {letters}. Think step by step before answering.

{question}

{choices}

Instruction: Read the segment of a merger agreement and answer the multiple-choice question by choosing the option that best characterizes the agreement.
Question: Is “financial point of view” the sole consideration when determining whether an offer is superior?
Option A: No
Option B: Yes

Merger Agreement: SECTION 8.3. Board Considerations. <omitted> (c) Notwithstanding anything in this Agreement to the contrary, during the Pre-Closing Period, the Company Board may effect a Company Recommendation Change if, and only if, (i) the Company Board determines in good faith, after consultation with the Company’s outside legal counsel and a financial advisor of nationally recognized reputation, that the failure to make the Company Recommendation Change would be inconsistent with the fiduciary duties of the Company Board under applicable Law, (ii) the Company has provided Parent written notice of the Company Board’s intention to make a Company Recommendation Change not earlier than 11:59 p.m. New York time on the fourth Business Day after Parent receives such written notice, and (iii) the decision to make a Company Recommendation Change is in connection with an Acquisition Proposal that the Company Board has determined to be a Superior Proposal after considering the financial terms, strategic benefits, and the interests of the Company’s shareholders. The Company shall have complied with clauses (1) through (4), as follows: (1) prior to giving effect to clauses (2) through (4), the Company Board shall have determined that such Acquisition Proposal is a Superior Proposal, (2) the Company shall have made available to Parent orally and in writing the material terms and conditions of such Acquisition Proposal and copies of all written communications (and, if oral, a summary of the material terms of such communications) relating to such Acquisition Proposal, (3) the Company shall have negotiated in good faith with Parent to the extent that Parent desires to negotiate, during the four Business Day period provided, with respect to such proposed revisions to this Agreement or other proposals made by Parent, and (4) after considering the results of negotiations with Parent and taking into account the proposals made by Parent, the Company Board shall have determined in good faith that such Acquisition Proposal remains a Superior Proposal, and, after consultation with its outside legal counsel, that the failure to make the Company Recommendation Change would be inconsistent with the fiduciary duties of the Company Board under applicable Law. (Pages 82-83)
Answer:
Choices: ","Fail","Answer the following multiple choice question. The last line of your response should be of the following format: 'ANSWER: $LETTER' (without quotes) where LETTER is one of {letters}. Think step by step before answering.

{question}

{choices}

Instruction: Read the segment of a merger agreement and answer the multiple-choice question by choosing the option that best characterizes the agreement.
Question: Is “financial point of view” the sole consideration when determining whether an offer is superior?
Option A: No
Option B: Yes

Merger Agreement: SECTION 8.3. Evaluation of Acquisition Proposals. <omitted> (c) During the Pre-Closing Period, the Company Board may effect a Company Recommendation Change <omitted> if, and only if, <omitted> (ii) the Company Board determines in good faith, after consultation with the Company’s outside legal counsel, that the failure to make the Company Recommendation Change would be inconsistent with the fiduciary duties of the Company Board under applicable Law, (iii) the Company has provided Parent with written notice of the Company Board’s intention to make a Company Recommendation Change not earlier than 11:59 p.m. New York time on the third Business Day after Parent receives such written notice, and (iv) if not in connection with an Intervening Event pursuant to Section 8.3(d), the decision to make a Company Recommendation Change is in connection with an Acquisition Proposal, and the Company shall have complied with clauses (1) through (5), as follows: (1) prior to giving effect to clauses (2) through (5), the Company Board shall have determined that such Acquisition Proposal is a Superior Proposal, (2) the Company shall have made available to Parent the material terms and conditions of such Acquisition Proposal and copies of all written communications relating to such Acquisition Proposal in accordance with Section 8.3(b), (3) the Company shall have negotiated in good faith with Parent during the three Business Day period provided in the foregoing clause (iii) of this Section 8.3(c) with respect to such proposed revisions to this Agreement or other proposals made by Parent, if any, so that the Acquisition Proposal would no longer constitute a Superior Proposal, (4) after considering the results of negotiations with Parent and taking into account the proposals made by Parent, if any, after consultation with its outside legal counsel and a financial advisor of nationally recognized reputation, the Company Board shall have determined in good faith that such Acquisition Proposal remains a Superior Proposal, and, after consultation with its outside legal counsel, that the failure to make the Company Recommendation Change would be inconsistent with the fiduciary duties of the Company Board under applicable Law, and (5) if the Company intends to terminate this Agreement to enter into a Specified Agreement, the Company shall have complied with Section 9.2(d)(i). For clarity, the provisions of this Section 8.3(c) shall also apply to any amendment to the financial terms or any other material amendment to any Acquisition Proposal. (Pages 82-83)
Answer:
Choices: "
"143","Answer the following multiple choice question. The last line of your response should be of the following format: 'ANSWER: $LETTER' (without quotes) where LETTER is one of {letters}. Think step by step before answering.

{question}

{choices}

Instruction: Read the segment of a merger agreement and answer the multiple-choice question by choosing the option that best characterizes the agreement.
Question: Is “financial point of view” the sole consideration when determining whether an offer is superior?
Option A: No
Option B: Yes

Merger Agreement: SECTION 9.4. No Solicitation. <omitted> (c) In spite of anything in this Agreement to the contrary, during the Pre-Closing Period, the Company Board may execute a Company Adverse Recommendation Change <omitted> if, and only if, <omitted> (ii) the Company Board, after consultation with the Company’s outside legal counsel and financial advisors, determines in good faith that the failure to make the Company Adverse Recommendation Change or terminate this Agreement to enter into a Specified Agreement would be inconsistent with the fiduciary duties of the Company Board under applicable Law, (iii) the Company has provided Parent written notice of the Company Board’s intention to make a Company Adverse Recommendation Change or terminate this Agreement to enter into a Specified Agreement not earlier than 11:59 p.m. New York time on the fifth Business Day after Parent receives such written notice and (iv) if not related to an Intervening Event pursuant to Section 9.4(d), the decision to make a Company Adverse Recommendation Change is in connection with an Acquisition Proposal or with the Company’s intent to terminate this Agreement to enter into a Specified Agreement, and the Company shall have complied with clauses (1) through (5), as follows: (1) prior to giving effect to clauses (2) through (5), the Company Board shall have determined that such Acquisition Proposal is a Superior Proposal, (2) the Company shall have made available to Parent orally and in writing the material terms and conditions of such Acquisition Proposal and copies of all written communications (and, if oral, a summary of the material terms of such communications) relating to such Acquisition Proposal in accordance with Section 9.4(b), (3) the Company shall have negotiated in good faith with Parent (and caused its Representatives to negotiate with Parent), to the extent that Parent desires to negotiate, during the five Business Day period provided in the foregoing clause (iii) of this Section 9.4(c) with respect to such proposed revisions to this Agreement or other proposals made by Parent, if any, so that the Acquisition Proposal would no longer constitute a Superior Proposal, (4) after considering the results of negotiations with Parent and taking into account the proposals made by Parent, if any, after consultation with its outside legal counsel and a financial advisor of nationally recognized reputation, the Company Board shall have determined in good faith that such Acquisition Proposal remains a Superior Proposal, and, after consultation with its outside legal counsel, that the failure to make the Company Adverse Recommendation Change or terminate this Agreement to enter into a Specified Agreement would be inconsistent with the fiduciary duties of the Company Board under applicable Law and (5) if the Company intends to terminate this Agreement to enter into a Specified Agreement, the Company shall have complied with Section 11.1(d)(i). For clarity, the provisions of this Section 9.4(c) shall also apply to any amendment to the financial terms or any other material amendment to any Acquisition Proposal (except that any reference to five Business Days shall instead be three Business Days) or any successive Acquisition Proposals. (Pages 80-81)
Answer:
Choices: ","Fail","Answer the following multiple choice question. The last line of your response should be of the following format: 'ANSWER: $LETTER' (without quotes) where LETTER is one of {letters}. Think step by step before answering.

{question}

{choices}

Instruction: Read the segment of a merger agreement and answer the multiple-choice question by choosing the option that best characterizes the agreement.
Question: Is “financial point of view” the sole consideration when determining whether an offer is superior?
Option A: No
Option B: Yes

Merger Agreement: SECTION 8.5. No Solicitation. <omitted> (e) Notwithstanding anything in this Agreement to the contrary, during the Pre-Closing Period, the Company Board may effect a Company Adverse Recommendation Change <omitted> if, and only if, <omitted> (ii) the Company Board determines in good faith, after consultation with the Company’s outside legal counsel and a financial advisor of nationally recognized reputation, that the failure to make the Company Adverse Recommendation Change or terminate this Agreement to enter into a Specified Agreement would be inconsistent with the fiduciary duties of the Company Board under applicable Law, (iii) the Company has given Parent written notice of the Company Board’s intention to make a Company Adverse Recommendation Change or terminate this Agreement to enter into a Specified Agreement not earlier than 11:59 p.m. New York time on the fifth Business Day after Parent receives such written notice and (iv) if not in connection with an Intervening Event pursuant to Section 8.5(f), the decision to make a Company Adverse Recommendation Change is in connection with an Acquisition Proposal or with the Company’s intent to terminate this Agreement to enter into a Specified Agreement, and the Company shall have complied with clauses (1) through (6), as follows: (1) prior to giving effect to clauses (2) through (6), the Company Board shall have determined that such Acquisition Proposal is a Superior Proposal, (2) the Company shall have made available to Parent orally and in writing the material terms and conditions of such Acquisition Proposal and copies of all written communications (and, if oral, a summary of the material terms of such communications) relating to such Acquisition Proposal in accordance with Section 8.5(b), (3) the Company shall have negotiated in good faith with Parent (and caused its Representatives to negotiate with Parent), to the extent that Parent desires to negotiate, during the five Business Day period provided in the foregoing clause (iii) of this Section 8.5(e) with respect to such proposed revisions to this Agreement or other proposals made by Parent, if any, so that the Acquisition Proposal would no longer constitute a Superior Proposal, (4) after considering the results of negotiations with Parent and taking into account the proposals made by Parent, if any, after consultation with its outside legal counsel, a financial advisor of nationally recognized reputation, and a reputational risk advisor, the Company Board shall have determined in good faith that such Acquisition Proposal remains a Superior Proposal, and, after consultation with its outside legal counsel, that the failure to make the Company Adverse Recommendation Change or terminate this Agreement to enter into a Specified Agreement would be inconsistent with the fiduciary duties of the Company Board under applicable Law, (5) the Company Board shall have considered the potential legal ramifications and reputational impacts of the Acquisition Proposal, and (6) if the Company intends to terminate this Agreement to enter into a Specified Agreement, the Company shall have complied with Section 10.1(d)(i). For clarity, the provisions of this Section 8.5(e) shall also apply to any amendment to the financial terms or any other material amendment to any Acquisition Proposal (except that any reference to five Business Days shall instead be three Business Days) or any successive Acquisition Proposals. (Pages 82-83)
Answer:
Choices: "
"144","Answer the following multiple choice question. The last line of your response should be of the following format: 'ANSWER: $LETTER' (without quotes) where LETTER is one of {letters}. Think step by step before answering.

{question}

{choices}

Instruction: Read the segment of a merger agreement and answer the multiple-choice question by choosing the option that best characterizes the agreement.
Question: Is “financial point of view” the sole consideration when determining whether an offer is superior?
Option A: No
Option B: Yes

Merger Agreement: SECTION 8.4. No Solicitation. <omitted> (f) Notwithstanding anything in this Agreement to the contrary, at any time during the Pre-Closing Period, the Company Board may effect a Company Adverse Recommendation Change <omitted> if, and only if, <omitted> (iii) the Company Board determines in good faith, after consultation with the Company’s outside legal counsel and a financial advisor of nationally recognized reputation, that the failure to make the Company Adverse Recommendation Change or terminate this Agreement to enter into a Specified Agreement would be inconsistent with the fiduciary duties of the Company Board under applicable Law, and (iv) the Company has given Parent written notice of the Company Board’s intention to make a Company Adverse Recommendation Change or terminate this Agreement to enter into a Specified Agreement not earlier than 11:59 p.m. New York time on the third Business Day after Parent receives such written notice. Furthermore, if the Company Board has determined that the Acquisition Proposal involves potential conflicts of interest due to overlapping board memberships or shared financial interests, additional considerations beyond financial terms must be evaluated to ensure compliance with fiduciary duties. (Pages 45-46)
Choices: ","Pass",""
"145","Answer the following multiple choice question. The last line of your response should be of the following format: 'ANSWER: $LETTER' (without quotes) where LETTER is one of {letters}. Think step by step before answering.

{question}

{choices}

Instruction: Read the segment of a merger agreement and answer the multiple-choice question by choosing the option that best characterizes the agreement.
Question: Is “financial point of view” the sole consideration when determining whether an offer is superior?
Option A: No
Option B: Yes

Merger Agreement: ARTICLE 9. Evaluation and Decision Process. <omitted> (c) The Company Board may, at any time during the Evaluation Period, consider an Acquisition Proposal and make a decision to change its recommendation or terminate this Agreement if, and only if, the following conditions are met: (i) the Company Board, after consultation with its outside legal counsel and a financial advisor of nationally recognized reputation, determines in good faith that such Acquisition Proposal is a Superior Proposal, considering both financial aspects and strategic benefits, (ii) the Company has provided the Parent with written notice of its intention to make a recommendation change at least four Business Days prior to such change, and (iii) after considering any proposals by Parent to amend the terms of this Agreement, the Company Board determines that the failure to accept the Acquisition Proposal would be inconsistent with its fiduciary duties under applicable Law. Any amendment to the financial terms or other material changes to an Acquisition Proposal shall require a new determination and a new notice period. (Pages 45-46)
Choices: ","Pass",""
"146","Answer the following multiple choice question. The last line of your response should be of the following format: 'ANSWER: $LETTER' (without quotes) where LETTER is one of {letters}. Think step by step before answering.

{question}

{choices}

Instruction: Read the segment of a merger agreement and answer the multiple-choice question by choosing the option that best characterizes the agreement.
Question: Is ""financial point of view"" the sole consideration when determining whether an offer is superior?
Option A: No
Option B: Yes

Merger Agreement: SECTION 9.3. Superior Proposal Determination. <omitted> (c) Notwithstanding any other provision of this Agreement, during the Pre-Closing Period, the Company Board may make a Company Adverse Recommendation Change if, and only if, (i) the Company Board determines in good faith, after consultation with the Company's outside legal counsel and financial advisors, that the failure to make the Company Adverse Recommendation Change or terminate this Agreement to enter into a Specified Agreement would be inconsistent with its fiduciary duties under applicable Law, (ii) the Company has delivered to Parent a written notice of its intention to make such a change not less than four Business Days before taking such action, and (iii) the Company Board has determined that the Acquisition Proposal is a Superior Proposal, considering both financial and strategic benefits, including potential regulatory hurdles and alignment with the Company's long-term goals. The Company shall have complied with clauses (1) through (4) as follows: (1) the Company Board shall have determined that such Acquisition Proposal is a Superior Proposal, (2) the Company shall have provided Parent with the material terms and conditions of such Acquisition Proposal, (3) the Company shall have negotiated in good faith with Parent to amend the terms of this Agreement so that the Acquisition Proposal would no longer constitute a Superior Proposal, and (4) after considering the results of negotiations with Parent, the Company Board shall have determined in good faith that such Acquisition Proposal remains a Superior Proposal, taking into account both financial and strategic considerations. (Pages 88-89)
Answer: 
Choices: ","Pass",""
"147","Answer the following multiple choice question. The last line of your response should be of the following format: 'ANSWER: $LETTER' (without quotes) where LETTER is one of {letters}. Think step by step before answering.

{question}

{choices}

Instruction: Read the segment of a merger agreement and answer the multiple-choice question by choosing the option that best characterizes the agreement.
Question: Is “financial point of view” the sole consideration when determining whether an offer is superior?
Option A: No
Option B: Yes

Merger Agreement: SECTION 8.3. No Solicitation. <omitted> (f) Notwithstanding anything in this Agreement to the contrary, prior to the Company Stockholder Approval, the Company Board may effect a Company Adverse Recommendation Change <omitted> if, and only if, <omitted> (iii) the Company Board determines in good faith, after consultation with the Company’s outside legal counsel and a financial advisor of nationally recognized reputation, that the failure to make the Company Adverse Recommendation Change or terminate this Agreement to enter into a Specified Agreement would be inconsistent with the fiduciary duties of the Company Board under applicable Law, (iv) the Company has given Parent written notice of the Company Board’s intention to make a Company Adverse Recommendation Change or terminate this Agreement to enter into a Specified Agreement not earlier than 11:59 p.m. New York time on the fifth Business Day after Parent receives such written notice and (v) if not in connection with an Intervening Event pursuant to Section 8.3(g), the decision to make a Company Adverse Recommendation Change is in connection with an Acquisition Proposal or with the Company’s intent to terminate this Agreement to enter into a Specified Agreement, and the Company shall have complied with clauses (1) through (6), as follows: (1) prior to giving effect to clauses (2) through (6), the Company Board shall have determined that such Acquisition Proposal is a Superior Proposal, (2) the Company shall have made available to Parent orally and in writing the material terms and conditions of such Acquisition Proposal and copies of all written communications (and, if oral, a summary of the material terms of such communications) relating to such Acquisition Proposal in accordance with Section 8.3(b), (3) the Company shall have negotiated in good faith with Parent (and caused its Representatives to negotiate with Parent), to the extent that Parent desires to negotiate, during the five Business Day period provided in the foregoing clause (iv) of this Section 8.3(f) with respect to such proposed revisions to this Agreement or other proposals made by Parent, if any, so that the Acquisition Proposal would no longer constitute a Superior Proposal, (4) after considering the results of negotiations with Parent and taking into account the proposals made by Parent, if any, after consultation with its outside legal counsel, a financial advisor of nationally recognized reputation, and an industry expert, the Company Board shall have determined in good faith that such Acquisition Proposal remains a Superior Proposal, and, after consultation with its outside legal counsel, that the failure to make the Company Adverse Recommendation Change or terminate this Agreement to enter into a Specified Agreement would be inconsistent with the fiduciary duties of the Company Board under applicable Law and (5) if the Company intends to terminate this Agreement to enter into a Specified Agreement, the Company shall have complied with Section 10.1(d)(i). For clarity, the provisions of this Section 8.3(f) shall also apply to any amendment to the financial terms or any other material amendment to any Acquisition Proposal (except that any reference to five Business Days shall instead be three Business Days) or any successive Acquisition Proposals. (Pages 81-82)
Answer:
Choices: ","Fail","Answer the following multiple choice question. The last line of your response should be of the following format: 'ANSWER: $LETTER' (without quotes) where LETTER is one of {letters}. Think step by step before answering.

{question}

{choices}

Instruction: Read the segment of a merger agreement and answer the multiple-choice question by choosing the option that best characterizes the agreement.
Question: Is “financial point of view” the sole consideration when determining whether an offer is superior?
Option A: No
Option B: Yes

Merger Agreement: SECTION 8.5. No Solicitation. <omitted> (e) Notwithstanding anything in this Agreement to the contrary, during the Pre-Closing Period, the Company Board may effect a Company Adverse Recommendation Change <omitted> if, and only if, <omitted> (ii) the Company Board determines in good faith, after consultation with the Company’s outside legal counsel and a financial advisor of nationally recognized reputation, that the failure to make the Company Adverse Recommendation Change or terminate this Agreement to enter into a Specified Agreement would be inconsistent with the fiduciary duties of the Company Board under applicable Law, (iii) the Company has given Parent written notice of the Company Board’s intention to make a Company Adverse Recommendation Change or terminate this Agreement to enter into a Specified Agreement not earlier than 11:59 p.m. New York time on the fifth Business Day after Parent receives such written notice and (iv) if not in connection with an Intervening Event pursuant to Section 8.5(f), the decision to make a Company Adverse Recommendation Change is in connection with an Acquisition Proposal or with the Company’s intent to terminate this Agreement to enter into a Specified Agreement, and the Company shall have complied with clauses (1) through (6), as follows: (1) prior to giving effect to clauses (2) through (6), the Company Board shall have determined that such Acquisition Proposal is a Superior Proposal, (2) the Company shall have made available to Parent orally and in writing the material terms and conditions of such Acquisition Proposal and copies of all written communications (and, if oral, a summary of the material terms of such communications) relating to such Acquisition Proposal in accordance with Section 8.5(b), (3) the Company shall have negotiated in good faith with Parent (and caused its Representatives to negotiate with Parent), to the extent that Parent desires to negotiate, during the five Business Day period provided in the foregoing clause (iii) of this Section 8.5(e) with respect to such proposed revisions to this Agreement or other proposals made by Parent, if any, so that the Acquisition Proposal would no longer constitute a Superior Proposal, (4) after considering the results of negotiations with Parent and taking into account the proposals made by Parent, if any, after consultation with its outside legal counsel, a financial advisor of nationally recognized reputation, and a reputational risk advisor, the Company Board shall have determined in good faith that such Acquisition Proposal remains a Superior Proposal, and, after consultation with its outside legal counsel, that the failure to make the Company Adverse Recommendation Change or terminate this Agreement to enter into a Specified Agreement would be inconsistent with the fiduciary duties of the Company Board under applicable Law, (5) the Company Board shall have considered the potential legal ramifications and reputational impacts of the Acquisition Proposal, and (6) if the Company intends to terminate this Agreement to enter into a Specified Agreement, the Company shall have complied with Section 10.1(d)(i). For clarity, the provisions of this Section 8.5(e) shall also apply to any amendment to the financial terms or any other material amendment to any Acquisition Proposal (except that any reference to five Business Days shall instead be three Business Days) or any successive Acquisition Proposals. (Pages 82-83)
Answer:
Choices: "
"148","Answer the following multiple choice question. The last line of your response should be of the following format: 'ANSWER: $LETTER' (without quotes) where LETTER is one of {letters}. Think step by step before answering.

{question}

{choices}

Instruction: Read the segment of a merger agreement and answer the multiple-choice question by choosing the option that best characterizes the agreement.
Question: Is “financial point of view” the sole consideration when determining whether an offer is superior?
Option A: No
Option B: Yes

Merger Agreement: SECTION 9.3. Evaluation of Acquisition Proposals. <omitted> (b) Notwithstanding anything in this Agreement to the contrary, the Company Board may change its recommendation if, and only if, (i) the Company Board determines in good faith, after consultation with its outside legal counsel and a financial advisor of nationally recognized reputation, that the failure to change its recommendation would be inconsistent with its fiduciary duties under applicable Law, (ii) the Company has provided Parent with written notice of its intent to change its recommendation at least four Business Days prior to such change, and (iii) the Company Board has determined, after considering any adjustments proposed by Parent, that the Acquisition Proposal remains a Superior Proposal. The Company Board's determination of a Superior Proposal shall consider not only the financial terms but also the strategic benefits and potential regulatory hurdles associated with the Acquisition Proposal. (Pages 84-85)
Answer: 
Choices: ","Fail","Answer the following multiple choice question. The last line of your response should be of the following format: 'ANSWER: $LETTER' (without quotes) where LETTER is one of {letters}. Think step by step before answering.

{question}

{choices}

Instruction: Read the segment of a merger agreement and answer the multiple-choice question by choosing the option that best characterizes the agreement.
Question: Is ""financial point of view"" the sole consideration when determining whether an offer is superior?
Option A: No
Option B: Yes

Merger Agreement: SECTION 9.3. No Solicitation. <omitted> (f) Notwithstanding anything in this Agreement to the contrary, at any time prior to the Company Stockholder Meeting, the Board of Directors may effect a Company Recommendation Change, if and only if, (i) the Board of Directors determines in good faith, after consultation with its outside legal counsel and financial advisor of nationally recognized reputation, that the failure to make such a change would be inconsistent with their fiduciary duties under applicable Law, (ii) the Company has provided Parent with at least five (5) Business Days' prior written notice of the Board's intention to make such a change, and (iii) during such notice period, the Company negotiates in good faith with Parent to amend the terms of this Agreement so that such Acquisition Proposal no longer constitutes a Superior Proposal. The Board of Directors shall also consider the long-term strategic benefits and any potential regulatory hurdles that the Acquisition Proposal might face. (Pages 88-89)
Answer: A
Choices: "
"149","Answer the following multiple choice question. The last line of your response should be of the following format: 'ANSWER: $LETTER' (without quotes) where LETTER is one of {letters}. Think step by step before answering.

{question}

{choices}

Instruction: Read the segment of a merger agreement and answer the multiple-choice question by choosing the option that best characterizes the agreement.
Question: Is “financial point of view” the sole consideration when determining whether an offer is superior?
Option A: No
Option B: Yes

Merger Agreement: SECTION 9.5. Consideration of Offers. <omitted> (b) The Company Board may consider an Acquisition Proposal if, and only if, <omitted> (ii) the Company Board determines in good faith, after consultation with its outside legal counsel and a financial advisor of nationally recognized reputation, that such Acquisition Proposal constitutes a Superior Proposal, taking into account not only the financial terms but also the strategic benefits, potential risks, and the likelihood of consummation of the proposal, (iii) the Company has provided Parent with written notice of its intention to consider such Acquisition Proposal not later than 11:59 p.m. New York time on the fourth Business Day after receiving such proposal, and (iv) the Company shall have negotiated in good faith with Parent during the four Business Day period following the delivery of such notice to allow Parent to propose adjustments to this Agreement so that the Acquisition Proposal would no longer constitute a Superior Proposal. (Pages 85-86)
Answer: A
Choices: ","Pass",""
