"index","question","result","failed_on"
"0","Answer the following multiple choice question. The entire content of your response should be of the following format: 'ANSWER: $LETTER' (without quotes) where LETTER is one of {letters}.

{question}

{choices}

Instruction: Read the following segment of a merger agreement and answer the multiple-choice question by choosing the option that best characterizes the agreement.

Question: Is the 'ability to consummate' concept subject to Material Adverse Effect carveouts?
Option A: No
Option B: Yes

Merger Agreement: ""Consolidated Adverse Impact"" means any change, event, or circumstance that, either individually or when aggregated with other factors, (i) would be expected to have a material adverse effect on the financial condition, operating results, or asset base of the Company, or (ii) would be reasonably expected to prevent, delay, or materially impair the Company's ability to consummate the transactions contemplated by this Agreement. Notwithstanding the foregoing, no change, event, or circumstance shall be deemed to be a Consolidated Adverse Impact if, subsequent to the Agreement date, it arises solely or primarily from (A) general fluctuations in capital or credit markets, (B) modifications in accounting standards or legal interpretations that impact the industry as a whole, or (C) routine statutory or regulatory updates not uniquely detrimental to the Company. Additionally, any delay in consummation attributable exclusively to standard governmental clearance or transient market conditions is excluded from being considered a Consolidated Adverse Impact. In summary, while the definition addresses adverse impacts broadly, the Company's core ability to consummate the transactions is expressly preserved from being negated by such general or non-specific events.

Choices: ","Pass",""
"1","Answer the following multiple choice question. The entire content of your response should be of the following format: 'ANSWER: $LETTER' (without quotes) where LETTER is one of {letters}.

{question}

{choices}

Instruction: Read the following segment of a merger agreement and answer the multiple-choice question by choosing the option that best characterizes the agreement.

Question: Is the 'ability to consummate' concept subject to adverse effect carveouts as set forth in the agreement?
Option A: No
Option B: Yes

Merger Agreement Excerpt:

""Party Material Impact"" shall mean any event, change, or development which, individually or in the aggregate, adversely affects the business, financial condition, or operability of the Party, including any circumstance that would prevent, materially delay, or impair the ability of the Party to consummate the Transactions contemplated herein. For the purposes of determining a Material Impact on financial performance, the following are excluded: (i) general fluctuations in economic or market conditions, including changes in currency exchange rates; (ii) effects solely attributable to modifications in applicable accounting principles or regulatory guidelines; and (iii) impacts resulting from the public announcement or pendency of this Agreement. Notwithstanding the foregoing, no exclusion shall apply to any event or change that directly impairs or threatens the Party's ability to consummate the Transactions. (Pages 12-13)

End of Excerpt
Choices: ","Fail","Answer the following multiple choice question. The entire content of your response should be of the following format: 'ANSWER: $LETTER' (without quotes) where LETTER is one of {letters}.

{question}

{choices}

Instruction: Read the following segment of a merger agreement and answer the multiple-choice question by choosing the option that best characterizes the agreement.

Question: Is the 'ability to consummate' concept subject to Material Adverse Effect carveouts?
Option A: No
Option B: Yes

Merger Agreement: ""Consolidated Adverse Impact"" means any change, event, or circumstance that, either individually or when aggregated with other factors, (i) would be expected to have a material adverse effect on the financial condition, operating results, or asset base of the Company, or (ii) would be reasonably expected to prevent, delay, or materially impair the Company's ability to consummate the transactions contemplated by this Agreement. Notwithstanding the foregoing, no change, event, or circumstance shall be deemed to be a Consolidated Adverse Impact if, subsequent to the Agreement date, it arises solely or primarily from (A) general fluctuations in capital or credit markets, (B) modifications in accounting standards or legal interpretations that impact the industry as a whole, or (C) routine statutory or regulatory updates not uniquely detrimental to the Company. Additionally, any delay in consummation attributable exclusively to standard governmental clearance or transient market conditions is excluded from being considered a Consolidated Adverse Impact. In summary, while the definition addresses adverse impacts broadly, the Company's core ability to consummate the transactions is expressly preserved from being negated by such general or non-specific events.

Choices: "
"2","Answer the following multiple choice question. The entire content of your response should be of the following format: 'ANSWER: $LETTER' (without quotes) where LETTER is one of {letters}.

{question}

{choices}

Instruction: Read the following segment of a merger agreement and answer the multiple-choice question by choosing the option that best characterizes the agreement.
Question: Is the 'ability to consummate' provision explicitly subject to the Material Adverse Effect carveouts?
Option A: No
Option B: Yes

Merger Agreement Excerpt:
""For purposes of this Agreement, 'Company Material Adverse Effect' means any change, event, or circumstance that, individually or in aggregate, materially affects the financial condition or operations of the Company. In addition, any event that delays or hinders the consummation of the Transaction will be deemed a Material Adverse Effect. Notwithstanding the general exclusions set forth herein – which include changes in general economic conditions, fluctuations in financial markets, modifications to GAAP, and broadly experienced natural disasters – these exclusions expressly do not apply to any event that delays, impairs, or prevents the Company’s ability to consummate the Transaction. In other words, any adverse impact on the consummation mechanism shall be evaluated independently of, and not relegated by, the general carveouts.
(Section 5.2, Pages 12-13)""

End Excerpt.
Choices: ","Fail","Answer the following multiple choice question. The entire content of your response should be of the following format: 'ANSWER: $LETTER' (without quotes) where LETTER is one of {letters}.

{question}

{choices}

Instruction: Read the following segment of a merger agreement and answer the multiple-choice question by choosing the option that best characterizes the agreement.

Question: Is the 'ability to consummate' concept subject to Material Adverse Effect carveouts?
Option A: No
Option B: Yes

Merger Agreement: ""Consolidated Adverse Impact"" means any change, event, or circumstance that, either individually or when aggregated with other factors, (i) would be expected to have a material adverse effect on the financial condition, operating results, or asset base of the Company, or (ii) would be reasonably expected to prevent, delay, or materially impair the Company's ability to consummate the transactions contemplated by this Agreement. Notwithstanding the foregoing, no change, event, or circumstance shall be deemed to be a Consolidated Adverse Impact if, subsequent to the Agreement date, it arises solely or primarily from (A) general fluctuations in capital or credit markets, (B) modifications in accounting standards or legal interpretations that impact the industry as a whole, or (C) routine statutory or regulatory updates not uniquely detrimental to the Company. Additionally, any delay in consummation attributable exclusively to standard governmental clearance or transient market conditions is excluded from being considered a Consolidated Adverse Impact. In summary, while the definition addresses adverse impacts broadly, the Company's core ability to consummate the transactions is expressly preserved from being negated by such general or non-specific events.

Choices: "
"3","Answer the following multiple choice question. The entire content of your response should be of the following format: 'ANSWER: $LETTER' (without quotes) where LETTER is one of {letters}.

{question}

{choices}

Instruction: Read the following segment of a merger agreement and answer the multiple-choice question by choosing the option that best characterizes the agreement.

Question: Is the 'ability to consummate' concept subject to Material Adverse Effect carveouts?
Option A: No
Option B: Yes

Merger Agreement: ""Integrated Material Adverse Effect"" means any change, event, occurrence or effect (each, an ""Effect"") that, individually or in the aggregate with all other such Effects, would have a material adverse impact on the business, assets, liabilities, financial condition or results of operations of the Company, or that would impair or delay the Company's ability to consummate the transactions contemplated by this Agreement. Notwithstanding the general exceptions set forth herein for effects arising from (i) routine fluctuations in financial performance, (ii) standard market conditions, and (iii) general economic trends, the Agreement expressly provides that none of these carveouts shall apply to any Effect that directly impairs, delays or otherwise affects the ability of the Company to consummate the Transaction. (Page 12)
Choices: ","Fail","Answer the following multiple choice question. The entire content of your response should be of the following format: 'ANSWER: $LETTER' (without quotes) where LETTER is one of {letters}.

{question}

{choices}

Instruction: Read the following segment of a merger agreement and answer the multiple-choice question by choosing the option that best characterizes the agreement.

Question: Is the 'ability to consummate' concept subject to Material Adverse Effect carveouts?
Option A: No
Option B: Yes

Merger Agreement: ""Consolidated Adverse Impact"" means any change, event, or circumstance that, either individually or when aggregated with other factors, (i) would be expected to have a material adverse effect on the financial condition, operating results, or asset base of the Company, or (ii) would be reasonably expected to prevent, delay, or materially impair the Company's ability to consummate the transactions contemplated by this Agreement. Notwithstanding the foregoing, no change, event, or circumstance shall be deemed to be a Consolidated Adverse Impact if, subsequent to the Agreement date, it arises solely or primarily from (A) general fluctuations in capital or credit markets, (B) modifications in accounting standards or legal interpretations that impact the industry as a whole, or (C) routine statutory or regulatory updates not uniquely detrimental to the Company. Additionally, any delay in consummation attributable exclusively to standard governmental clearance or transient market conditions is excluded from being considered a Consolidated Adverse Impact. In summary, while the definition addresses adverse impacts broadly, the Company's core ability to consummate the transactions is expressly preserved from being negated by such general or non-specific events.

Choices: "
"4","Answer the following multiple choice question. The entire content of your response should be of the following format: 'ANSWER: $LETTER' (without quotes) where LETTER is one of {letters}.

{question}

{choices}

Instruction: Read the following segment of a merger agreement and answer the multiple-choice question by choosing the option that best characterizes the agreement.
Question: Is the 'ability to consummate' concept subject to Material Adverse Effect (MAE) carveouts?
Option A: No
Option B: Yes

Merger Agreement Excerpt: ""For purposes of this Agreement, 'Corporate Material Adverse Effect' means any event, change, or circumstance that, individually or in aggregation, would either prevent or materially delay the consummation of the Transaction. Notwithstanding the foregoing, and irrespective of any such event qualifying under the definition in clause (i), no event shall be deemed to have a material adverse effect on the ability to consummate if such event is solely attributable to: (a) ordinary governmental regulatory processes, including periodic reviews or routine licensing adjustments; (b) standard market fluctuations affecting interest rates or credit conditions that are common to the industry; or (c) delays expressly approved in writing by the Board of Directors pursuant to standard operational procedures. Furthermore, any adverse effect arising solely from these exclusions shall not be considered when determining whether a Corporate Material Adverse Effect has occurred. In all other respects, an event that adversely impacts the ability to consummate the Transaction shall be deemed a Corporate Material Adverse Effect.""
Choices: ","Fail","Answer the following multiple choice question. The entire content of your response should be of the following format: 'ANSWER: $LETTER' (without quotes) where LETTER is one of {letters}.

{question}

{choices}

Instruction: Read the following segment of a merger agreement and answer the multiple-choice question by choosing the option that best characterizes the agreement.

Question: Is the 'ability to consummate' concept subject to Material Adverse Effect carveouts?
Option A: No
Option B: Yes

Merger Agreement: ""Consolidated Adverse Impact"" means any change, event, or circumstance that, either individually or when aggregated with other factors, (i) would be expected to have a material adverse effect on the financial condition, operating results, or asset base of the Company, or (ii) would be reasonably expected to prevent, delay, or materially impair the Company's ability to consummate the transactions contemplated by this Agreement. Notwithstanding the foregoing, no change, event, or circumstance shall be deemed to be a Consolidated Adverse Impact if, subsequent to the Agreement date, it arises solely or primarily from (A) general fluctuations in capital or credit markets, (B) modifications in accounting standards or legal interpretations that impact the industry as a whole, or (C) routine statutory or regulatory updates not uniquely detrimental to the Company. Additionally, any delay in consummation attributable exclusively to standard governmental clearance or transient market conditions is excluded from being considered a Consolidated Adverse Impact. In summary, while the definition addresses adverse impacts broadly, the Company's core ability to consummate the transactions is expressly preserved from being negated by such general or non-specific events.

Choices: "
"5","Answer the following multiple choice question. The entire content of your response should be of the following format: 'ANSWER: $LETTER' (without quotes) where LETTER is one of {letters}.

{question}

{choices}

Instruction: Read the following excerpt from a merger agreement and answer the multiple-choice question by choosing the option that best characterizes the agreement.

Merger Agreement Excerpt: ""Material Adverse Impact"" means any event, change, or occurrence that (a) would, individually or in aggregate with all prior effects, prevent, materially delay or impair the Company’s ability to consummate the Transaction, or (b) would significantly impair the Company’s overall operating performance. However, notwithstanding the foregoing, any effect arising solely from (i) general fluctuations in the global economy, (ii) standard market volatility, (iii) mandated compliance with evolving statutory or regulatory accounting standards, or (iv) the public announcement or pendency of this Agreement, shall not be considered a Material Adverse Impact unless such effect is shown to be disproportionately detrimental relative to industry peers. 

Question: Is the 'ability to consummate' concept as defined above subject to Material Adverse Impact carveouts?
Option A: No
Option B: Yes
Choices: ","Fail","Answer the following multiple choice question. The entire content of your response should be of the following format: 'ANSWER: $LETTER' (without quotes) where LETTER is one of {letters}.

{question}

{choices}

Instruction: Read the following segment of a merger agreement and answer the multiple-choice question by choosing the option that best characterizes the agreement.

Question: Is the 'ability to consummate' concept subject to Material Adverse Effect carveouts?
Option A: No
Option B: Yes

Merger Agreement: ""Consolidated Adverse Impact"" means any change, event, or circumstance that, either individually or when aggregated with other factors, (i) would be expected to have a material adverse effect on the financial condition, operating results, or asset base of the Company, or (ii) would be reasonably expected to prevent, delay, or materially impair the Company's ability to consummate the transactions contemplated by this Agreement. Notwithstanding the foregoing, no change, event, or circumstance shall be deemed to be a Consolidated Adverse Impact if, subsequent to the Agreement date, it arises solely or primarily from (A) general fluctuations in capital or credit markets, (B) modifications in accounting standards or legal interpretations that impact the industry as a whole, or (C) routine statutory or regulatory updates not uniquely detrimental to the Company. Additionally, any delay in consummation attributable exclusively to standard governmental clearance or transient market conditions is excluded from being considered a Consolidated Adverse Impact. In summary, while the definition addresses adverse impacts broadly, the Company's core ability to consummate the transactions is expressly preserved from being negated by such general or non-specific events.

Choices: "
"6","Answer the following multiple choice question. The entire content of your response should be of the following format: 'ANSWER: $LETTER' (without quotes) where LETTER is one of {letters}.

{question}

{choices}

Instruction: Read the following segment of a merger agreement and answer the multiple-choice question by choosing the option that best characterizes the agreement.

Question: Is the ‘ability to consummate’ concept subject to Material Adverse Effect carveouts in this Agreement?
Option A: No
Option B: Yes

Merger Agreement Segment:
“Firm Material Condition” means any event, circumstance, effect or occurrence that, either individually or cumulatively with all prior effects, (a) would reasonably be expected to materially delay or impair the Company’s ability to consummate the transactions contemplated herein, or (b) would materially adversely affect the Company’s business, financial condition or operations. Provided, however, that for clause (a) only, the following are excluded from constituting a Firm Material Condition: (i) changes in international or national economic conditions or general industry developments; (ii) fluctuations in the Company’s stock price resulting from common market trends not attributable to internal management issues; (iii) regulatory changes or adjustments in GAAP interpretations that affect all industry participants; and (iv) the public announcement or the negotiation stage of this Agreement. Notwithstanding the foregoing, clause (b) does not incorporate any similar carveouts with respect to adverse impacts on the consummation of the transactions when accompanied by market disruptions that are deemed disproportionately adverse in comparison to industry peers.

Answer the question based solely on the provided merger agreement segment.
Choices: ","Fail","Answer the following multiple choice question. The entire content of your response should be of the following format: 'ANSWER: $LETTER' (without quotes) where LETTER is one of {letters}.

{question}

{choices}

Instruction: Read the following segment of a merger agreement and answer the multiple-choice question by choosing the option that best characterizes the agreement.

Question: Is the 'ability to consummate' concept subject to Material Adverse Effect carveouts?
Option A: No
Option B: Yes

Merger Agreement: ""Consolidated Adverse Impact"" means any change, event, or circumstance that, either individually or when aggregated with other factors, (i) would be expected to have a material adverse effect on the financial condition, operating results, or asset base of the Company, or (ii) would be reasonably expected to prevent, delay, or materially impair the Company's ability to consummate the transactions contemplated by this Agreement. Notwithstanding the foregoing, no change, event, or circumstance shall be deemed to be a Consolidated Adverse Impact if, subsequent to the Agreement date, it arises solely or primarily from (A) general fluctuations in capital or credit markets, (B) modifications in accounting standards or legal interpretations that impact the industry as a whole, or (C) routine statutory or regulatory updates not uniquely detrimental to the Company. Additionally, any delay in consummation attributable exclusively to standard governmental clearance or transient market conditions is excluded from being considered a Consolidated Adverse Impact. In summary, while the definition addresses adverse impacts broadly, the Company's core ability to consummate the transactions is expressly preserved from being negated by such general or non-specific events.

Choices: "
"7","Answer the following multiple choice question. The entire content of your response should be of the following format: 'ANSWER: $LETTER' (without quotes) where LETTER is one of {letters}.

{question}

{choices}

Instruction: Read the following excerpt from the merger agreement and answer the multiple-choice question by choosing the option that best characterizes the agreement.
Question: Is the “ability to consummate” concept subject to Material Adverse Effect (MAE) carveouts?
Option A: No
Option B: Yes

Merger Agreement Excerpt: ""'Adverse Impact' means any change, event, circumstance, or development that, individually or in aggregate, is expected to have a material adverse effect on the overall business, prospects, or financial condition of the Target and its Affiliates; or, that would, or would reasonably be expected to, prevent, delay or impair the Target’s ability to consummate the Transactions. Notwithstanding any general exclusions provided in Section 4.1 for effects resulting from general economic downturns, fluctuations in financial markets, variations in common stock prices, or changes in applicable accounting standards, such exclusions expressly shall not apply to any effect that specifically impairs or delays the consummation of the Transactions. Accordingly, any adverse effect on the ability to consummate shall be evaluated on its own merits, independent of the general carveouts applicable to other adverse effects.""
(Refer to pages 5-7 of the Agreement for additional context.)

Answer:
Choices: ","Fail","Answer the following multiple choice question. The entire content of your response should be of the following format: 'ANSWER: $LETTER' (without quotes) where LETTER is one of {letters}.

{question}

{choices}

Instruction: Read the following segment of a merger agreement and answer the multiple-choice question by choosing the option that best characterizes the agreement.

Question: Is the 'ability to consummate' concept subject to Material Adverse Effect carveouts?
Option A: No
Option B: Yes

Merger Agreement: ""Consolidated Adverse Impact"" means any change, event, or circumstance that, either individually or when aggregated with other factors, (i) would be expected to have a material adverse effect on the financial condition, operating results, or asset base of the Company, or (ii) would be reasonably expected to prevent, delay, or materially impair the Company's ability to consummate the transactions contemplated by this Agreement. Notwithstanding the foregoing, no change, event, or circumstance shall be deemed to be a Consolidated Adverse Impact if, subsequent to the Agreement date, it arises solely or primarily from (A) general fluctuations in capital or credit markets, (B) modifications in accounting standards or legal interpretations that impact the industry as a whole, or (C) routine statutory or regulatory updates not uniquely detrimental to the Company. Additionally, any delay in consummation attributable exclusively to standard governmental clearance or transient market conditions is excluded from being considered a Consolidated Adverse Impact. In summary, while the definition addresses adverse impacts broadly, the Company's core ability to consummate the transactions is expressly preserved from being negated by such general or non-specific events.

Choices: "
"8","Answer the following multiple choice question. The entire content of your response should be of the following format: 'ANSWER: $LETTER' (without quotes) where LETTER is one of {letters}.

{question}

{choices}

Instruction: Read the following segment of a merger agreement and answer the multiple-choice question by choosing the option that best characterizes the treatment of the 'ability to consummate' within the Material Adverse Impact definition.
Question: Is the 'ability to consummate' concept subject to the carveouts listed under the Material Adverse Impact definition?
Option A: No
Option B: Yes

Merger Agreement Excerpt:
""For purposes of this Agreement, 'Material Adverse Impact' means any event, change, or circumstance that either (a) would, whether singly or in the aggregate, impede the Company’s ability to finalize the Transaction within the agreed timeline, or (b) would adversely affect the Company’s overall operational performance. Notwithstanding the language of this definition, for purposes of subclause (b) only, the following events shall not be considered to contribute to a Material Adverse Impact: (i) general economic fluctuations, (ii) revisions in regulatory or accounting standards, (iii) normal variations in market conditions including credit and interest rate changes, and (iv) temporary shortfalls in performance forecasts. It is expressly provided that subclause (a), which refers to the ability to finalize the Transaction, is to be evaluated separately and without the benefit of these exceptions.""
Choices: ","Fail","Answer the following multiple choice question. The entire content of your response should be of the following format: 'ANSWER: $LETTER' (without quotes) where LETTER is one of {letters}.

{question}

{choices}

Instruction: Read the following segment of a merger agreement and answer the multiple-choice question by choosing the option that best characterizes the agreement.

Question: Is the 'ability to consummate' concept subject to Material Adverse Effect carveouts?
Option A: No
Option B: Yes

Merger Agreement: ""Consolidated Adverse Impact"" means any change, event, or circumstance that, either individually or when aggregated with other factors, (i) would be expected to have a material adverse effect on the financial condition, operating results, or asset base of the Company, or (ii) would be reasonably expected to prevent, delay, or materially impair the Company's ability to consummate the transactions contemplated by this Agreement. Notwithstanding the foregoing, no change, event, or circumstance shall be deemed to be a Consolidated Adverse Impact if, subsequent to the Agreement date, it arises solely or primarily from (A) general fluctuations in capital or credit markets, (B) modifications in accounting standards or legal interpretations that impact the industry as a whole, or (C) routine statutory or regulatory updates not uniquely detrimental to the Company. Additionally, any delay in consummation attributable exclusively to standard governmental clearance or transient market conditions is excluded from being considered a Consolidated Adverse Impact. In summary, while the definition addresses adverse impacts broadly, the Company's core ability to consummate the transactions is expressly preserved from being negated by such general or non-specific events.

Choices: "
"9","Answer the following multiple choice question. The entire content of your response should be of the following format: 'ANSWER: $LETTER' (without quotes) where LETTER is one of {letters}.

{question}

{choices}

Instruction: Read the segment of the merger agreement and answer the multiple-choice question by choosing the option that best characterizes the agreement.
Question: Is the “ability to consummate” concept subject to Material Adverse Effect (MAE) carveouts?
Option A: No
Option B: Yes

Merger Agreement Segment: ""Advanced Material Adverse Effect"" means any event, occurrence, or condition that, individually or in the aggregate, is reasonably expected to materially impair, delay, or prevent the consummation of the transactions contemplated by this Agreement. Notwithstanding the foregoing, for purposes of determining whether an Advanced Material Adverse Effect has occurred, the following events shall be expressly excluded: (i) any impairment to the ability to consummate that arises solely from routine market volatility or fluctuations in foreign currency exchange rates; (ii) any diminution in consummation ability attributable exclusively to general economic downturns or uniform shifts in overall industry performance; and (iii) any impact on the ability to consummate that is solely the result of the public announcement or procedural effects related to the execution of this Agreement. In every other respect, any factor adversely affecting the ability to consummate shall be considered as contributing to an Advanced Material Adverse Effect.

Based on the agreement, determine the applicability of MAE carveouts to the ability to consummate the transactions.
Choices: ","Fail","Answer the following multiple choice question. The entire content of your response should be of the following format: 'ANSWER: $LETTER' (without quotes) where LETTER is one of {letters}.

{question}

{choices}

Instruction: Read the following segment of a merger agreement and answer the multiple-choice question by choosing the option that best characterizes the agreement.

Question: Is the 'ability to consummate' concept subject to Material Adverse Effect carveouts?
Option A: No
Option B: Yes

Merger Agreement: ""Consolidated Adverse Impact"" means any change, event, or circumstance that, either individually or when aggregated with other factors, (i) would be expected to have a material adverse effect on the financial condition, operating results, or asset base of the Company, or (ii) would be reasonably expected to prevent, delay, or materially impair the Company's ability to consummate the transactions contemplated by this Agreement. Notwithstanding the foregoing, no change, event, or circumstance shall be deemed to be a Consolidated Adverse Impact if, subsequent to the Agreement date, it arises solely or primarily from (A) general fluctuations in capital or credit markets, (B) modifications in accounting standards or legal interpretations that impact the industry as a whole, or (C) routine statutory or regulatory updates not uniquely detrimental to the Company. Additionally, any delay in consummation attributable exclusively to standard governmental clearance or transient market conditions is excluded from being considered a Consolidated Adverse Impact. In summary, while the definition addresses adverse impacts broadly, the Company's core ability to consummate the transactions is expressly preserved from being negated by such general or non-specific events.

Choices: "
"10","Answer the following multiple choice question. The entire content of your response should be of the following format: 'ANSWER: $LETTER' (without quotes) where LETTER is one of {letters}.

{question}

{choices}

Instruction: Read the following segment of a merger agreement and answer the multiple‐choice question by choosing the option that best characterizes the agreement.

Question: Is the 'ability to consummate' concept subject to Material Adverse Effect carveouts?
Option A: No
Option B: Yes

Merger Agreement: ""Aggregate Material Impact"" means any event or circumstance that either (a) has a material adverse impact on the Company’s operating performance, excluding those events attributable to (i) general market conditions, fluctuations in interest rates, or industry-wide effects, (ii) significant political or natural events affecting the economy as a whole, or (iii) other events of a general nature; or (b) would, if not for the foregoing exceptions in clause (a), prevent, materially delay, or materially impair the Company’s ability to consummate the Transaction. Notably, with respect to clause (b), no carveouts apply: any event that impairs the consummation process shall be deemed material even if it would otherwise have been excluded under clause (a). In the event of any conflict between the provisions of clauses (a) and (b), clause (b) shall govern exclusively for the purpose of determining consummability. (Pages 12-13)
Choices: ","Fail","Answer the following multiple choice question. The entire content of your response should be of the following format: 'ANSWER: $LETTER' (without quotes) where LETTER is one of {letters}.

{question}

{choices}

Instruction: Read the following segment of a merger agreement and answer the multiple-choice question by choosing the option that best characterizes the agreement.

Question: Is the 'ability to consummate' concept subject to Material Adverse Effect carveouts?
Option A: No
Option B: Yes

Merger Agreement: ""Consolidated Adverse Impact"" means any change, event, or circumstance that, either individually or when aggregated with other factors, (i) would be expected to have a material adverse effect on the financial condition, operating results, or asset base of the Company, or (ii) would be reasonably expected to prevent, delay, or materially impair the Company's ability to consummate the transactions contemplated by this Agreement. Notwithstanding the foregoing, no change, event, or circumstance shall be deemed to be a Consolidated Adverse Impact if, subsequent to the Agreement date, it arises solely or primarily from (A) general fluctuations in capital or credit markets, (B) modifications in accounting standards or legal interpretations that impact the industry as a whole, or (C) routine statutory or regulatory updates not uniquely detrimental to the Company. Additionally, any delay in consummation attributable exclusively to standard governmental clearance or transient market conditions is excluded from being considered a Consolidated Adverse Impact. In summary, while the definition addresses adverse impacts broadly, the Company's core ability to consummate the transactions is expressly preserved from being negated by such general or non-specific events.

Choices: "
"11","Answer the following multiple choice question. The entire content of your response should be of the following format: 'ANSWER: $LETTER' (without quotes) where LETTER is one of {letters}.

{question}

{choices}

Instruction: Read the segment of a merger agreement and answer the multiple-choice question by choosing the option that best characterizes the agreement.

Question: Is the 'ability to consummate' concept subject to Material Adverse Impact carveouts?
Option A: No
Option B: Yes

Merger Agreement Excerpt: 
""Material Adverse Impact"" means any event, occurrence or change that, individually or in aggregate with similar events occurring before the determination date, would either (a) materially impair the financial performance, business, assets or operations of the Company and its Affiliates, except that any adverse effect arising solely from general market downturns, changes in applicable accounting principles, or broad economic cycles shall be excluded; or (b) would prevent, delay or materially impede the Company from consummating the transactions contemplated by this Agreement. Notwithstanding clause (b), however, if such prevention, delay or impairment is attributable solely to events that result from industry-wide disruptions or from routine delays inherent in obtaining regulatory approvals—absent any further negative effect on the Company's overall operations—then such events shall not be deemed to constitute a Material Adverse Impact. 

Based on the foregoing, answer the question.
Choices: ","Fail","Answer the following multiple choice question. The entire content of your response should be of the following format: 'ANSWER: $LETTER' (without quotes) where LETTER is one of {letters}.

{question}

{choices}

Instruction: Read the following segment of a merger agreement and answer the multiple-choice question by choosing the option that best characterizes the agreement.

Question: Is the 'ability to consummate' concept subject to Material Adverse Effect carveouts?
Option A: No
Option B: Yes

Merger Agreement: ""Consolidated Adverse Impact"" means any change, event, or circumstance that, either individually or when aggregated with other factors, (i) would be expected to have a material adverse effect on the financial condition, operating results, or asset base of the Company, or (ii) would be reasonably expected to prevent, delay, or materially impair the Company's ability to consummate the transactions contemplated by this Agreement. Notwithstanding the foregoing, no change, event, or circumstance shall be deemed to be a Consolidated Adverse Impact if, subsequent to the Agreement date, it arises solely or primarily from (A) general fluctuations in capital or credit markets, (B) modifications in accounting standards or legal interpretations that impact the industry as a whole, or (C) routine statutory or regulatory updates not uniquely detrimental to the Company. Additionally, any delay in consummation attributable exclusively to standard governmental clearance or transient market conditions is excluded from being considered a Consolidated Adverse Impact. In summary, while the definition addresses adverse impacts broadly, the Company's core ability to consummate the transactions is expressly preserved from being negated by such general or non-specific events.

Choices: "
"12","Answer the following multiple choice question. The entire content of your response should be of the following format: 'ANSWER: $LETTER' (without quotes) where LETTER is one of {letters}.

{question}

{choices}

Instruction: Read the segment of a merger agreement and answer the multiple-choice question by choosing the option that best characterizes the agreement.

Question: Is the “ability to consummate” concept subject to the general carveouts set forth in Section 2.2 of this Agreement?
Option A: No
Option B: Yes

Merger Agreement: ""Total Adverse Impact"" means any event, change, or effect that, individually or in aggregate, either materially diminishes the operating performance of the Company or would cause a delay, impairment, or prevention of the consummation of the Transactions. Notwithstanding the provisions of Section 2.2, which generally excludes from consideration any adverse effect arising solely from changes in broad economic conditions, market fluctuations, or widespread regulatory alterations, the parties agree that such general carveouts shall not apply to any effect that directly undermines the ability to consummate the Transactions. In particular, any condition or event that directly delays consummation beyond the stipulated Closing Date, irrespective of its origin, shall be fully counted as a Total Adverse Impact without any carveout benefit.

Choices: ","Fail","Answer the following multiple choice question. The entire content of your response should be of the following format: 'ANSWER: $LETTER' (without quotes) where LETTER is one of {letters}.

{question}

{choices}

Instruction: Read the following segment of a merger agreement and answer the multiple-choice question by choosing the option that best characterizes the agreement.

Question: Is the 'ability to consummate' concept subject to Material Adverse Effect carveouts?
Option A: No
Option B: Yes

Merger Agreement: ""Consolidated Adverse Impact"" means any change, event, or circumstance that, either individually or when aggregated with other factors, (i) would be expected to have a material adverse effect on the financial condition, operating results, or asset base of the Company, or (ii) would be reasonably expected to prevent, delay, or materially impair the Company's ability to consummate the transactions contemplated by this Agreement. Notwithstanding the foregoing, no change, event, or circumstance shall be deemed to be a Consolidated Adverse Impact if, subsequent to the Agreement date, it arises solely or primarily from (A) general fluctuations in capital or credit markets, (B) modifications in accounting standards or legal interpretations that impact the industry as a whole, or (C) routine statutory or regulatory updates not uniquely detrimental to the Company. Additionally, any delay in consummation attributable exclusively to standard governmental clearance or transient market conditions is excluded from being considered a Consolidated Adverse Impact. In summary, while the definition addresses adverse impacts broadly, the Company's core ability to consummate the transactions is expressly preserved from being negated by such general or non-specific events.

Choices: "
"13","Answer the following multiple choice question. The entire content of your response should be of the following format: 'ANSWER: $LETTER' (without quotes) where LETTER is one of {letters}.

{question}

{choices}

Instruction: Read the following segment of a merger agreement and choose the option that best characterizes the agreement.

Question: Is the ‘ability to consummate’ concept subject to MAE carveouts?
Option A: No
Option B: Yes

Merger Agreement: “Company Material Adverse Effect” means any change, occurrence, or event that, either individually or cumulatively, has or is expected to have a material adverse impact on the operations, financial condition, or prospects of the Company. In calculating such impact, any effect that interferes with the Company’s ability to consummate the merger shall be fully included. Generally, the following factors are excluded from this determination: (i) industry-wide trends, (ii) general economic shifts in major markets, (iii) naturally occurring force majeure events such as declared natural disasters, and (iv) routine financial recalibrations. Notwithstanding these exclusions, any effect that specifically hinders the ability to finalize the merger is not subject to the carveouts provided in clauses (i) through (iv).
Choices: ","Fail","Answer the following multiple choice question. The entire content of your response should be of the following format: 'ANSWER: $LETTER' (without quotes) where LETTER is one of {letters}.

{question}

{choices}

Instruction: Read the following segment of a merger agreement and answer the multiple-choice question by choosing the option that best characterizes the agreement.

Question: Is the 'ability to consummate' concept subject to Material Adverse Effect carveouts?
Option A: No
Option B: Yes

Merger Agreement: ""Consolidated Adverse Impact"" means any change, event, or circumstance that, either individually or when aggregated with other factors, (i) would be expected to have a material adverse effect on the financial condition, operating results, or asset base of the Company, or (ii) would be reasonably expected to prevent, delay, or materially impair the Company's ability to consummate the transactions contemplated by this Agreement. Notwithstanding the foregoing, no change, event, or circumstance shall be deemed to be a Consolidated Adverse Impact if, subsequent to the Agreement date, it arises solely or primarily from (A) general fluctuations in capital or credit markets, (B) modifications in accounting standards or legal interpretations that impact the industry as a whole, or (C) routine statutory or regulatory updates not uniquely detrimental to the Company. Additionally, any delay in consummation attributable exclusively to standard governmental clearance or transient market conditions is excluded from being considered a Consolidated Adverse Impact. In summary, while the definition addresses adverse impacts broadly, the Company's core ability to consummate the transactions is expressly preserved from being negated by such general or non-specific events.

Choices: "
"14","Answer the following multiple choice question. The entire content of your response should be of the following format: 'ANSWER: $LETTER' (without quotes) where LETTER is one of {letters}.

{question}

{choices}

Instruction: Read the segment of the merger agreement below and answer the multiple-choice question by choosing the option that best characterizes the agreement.

Question: Is the “ability to consummate” concept subject to the Material Adverse Effect (MAE) carveouts as outlined in this Agreement?
Option A: No
Option B: Yes

Merger Agreement: ""Material Adverse Effect"" means any event, change, or circumstance that, either individually or in the aggregate, (a) has a material adverse effect on the financial condition, operations, or overall business of the Company, or (b) would be reasonably expected to prevent, materially delay, or substantially impair the ability of the Company to consummate the transactions contemplated by this Agreement. Notwithstanding clause (b), the following events shall not be deemed to constitute a Material Adverse Effect: (i) general market or economic fluctuations; (ii) changes in laws or regulations, unless such changes result in a disproportionately negative impact on the Company relative to its industry peers; (iii) force majeure events, including but not limited to natural disasters and pandemics; and (iv) discrete shifts in interest rates as described in clause (x) of this Agreement. Notably, where the impairment to the ability to consummate arises from company-specific operational disruptions, no carveouts shall apply. However, when such impairment is attributable to any of the aforementioned external events, the ability to consummate will be subject to the carveouts set forth herein.

Answer the question based solely on the text provided.
Choices: ","Fail","Answer the following multiple choice question. The entire content of your response should be of the following format: 'ANSWER: $LETTER' (without quotes) where LETTER is one of {letters}.

{question}

{choices}

Instruction: Read the following segment of a merger agreement and answer the multiple-choice question by choosing the option that best characterizes the agreement.

Question: Is the 'ability to consummate' concept subject to Material Adverse Effect carveouts?
Option A: No
Option B: Yes

Merger Agreement: ""Consolidated Adverse Impact"" means any change, event, or circumstance that, either individually or when aggregated with other factors, (i) would be expected to have a material adverse effect on the financial condition, operating results, or asset base of the Company, or (ii) would be reasonably expected to prevent, delay, or materially impair the Company's ability to consummate the transactions contemplated by this Agreement. Notwithstanding the foregoing, no change, event, or circumstance shall be deemed to be a Consolidated Adverse Impact if, subsequent to the Agreement date, it arises solely or primarily from (A) general fluctuations in capital or credit markets, (B) modifications in accounting standards or legal interpretations that impact the industry as a whole, or (C) routine statutory or regulatory updates not uniquely detrimental to the Company. Additionally, any delay in consummation attributable exclusively to standard governmental clearance or transient market conditions is excluded from being considered a Consolidated Adverse Impact. In summary, while the definition addresses adverse impacts broadly, the Company's core ability to consummate the transactions is expressly preserved from being negated by such general or non-specific events.

Choices: "
"15","Answer the following multiple choice question. The entire content of your response should be of the following format: 'ANSWER: $LETTER' (without quotes) where LETTER is one of {letters}.

{question}

{choices}

Instruction: Read the segment of a merger agreement and answer the multiple-choice question by choosing the option that best characterizes the agreement.
Question: Is the “ability to consummate” concept subject to Material Adverse Effect (MAE) carveouts?
Option A: No
Option B: Yes

Merger Agreement: “Material Adverse Effect” means any event, change, or circumstance that, individually or in the aggregate, would materially impair the Company’s financial condition or delay, hinder, or prevent the consummation of the contemplated transactions. For purposes of this definition, adverse effects arising from general market fluctuations, regulatory changes, or natural disasters shall not be taken into account when assessing a material adverse effect with respect to the Company’s operational financial results. However, notwithstanding these carveouts, no such exception shall apply where an event directly impacts the Company’s ability to consummate the transaction. (See Sections 2.1 and 5.3 for further details.)
Choices: ","Fail","Answer the following multiple choice question. The entire content of your response should be of the following format: 'ANSWER: $LETTER' (without quotes) where LETTER is one of {letters}.

{question}

{choices}

Instruction: Read the following segment of a merger agreement and answer the multiple-choice question by choosing the option that best characterizes the agreement.

Question: Is the 'ability to consummate' concept subject to Material Adverse Effect carveouts?
Option A: No
Option B: Yes

Merger Agreement: ""Consolidated Adverse Impact"" means any change, event, or circumstance that, either individually or when aggregated with other factors, (i) would be expected to have a material adverse effect on the financial condition, operating results, or asset base of the Company, or (ii) would be reasonably expected to prevent, delay, or materially impair the Company's ability to consummate the transactions contemplated by this Agreement. Notwithstanding the foregoing, no change, event, or circumstance shall be deemed to be a Consolidated Adverse Impact if, subsequent to the Agreement date, it arises solely or primarily from (A) general fluctuations in capital or credit markets, (B) modifications in accounting standards or legal interpretations that impact the industry as a whole, or (C) routine statutory or regulatory updates not uniquely detrimental to the Company. Additionally, any delay in consummation attributable exclusively to standard governmental clearance or transient market conditions is excluded from being considered a Consolidated Adverse Impact. In summary, while the definition addresses adverse impacts broadly, the Company's core ability to consummate the transactions is expressly preserved from being negated by such general or non-specific events.

Choices: "
"16","Answer the following multiple choice question. The entire content of your response should be of the following format: 'ANSWER: $LETTER' (without quotes) where LETTER is one of {letters}.

{question}

{choices}

Instruction: Read the segment of the merger agreement below and answer the multiple-choice question by choosing the option that best characterizes the agreement.

Question: Is the “ability to consummate” concept subject to Material Adverse Effect (MAE) carveouts under the terms of this Agreement?
Option A: No
Option B: Yes

Merger Agreement Excerpt:
“Company Material Adverse Effect” means any event, effect, change, or circumstance that, either individually or in aggregate, (i) has a material adverse effect on the business, assets, liabilities, financial condition or results of operations of the Company and its Subsidiaries; or (ii) would, if it occurred, prevent, materially delay or materially impair the ability of the Company to consummate the transactions contemplated hereby. Notwithstanding the foregoing, and in contrast to several financial or operational metrics, nothing in this definition shall operate as a carveout or exception in respect of adverse effects that impair the Company’s ability to consummate the transactions. In other words, while certain adverse effects (such as general market volatility, regulatory adjustments, or changes in economic conditions) may be excluded from causing a determination of a Material Adverse Effect with respect to the Company’s financial performance, no such exclusion shall apply to any event or effect that directly impairs, delays or prevents the consummation of the transactions. All other carveouts provided in this definition shall apply solely to the financial and operational effects specified in paragraph (i), and shall not mitigate an adverse effect on the consummation process.

Based on the above terms, answer the question.
Choices: ","Fail","Answer the following multiple choice question. The entire content of your response should be of the following format: 'ANSWER: $LETTER' (without quotes) where LETTER is one of {letters}.

{question}

{choices}

Instruction: Read the following segment of a merger agreement and answer the multiple-choice question by choosing the option that best characterizes the agreement.

Question: Is the 'ability to consummate' concept subject to Material Adverse Effect carveouts?
Option A: No
Option B: Yes

Merger Agreement: ""Consolidated Adverse Impact"" means any change, event, or circumstance that, either individually or when aggregated with other factors, (i) would be expected to have a material adverse effect on the financial condition, operating results, or asset base of the Company, or (ii) would be reasonably expected to prevent, delay, or materially impair the Company's ability to consummate the transactions contemplated by this Agreement. Notwithstanding the foregoing, no change, event, or circumstance shall be deemed to be a Consolidated Adverse Impact if, subsequent to the Agreement date, it arises solely or primarily from (A) general fluctuations in capital or credit markets, (B) modifications in accounting standards or legal interpretations that impact the industry as a whole, or (C) routine statutory or regulatory updates not uniquely detrimental to the Company. Additionally, any delay in consummation attributable exclusively to standard governmental clearance or transient market conditions is excluded from being considered a Consolidated Adverse Impact. In summary, while the definition addresses adverse impacts broadly, the Company's core ability to consummate the transactions is expressly preserved from being negated by such general or non-specific events.

Choices: "
"17","Answer the following multiple choice question. The entire content of your response should be of the following format: 'ANSWER: $LETTER' (without quotes) where LETTER is one of {letters}.

{question}

{choices}

Instruction: Read the following segment of a merger agreement and answer the question by choosing the option that best reflects the agreement's provisions.
Question: Is the 'ability to consummate' concept subject to Material Adverse Impact carveouts?
Option A: No
Option B: Yes

Merger Agreement: ""Material Adverse Impact"" means any fact, event, condition, or series of events that, individually or in aggregate, would have or be reasonably expected to have a material adverse effect on the Company’s business, financial condition, or prospects. For purposes of this Agreement, any occurrence that delays or impairs the consummation of the Merger is deemed to have a material adverse impact. Notwithstanding the foregoing, such impact shall not include: (i) changes resulting solely from general fluctuations in the capital markets; (ii) effects attributable solely to widespread economic downturns or global market adjustments; (iii) changes in commodity prices or stock market performance; or (iv) modifications in accounting standards, provided that such exceptions do not apply to aspects explicitly relating to the post-closing obligations. Importantly, any event that solely affects the ability to consummate the Merger, and that falls within one of the exceptions above, shall be excluded from consideration as a Material Adverse Impact.

Choices: ","Fail","Answer the following multiple choice question. The entire content of your response should be of the following format: 'ANSWER: $LETTER' (without quotes) where LETTER is one of {letters}.

{question}

{choices}

Instruction: Read the following segment of a merger agreement and answer the multiple-choice question by choosing the option that best characterizes the agreement.

Question: Is the 'ability to consummate' concept subject to Material Adverse Effect carveouts?
Option A: No
Option B: Yes

Merger Agreement: ""Consolidated Adverse Impact"" means any change, event, or circumstance that, either individually or when aggregated with other factors, (i) would be expected to have a material adverse effect on the financial condition, operating results, or asset base of the Company, or (ii) would be reasonably expected to prevent, delay, or materially impair the Company's ability to consummate the transactions contemplated by this Agreement. Notwithstanding the foregoing, no change, event, or circumstance shall be deemed to be a Consolidated Adverse Impact if, subsequent to the Agreement date, it arises solely or primarily from (A) general fluctuations in capital or credit markets, (B) modifications in accounting standards or legal interpretations that impact the industry as a whole, or (C) routine statutory or regulatory updates not uniquely detrimental to the Company. Additionally, any delay in consummation attributable exclusively to standard governmental clearance or transient market conditions is excluded from being considered a Consolidated Adverse Impact. In summary, while the definition addresses adverse impacts broadly, the Company's core ability to consummate the transactions is expressly preserved from being negated by such general or non-specific events.

Choices: "
"18","Answer the following multiple choice question. The entire content of your response should be of the following format: 'ANSWER: $LETTER' (without quotes) where LETTER is one of {letters}.

{question}

{choices}

Instruction: Read the following segment of a merger agreement and answer the multiple-choice question by choosing the option that best characterizes the agreement.
Question: Is the “ability to consummate” concept subject to the carveouts enumerated in the agreement?
Option A: No
Option B: Yes

Merger Agreement Excerpt: ""‘Company Material Adverse Effect’ shall mean any event, change, or circumstance that either (i) would directly prevent, or (ii) is reasonably expected to materially delay or impair, the Company’s ability to consummate the transactions contemplated herein. Notwithstanding any other provision in this definition, the Company’s ability to consummate is determined solely on its capacity to perform closing activities and is not mitigated by any subsequent effects, including but not limited to (a) fluctuations in market conditions, (b) general economic slowdowns, (c) adjustments in regulatory or legislative frameworks, or (d) variations in financial market liquidity. All other components of adverse effects are subject to the exclusions listed in clauses (a) through (d) hereabove; however, any impact on the ability to consummate shall be assessed without reference to these exclusions."" (Section 4.2, Pages 12-13)
Choices: ","Fail","Answer the following multiple choice question. The entire content of your response should be of the following format: 'ANSWER: $LETTER' (without quotes) where LETTER is one of {letters}.

{question}

{choices}

Instruction: Read the following segment of a merger agreement and answer the multiple-choice question by choosing the option that best characterizes the agreement.

Question: Is the 'ability to consummate' concept subject to Material Adverse Effect carveouts?
Option A: No
Option B: Yes

Merger Agreement: ""Consolidated Adverse Impact"" means any change, event, or circumstance that, either individually or when aggregated with other factors, (i) would be expected to have a material adverse effect on the financial condition, operating results, or asset base of the Company, or (ii) would be reasonably expected to prevent, delay, or materially impair the Company's ability to consummate the transactions contemplated by this Agreement. Notwithstanding the foregoing, no change, event, or circumstance shall be deemed to be a Consolidated Adverse Impact if, subsequent to the Agreement date, it arises solely or primarily from (A) general fluctuations in capital or credit markets, (B) modifications in accounting standards or legal interpretations that impact the industry as a whole, or (C) routine statutory or regulatory updates not uniquely detrimental to the Company. Additionally, any delay in consummation attributable exclusively to standard governmental clearance or transient market conditions is excluded from being considered a Consolidated Adverse Impact. In summary, while the definition addresses adverse impacts broadly, the Company's core ability to consummate the transactions is expressly preserved from being negated by such general or non-specific events.

Choices: "
"19","Answer the following multiple choice question. The entire content of your response should be of the following format: 'ANSWER: $LETTER' (without quotes) where LETTER is one of {letters}.

{question}

{choices}

Instruction: Read the segment of a merger agreement and answer the multiple-choice question by choosing the option that best characterizes the agreement.
Question: Is the 'ability to consummate' concept subject to Material Adverse Effect carveouts?
Option A: No
Option B: Yes

Merger Agreement Excerpt: ""'Consolidated Material Adverse Effect' means any event, change or occurrence that, individually or in the aggregate, materially impairs the financial condition, operational performance, or prospects of the Company and its Subsidiaries. In particular, any delay, impediment or prevention of the consummation of the transactions contemplated by this Agreement shall be deemed a Consolidated Material Adverse Effect. Notwithstanding the foregoing, for all matters relating to changes in general economic conditions, fluctuations in financial markets—including variations in interest rates, credit conditions, or foreign exchange rates—and for specified force majeure events (such as natural disasters, pandemics, or other governmental emergency measures), such matters shall not be considered to constitute a Consolidated Material Adverse Effect. However, no such exceptions are applied to any effect that delays, impairs or prevents the ability of the Company to consummate the transactions contemplated herein. The remaining provisions of this Agreement do not provide any carveouts relating to the consummation process.""

Choices: ","Fail","Answer the following multiple choice question. The entire content of your response should be of the following format: 'ANSWER: $LETTER' (without quotes) where LETTER is one of {letters}.

{question}

{choices}

Instruction: Read the following segment of a merger agreement and answer the multiple-choice question by choosing the option that best characterizes the agreement.

Question: Is the 'ability to consummate' concept subject to Material Adverse Effect carveouts?
Option A: No
Option B: Yes

Merger Agreement: ""Consolidated Adverse Impact"" means any change, event, or circumstance that, either individually or when aggregated with other factors, (i) would be expected to have a material adverse effect on the financial condition, operating results, or asset base of the Company, or (ii) would be reasonably expected to prevent, delay, or materially impair the Company's ability to consummate the transactions contemplated by this Agreement. Notwithstanding the foregoing, no change, event, or circumstance shall be deemed to be a Consolidated Adverse Impact if, subsequent to the Agreement date, it arises solely or primarily from (A) general fluctuations in capital or credit markets, (B) modifications in accounting standards or legal interpretations that impact the industry as a whole, or (C) routine statutory or regulatory updates not uniquely detrimental to the Company. Additionally, any delay in consummation attributable exclusively to standard governmental clearance or transient market conditions is excluded from being considered a Consolidated Adverse Impact. In summary, while the definition addresses adverse impacts broadly, the Company's core ability to consummate the transactions is expressly preserved from being negated by such general or non-specific events.

Choices: "
"20","Answer the following multiple choice question. The entire content of your response should be of the following format: 'ANSWER: $LETTER' (without quotes) where LETTER is one of {letters}.

{question}

{choices}

Instruction: Read the excerpt from a merger agreement and answer the multiple-choice question by choosing the option that best characterizes the agreement.
Question: Is the 'ability to consummate' concept subject to Material Adverse Effect carveouts?
Option A: No
Option B: Yes

Merger Agreement Excerpt: 
""'Adverse Impact' shall mean any change, event, or occurrence, whether singularly or in combination, that has or would reasonably be expected to have a material adverse effect on the Company’s financial condition, business operations, or results of operations. In addition, it shall include any factor that would, or would be expected to, prevent, materially delay, or materially impair the ability of the Company to consummate the Transaction. Notwithstanding the foregoing, no change or occurrence that arises solely as a result of: (i) a global economic downturn or broad fluctuations in international market conditions; (ii) modifications in generally accepted accounting principles or financial reporting norms; (iii) regulatory updates in jurisdictions where the Company conducts a negligible portion of its business; or (iv) effects attributable solely to the public announcement or negotiation of this Agreement, shall be deemed to constitute an Adverse Impact for the purpose of this Agreement. It is expressly provided, however, that any factor affecting the ability to consummate the Transaction that does not fall within the exclusions listed above, including those stemming from internal managerial inefficiencies or operational delays unique to the Company, shall not benefit from any carveout and must be considered in the determination of an Adverse Impact.""
Choices: ","Fail","Answer the following multiple choice question. The entire content of your response should be of the following format: 'ANSWER: $LETTER' (without quotes) where LETTER is one of {letters}.

{question}

{choices}

Instruction: Read the following segment of a merger agreement and answer the multiple-choice question by choosing the option that best characterizes the agreement.

Question: Is the 'ability to consummate' concept subject to Material Adverse Effect carveouts?
Option A: No
Option B: Yes

Merger Agreement: ""Consolidated Adverse Impact"" means any change, event, or circumstance that, either individually or when aggregated with other factors, (i) would be expected to have a material adverse effect on the financial condition, operating results, or asset base of the Company, or (ii) would be reasonably expected to prevent, delay, or materially impair the Company's ability to consummate the transactions contemplated by this Agreement. Notwithstanding the foregoing, no change, event, or circumstance shall be deemed to be a Consolidated Adverse Impact if, subsequent to the Agreement date, it arises solely or primarily from (A) general fluctuations in capital or credit markets, (B) modifications in accounting standards or legal interpretations that impact the industry as a whole, or (C) routine statutory or regulatory updates not uniquely detrimental to the Company. Additionally, any delay in consummation attributable exclusively to standard governmental clearance or transient market conditions is excluded from being considered a Consolidated Adverse Impact. In summary, while the definition addresses adverse impacts broadly, the Company's core ability to consummate the transactions is expressly preserved from being negated by such general or non-specific events.

Choices: "
"21","Answer the following multiple choice question. The entire content of your response should be of the following format: 'ANSWER: $LETTER' (without quotes) where LETTER is one of {letters}.

{question}

{choices}

Instruction: Read the segment of a merger agreement and answer the multiple-choice question by choosing the option that best characterizes the agreement.
Question: Is the “ability to consummate” concept subject to Material Adverse Effect (MAE) carveouts?
Option A: No
Option B: Yes

Merger Agreement Excerpt:
“Company Material Adverse Effect” means any change, event, or circumstance that, either individually or in aggregate with other occurrences, has had or would reasonably be expected to have a material adverse effect on the business, financial condition, assets, or operations of the Company. In particular, such effect includes any occurrence that would, or would reasonably be expected to, prevent, materially delay, or materially impair the ability of the Company to consummate the transactions contemplated by this Agreement.
Notwithstanding the foregoing, the following events shall not, by themselves, trigger a Material Adverse Effect: (i) general economic downturns affecting all companies within the industry; (ii) adverse shifts in regulatory or political environments that impact the market globally; (iii) fluctuations in interest rates or foreign exchange that are common across the market; and (iv) overall market volatility affecting the financial markets at large. However, it is expressly provided that these carveouts do not apply to any event that directly impairs the Company’s ability to consummate the transaction. That is, even if an event would normally qualify for one of the above exceptions, if it imposes a disproportionate adverse effect on the Company’s ability to consummate the transaction relative to industry peers, it shall be fully regarded as a Material Adverse Effect.
(Refer to Pages 12-14 for the complete definition.)
Choices: ","Fail","Answer the following multiple choice question. The entire content of your response should be of the following format: 'ANSWER: $LETTER' (without quotes) where LETTER is one of {letters}.

{question}

{choices}

Instruction: Read the following segment of a merger agreement and answer the multiple-choice question by choosing the option that best characterizes the agreement.

Question: Is the 'ability to consummate' concept subject to Material Adverse Effect carveouts?
Option A: No
Option B: Yes

Merger Agreement: ""Consolidated Adverse Impact"" means any change, event, or circumstance that, either individually or when aggregated with other factors, (i) would be expected to have a material adverse effect on the financial condition, operating results, or asset base of the Company, or (ii) would be reasonably expected to prevent, delay, or materially impair the Company's ability to consummate the transactions contemplated by this Agreement. Notwithstanding the foregoing, no change, event, or circumstance shall be deemed to be a Consolidated Adverse Impact if, subsequent to the Agreement date, it arises solely or primarily from (A) general fluctuations in capital or credit markets, (B) modifications in accounting standards or legal interpretations that impact the industry as a whole, or (C) routine statutory or regulatory updates not uniquely detrimental to the Company. Additionally, any delay in consummation attributable exclusively to standard governmental clearance or transient market conditions is excluded from being considered a Consolidated Adverse Impact. In summary, while the definition addresses adverse impacts broadly, the Company's core ability to consummate the transactions is expressly preserved from being negated by such general or non-specific events.

Choices: "
"22","Answer the following multiple choice question. The entire content of your response should be of the following format: 'ANSWER: $LETTER' (without quotes) where LETTER is one of {letters}.

{question}

{choices}

Instruction: Read the segment of a merger agreement and answer the multiple-choice question by choosing the option that best characterizes the agreement.

Question: Is the ""ability to consummate"" concept subject to Material Adverse Effect carveouts?
Option A: No
Option B: Yes

Merger Agreement Excerpt:
""For purposes of this Agreement, the term 'Material Adverse Effect' means any change, event, or effect which, either individually or in combination, has had or would reasonably be expected to have a material adverse impact on (i) the financial condition, operations, or prospects of the Company, or (ii) the Company's ability to timely consummate the transactions contemplated hereby. Notwithstanding the foregoing, any Effect that arises solely from (A) general fluctuations in economic or market conditions, (B) regulatory changes that affect the industry as a whole, (C) modifications to GAAP or similar accounting principles implemented after the Effective Date, or (D) the public disclosure or negotiation of this Agreement, shall be excluded from the determination of a Material Adverse Effect, even if such Effect adversely impacts the Company's ability to consummate the transaction. To the extent that a carveout applies under this provision, any impairment in the Company’s ability to consummate due solely to these specified factors shall not be deemed to constitute a Material Adverse Effect.""
Choices: ","Fail","Answer the following multiple choice question. The entire content of your response should be of the following format: 'ANSWER: $LETTER' (without quotes) where LETTER is one of {letters}.

{question}

{choices}

Instruction: Read the following segment of a merger agreement and answer the multiple-choice question by choosing the option that best characterizes the agreement.

Question: Is the 'ability to consummate' concept subject to Material Adverse Effect carveouts?
Option A: No
Option B: Yes

Merger Agreement: ""Consolidated Adverse Impact"" means any change, event, or circumstance that, either individually or when aggregated with other factors, (i) would be expected to have a material adverse effect on the financial condition, operating results, or asset base of the Company, or (ii) would be reasonably expected to prevent, delay, or materially impair the Company's ability to consummate the transactions contemplated by this Agreement. Notwithstanding the foregoing, no change, event, or circumstance shall be deemed to be a Consolidated Adverse Impact if, subsequent to the Agreement date, it arises solely or primarily from (A) general fluctuations in capital or credit markets, (B) modifications in accounting standards or legal interpretations that impact the industry as a whole, or (C) routine statutory or regulatory updates not uniquely detrimental to the Company. Additionally, any delay in consummation attributable exclusively to standard governmental clearance or transient market conditions is excluded from being considered a Consolidated Adverse Impact. In summary, while the definition addresses adverse impacts broadly, the Company's core ability to consummate the transactions is expressly preserved from being negated by such general or non-specific events.

Choices: "
"23","Answer the following multiple choice question. The entire content of your response should be of the following format: 'ANSWER: $LETTER' (without quotes) where LETTER is one of {letters}.

{question}

{choices}

Instruction: Read the following segment of a merger agreement and answer the multiple-choice question by choosing the option that best characterizes the agreement.
Question: Is the “ability to consummate the merger” concept encompassed by the carveouts provided in the 'Material Adverse Effect' definition?
Option A: No
Option B: Yes

Merger Agreement: “Material Adverse Effect” shall mean any event, change, or circumstance that, either on its own or when aggregated with other occurrences prior to the determination date, has a material adverse impact on the business, financial condition, assets, or operations of the Company and its Subsidiaries; and includes any event that would reasonably be expected to impede the consummation of the merger. However, for purposes of this definition, effects solely attributable to (i) general fluctuations in macroeconomic conditions, (ii) standard adjustments in GAAP or local accounting interpretations, or (iii) market-wide trends in the securities market shall not be considered as causing a Material Adverse Effect. Notwithstanding the foregoing, nothing in this definition shall be construed to exclude from consideration any event that directly interferes with the Company’s ability to consummate the merger if such interference is not attributable solely to the exceptions listed above. (Refer to Chapters 6.2 and 7.4 for additional context.)
Choices: ","Fail","Answer the following multiple choice question. The entire content of your response should be of the following format: 'ANSWER: $LETTER' (without quotes) where LETTER is one of {letters}.

{question}

{choices}

Instruction: Read the following segment of a merger agreement and answer the multiple-choice question by choosing the option that best characterizes the agreement.

Question: Is the 'ability to consummate' concept subject to Material Adverse Effect carveouts?
Option A: No
Option B: Yes

Merger Agreement: ""Consolidated Adverse Impact"" means any change, event, or circumstance that, either individually or when aggregated with other factors, (i) would be expected to have a material adverse effect on the financial condition, operating results, or asset base of the Company, or (ii) would be reasonably expected to prevent, delay, or materially impair the Company's ability to consummate the transactions contemplated by this Agreement. Notwithstanding the foregoing, no change, event, or circumstance shall be deemed to be a Consolidated Adverse Impact if, subsequent to the Agreement date, it arises solely or primarily from (A) general fluctuations in capital or credit markets, (B) modifications in accounting standards or legal interpretations that impact the industry as a whole, or (C) routine statutory or regulatory updates not uniquely detrimental to the Company. Additionally, any delay in consummation attributable exclusively to standard governmental clearance or transient market conditions is excluded from being considered a Consolidated Adverse Impact. In summary, while the definition addresses adverse impacts broadly, the Company's core ability to consummate the transactions is expressly preserved from being negated by such general or non-specific events.

Choices: "
"24","Answer the following multiple choice question. The entire content of your response should be of the following format: 'ANSWER: $LETTER' (without quotes) where LETTER is one of {letters}.

{question}

{choices}

Instruction: Read the following excerpt of a merger agreement and then choose the option that best characterizes the terms regarding the 'ability to consummate'.

Question: Is the 'ability to consummate' concept subject to Material Adverse Effect (MAE) carveouts?
Option A: No
Option B: Yes

Merger Agreement Excerpt: ""For purposes of this Agreement, 'Company Material Adverse Effect' means any event, change, development, or circumstance that, alone or in aggregate with other such events, has or would reasonably be expected to have a material adverse impact on the Company's financial condition, business, operations, or prospects, or that would prevent, cause a substantial delay (exceeding sixty (60) days), or otherwise materially impair the Company's ability to consummate the Transactions. Notwithstanding the foregoing, the definition of Company Material Adverse Effect shall exclude events or changes that affect, on a general basis, the Company's financial metrics, such as general economic downturns, industry-wide pricing adjustments, broadly applicable regulatory changes, or modifications in accounting principles. However, such exclusions shall not apply to any event that specifically and directly impairs the Company's ability to consummate the Transactions. In effect, if an event directly impacts the consummation process, it shall be deemed a Material Adverse Effect regardless of the general carveouts provided herein.""
Choices: ","Fail","Answer the following multiple choice question. The entire content of your response should be of the following format: 'ANSWER: $LETTER' (without quotes) where LETTER is one of {letters}.

{question}

{choices}

Instruction: Read the following segment of a merger agreement and answer the multiple-choice question by choosing the option that best characterizes the agreement.

Question: Is the 'ability to consummate' concept subject to Material Adverse Effect carveouts?
Option A: No
Option B: Yes

Merger Agreement: ""Consolidated Adverse Impact"" means any change, event, or circumstance that, either individually or when aggregated with other factors, (i) would be expected to have a material adverse effect on the financial condition, operating results, or asset base of the Company, or (ii) would be reasonably expected to prevent, delay, or materially impair the Company's ability to consummate the transactions contemplated by this Agreement. Notwithstanding the foregoing, no change, event, or circumstance shall be deemed to be a Consolidated Adverse Impact if, subsequent to the Agreement date, it arises solely or primarily from (A) general fluctuations in capital or credit markets, (B) modifications in accounting standards or legal interpretations that impact the industry as a whole, or (C) routine statutory or regulatory updates not uniquely detrimental to the Company. Additionally, any delay in consummation attributable exclusively to standard governmental clearance or transient market conditions is excluded from being considered a Consolidated Adverse Impact. In summary, while the definition addresses adverse impacts broadly, the Company's core ability to consummate the transactions is expressly preserved from being negated by such general or non-specific events.

Choices: "
"25","Answer the following multiple choice question. The entire content of your response should be of the following format: 'ANSWER: $LETTER' (without quotes) where LETTER is one of {letters}.

{question}

{choices}

Instruction: Read the excerpt of a merger agreement and answer the multiple-choice question by selecting the option that best reflects the agreement’s interpretation.

Question: Is the “ability to consummate” concept subject to Material Adverse Effect (MAE) carveouts?
Option A: No
Option B: Yes

Merger Agreement Excerpt:
""Company Material Adverse Effect"" means any event, change, or condition that (a) has significantly impaired or is reasonably expected to impair the Company’s overall business—including its financial stability, operational capacity, and strategic initiatives—or (b) would prevent, indefinitely delay, or materially impair the Company’s ability to consummate the Transactions contemplated herein. Notwithstanding the provisions of clause (a), the following effects shall not be considered a Material Adverse Effect: (i) changes in general economic conditions, market-wide fluctuations, natural disasters, or regulatory actions that impact the industry as a whole; and (ii) any event for which remedial measures have been expressly approved by the Board in writing. However, it is expressly provided that these exclusions shall not apply to any event or condition that directly affects the Company’s ability to consummate the Transactions, or that causes delays solely due to intrinsic transactional factors, which shall be treated as a Material Adverse Effect without exception.

Pages 12-14
Choices: ","Fail","Answer the following multiple choice question. The entire content of your response should be of the following format: 'ANSWER: $LETTER' (without quotes) where LETTER is one of {letters}.

{question}

{choices}

Instruction: Read the following segment of a merger agreement and answer the multiple-choice question by choosing the option that best characterizes the agreement.

Question: Is the 'ability to consummate' concept subject to Material Adverse Effect carveouts?
Option A: No
Option B: Yes

Merger Agreement: ""Consolidated Adverse Impact"" means any change, event, or circumstance that, either individually or when aggregated with other factors, (i) would be expected to have a material adverse effect on the financial condition, operating results, or asset base of the Company, or (ii) would be reasonably expected to prevent, delay, or materially impair the Company's ability to consummate the transactions contemplated by this Agreement. Notwithstanding the foregoing, no change, event, or circumstance shall be deemed to be a Consolidated Adverse Impact if, subsequent to the Agreement date, it arises solely or primarily from (A) general fluctuations in capital or credit markets, (B) modifications in accounting standards or legal interpretations that impact the industry as a whole, or (C) routine statutory or regulatory updates not uniquely detrimental to the Company. Additionally, any delay in consummation attributable exclusively to standard governmental clearance or transient market conditions is excluded from being considered a Consolidated Adverse Impact. In summary, while the definition addresses adverse impacts broadly, the Company's core ability to consummate the transactions is expressly preserved from being negated by such general or non-specific events.

Choices: "
"26","Answer the following multiple choice question. The entire content of your response should be of the following format: 'ANSWER: $LETTER' (without quotes) where LETTER is one of {letters}.

{question}

{choices}

Instruction: Read the following segment of a merger agreement and answer the multiple-choice question by choosing the option that best characterizes the agreement. 

Question: Is the “ability to consummate” concept subject to Material Adverse Effect (MAE) carveouts?
Option A: No
Option B: Yes

Merger Agreement: 
“Operational Adverse Impact” means any event, change, or circumstance that, individually or in aggregate with other occurrences, would materially impair the business operations, financial condition, or the projected performance of the Company and its Subsidiaries or would, in any manner, prevent, delay, or otherwise impair the Company’s ability to consummate the transactions contemplated hereby. Notwithstanding the foregoing, the following exceptions shall apply: (i) any disruption solely attributable to normal fluctuations in general market conditions, including interest rate or exchange rate variations, shall not be deemed to result in an Operational Adverse Impact; (ii) any change resulting from a routine modification of accounting policies in accordance with applicable laws; (iii) any event, change, or circumstance that delays closing by less than 30 days, provided that such delay is not accompanied by any other adverse impact; and (iv) any effects arising from politically motivated changes or regulatory adjustments that are broadly applicable to the industry and not specific to the Company. (Page 12)

Answer the question based on the above segment.
Choices: ","Fail","Answer the following multiple choice question. The entire content of your response should be of the following format: 'ANSWER: $LETTER' (without quotes) where LETTER is one of {letters}.

{question}

{choices}

Instruction: Read the following segment of a merger agreement and answer the multiple-choice question by choosing the option that best characterizes the agreement.

Question: Is the 'ability to consummate' concept subject to Material Adverse Effect carveouts?
Option A: No
Option B: Yes

Merger Agreement: ""Consolidated Adverse Impact"" means any change, event, or circumstance that, either individually or when aggregated with other factors, (i) would be expected to have a material adverse effect on the financial condition, operating results, or asset base of the Company, or (ii) would be reasonably expected to prevent, delay, or materially impair the Company's ability to consummate the transactions contemplated by this Agreement. Notwithstanding the foregoing, no change, event, or circumstance shall be deemed to be a Consolidated Adverse Impact if, subsequent to the Agreement date, it arises solely or primarily from (A) general fluctuations in capital or credit markets, (B) modifications in accounting standards or legal interpretations that impact the industry as a whole, or (C) routine statutory or regulatory updates not uniquely detrimental to the Company. Additionally, any delay in consummation attributable exclusively to standard governmental clearance or transient market conditions is excluded from being considered a Consolidated Adverse Impact. In summary, while the definition addresses adverse impacts broadly, the Company's core ability to consummate the transactions is expressly preserved from being negated by such general or non-specific events.

Choices: "
"27","Answer the following multiple choice question. The entire content of your response should be of the following format: 'ANSWER: $LETTER' (without quotes) where LETTER is one of {letters}.

{question}

{choices}

Instruction: Read the following merger agreement excerpt and answer the multiple-choice question by choosing the option that best characterizes the agreement.
Question: Is the “ability to consummate” concept subject to Material Adverse Effect (MAE) carveouts?
Option A: No
Option B: Yes

Merger Agreement Excerpt:
""Section 2.1 - Material Adverse Effect. For purposes of this Agreement, a 'Material Adverse Effect' shall mean any change, event, or circumstance that, individually or in the aggregate, (a) has had or would be reasonably expected to have a material adverse effect on the business, financial condition, or operating results of the Company, excluding any adverse effects arising solely from: (i) changes in general or industry-wide economic or regulatory conditions; (ii) fluctuations in market prices or exchange rates; or (iii) changes in GAAP or similar accounting principles, provided that such exclusions shall apply only to effects related to financial metrics or operational outcomes.
Notwithstanding the foregoing, any effect that would prevent, materially delay, or impair the Company’s ability to consummate the transactions contemplated by this Agreement shall be deemed a Material Adverse Effect and shall not be reduced or excused by the carveouts set forth above.
Additionally, no external event, even if falling under clauses (i)–(iii), shall excuse the Company’s responsibility to perform its consummation obligations.""
(End of Excerpt)
Choices: ","Fail","Answer the following multiple choice question. The entire content of your response should be of the following format: 'ANSWER: $LETTER' (without quotes) where LETTER is one of {letters}.

{question}

{choices}

Instruction: Read the following segment of a merger agreement and answer the multiple-choice question by choosing the option that best characterizes the agreement.

Question: Is the 'ability to consummate' concept subject to Material Adverse Effect carveouts?
Option A: No
Option B: Yes

Merger Agreement: ""Consolidated Adverse Impact"" means any change, event, or circumstance that, either individually or when aggregated with other factors, (i) would be expected to have a material adverse effect on the financial condition, operating results, or asset base of the Company, or (ii) would be reasonably expected to prevent, delay, or materially impair the Company's ability to consummate the transactions contemplated by this Agreement. Notwithstanding the foregoing, no change, event, or circumstance shall be deemed to be a Consolidated Adverse Impact if, subsequent to the Agreement date, it arises solely or primarily from (A) general fluctuations in capital or credit markets, (B) modifications in accounting standards or legal interpretations that impact the industry as a whole, or (C) routine statutory or regulatory updates not uniquely detrimental to the Company. Additionally, any delay in consummation attributable exclusively to standard governmental clearance or transient market conditions is excluded from being considered a Consolidated Adverse Impact. In summary, while the definition addresses adverse impacts broadly, the Company's core ability to consummate the transactions is expressly preserved from being negated by such general or non-specific events.

Choices: "
"28","Answer the following multiple choice question. The entire content of your response should be of the following format: 'ANSWER: $LETTER' (without quotes) where LETTER is one of {letters}.

{question}

{choices}

Instruction: Read the segment of the merger agreement below and answer the multiple-choice question by choosing the option that best characterizes the agreement.

Question: Is the “ability to consummate” provision in this merger agreement exempt from the effects of Material Adverse Effect (MAE) carveouts?
Option A: No
Option B: Yes

Merger Agreement Excerpt:
""‘Company MAE’ means any event, change, or development which, either individually or in aggregate with all others, would have a material adverse effect on the Company’s business, financial condition, or prospects. Included herein are those events that would, or would be reasonably expected to, prevent, delay, or impair the consummation of the Merger. Notwithstanding the foregoing inclusion, the following events shall be carved out and ignored for purposes of determining a Company MAE: (i) any economic or market-wide downturn that affects all industry participants uniformly; (ii) fluctuations in interest or exchange rates that do not disproportionately impact the Company relative to its competitors; (iii) regulatory or accounting policy changes implemented after the Agreement date; and (iv) force majeure events that are common to the industry and do not uniquely compromise the Company. Accordingly, while the consummation ability is mentioned within the MAE definition, it is expressly protected from being triggered by any of the exceptions listed above, ensuring that only Company-specific adverse events may impede consummation.""
Choices: ","Fail","Answer the following multiple choice question. The entire content of your response should be of the following format: 'ANSWER: $LETTER' (without quotes) where LETTER is one of {letters}.

{question}

{choices}

Instruction: Read the following segment of a merger agreement and answer the multiple-choice question by choosing the option that best characterizes the agreement.

Question: Is the 'ability to consummate' concept subject to Material Adverse Effect carveouts?
Option A: No
Option B: Yes

Merger Agreement: ""Consolidated Adverse Impact"" means any change, event, or circumstance that, either individually or when aggregated with other factors, (i) would be expected to have a material adverse effect on the financial condition, operating results, or asset base of the Company, or (ii) would be reasonably expected to prevent, delay, or materially impair the Company's ability to consummate the transactions contemplated by this Agreement. Notwithstanding the foregoing, no change, event, or circumstance shall be deemed to be a Consolidated Adverse Impact if, subsequent to the Agreement date, it arises solely or primarily from (A) general fluctuations in capital or credit markets, (B) modifications in accounting standards or legal interpretations that impact the industry as a whole, or (C) routine statutory or regulatory updates not uniquely detrimental to the Company. Additionally, any delay in consummation attributable exclusively to standard governmental clearance or transient market conditions is excluded from being considered a Consolidated Adverse Impact. In summary, while the definition addresses adverse impacts broadly, the Company's core ability to consummate the transactions is expressly preserved from being negated by such general or non-specific events.

Choices: "
"29","Answer the following multiple choice question. The entire content of your response should be of the following format: 'ANSWER: $LETTER' (without quotes) where LETTER is one of {letters}.

{question}

{choices}

Instruction: Read the following segment of a merger agreement and answer the multiple-choice question by choosing the option that best reflects the agreement's intent.

Question: Is the 'ability to finalize the transaction' concept subject to the carveout provisions in the definition of an Aggrievous Adverse Effect?

Option A: No
Option B: Yes

Merger Agreement: ""Aggrievous Adverse Effect"" means any event, change, or circumstance that has had or would be reasonably expected to have a material adverse impact on the Seller’s business, including any interference that would materially delay or prevent the Seller from finalizing the transaction. Provided, however, that such interference shall not include events that arise solely from (i) general economic downturns, (ii) broad regulatory announcements, or (iii) typical market performance fluctuations, unless such events are demonstrated to be disproportionately severe relative to those experienced by industry peers. Furthermore, no defense based on these carveout provisions shall apply where the event constitutes a breach of any explicit covenant designed to protect the Seller’s ability to finalize the transaction.

Choices: ","Fail","Answer the following multiple choice question. The entire content of your response should be of the following format: 'ANSWER: $LETTER' (without quotes) where LETTER is one of {letters}.

{question}

{choices}

Instruction: Read the following segment of a merger agreement and answer the multiple-choice question by choosing the option that best characterizes the agreement.

Question: Is the 'ability to consummate' concept subject to Material Adverse Effect carveouts?
Option A: No
Option B: Yes

Merger Agreement: ""Consolidated Adverse Impact"" means any change, event, or circumstance that, either individually or when aggregated with other factors, (i) would be expected to have a material adverse effect on the financial condition, operating results, or asset base of the Company, or (ii) would be reasonably expected to prevent, delay, or materially impair the Company's ability to consummate the transactions contemplated by this Agreement. Notwithstanding the foregoing, no change, event, or circumstance shall be deemed to be a Consolidated Adverse Impact if, subsequent to the Agreement date, it arises solely or primarily from (A) general fluctuations in capital or credit markets, (B) modifications in accounting standards or legal interpretations that impact the industry as a whole, or (C) routine statutory or regulatory updates not uniquely detrimental to the Company. Additionally, any delay in consummation attributable exclusively to standard governmental clearance or transient market conditions is excluded from being considered a Consolidated Adverse Impact. In summary, while the definition addresses adverse impacts broadly, the Company's core ability to consummate the transactions is expressly preserved from being negated by such general or non-specific events.

Choices: "
"30","Answer the following multiple choice question. The entire content of your response should be of the following format: 'ANSWER: $LETTER' (without quotes) where LETTER is one of {letters}.

{question}

{choices}

Instruction: Read the following segment of a merger agreement and answer the multiple-choice question by choosing the option that best characterizes the agreement.

Question: Is the “ability to consummate” concept subject to Material Adverse Effect (MAE) carveouts?
Option A: No
Option B: Yes

Merger Agreement Excerpt:
“Company Material Adverse Effect” shall mean any event, circumstance, or condition that, either individually or in aggregate with other events, (i) has, or would reasonably be expected to have, a material adverse effect on the business, financial condition, or operating results of the Company and its Subsidiaries, or (ii) would, independently or in combination with other effects, prevent, materially delay, or materially impair the consummation of the transactions contemplated hereby. Provided, however, that with respect to clause (i) only, no event or circumstance arising solely from general economic fluctuations, regulatory adjustments, or widespread market index changes shall be deemed to constitute a Material Adverse Effect. Notably, no similar exclusions or carveouts apply to the “ability to consummate” described in clause (ii); indeed, any operational disruption that directly hampers fulfilling the consummation conditions shall be fully treated as a Material Adverse Effect. Additionally, minor fluctuations in the trading price of the Company’s securities are explicitly excluded only from calculations relating to financial performance metrics, and not in assessing the Company’s ability to consummate the merger.”
Choices: ","Fail","Answer the following multiple choice question. The entire content of your response should be of the following format: 'ANSWER: $LETTER' (without quotes) where LETTER is one of {letters}.

{question}

{choices}

Instruction: Read the following segment of a merger agreement and answer the multiple-choice question by choosing the option that best characterizes the agreement.

Question: Is the 'ability to consummate' concept subject to Material Adverse Effect carveouts?
Option A: No
Option B: Yes

Merger Agreement: ""Consolidated Adverse Impact"" means any change, event, or circumstance that, either individually or when aggregated with other factors, (i) would be expected to have a material adverse effect on the financial condition, operating results, or asset base of the Company, or (ii) would be reasonably expected to prevent, delay, or materially impair the Company's ability to consummate the transactions contemplated by this Agreement. Notwithstanding the foregoing, no change, event, or circumstance shall be deemed to be a Consolidated Adverse Impact if, subsequent to the Agreement date, it arises solely or primarily from (A) general fluctuations in capital or credit markets, (B) modifications in accounting standards or legal interpretations that impact the industry as a whole, or (C) routine statutory or regulatory updates not uniquely detrimental to the Company. Additionally, any delay in consummation attributable exclusively to standard governmental clearance or transient market conditions is excluded from being considered a Consolidated Adverse Impact. In summary, while the definition addresses adverse impacts broadly, the Company's core ability to consummate the transactions is expressly preserved from being negated by such general or non-specific events.

Choices: "
"31","Answer the following multiple choice question. The entire content of your response should be of the following format: 'ANSWER: $LETTER' (without quotes) where LETTER is one of {letters}.

{question}

{choices}

Instruction: Read the segment of a merger agreement and answer the multiple-choice question by choosing the option that best characterizes the agreement.

Question: Is the “ability to consummate” concept subject to Material Adverse Effect (MAE) carveouts?
Option A: No
Option B: Yes

Merger Agreement:
“Material Adverse Effect” means any event, change, or development that materially harms the business, financial condition, or operations of the Company. In particular, such effect includes, but is not limited to, any factor that would prevent, materially delay, or materially impair the Company’s ability to consummate the Transactions contemplated by this Agreement. Notwithstanding the following, no event shall be considered a Material Adverse Effect if it is solely attributable to: (i) changes in general economic conditions or global market trends; (ii) fluctuations in interest rates, exchange rates, or general credit market conditions; (iii) modifications in GAAP or regulatory accounting standards; or (iv) natural disasters, pandemics, or other force majeure events. However, and notwithstanding any other provision herein, the foregoing exemptions expressly do not apply to any change that affects the Company’s ability to consummate the Transactions. Any impairment, delay, or prevention of consummation will be treated as a Material Adverse Effect, irrespective of whether such change might otherwise fall within any general carveouts set forth above.

Choices: ","Fail","Answer the following multiple choice question. The entire content of your response should be of the following format: 'ANSWER: $LETTER' (without quotes) where LETTER is one of {letters}.

{question}

{choices}

Instruction: Read the following segment of a merger agreement and answer the multiple-choice question by choosing the option that best characterizes the agreement.

Question: Is the 'ability to consummate' concept subject to Material Adverse Effect carveouts?
Option A: No
Option B: Yes

Merger Agreement: ""Consolidated Adverse Impact"" means any change, event, or circumstance that, either individually or when aggregated with other factors, (i) would be expected to have a material adverse effect on the financial condition, operating results, or asset base of the Company, or (ii) would be reasonably expected to prevent, delay, or materially impair the Company's ability to consummate the transactions contemplated by this Agreement. Notwithstanding the foregoing, no change, event, or circumstance shall be deemed to be a Consolidated Adverse Impact if, subsequent to the Agreement date, it arises solely or primarily from (A) general fluctuations in capital or credit markets, (B) modifications in accounting standards or legal interpretations that impact the industry as a whole, or (C) routine statutory or regulatory updates not uniquely detrimental to the Company. Additionally, any delay in consummation attributable exclusively to standard governmental clearance or transient market conditions is excluded from being considered a Consolidated Adverse Impact. In summary, while the definition addresses adverse impacts broadly, the Company's core ability to consummate the transactions is expressly preserved from being negated by such general or non-specific events.

Choices: "
"32","Answer the following multiple choice question. The entire content of your response should be of the following format: 'ANSWER: $LETTER' (without quotes) where LETTER is one of {letters}.

{question}

{choices}

Instruction: Read the following segment from a hypothetical merger agreement and answer the multiple-choice question by selecting the option that best characterizes the treatment of the 'ability to consummate' concept.
Question: In this agreement, is the 'ability to consummate' provision subject to Material Adverse Effect (MAE) carveouts?
Option A: No
Option B: Yes

Merger Agreement Segment: ""Material Adverse Effect"" shall mean any change, event, or circumstance that, either individually or aggregated with all other occurrences, would be reasonably expected to have a material adverse impact on the business operations, financial condition, or strategic objectives of the Company, including any event that could prevent, delay, or materially impair the ability to consummate the transactions contemplated in this Agreement. Notwithstanding the foregoing, for purposes of this determination, the following effects shall be expressly excluded: (i) fluctuations in global economic or market conditions, including but not limited to changes in exchange rates and market price volatility; (ii) general downturns in the economy or adverse trends affecting the entire industry; (iii) modifications in broadly applicable legal or regulatory environments which do not target the Company specifically; and (iv) effects arising solely from the announcement of this Agreement or related public disclosures. Events that fall within these exclusions, even if they influence the timing of consummation, shall not be considered to impair the ability to consummate. Analyze whether these carveouts modify the treatment of the ability to consummate provision.
Choices: ","Fail","Answer the following multiple choice question. The entire content of your response should be of the following format: 'ANSWER: $LETTER' (without quotes) where LETTER is one of {letters}.

{question}

{choices}

Instruction: Read the following segment of a merger agreement and answer the multiple-choice question by choosing the option that best characterizes the agreement.

Question: Is the 'ability to consummate' concept subject to Material Adverse Effect carveouts?
Option A: No
Option B: Yes

Merger Agreement: ""Consolidated Adverse Impact"" means any change, event, or circumstance that, either individually or when aggregated with other factors, (i) would be expected to have a material adverse effect on the financial condition, operating results, or asset base of the Company, or (ii) would be reasonably expected to prevent, delay, or materially impair the Company's ability to consummate the transactions contemplated by this Agreement. Notwithstanding the foregoing, no change, event, or circumstance shall be deemed to be a Consolidated Adverse Impact if, subsequent to the Agreement date, it arises solely or primarily from (A) general fluctuations in capital or credit markets, (B) modifications in accounting standards or legal interpretations that impact the industry as a whole, or (C) routine statutory or regulatory updates not uniquely detrimental to the Company. Additionally, any delay in consummation attributable exclusively to standard governmental clearance or transient market conditions is excluded from being considered a Consolidated Adverse Impact. In summary, while the definition addresses adverse impacts broadly, the Company's core ability to consummate the transactions is expressly preserved from being negated by such general or non-specific events.

Choices: "
"33","Answer the following multiple choice question. The entire content of your response should be of the following format: 'ANSWER: $LETTER' (without quotes) where LETTER is one of {letters}.

{question}

{choices}

Instruction: Read the following excerpt from a merger agreement and answer the multiple-choice question by choosing the option that best characterizes the agreement.

Question: Is the 'ability to consummate' concept subject to Material Adverse Effect carveouts?
Option A: No
Option B: Yes

Merger Agreement Excerpt:
""Section 2.5 – Definition of Material Adverse Effect:
'Material Adverse Effect' means any event, change, or circumstance that (a) has, or would reasonably be expected to have, a material adverse effect on the business, assets, liabilities, financial condition, or results of operations of the Acquirer and its Subsidiaries, or (b) would, or would reasonably be expected to, prevent, delay, or materially impair the Acquirer's ability to consummate the transactions contemplated herein. Notwithstanding clause (b), the term shall not include effects that arise solely from: (i) general economic fluctuations or market-wide conditions affecting most industry participants; (ii) standard regulatory adjustments or modifications to accounting standards; (iii) changes in interest rates or currency exchange rates that equally affect the entire market; or (iv) any other conditions that do not uniquely or disproportionately impact the Acquirer's consummation process.
Furthermore, if an event does lead to a delay in consummation but is primarily attributable to the aforementioned general conditions, such an event shall be excluded from being deemed a Material Adverse Effect for purposes of delaying consummation.""

Choices: ","Fail","Answer the following multiple choice question. The entire content of your response should be of the following format: 'ANSWER: $LETTER' (without quotes) where LETTER is one of {letters}.

{question}

{choices}

Instruction: Read the following segment of a merger agreement and answer the multiple-choice question by choosing the option that best characterizes the agreement.

Question: Is the 'ability to consummate' concept subject to Material Adverse Effect carveouts?
Option A: No
Option B: Yes

Merger Agreement: ""Consolidated Adverse Impact"" means any change, event, or circumstance that, either individually or when aggregated with other factors, (i) would be expected to have a material adverse effect on the financial condition, operating results, or asset base of the Company, or (ii) would be reasonably expected to prevent, delay, or materially impair the Company's ability to consummate the transactions contemplated by this Agreement. Notwithstanding the foregoing, no change, event, or circumstance shall be deemed to be a Consolidated Adverse Impact if, subsequent to the Agreement date, it arises solely or primarily from (A) general fluctuations in capital or credit markets, (B) modifications in accounting standards or legal interpretations that impact the industry as a whole, or (C) routine statutory or regulatory updates not uniquely detrimental to the Company. Additionally, any delay in consummation attributable exclusively to standard governmental clearance or transient market conditions is excluded from being considered a Consolidated Adverse Impact. In summary, while the definition addresses adverse impacts broadly, the Company's core ability to consummate the transactions is expressly preserved from being negated by such general or non-specific events.

Choices: "
"34","Answer the following multiple choice question. The entire content of your response should be of the following format: 'ANSWER: $LETTER' (without quotes) where LETTER is one of {letters}.

{question}

{choices}

Instruction: Read the following segment of a merger agreement and answer the multiple-choice question by choosing the option that best characterizes the agreement.
Question: Is the 'ability to consummate' concept subject to Material Adverse Effect (MAE) carveouts?
Option A: No
Option B: Yes

Merger Agreement: ""Material Adverse Effect"" shall mean any change, event, occurrence, or development that, either individually or in aggregate with other effects, materially impairs the financial condition, business operations, or results of operations of the Company. In particular, it includes any change that would prevent, materially delay, or impair the ability of the Company to consummate the transactions contemplated by this Agreement. Notwithstanding the foregoing, for the purpose of evaluating a Material Adverse Effect related to the Company’s ongoing business, any change arising solely from general economic fluctuations, modifications in regulatory or legislative frameworks, shifts in financial market conditions, or amendments to generally accepted accounting principles shall not be considered, provided such exclusions are limited strictly to operational and financial performance metrics. It is expressly stated, however, that no such carveouts or exclusions shall apply to any adverse change affecting the Company's ability to consummate the transactions. (Pages 12-13)
Choices: ","Fail","Answer the following multiple choice question. The entire content of your response should be of the following format: 'ANSWER: $LETTER' (without quotes) where LETTER is one of {letters}.

{question}

{choices}

Instruction: Read the following segment of a merger agreement and answer the multiple-choice question by choosing the option that best characterizes the agreement.

Question: Is the 'ability to consummate' concept subject to Material Adverse Effect carveouts?
Option A: No
Option B: Yes

Merger Agreement: ""Consolidated Adverse Impact"" means any change, event, or circumstance that, either individually or when aggregated with other factors, (i) would be expected to have a material adverse effect on the financial condition, operating results, or asset base of the Company, or (ii) would be reasonably expected to prevent, delay, or materially impair the Company's ability to consummate the transactions contemplated by this Agreement. Notwithstanding the foregoing, no change, event, or circumstance shall be deemed to be a Consolidated Adverse Impact if, subsequent to the Agreement date, it arises solely or primarily from (A) general fluctuations in capital or credit markets, (B) modifications in accounting standards or legal interpretations that impact the industry as a whole, or (C) routine statutory or regulatory updates not uniquely detrimental to the Company. Additionally, any delay in consummation attributable exclusively to standard governmental clearance or transient market conditions is excluded from being considered a Consolidated Adverse Impact. In summary, while the definition addresses adverse impacts broadly, the Company's core ability to consummate the transactions is expressly preserved from being negated by such general or non-specific events.

Choices: "
"35","Answer the following multiple choice question. The entire content of your response should be of the following format: 'ANSWER: $LETTER' (without quotes) where LETTER is one of {letters}.

{question}

{choices}

Instruction: Read the segment of a merger agreement and answer the multiple-choice question by choosing the option that best characterizes the agreement.

Question: Is the “ability to consummate” concept subject to Material Adverse Effect (MAE) carveouts?
Option A: No
Option B: Yes

Merger Agreement: “Material Adverse Effect” means any occurrence, change, event, or circumstance that, either individually or when aggregated with all other effects, has a material adverse impact on the business, financial condition, or operational results of the Company and its Subsidiaries, or that would prevent, delay, or impair the Company’s ability to consummate the Transactions. Notwithstanding the foregoing, effects arising solely from general economic downturns, shifts in interest or exchange rates, market fluctuations, broad regulatory changes, and other non-specific external events shall not be deemed to constitute a Material Adverse Effect. However, this exclusion shall not apply to any event or condition that directly causes a delay in or prevents the consummation of the Transactions beyond the stipulated closing date. In essence, while many adverse effects are mitigated by designated carveouts, none of these exceptions shall reduce the impact of any impairment to the Company’s ability to consummate the Transactions.

Choices: ","Fail","Answer the following multiple choice question. The entire content of your response should be of the following format: 'ANSWER: $LETTER' (without quotes) where LETTER is one of {letters}.

{question}

{choices}

Instruction: Read the following segment of a merger agreement and answer the multiple-choice question by choosing the option that best characterizes the agreement.

Question: Is the 'ability to consummate' concept subject to Material Adverse Effect carveouts?
Option A: No
Option B: Yes

Merger Agreement: ""Consolidated Adverse Impact"" means any change, event, or circumstance that, either individually or when aggregated with other factors, (i) would be expected to have a material adverse effect on the financial condition, operating results, or asset base of the Company, or (ii) would be reasonably expected to prevent, delay, or materially impair the Company's ability to consummate the transactions contemplated by this Agreement. Notwithstanding the foregoing, no change, event, or circumstance shall be deemed to be a Consolidated Adverse Impact if, subsequent to the Agreement date, it arises solely or primarily from (A) general fluctuations in capital or credit markets, (B) modifications in accounting standards or legal interpretations that impact the industry as a whole, or (C) routine statutory or regulatory updates not uniquely detrimental to the Company. Additionally, any delay in consummation attributable exclusively to standard governmental clearance or transient market conditions is excluded from being considered a Consolidated Adverse Impact. In summary, while the definition addresses adverse impacts broadly, the Company's core ability to consummate the transactions is expressly preserved from being negated by such general or non-specific events.

Choices: "
"36","Answer the following multiple choice question. The entire content of your response should be of the following format: 'ANSWER: $LETTER' (without quotes) where LETTER is one of {letters}.

{question}

{choices}

Instruction: Read the following merger agreement excerpt and answer the multiple-choice question by choosing the option that best characterizes the agreement.
Question: Is the 'ability to consummate' concept subject to Material Adverse Effect (MAE) carveouts?
Option A: No
Option B: Yes

Merger Agreement Excerpt:
""Section 2.1 (Material Adverse Effect) defines 'Material Adverse Effect' for the purposes of this Agreement as any change, event, or occurrence that, either individually or in the aggregate, (i) would materially diminish the financial performance, operational efficiency, or strategic outlook of the Company, or (ii) would impair, delay or prevent the consummation of the transactions contemplated hereby. Notwithstanding the foregoing, for purposes of clause (i), the effects of general economic downturns, fluctuations in interest or foreign exchange rates, regulatory amendments, and natural disasters, including but not limited to hurricanes and earthquakes, shall be excluded from being considered a Material Adverse Effect; however, no such carveout applies to delays in consummation under clause (ii) unless such delays do not extend beyond the originally agreed closing date by more than 60 days. Furthermore, any delay directly attributable to a breach of covenants by the Company is not subject to the aforementioned economic carveouts.""
Choices: ","Fail","Answer the following multiple choice question. The entire content of your response should be of the following format: 'ANSWER: $LETTER' (without quotes) where LETTER is one of {letters}.

{question}

{choices}

Instruction: Read the following segment of a merger agreement and answer the multiple-choice question by choosing the option that best characterizes the agreement.

Question: Is the 'ability to consummate' concept subject to Material Adverse Effect carveouts?
Option A: No
Option B: Yes

Merger Agreement: ""Consolidated Adverse Impact"" means any change, event, or circumstance that, either individually or when aggregated with other factors, (i) would be expected to have a material adverse effect on the financial condition, operating results, or asset base of the Company, or (ii) would be reasonably expected to prevent, delay, or materially impair the Company's ability to consummate the transactions contemplated by this Agreement. Notwithstanding the foregoing, no change, event, or circumstance shall be deemed to be a Consolidated Adverse Impact if, subsequent to the Agreement date, it arises solely or primarily from (A) general fluctuations in capital or credit markets, (B) modifications in accounting standards or legal interpretations that impact the industry as a whole, or (C) routine statutory or regulatory updates not uniquely detrimental to the Company. Additionally, any delay in consummation attributable exclusively to standard governmental clearance or transient market conditions is excluded from being considered a Consolidated Adverse Impact. In summary, while the definition addresses adverse impacts broadly, the Company's core ability to consummate the transactions is expressly preserved from being negated by such general or non-specific events.

Choices: "
"37","Answer the following multiple choice question. The entire content of your response should be of the following format: 'ANSWER: $LETTER' (without quotes) where LETTER is one of {letters}.

{question}

{choices}

Instruction: Read the segment of a merger agreement and answer the multiple-choice question by choosing the option that best characterizes the agreement.
Question: Is the “ability to consummate” concept subject to Material Adverse Effect (MAE) carveouts?
Option A: No
Option B: Yes

Merger Agreement: ""Company Material Adverse Effect"" shall mean any event or change that, either individually or in aggregate, (i) materially delays or impairs the Company’s ability to consummate the transaction contemplated by this Agreement, or (ii) adversely affects the business, operations, or financial condition of the Company. However, notwithstanding the foregoing, no event or change shall be deemed a Company Material Adverse Effect with respect to the Company’s ability to consummate the transaction if such delay or impairment is attributable solely to: (a) generic fluctuations in the capital or securities markets; (b) broad-based economic downturns or systemic global economic conditions; or (c) periodic internal restructuring initiatives that were scheduled prior to the execution of this Agreement. In addition, any regulatory reform or non-specific changes in legislative environments affecting the industry at large shall be excluded from the determination of a Material Adverse Effect. 

Based on this Agreement, answer the question.
Choices: ","Fail","Answer the following multiple choice question. The entire content of your response should be of the following format: 'ANSWER: $LETTER' (without quotes) where LETTER is one of {letters}.

{question}

{choices}

Instruction: Read the following segment of a merger agreement and answer the multiple-choice question by choosing the option that best characterizes the agreement.

Question: Is the 'ability to consummate' concept subject to Material Adverse Effect carveouts?
Option A: No
Option B: Yes

Merger Agreement: ""Consolidated Adverse Impact"" means any change, event, or circumstance that, either individually or when aggregated with other factors, (i) would be expected to have a material adverse effect on the financial condition, operating results, or asset base of the Company, or (ii) would be reasonably expected to prevent, delay, or materially impair the Company's ability to consummate the transactions contemplated by this Agreement. Notwithstanding the foregoing, no change, event, or circumstance shall be deemed to be a Consolidated Adverse Impact if, subsequent to the Agreement date, it arises solely or primarily from (A) general fluctuations in capital or credit markets, (B) modifications in accounting standards or legal interpretations that impact the industry as a whole, or (C) routine statutory or regulatory updates not uniquely detrimental to the Company. Additionally, any delay in consummation attributable exclusively to standard governmental clearance or transient market conditions is excluded from being considered a Consolidated Adverse Impact. In summary, while the definition addresses adverse impacts broadly, the Company's core ability to consummate the transactions is expressly preserved from being negated by such general or non-specific events.

Choices: "
"38","Answer the following multiple choice question. The entire content of your response should be of the following format: 'ANSWER: $LETTER' (without quotes) where LETTER is one of {letters}.

{question}

{choices}

Instruction: Review the following excerpt from a merger agreement and answer the question.

Excerpt: ""Affirmative Transaction Effect"" shall mean any event or condition that, whether individually or cumulatively, may materially impair, delay, or prevent the consummation of the transaction contemplated by this Agreement. For purposes of this definition, the following events shall be excluded and not considered as constituting an Affirmative Transaction Effect: (i) any fluctuation in general economic conditions or credit markets, including minor changes in interest rates and inflation, provided that such fluctuations do not exceed industry norms; (ii) adjustments in statutory or regulatory requirements, except when such changes are imposed unexpectedly and materially alter the business environment; (iii) market-wide disruptions including natural disasters or pandemics, so long as governmental remediation measures are promptly initiated; and (iv) any adverse effects arising solely from corporate actions that have received prior written consent from Parent. However, the Agreement specifies that any difficulty in obtaining necessary financing or in securing critical regulatory approvals shall not benefit from the aforementioned exclusions and shall thus be counted in determining an Affirmative Transaction Effect.

Question: Based on the excerpt, is the core 'ability to consummate' the transaction explicitly subject to the carveouts outlined under the definition of an Affirmative Transaction Effect?
Choices: ","Fail","Answer the following multiple choice question. The entire content of your response should be of the following format: 'ANSWER: $LETTER' (without quotes) where LETTER is one of {letters}.

{question}

{choices}

Instruction: Read the following segment of a merger agreement and answer the multiple-choice question by choosing the option that best characterizes the agreement.

Question: Is the 'ability to consummate' concept subject to Material Adverse Effect carveouts?
Option A: No
Option B: Yes

Merger Agreement: ""Consolidated Adverse Impact"" means any change, event, or circumstance that, either individually or when aggregated with other factors, (i) would be expected to have a material adverse effect on the financial condition, operating results, or asset base of the Company, or (ii) would be reasonably expected to prevent, delay, or materially impair the Company's ability to consummate the transactions contemplated by this Agreement. Notwithstanding the foregoing, no change, event, or circumstance shall be deemed to be a Consolidated Adverse Impact if, subsequent to the Agreement date, it arises solely or primarily from (A) general fluctuations in capital or credit markets, (B) modifications in accounting standards or legal interpretations that impact the industry as a whole, or (C) routine statutory or regulatory updates not uniquely detrimental to the Company. Additionally, any delay in consummation attributable exclusively to standard governmental clearance or transient market conditions is excluded from being considered a Consolidated Adverse Impact. In summary, while the definition addresses adverse impacts broadly, the Company's core ability to consummate the transactions is expressly preserved from being negated by such general or non-specific events.

Choices: "
"39","Answer the following multiple choice question. The entire content of your response should be of the following format: 'ANSWER: $LETTER' (without quotes) where LETTER is one of {letters}.

{question}

{choices}

Instruction: Read the segment of a merger agreement and answer the multiple-choice question by choosing the option that best characterizes the agreement.

Question: Is the “ability to consummate” concept subject to Material Adverse Effect carveouts?
Option A: No
Option B: Yes

Merger Agreement:
“Company Material Adverse Effect” shall mean any change, event, circumstance, or occurrence that, individually or when aggregated with all other adverse effects occurring prior to the determination date, materially harms the business, assets, liabilities, or financial condition of the Company. In particular, any event or condition that would directly prevent, materially delay, or substantially impair the Company’s ability to consummate the transactions contemplated herein shall be deemed a Company Material Adverse Effect. Notwithstanding the foregoing, for all other adverse effects, the following exclusions shall apply: (i) any change due solely to general market volatility or economic trends affecting all competitors; (ii) any adverse effect arising purely from regulatory changes that impact the industry at large; (iii) any impact attributable solely to force majeure events unrelated to the Company’s operations. It is expressly agreed that these exclusions do not apply to any effect that diminishes the Company’s ability to consummate this Agreement; such an inability will always be considered material and will not benefit from the above carveouts.

Answer the question based solely on the above Agreement.
Choices: ","Fail","Answer the following multiple choice question. The entire content of your response should be of the following format: 'ANSWER: $LETTER' (without quotes) where LETTER is one of {letters}.

{question}

{choices}

Instruction: Read the following segment of a merger agreement and answer the multiple-choice question by choosing the option that best characterizes the agreement.

Question: Is the 'ability to consummate' concept subject to Material Adverse Effect carveouts?
Option A: No
Option B: Yes

Merger Agreement: ""Consolidated Adverse Impact"" means any change, event, or circumstance that, either individually or when aggregated with other factors, (i) would be expected to have a material adverse effect on the financial condition, operating results, or asset base of the Company, or (ii) would be reasonably expected to prevent, delay, or materially impair the Company's ability to consummate the transactions contemplated by this Agreement. Notwithstanding the foregoing, no change, event, or circumstance shall be deemed to be a Consolidated Adverse Impact if, subsequent to the Agreement date, it arises solely or primarily from (A) general fluctuations in capital or credit markets, (B) modifications in accounting standards or legal interpretations that impact the industry as a whole, or (C) routine statutory or regulatory updates not uniquely detrimental to the Company. Additionally, any delay in consummation attributable exclusively to standard governmental clearance or transient market conditions is excluded from being considered a Consolidated Adverse Impact. In summary, while the definition addresses adverse impacts broadly, the Company's core ability to consummate the transactions is expressly preserved from being negated by such general or non-specific events.

Choices: "
"40","Answer the following multiple choice question. The entire content of your response should be of the following format: 'ANSWER: $LETTER' (without quotes) where LETTER is one of {letters}.

{question}

{choices}

Instruction: Read the segment of a merger agreement and answer the multiple-choice question by choosing the option that best reflects the agreement.
Question: Is the “ability to consummate” concept unaffected by the carveouts enumerated in the agreement?
Option A: No
Option B: Yes

Merger Agreement Excerpt: ""Company Standard Adverse Condition"" means any change, event, or circumstance that (i) has had or would reasonably be expected to have a material adverse effect on the overall business performance and financial condition of the Company, or (ii) would, in the absence of other mitigating factors, prevent, materially delay, or significantly impair the Company’s ability to consummate the contemplated transactions. Notwithstanding the foregoing, and notwithstanding the inclusion of several carveout provisions in Section 6.3 that exclude (a) generally applicable economic trends, (b) market index fluctuations, and (c) statutory adjustments in interest and exchange rates, no such carveouts extend to or modify the assessment of the Company’s ability to consummate, which remains fully operative without the benefit of such exceptions, irrespective of whether the encountered adverse conditions fall within the excluded categories identifiable elsewhere in this Agreement. (Pages 15-16)
Choices: ","Fail","Answer the following multiple choice question. The entire content of your response should be of the following format: 'ANSWER: $LETTER' (without quotes) where LETTER is one of {letters}.

{question}

{choices}

Instruction: Read the following segment of a merger agreement and answer the multiple-choice question by choosing the option that best characterizes the agreement.

Question: Is the 'ability to consummate' concept subject to Material Adverse Effect carveouts?
Option A: No
Option B: Yes

Merger Agreement: ""Consolidated Adverse Impact"" means any change, event, or circumstance that, either individually or when aggregated with other factors, (i) would be expected to have a material adverse effect on the financial condition, operating results, or asset base of the Company, or (ii) would be reasonably expected to prevent, delay, or materially impair the Company's ability to consummate the transactions contemplated by this Agreement. Notwithstanding the foregoing, no change, event, or circumstance shall be deemed to be a Consolidated Adverse Impact if, subsequent to the Agreement date, it arises solely or primarily from (A) general fluctuations in capital or credit markets, (B) modifications in accounting standards or legal interpretations that impact the industry as a whole, or (C) routine statutory or regulatory updates not uniquely detrimental to the Company. Additionally, any delay in consummation attributable exclusively to standard governmental clearance or transient market conditions is excluded from being considered a Consolidated Adverse Impact. In summary, while the definition addresses adverse impacts broadly, the Company's core ability to consummate the transactions is expressly preserved from being negated by such general or non-specific events.

Choices: "
"41","Answer the following multiple choice question. The entire content of your response should be of the following format: 'ANSWER: $LETTER' (without quotes) where LETTER is one of {letters}.

{question}

{choices}

Instruction: Read the following merger agreement excerpt carefully and answer the multiple-choice question by selecting the option that best characterizes the agreement.

Question: Is the “ability to consummate” concept subject to Material Adverse Effect (MAE) carveouts?

Option A: No
Option B: Yes

Merger Agreement Excerpt: “Company Material Adverse Effect” means any change, event, or circumstance that (i) has or would reasonably be expected to have a material adverse impact on the business, financial condition, or operational performance of the Company, or (ii) would materially delay, impede, or prevent the consummation of the transactions contemplated by this Agreement. Notwithstanding the foregoing, the determination of a Material Adverse Effect shall exclude only those effects arising solely from: (a) general shifts in economic, industry-wide, or geopolitical conditions; (b) ordinary fluctuations in market, financial, or credit conditions; (c) force majeure events that are not disproportionately detrimental to the Company compared to industry peers; and (d) changes in regulatory or accounting standards. Importantly, any event that directly hinders the Company’s ability to consummate the transactions shall not be excluded under subsections (a) through (d) and must be fully considered. (End of Excerpt)
Choices: ","Fail","Answer the following multiple choice question. The entire content of your response should be of the following format: 'ANSWER: $LETTER' (without quotes) where LETTER is one of {letters}.

{question}

{choices}

Instruction: Read the following segment of a merger agreement and answer the multiple-choice question by choosing the option that best characterizes the agreement.

Question: Is the 'ability to consummate' concept subject to Material Adverse Effect carveouts?
Option A: No
Option B: Yes

Merger Agreement: ""Consolidated Adverse Impact"" means any change, event, or circumstance that, either individually or when aggregated with other factors, (i) would be expected to have a material adverse effect on the financial condition, operating results, or asset base of the Company, or (ii) would be reasonably expected to prevent, delay, or materially impair the Company's ability to consummate the transactions contemplated by this Agreement. Notwithstanding the foregoing, no change, event, or circumstance shall be deemed to be a Consolidated Adverse Impact if, subsequent to the Agreement date, it arises solely or primarily from (A) general fluctuations in capital or credit markets, (B) modifications in accounting standards or legal interpretations that impact the industry as a whole, or (C) routine statutory or regulatory updates not uniquely detrimental to the Company. Additionally, any delay in consummation attributable exclusively to standard governmental clearance or transient market conditions is excluded from being considered a Consolidated Adverse Impact. In summary, while the definition addresses adverse impacts broadly, the Company's core ability to consummate the transactions is expressly preserved from being negated by such general or non-specific events.

Choices: "
"42","Answer the following multiple choice question. The entire content of your response should be of the following format: 'ANSWER: $LETTER' (without quotes) where LETTER is one of {letters}.

{question}

{choices}

Instruction: Read the segment of a merger agreement and answer the multiple-choice question by choosing the option that best characterizes the agreement.
Question: Is the 'ability to consummate' concept subject to Material Adverse Effect carveouts?
Option A: No
Option B: Yes

Merger Agreement Excerpt: ""Defined Material Adverse Effect"" means any change, event, circumstance, or effect that, individually or in the aggregate, (i) materially impairs the financial condition, operations, or prospects of the Company, or (ii) directly prevents, delays, or impairs the ability of the Company to consummate the transactions contemplated herein. Provided that, for the purposes of clause (i) only, the following effects shall not be considered: (a) general economic downturns, (b) adjustments due to changes in GAAP or regulatory interpretations, and (c) ordinary fluctuations in capital market conditions. Notwithstanding the exclusions applicable to clause (i), no such exclusions shall apply to clause (ii), which shall be evaluated without regard to any carveouts. (Pages 10-11)
Choices: ","Fail","Answer the following multiple choice question. The entire content of your response should be of the following format: 'ANSWER: $LETTER' (without quotes) where LETTER is one of {letters}.

{question}

{choices}

Instruction: Read the following segment of a merger agreement and answer the multiple-choice question by choosing the option that best characterizes the agreement.

Question: Is the 'ability to consummate' concept subject to Material Adverse Effect carveouts?
Option A: No
Option B: Yes

Merger Agreement: ""Consolidated Adverse Impact"" means any change, event, or circumstance that, either individually or when aggregated with other factors, (i) would be expected to have a material adverse effect on the financial condition, operating results, or asset base of the Company, or (ii) would be reasonably expected to prevent, delay, or materially impair the Company's ability to consummate the transactions contemplated by this Agreement. Notwithstanding the foregoing, no change, event, or circumstance shall be deemed to be a Consolidated Adverse Impact if, subsequent to the Agreement date, it arises solely or primarily from (A) general fluctuations in capital or credit markets, (B) modifications in accounting standards or legal interpretations that impact the industry as a whole, or (C) routine statutory or regulatory updates not uniquely detrimental to the Company. Additionally, any delay in consummation attributable exclusively to standard governmental clearance or transient market conditions is excluded from being considered a Consolidated Adverse Impact. In summary, while the definition addresses adverse impacts broadly, the Company's core ability to consummate the transactions is expressly preserved from being negated by such general or non-specific events.

Choices: "
"43","Answer the following multiple choice question. The entire content of your response should be of the following format: 'ANSWER: $LETTER' (without quotes) where LETTER is one of {letters}.

{question}

{choices}

Instruction: Read the following segment of a merger agreement and answer the multiple-choice question by choosing the option that best captures the agreement's intent.
Question: Based on the merger agreement segment below, is the concept of 'ability to consummate' as mentioned in the definition of 'Company Material Adverse Effect' subject to the specific carveouts delineated in the agreement?
Option A: No
Option B: Yes

Merger Agreement Segment: ""Company Material Adverse Effect"" means any change, event, occurrence, or effect that, whether considered individually or in aggregate with other events, would reasonably be expected to materially impair, delay beyond the prescribed closing date, or prevent the Company from consummating the transactions contemplated herein. Notwithstanding the foregoing, however, no such event, change, or effect shall be deemed to constitute a 'Company Material Adverse Effect' or be taken into account in its determination if it arises solely (i) from normal fluctuations in global economic indicators, including market dislocations and currency exchange rate variations, (ii) due to natural disasters or weather variations that do not impose a disproportionate adverse impact on the Company relative to comparable industry participants as measured against contemporaneous benchmarks, (iii) as a result of uniform changes in GAAP or similar broadly applied accounting standards affecting companies of the same size, or (iv) from certain force majeure events expressly detailed in Section 9.05(a) hereof. In effect, even if an event has the potential to delay or impair the Company's ability to consummate, such impact is excluded if it falls within the parameters of these carveouts.

Choices: ","Fail","Answer the following multiple choice question. The entire content of your response should be of the following format: 'ANSWER: $LETTER' (without quotes) where LETTER is one of {letters}.

{question}

{choices}

Instruction: Read the following segment of a merger agreement and answer the multiple-choice question by choosing the option that best characterizes the agreement.

Question: Is the 'ability to consummate' concept subject to Material Adverse Effect carveouts?
Option A: No
Option B: Yes

Merger Agreement: ""Consolidated Adverse Impact"" means any change, event, or circumstance that, either individually or when aggregated with other factors, (i) would be expected to have a material adverse effect on the financial condition, operating results, or asset base of the Company, or (ii) would be reasonably expected to prevent, delay, or materially impair the Company's ability to consummate the transactions contemplated by this Agreement. Notwithstanding the foregoing, no change, event, or circumstance shall be deemed to be a Consolidated Adverse Impact if, subsequent to the Agreement date, it arises solely or primarily from (A) general fluctuations in capital or credit markets, (B) modifications in accounting standards or legal interpretations that impact the industry as a whole, or (C) routine statutory or regulatory updates not uniquely detrimental to the Company. Additionally, any delay in consummation attributable exclusively to standard governmental clearance or transient market conditions is excluded from being considered a Consolidated Adverse Impact. In summary, while the definition addresses adverse impacts broadly, the Company's core ability to consummate the transactions is expressly preserved from being negated by such general or non-specific events.

Choices: "
"44","Answer the following multiple choice question. The entire content of your response should be of the following format: 'ANSWER: $LETTER' (without quotes) where LETTER is one of {letters}.

{question}

{choices}

Instruction: Read the following segment of a merger agreement and answer the multiple-choice question by choosing the option that best characterizes the agreement.
Question: Is the 'ability to consummate' concept subject to Material Adverse Effect carveouts?
Option A: No
Option B: Yes

Merger Agreement: ""Company Material Adverse Effect"" shall mean any event, change, or occurrence that (i) would directly prevent, materially delay, or otherwise impair the ability of the Company to consummate the transactions contemplated herein, or (ii) would have a material adverse impact on the financial condition, assets, or operational performance of the Company. For the purposes of clause (ii) only, the following shall not be deemed to constitute a Material Adverse Effect: (a) changes in general economic conditions, including fluctuations in interest rates, foreign currency exchange, or general market volatility; (b) alterations in applicable laws or regulatory standards that affect the industry as a whole; and (c) force majeure events such as widespread natural disasters. Notwithstanding any other provision, no exception or carveout shall apply to any event impacting clause (i) concerning the ability to consummate the transactions. (Pages 12-13)
Choices: ","Fail","Answer the following multiple choice question. The entire content of your response should be of the following format: 'ANSWER: $LETTER' (without quotes) where LETTER is one of {letters}.

{question}

{choices}

Instruction: Read the following segment of a merger agreement and answer the multiple-choice question by choosing the option that best characterizes the agreement.

Question: Is the 'ability to consummate' concept subject to Material Adverse Effect carveouts?
Option A: No
Option B: Yes

Merger Agreement: ""Consolidated Adverse Impact"" means any change, event, or circumstance that, either individually or when aggregated with other factors, (i) would be expected to have a material adverse effect on the financial condition, operating results, or asset base of the Company, or (ii) would be reasonably expected to prevent, delay, or materially impair the Company's ability to consummate the transactions contemplated by this Agreement. Notwithstanding the foregoing, no change, event, or circumstance shall be deemed to be a Consolidated Adverse Impact if, subsequent to the Agreement date, it arises solely or primarily from (A) general fluctuations in capital or credit markets, (B) modifications in accounting standards or legal interpretations that impact the industry as a whole, or (C) routine statutory or regulatory updates not uniquely detrimental to the Company. Additionally, any delay in consummation attributable exclusively to standard governmental clearance or transient market conditions is excluded from being considered a Consolidated Adverse Impact. In summary, while the definition addresses adverse impacts broadly, the Company's core ability to consummate the transactions is expressly preserved from being negated by such general or non-specific events.

Choices: "
"45","Answer the following multiple choice question. The entire content of your response should be of the following format: 'ANSWER: $LETTER' (without quotes) where LETTER is one of {letters}.

{question}

{choices}

Instruction: Read the following segment of a merger agreement and answer the multiple-choice question by choosing the option that best characterizes the agreement.

Question: Based on the excerpt, are events that fall under the specified carveouts exempt from impairing the Acquiring Party’s ability to consummate the transactions?
Option A: No
Option B: Yes

Merger Agreement Excerpt: ""'Adverse Condition' means any event, occurrence, circumstance, or change that, either individually or taken together with other factors, (1) would have a material adverse effect on the operational, financial, or competitive position of the Acquiring Party or its Affiliates; or (2) would, or would reasonably be expected to, preclude, delay, or impair the ability of the Acquiring Party to consummate the transactions contemplated herein. Notwithstanding the foregoing, for purposes of determining whether an 'Adverse Condition' exists, the following events shall not be considered—unless their impact is both disproportionate and uniquely adverse to the Acquiring Party: (a) common fluctuations in macroeconomic conditions; (b) regulatory or legislative developments that are not connected to the industry-specific dynamics of the Acquiring Party; (c) ordinary changes in exchange or interest rates; and (d) natural disasters or other force majeure events. In such cases, even if these events might otherwise affect the timing or execution of the transactions, they will not be treated as impairing the Acquiring Party’s ability to consummate, unless evidence shows their effect is disproportionate relative to industry peers.""
Choices: ","Fail","Answer the following multiple choice question. The entire content of your response should be of the following format: 'ANSWER: $LETTER' (without quotes) where LETTER is one of {letters}.

{question}

{choices}

Instruction: Read the following segment of a merger agreement and answer the multiple-choice question by choosing the option that best characterizes the agreement.

Question: Is the 'ability to consummate' concept subject to Material Adverse Effect carveouts?
Option A: No
Option B: Yes

Merger Agreement: ""Consolidated Adverse Impact"" means any change, event, or circumstance that, either individually or when aggregated with other factors, (i) would be expected to have a material adverse effect on the financial condition, operating results, or asset base of the Company, or (ii) would be reasonably expected to prevent, delay, or materially impair the Company's ability to consummate the transactions contemplated by this Agreement. Notwithstanding the foregoing, no change, event, or circumstance shall be deemed to be a Consolidated Adverse Impact if, subsequent to the Agreement date, it arises solely or primarily from (A) general fluctuations in capital or credit markets, (B) modifications in accounting standards or legal interpretations that impact the industry as a whole, or (C) routine statutory or regulatory updates not uniquely detrimental to the Company. Additionally, any delay in consummation attributable exclusively to standard governmental clearance or transient market conditions is excluded from being considered a Consolidated Adverse Impact. In summary, while the definition addresses adverse impacts broadly, the Company's core ability to consummate the transactions is expressly preserved from being negated by such general or non-specific events.

Choices: "
"46","Answer the following multiple choice question. The entire content of your response should be of the following format: 'ANSWER: $LETTER' (without quotes) where LETTER is one of {letters}.

{question}

{choices}

Instruction: Read the following excerpt from a merger agreement and answer the multiple-choice question by choosing the option that best characterizes the agreement.

Question: Is the “ability to consummate” aspect of the transaction subject to Material Adverse Effect carveouts as defined in this Agreement?
Option A: No
Option B: Yes

Merger Agreement Excerpt: ""Material Adverse Effect"" means any event, change, or condition that, whether occurring individually or in aggregate with other events, has had or would be reasonably expected to have a material adverse effect on the business, assets, liabilities, or financial condition of the Company. Furthermore, any event that directly prevents, delays, or materially impairs the Company’s ability to consummate the transactions contemplated herein shall automatically constitute a Material Adverse Effect. Notwithstanding the foregoing, any adverse effects arising solely from general economic fluctuations, broad-based market conditions, wide-ranging regulatory changes, or force majeure events as defined in Section 12 shall not be deemed to constitute a Material Adverse Effect for purposes of limiting the Company’s ability to consummate this Agreement.

Choices: ","Fail","Answer the following multiple choice question. The entire content of your response should be of the following format: 'ANSWER: $LETTER' (without quotes) where LETTER is one of {letters}.

{question}

{choices}

Instruction: Read the following segment of a merger agreement and answer the multiple-choice question by choosing the option that best characterizes the agreement.

Question: Is the 'ability to consummate' concept subject to Material Adverse Effect carveouts?
Option A: No
Option B: Yes

Merger Agreement: ""Consolidated Adverse Impact"" means any change, event, or circumstance that, either individually or when aggregated with other factors, (i) would be expected to have a material adverse effect on the financial condition, operating results, or asset base of the Company, or (ii) would be reasonably expected to prevent, delay, or materially impair the Company's ability to consummate the transactions contemplated by this Agreement. Notwithstanding the foregoing, no change, event, or circumstance shall be deemed to be a Consolidated Adverse Impact if, subsequent to the Agreement date, it arises solely or primarily from (A) general fluctuations in capital or credit markets, (B) modifications in accounting standards or legal interpretations that impact the industry as a whole, or (C) routine statutory or regulatory updates not uniquely detrimental to the Company. Additionally, any delay in consummation attributable exclusively to standard governmental clearance or transient market conditions is excluded from being considered a Consolidated Adverse Impact. In summary, while the definition addresses adverse impacts broadly, the Company's core ability to consummate the transactions is expressly preserved from being negated by such general or non-specific events.

Choices: "
"47","Answer the following multiple choice question. The entire content of your response should be of the following format: 'ANSWER: $LETTER' (without quotes) where LETTER is one of {letters}.

{question}

{choices}

Instruction: Read the following excerpt from a merger agreement and answer the multiple-choice question by selecting the option that best characterizes the agreement.

Merger Agreement Excerpt:
""For purposes of this Agreement, the term 'Adverse Change' shall refer to any individual event, change, or cumulative effect that materially impairs the Company’s operational efficiency, financial condition, or results of operations, including by delaying or preventing the consummation of the Transaction. Notwithstanding the foregoing, any change or event that arises solely out of standard economic fluctuations, routine market volatility, natural disasters that do not exceed industry norms, or any circumstance specifically approved in writing by the Company's Board prior to execution of this Agreement shall be expressly excluded from constituting an 'Adverse Change'. In particular, while the definition acknowledges factors that could delay or impede consummation, any impact on the Company’s ability to consummate the Transaction that is attributable solely to such excluded events shall not be deemed a basis for an Adverse Change determination.""

Question: Based on the excerpt above, is the 'ability to consummate' concept subject to Material Adverse Effect carveouts?

Option A: No
Option B: Yes
Choices: ","Fail","Answer the following multiple choice question. The entire content of your response should be of the following format: 'ANSWER: $LETTER' (without quotes) where LETTER is one of {letters}.

{question}

{choices}

Instruction: Read the following segment of a merger agreement and answer the multiple-choice question by choosing the option that best characterizes the agreement.

Question: Is the 'ability to consummate' concept subject to Material Adverse Effect carveouts?
Option A: No
Option B: Yes

Merger Agreement: ""Consolidated Adverse Impact"" means any change, event, or circumstance that, either individually or when aggregated with other factors, (i) would be expected to have a material adverse effect on the financial condition, operating results, or asset base of the Company, or (ii) would be reasonably expected to prevent, delay, or materially impair the Company's ability to consummate the transactions contemplated by this Agreement. Notwithstanding the foregoing, no change, event, or circumstance shall be deemed to be a Consolidated Adverse Impact if, subsequent to the Agreement date, it arises solely or primarily from (A) general fluctuations in capital or credit markets, (B) modifications in accounting standards or legal interpretations that impact the industry as a whole, or (C) routine statutory or regulatory updates not uniquely detrimental to the Company. Additionally, any delay in consummation attributable exclusively to standard governmental clearance or transient market conditions is excluded from being considered a Consolidated Adverse Impact. In summary, while the definition addresses adverse impacts broadly, the Company's core ability to consummate the transactions is expressly preserved from being negated by such general or non-specific events.

Choices: "
"48","Answer the following multiple choice question. The entire content of your response should be of the following format: 'ANSWER: $LETTER' (without quotes) where LETTER is one of {letters}.

{question}

{choices}

Instruction: Read the following segment of a merger agreement and answer the multiple-choice question by choosing the option that best characterizes the agreement.

Question: According to the agreement, is the provision governing the ability to consummate the transaction immune from the Material Adverse Effect carveouts?
Option A: No
Option B: Yes

Merger Agreement Excerpt:
""Operational Material Adverse Change"" means any incident, circumstance, or condition that, either individually or when considered with other events, would (i) have a severe adverse effect on the operational performance, business assets, or financial stability of the Company and its Subsidiaries, or (ii) would prevent, materially delay, or materially impair the ability of the Company to finalize and consummate the Transactions contemplated herein. Notwithstanding the foregoing, for purposes of determining an Operational Material Adverse Change, no adverse effect shall be deemed to occur if it arises solely from: (a) general fluctuations in economic or market interest rate conditions, (b) routine regulatory modifications including changes in accounting principles or capital market practices, or (c) industry-wide downturns that do not disproportionately affect the Company relative to its peers. However, and notwithstanding any such exclusions, any factor that exclusively impairs the Company’s ability to consummate the Transaction shall be fully considered without regard to the exceptions set forth in clauses (a), (b) or (c). (Pages 11-12)

Choices: ","Fail","Answer the following multiple choice question. The entire content of your response should be of the following format: 'ANSWER: $LETTER' (without quotes) where LETTER is one of {letters}.

{question}

{choices}

Instruction: Read the following segment of a merger agreement and answer the multiple-choice question by choosing the option that best characterizes the agreement.

Question: Is the 'ability to consummate' concept subject to Material Adverse Effect carveouts?
Option A: No
Option B: Yes

Merger Agreement: ""Consolidated Adverse Impact"" means any change, event, or circumstance that, either individually or when aggregated with other factors, (i) would be expected to have a material adverse effect on the financial condition, operating results, or asset base of the Company, or (ii) would be reasonably expected to prevent, delay, or materially impair the Company's ability to consummate the transactions contemplated by this Agreement. Notwithstanding the foregoing, no change, event, or circumstance shall be deemed to be a Consolidated Adverse Impact if, subsequent to the Agreement date, it arises solely or primarily from (A) general fluctuations in capital or credit markets, (B) modifications in accounting standards or legal interpretations that impact the industry as a whole, or (C) routine statutory or regulatory updates not uniquely detrimental to the Company. Additionally, any delay in consummation attributable exclusively to standard governmental clearance or transient market conditions is excluded from being considered a Consolidated Adverse Impact. In summary, while the definition addresses adverse impacts broadly, the Company's core ability to consummate the transactions is expressly preserved from being negated by such general or non-specific events.

Choices: "
"49","Answer the following multiple choice question. The entire content of your response should be of the following format: 'ANSWER: $LETTER' (without quotes) where LETTER is one of {letters}.

{question}

{choices}

Instruction: Read the following segment of a merger agreement and answer the multiple-choice question by choosing the option that best characterizes the agreement.

Question: According to the agreement, is the concept of the Company’s ability to consummate the transaction subject to Material Adverse Effect carveouts?
Option A: No
Option B: Yes

Merger Agreement:
""Company Material Adverse Effect"" shall mean any event, circumstance, change, or occurrence that, on an individual or cumulative basis, would (i) materially impair or delay the Company’s ability to consummate the transactions contemplated by this Agreement, or (ii) have a material adverse effect on the Company’s business, assets, or financial condition. Notwithstanding the foregoing, however, for any impairment of the ability to consummate the transaction arising under clause (i), none of the following shall be deemed to constitute or be taken into account in determining whether a Company Material Adverse Effect has occurred: (a) any change in general economic conditions or market-wide fluctuations affecting the securities, interest, or exchange rates; (b) any alteration in regulatory, legislative or political conditions that does not uniquely or disproportionately affect the Company compared to its industry peers; (c) any force majeure event, including natural disasters, pandemics, or other contagion events, provided that such events do not impose a disproportionate burden on the Company relative to similarly situated entities; and (d) any delay or impediment in consummation that arises solely as a consequence of the public announcement or pendency of this Agreement. In no event shall the incremental impact of events falling under clauses (a) through (d) be counted against the Company if such impact is consistent with prevailing industry trends. 

Based on these provisions, answer the question.
Choices: ","Fail","Answer the following multiple choice question. The entire content of your response should be of the following format: 'ANSWER: $LETTER' (without quotes) where LETTER is one of {letters}.

{question}

{choices}

Instruction: Read the following segment of a merger agreement and answer the multiple-choice question by choosing the option that best characterizes the agreement.

Question: Is the 'ability to consummate' concept subject to Material Adverse Effect carveouts?
Option A: No
Option B: Yes

Merger Agreement: ""Consolidated Adverse Impact"" means any change, event, or circumstance that, either individually or when aggregated with other factors, (i) would be expected to have a material adverse effect on the financial condition, operating results, or asset base of the Company, or (ii) would be reasonably expected to prevent, delay, or materially impair the Company's ability to consummate the transactions contemplated by this Agreement. Notwithstanding the foregoing, no change, event, or circumstance shall be deemed to be a Consolidated Adverse Impact if, subsequent to the Agreement date, it arises solely or primarily from (A) general fluctuations in capital or credit markets, (B) modifications in accounting standards or legal interpretations that impact the industry as a whole, or (C) routine statutory or regulatory updates not uniquely detrimental to the Company. Additionally, any delay in consummation attributable exclusively to standard governmental clearance or transient market conditions is excluded from being considered a Consolidated Adverse Impact. In summary, while the definition addresses adverse impacts broadly, the Company's core ability to consummate the transactions is expressly preserved from being negated by such general or non-specific events.

Choices: "
"50","Answer the following multiple choice question. The entire content of your response should be of the following format: 'ANSWER: $LETTER' (without quotes) where LETTER is one of {letters}.

{question}

{choices}

Instruction: Read the following segment of a merger agreement and answer the multiple-choice question by choosing the option that best characterizes the agreement.

Question: Based on the merger agreement segment below, is the 'ability to finalize the merger' concept subject to carveouts for general market volatility and public health developments?
Option A: No
Option B: Yes

Merger Agreement Segment:
""Consolidated Material Impact"" means any event, change, or circumstance that, either individually or in aggregate, (i) has a material adverse effect on the overall business, financial condition, or operational performance of the Company and its divisions, or (ii) would reasonably be expected to obstruct, delay, or otherwise impair the ability of the Company to finalize the merger transaction by the agreed End Date. Provided, however, that with respect to determination under clause (i) only, the following effects shall be excluded: (a) broad-based changes in the global economy affecting all comparable companies; (b) routine market fluctuations or sector-wide price declines; (c) public health developments, including pandemics, unless evidence shows a disproportionate adverse impact compared with industry peers; and (d) changes in regulatory guidance that are generally applicable to the financial services industry.
Notwithstanding the foregoing, for determination under clause (ii) regarding the ability to finalize the merger, no such exclusions shall apply if the event would materially impair the ability to complete the transaction. In other words, even if an event falls within the excluded categories (a)–(d) under clause (i), if that same event is solely responsible for impeding the merger finalization and it does not manifest a disproportionate adverse effect, it shall not be treated as causing a Consolidated Material Impact.
""End of Segment""

Your answer should address whether the ability to finalize the merger is exempt from the listed carveouts.
Choices: ","Fail","Answer the following multiple choice question. The entire content of your response should be of the following format: 'ANSWER: $LETTER' (without quotes) where LETTER is one of {letters}.

{question}

{choices}

Instruction: Read the following segment of a merger agreement and answer the multiple-choice question by choosing the option that best characterizes the agreement.

Question: Is the 'ability to consummate' concept subject to Material Adverse Effect carveouts?
Option A: No
Option B: Yes

Merger Agreement: ""Consolidated Adverse Impact"" means any change, event, or circumstance that, either individually or when aggregated with other factors, (i) would be expected to have a material adverse effect on the financial condition, operating results, or asset base of the Company, or (ii) would be reasonably expected to prevent, delay, or materially impair the Company's ability to consummate the transactions contemplated by this Agreement. Notwithstanding the foregoing, no change, event, or circumstance shall be deemed to be a Consolidated Adverse Impact if, subsequent to the Agreement date, it arises solely or primarily from (A) general fluctuations in capital or credit markets, (B) modifications in accounting standards or legal interpretations that impact the industry as a whole, or (C) routine statutory or regulatory updates not uniquely detrimental to the Company. Additionally, any delay in consummation attributable exclusively to standard governmental clearance or transient market conditions is excluded from being considered a Consolidated Adverse Impact. In summary, while the definition addresses adverse impacts broadly, the Company's core ability to consummate the transactions is expressly preserved from being negated by such general or non-specific events.

Choices: "
"51","Answer the following multiple choice question. The entire content of your response should be of the following format: 'ANSWER: $LETTER' (without quotes) where LETTER is one of {letters}.

{question}

{choices}

Instruction: Read the following segment of an acquisition agreement and answer the multiple-choice question by choosing the option that best characterizes the agreement.
Question: Is the ""ability to consummate"" concept subject to Material Adverse Effect carveouts?
Option A: No
Option B: Yes

Acquisition Agreement Excerpt:
""Material Adverse Condition"" shall mean any event, change, effect, or circumstance that, individually or in aggregate with all other such events, would have a material adverse impact on (i) the business, assets, liabilities, or financial condition of the Company, or (ii) would reasonably be expected to impede, delay, or otherwise impair the Company's ability to consummate the transactions contemplated by this Agreement. Notwithstanding the foregoing, with respect to changes affecting the Company's financial metrics, certain adverse events arising from general economic fluctuations, regulatory changes, shifts in market conditions, or natural disasters shall be excluded from being considered as a Material Adverse Condition. However, the foregoing exclusion shall not apply to any event or change that directly affects or impairs the ability of the Company to consummate the transactions, which shall be evaluated in full without the benefit of any carveout.""

Choices: ","Fail","Answer the following multiple choice question. The entire content of your response should be of the following format: 'ANSWER: $LETTER' (without quotes) where LETTER is one of {letters}.

{question}

{choices}

Instruction: Read the following segment of a merger agreement and answer the multiple-choice question by choosing the option that best characterizes the agreement.

Question: Is the 'ability to consummate' concept subject to Material Adverse Effect carveouts?
Option A: No
Option B: Yes

Merger Agreement: ""Consolidated Adverse Impact"" means any change, event, or circumstance that, either individually or when aggregated with other factors, (i) would be expected to have a material adverse effect on the financial condition, operating results, or asset base of the Company, or (ii) would be reasonably expected to prevent, delay, or materially impair the Company's ability to consummate the transactions contemplated by this Agreement. Notwithstanding the foregoing, no change, event, or circumstance shall be deemed to be a Consolidated Adverse Impact if, subsequent to the Agreement date, it arises solely or primarily from (A) general fluctuations in capital or credit markets, (B) modifications in accounting standards or legal interpretations that impact the industry as a whole, or (C) routine statutory or regulatory updates not uniquely detrimental to the Company. Additionally, any delay in consummation attributable exclusively to standard governmental clearance or transient market conditions is excluded from being considered a Consolidated Adverse Impact. In summary, while the definition addresses adverse impacts broadly, the Company's core ability to consummate the transactions is expressly preserved from being negated by such general or non-specific events.

Choices: "
"52","Answer the following multiple choice question. The entire content of your response should be of the following format: 'ANSWER: $LETTER' (without quotes) where LETTER is one of {letters}.

{question}

{choices}

Instruction: Review the following merger agreement clause and select the option that best characterizes the treatment of the consummation process under the Material Adverse Effect provision.
Question: Is the 'ability to consummate' concept subject to Material Adverse Effect carveouts?
Option A: No
Option B: Yes
Merger Agreement: ""Material Adverse Effect"" means any event, change or circumstance that (a) would, or would reasonably be expected to, materially impair or delay the Company's ability to consummate the transaction; and (b) has a direct adverse impact on the key logistical, operational, or financing frameworks necessary for consummation. Notwithstanding any other provision, while effects arising from general economic downturns, competitive market shifts, or standard regulatory adjustments are excluded, no event that specifically hinders the practicability of consummating the transaction shall be excluded by these carveouts. Such events shall automatically be deemed a Material Adverse Effect. (Pages 10-11)
Choices: ","Fail","Answer the following multiple choice question. The entire content of your response should be of the following format: 'ANSWER: $LETTER' (without quotes) where LETTER is one of {letters}.

{question}

{choices}

Instruction: Read the following segment of a merger agreement and answer the multiple-choice question by choosing the option that best characterizes the agreement.

Question: Is the 'ability to consummate' concept subject to Material Adverse Effect carveouts?
Option A: No
Option B: Yes

Merger Agreement: ""Consolidated Adverse Impact"" means any change, event, or circumstance that, either individually or when aggregated with other factors, (i) would be expected to have a material adverse effect on the financial condition, operating results, or asset base of the Company, or (ii) would be reasonably expected to prevent, delay, or materially impair the Company's ability to consummate the transactions contemplated by this Agreement. Notwithstanding the foregoing, no change, event, or circumstance shall be deemed to be a Consolidated Adverse Impact if, subsequent to the Agreement date, it arises solely or primarily from (A) general fluctuations in capital or credit markets, (B) modifications in accounting standards or legal interpretations that impact the industry as a whole, or (C) routine statutory or regulatory updates not uniquely detrimental to the Company. Additionally, any delay in consummation attributable exclusively to standard governmental clearance or transient market conditions is excluded from being considered a Consolidated Adverse Impact. In summary, while the definition addresses adverse impacts broadly, the Company's core ability to consummate the transactions is expressly preserved from being negated by such general or non-specific events.

Choices: "
"53","Answer the following multiple choice question. The entire content of your response should be of the following format: 'ANSWER: $LETTER' (without quotes) where LETTER is one of {letters}.

{question}

{choices}

Instruction: Read the following excerpt of a merger agreement and answer the multiple-choice question by choosing the option that best characterizes the agreement.

Question: According to the agreement, is the Company’s ability to consummate the transaction subject to Material Adverse Effect carveouts?

Merger Agreement Excerpt:
""For purposes of this Agreement, a 'Material Adverse Effect' means any event, change, or circumstance that, individually or cumulatively, has a material adverse impact on the business, financial condition, or operations of the Company, and includes any factor that would reasonably be expected to impair, delay, or disrupt the Company’s ability to consummate the transactions contemplated herein. Notwithstanding the foregoing, no Material Adverse Effect shall be deemed to exist if the adverse impact, including any impairment of the ability to consummate the transaction, arises solely from: (i) general fluctuations in industry-wide economic conditions; (ii) routine operational adjustments or internal reorganization not unique to the Company; or (iii) market-wide shifts in regulatory, credit, or liquidity conditions, unless such shifts are demonstrably disproportionate to those affecting the Company's industry peers.""

Option A: No
Option B: Yes
Choices: ","Fail","Answer the following multiple choice question. The entire content of your response should be of the following format: 'ANSWER: $LETTER' (without quotes) where LETTER is one of {letters}.

{question}

{choices}

Instruction: Read the following segment of a merger agreement and answer the multiple-choice question by choosing the option that best characterizes the agreement.

Question: Is the 'ability to consummate' concept subject to Material Adverse Effect carveouts?
Option A: No
Option B: Yes

Merger Agreement: ""Consolidated Adverse Impact"" means any change, event, or circumstance that, either individually or when aggregated with other factors, (i) would be expected to have a material adverse effect on the financial condition, operating results, or asset base of the Company, or (ii) would be reasonably expected to prevent, delay, or materially impair the Company's ability to consummate the transactions contemplated by this Agreement. Notwithstanding the foregoing, no change, event, or circumstance shall be deemed to be a Consolidated Adverse Impact if, subsequent to the Agreement date, it arises solely or primarily from (A) general fluctuations in capital or credit markets, (B) modifications in accounting standards or legal interpretations that impact the industry as a whole, or (C) routine statutory or regulatory updates not uniquely detrimental to the Company. Additionally, any delay in consummation attributable exclusively to standard governmental clearance or transient market conditions is excluded from being considered a Consolidated Adverse Impact. In summary, while the definition addresses adverse impacts broadly, the Company's core ability to consummate the transactions is expressly preserved from being negated by such general or non-specific events.

Choices: "
"54","Answer the following multiple choice question. The entire content of your response should be of the following format: 'ANSWER: $LETTER' (without quotes) where LETTER is one of {letters}.

{question}

{choices}

Instruction: Read the following segment of a merger agreement and answer the multiple-choice question by choosing the option that best characterizes the agreement.

Question: Is the 'ability to consummate' concept subject to Material Adverse Effect (MAE) carveouts?
Option A: No
Option B: Yes

Merger Agreement:
""'Company Material Adverse Effect' means any change, event or circumstance that, individually or aggregated with all others, (a) would reasonably be expected to have a material adverse effect on the business, assets, liabilities, or financial condition of the Company, or (b) would reasonably be expected to prevent, materially delay or materially impair the ability of the Company to consummate the transactions contemplated by this Agreement; provided, however, that with respect to clause (a) only, no change, event or circumstance shall be deemed a Company Material Adverse Effect if it arises solely out of: (i) general changes in economic, political, or market conditions, (ii) fluctuations in interest or exchange rates, or (iii) modifications in regulatory measures or GAAP, except where such modifications produce a disproportionately adverse impact compared to that on similar companies. Events falling under these carveouts are expressly excluded from triggering a Material Adverse Effect, even if they affect the ability to consummate the transactions.""
Choices: ","Fail","Answer the following multiple choice question. The entire content of your response should be of the following format: 'ANSWER: $LETTER' (without quotes) where LETTER is one of {letters}.

{question}

{choices}

Instruction: Read the following segment of a merger agreement and answer the multiple-choice question by choosing the option that best characterizes the agreement.

Question: Is the 'ability to consummate' concept subject to Material Adverse Effect carveouts?
Option A: No
Option B: Yes

Merger Agreement: ""Consolidated Adverse Impact"" means any change, event, or circumstance that, either individually or when aggregated with other factors, (i) would be expected to have a material adverse effect on the financial condition, operating results, or asset base of the Company, or (ii) would be reasonably expected to prevent, delay, or materially impair the Company's ability to consummate the transactions contemplated by this Agreement. Notwithstanding the foregoing, no change, event, or circumstance shall be deemed to be a Consolidated Adverse Impact if, subsequent to the Agreement date, it arises solely or primarily from (A) general fluctuations in capital or credit markets, (B) modifications in accounting standards or legal interpretations that impact the industry as a whole, or (C) routine statutory or regulatory updates not uniquely detrimental to the Company. Additionally, any delay in consummation attributable exclusively to standard governmental clearance or transient market conditions is excluded from being considered a Consolidated Adverse Impact. In summary, while the definition addresses adverse impacts broadly, the Company's core ability to consummate the transactions is expressly preserved from being negated by such general or non-specific events.

Choices: "
"55","Answer the following multiple choice question. The entire content of your response should be of the following format: 'ANSWER: $LETTER' (without quotes) where LETTER is one of {letters}.

{question}

{choices}

Instruction: Read the segment of a merger agreement and answer the multiple-choice question by choosing the option that best characterizes the agreement.

Question: Is the 'ability to consummate' concept subject to Material Adverse Effect carveouts?
Option A: No
Option B: Yes

Merger Agreement: ""Adverse Impact"" shall mean any change, event, or development that, either individually or in aggregate with other such events, (a) significantly impairs or would reasonably be expected to impair, without regard to any subsequent mitigation, the Company’s ability to consummate the Transactions, or (b) materially deteriorates the overall business, assets, or financial condition of the Company. Notwithstanding the general language set forth herein, for the purposes of determining whether a Material Adverse Effect has occurred pursuant to clause (a) regarding the Company’s ability to consummate the Transactions, none of the following shall be considered as exclusions or carveouts: (i) typical fluctuations in general economic or market conditions; (ii) broad industry-wide trends; or (iii) any effects arising solely from the public disclosure or announcement of this Agreement. In contrast, the exclusions provided in clauses (ii) and (iii) shall only apply when assessing material deterioration as described in clause (b). Additionally, any delay in consummation that exceeds a period of thirty (30) days, irrespective of its underlying cause, shall automatically qualify as a Material Adverse Effect in relation to the consummation entitlement.

Choices: ","Fail","Answer the following multiple choice question. The entire content of your response should be of the following format: 'ANSWER: $LETTER' (without quotes) where LETTER is one of {letters}.

{question}

{choices}

Instruction: Read the following segment of a merger agreement and answer the multiple-choice question by choosing the option that best characterizes the agreement.

Question: Is the 'ability to consummate' concept subject to Material Adverse Effect carveouts?
Option A: No
Option B: Yes

Merger Agreement: ""Consolidated Adverse Impact"" means any change, event, or circumstance that, either individually or when aggregated with other factors, (i) would be expected to have a material adverse effect on the financial condition, operating results, or asset base of the Company, or (ii) would be reasonably expected to prevent, delay, or materially impair the Company's ability to consummate the transactions contemplated by this Agreement. Notwithstanding the foregoing, no change, event, or circumstance shall be deemed to be a Consolidated Adverse Impact if, subsequent to the Agreement date, it arises solely or primarily from (A) general fluctuations in capital or credit markets, (B) modifications in accounting standards or legal interpretations that impact the industry as a whole, or (C) routine statutory or regulatory updates not uniquely detrimental to the Company. Additionally, any delay in consummation attributable exclusively to standard governmental clearance or transient market conditions is excluded from being considered a Consolidated Adverse Impact. In summary, while the definition addresses adverse impacts broadly, the Company's core ability to consummate the transactions is expressly preserved from being negated by such general or non-specific events.

Choices: "
"56","Answer the following multiple choice question. The entire content of your response should be of the following format: 'ANSWER: $LETTER' (without quotes) where LETTER is one of {letters}.

{question}

{choices}

Instruction: Read the following segment of a merger agreement and answer the multiple-choice question by choosing the option that best characterizes the agreement.

Question: Is the ""ability to consummate"" concept subject to Material Adverse Effect (MAE) carveouts?
Option A: No
Option B: Yes

Merger Agreement:
""Aggregate Material Adverse Effect"" means any change, event, condition, or circumstance which (a) directly prevents, materially delays, or otherwise impairs the Company’s ability to consummate the transactions contemplated by this Agreement, or (b) has a material adverse impact on the overall business operations of the Company. Notwithstanding the general definition, for the purposes of clause (b) only, the following events shall not be considered to constitute an Aggregate Material Adverse Effect: (i) general economic downturns affecting all similar entities, (ii) normal fluctuations in financial or credit markets including changes in interest rates and exchange rates, (iii) revisions in GAAP or other accounting standards implemented after the Agreement date, and (iv) any actions expressly approved in writing by the Parent Company. It is expressly provided that none of the exclusions listed above shall apply to events specified in clause (a), so that any circumstance which impairs the Company’s ability to consummate the transaction remains fully within the scope of an Aggregate Material Adverse Effect.

Based on the above, answer the question.
Choices: ","Fail","Answer the following multiple choice question. The entire content of your response should be of the following format: 'ANSWER: $LETTER' (without quotes) where LETTER is one of {letters}.

{question}

{choices}

Instruction: Read the following segment of a merger agreement and answer the multiple-choice question by choosing the option that best characterizes the agreement.

Question: Is the 'ability to consummate' concept subject to Material Adverse Effect carveouts?
Option A: No
Option B: Yes

Merger Agreement: ""Consolidated Adverse Impact"" means any change, event, or circumstance that, either individually or when aggregated with other factors, (i) would be expected to have a material adverse effect on the financial condition, operating results, or asset base of the Company, or (ii) would be reasonably expected to prevent, delay, or materially impair the Company's ability to consummate the transactions contemplated by this Agreement. Notwithstanding the foregoing, no change, event, or circumstance shall be deemed to be a Consolidated Adverse Impact if, subsequent to the Agreement date, it arises solely or primarily from (A) general fluctuations in capital or credit markets, (B) modifications in accounting standards or legal interpretations that impact the industry as a whole, or (C) routine statutory or regulatory updates not uniquely detrimental to the Company. Additionally, any delay in consummation attributable exclusively to standard governmental clearance or transient market conditions is excluded from being considered a Consolidated Adverse Impact. In summary, while the definition addresses adverse impacts broadly, the Company's core ability to consummate the transactions is expressly preserved from being negated by such general or non-specific events.

Choices: "
"57","Answer the following multiple choice question. The entire content of your response should be of the following format: 'ANSWER: $LETTER' (without quotes) where LETTER is one of {letters}.

{question}

{choices}

Instruction: Read the following segment of a merger agreement and answer the multiple-choice question by choosing the option that best characterizes the agreement.

Question: In the context of the agreement, is the 'ability to consummate' concept subject to the Material Adverse Effect (MAE) carveouts?
Option A: No
Option B: Yes

Merger Agreement Excerpt: 
""‘Aggregate Adverse Impact’ means any change, event, or condition that, either individually or in combination, would reasonably be expected to prevent, delay, or impair the consummation of the Transaction. For purposes of this definition, the Company’s ability to consummate the Transaction is deemed critical and is not subject to the standard exclusions listed herein. Notwithstanding the general exclusions applicable to adverse impacts—including fluctuations in global financial markets, alterations in general economic conditions, modifications in regulatory policies, and shifts in industry-wide performance—no such exclusions shall apply to any effect that directly targets, diminishes, or compromises the Company’s capability to consummate the Transaction. Specifically, any impairment that is identified under Section 9.2, which exclusively addresses the consummation capacity, shall be evaluated without regard to the exceptions that ordinarily apply under clauses (i) through (v) of this definition. Furthermore, while the Agreement excludes from MAE determination certain market or geopolitical risks, these exclusions are expressly limited to impacts on operational performance or financial metrics, and do not extend to the Company’s transactional consummation provision.""

Choices: ","Fail","Answer the following multiple choice question. The entire content of your response should be of the following format: 'ANSWER: $LETTER' (without quotes) where LETTER is one of {letters}.

{question}

{choices}

Instruction: Read the following segment of a merger agreement and answer the multiple-choice question by choosing the option that best characterizes the agreement.

Question: Is the 'ability to consummate' concept subject to Material Adverse Effect carveouts?
Option A: No
Option B: Yes

Merger Agreement: ""Consolidated Adverse Impact"" means any change, event, or circumstance that, either individually or when aggregated with other factors, (i) would be expected to have a material adverse effect on the financial condition, operating results, or asset base of the Company, or (ii) would be reasonably expected to prevent, delay, or materially impair the Company's ability to consummate the transactions contemplated by this Agreement. Notwithstanding the foregoing, no change, event, or circumstance shall be deemed to be a Consolidated Adverse Impact if, subsequent to the Agreement date, it arises solely or primarily from (A) general fluctuations in capital or credit markets, (B) modifications in accounting standards or legal interpretations that impact the industry as a whole, or (C) routine statutory or regulatory updates not uniquely detrimental to the Company. Additionally, any delay in consummation attributable exclusively to standard governmental clearance or transient market conditions is excluded from being considered a Consolidated Adverse Impact. In summary, while the definition addresses adverse impacts broadly, the Company's core ability to consummate the transactions is expressly preserved from being negated by such general or non-specific events.

Choices: "
"58","Answer the following multiple choice question. The entire content of your response should be of the following format: 'ANSWER: $LETTER' (without quotes) where LETTER is one of {letters}.

{question}

{choices}

Instruction: Read the following section of a merger agreement and answer the multiple-choice question by choosing the option that best characterizes the agreement.

Question: Is the “ability to consummate” concept subject to Material Adverse Effect (MAE) carveouts?
Option A: No
Option B: Yes

Merger Agreement Excerpt:
“Material Adverse Effect” means any event, change, or circumstance that either (i) materially affects the financial condition or operational performance of the Company, or (ii) would, either alone or in aggregation with other events, impair, prevent, or materially delay the consummation of the Merger. Notwithstanding clause (i), for purposes solely relating to the Company’s general operations, the following are expressly excluded from constituting a Material Adverse Effect: (a) adverse impacts resulting from broad economic downturns, market-wide regulatory changes, or fluctuations in industry-wide pricing; (b) effects due solely to revisions in GAAP or shifts in standard regulatory guidelines; and (c) losses attributed to natural disasters or wide-scale geopolitical instability. Importantly, however, nothing herein shall be interpreted to deem any event that directly impairs or delays the ability of the Company to consummate the Merger as excepted under the above exclusions.

Additionally, in any dispute over consummation delays, the parties agree that impacts solely linked to general economic or market conditions—unless causing a disproportionate adverse effect relative to industry peers—shall not be regarded as a Material Adverse Effect.
Choices: ","Fail","Answer the following multiple choice question. The entire content of your response should be of the following format: 'ANSWER: $LETTER' (without quotes) where LETTER is one of {letters}.

{question}

{choices}

Instruction: Read the following segment of a merger agreement and answer the multiple-choice question by choosing the option that best characterizes the agreement.

Question: Is the 'ability to consummate' concept subject to Material Adverse Effect carveouts?
Option A: No
Option B: Yes

Merger Agreement: ""Consolidated Adverse Impact"" means any change, event, or circumstance that, either individually or when aggregated with other factors, (i) would be expected to have a material adverse effect on the financial condition, operating results, or asset base of the Company, or (ii) would be reasonably expected to prevent, delay, or materially impair the Company's ability to consummate the transactions contemplated by this Agreement. Notwithstanding the foregoing, no change, event, or circumstance shall be deemed to be a Consolidated Adverse Impact if, subsequent to the Agreement date, it arises solely or primarily from (A) general fluctuations in capital or credit markets, (B) modifications in accounting standards or legal interpretations that impact the industry as a whole, or (C) routine statutory or regulatory updates not uniquely detrimental to the Company. Additionally, any delay in consummation attributable exclusively to standard governmental clearance or transient market conditions is excluded from being considered a Consolidated Adverse Impact. In summary, while the definition addresses adverse impacts broadly, the Company's core ability to consummate the transactions is expressly preserved from being negated by such general or non-specific events.

Choices: "
"59","Answer the following multiple choice question. The entire content of your response should be of the following format: 'ANSWER: $LETTER' (without quotes) where LETTER is one of {letters}.

{question}

{choices}

Instruction: Read the following segment of a merger agreement and answer the multiple-choice question by choosing the option that best characterizes the agreement.

Question: Is the “ability to consummate” concept subject to Material Adverse Effect (MAE) carveouts?
Option A: No
Option B: Yes

Merger Agreement Excerpt:
""Adjusted Material Adverse Effect"" shall mean any event, change, or circumstance that, either individually or in aggregate, (a) prevents, delays, or materially impairs the ability of the Company and its Subsidiaries to consummate the Transaction, or (b) causes a material deterioration in the financial condition or operating results of the Company. Notwithstanding the general carveout provisions set forth in Section 5.2—which except from events arising solely from general economic downturns, industry-wide shifts, market volatility, or other force majeure occurrences—nothing in this Agreement shall operate to except from or mitigate an event described in clause (a) that affects the ability to consummate the Transaction. In contrast, events falling under clause (b) may qualify for carveouts if they are attributable exclusively to any of the excepted conditions outlined in Section 5.2.

Choices: ","Fail","Answer the following multiple choice question. The entire content of your response should be of the following format: 'ANSWER: $LETTER' (without quotes) where LETTER is one of {letters}.

{question}

{choices}

Instruction: Read the following segment of a merger agreement and answer the multiple-choice question by choosing the option that best characterizes the agreement.

Question: Is the 'ability to consummate' concept subject to Material Adverse Effect carveouts?
Option A: No
Option B: Yes

Merger Agreement: ""Consolidated Adverse Impact"" means any change, event, or circumstance that, either individually or when aggregated with other factors, (i) would be expected to have a material adverse effect on the financial condition, operating results, or asset base of the Company, or (ii) would be reasonably expected to prevent, delay, or materially impair the Company's ability to consummate the transactions contemplated by this Agreement. Notwithstanding the foregoing, no change, event, or circumstance shall be deemed to be a Consolidated Adverse Impact if, subsequent to the Agreement date, it arises solely or primarily from (A) general fluctuations in capital or credit markets, (B) modifications in accounting standards or legal interpretations that impact the industry as a whole, or (C) routine statutory or regulatory updates not uniquely detrimental to the Company. Additionally, any delay in consummation attributable exclusively to standard governmental clearance or transient market conditions is excluded from being considered a Consolidated Adverse Impact. In summary, while the definition addresses adverse impacts broadly, the Company's core ability to consummate the transactions is expressly preserved from being negated by such general or non-specific events.

Choices: "
"60","Answer the following multiple choice question. The entire content of your response should be of the following format: 'ANSWER: $LETTER' (without quotes) where LETTER is one of {letters}.

{question}

{choices}

Instruction: Read the following excerpt from a merger agreement and answer the multiple-choice question by choosing the option that best characterizes the agreement.

Question: Is the “ability to consummate” concept subject to Material Adverse Effect carveouts?
Option A: No
Option B: Yes

Merger Agreement Excerpt:
""Overall Material Adverse Impact"" shall mean any change, event, or circumstance that, either individually or when aggregated with other effects, (a) has materially diminished the financial condition, operating results, or business prospects of the Company, or (b) would, if occurring, prevent, delay, or impair the Company’s ability to consummate the transactions contemplated herein. For the purpose of clause (a), the following shall not be considered as contributing to an Overall Material Adverse Impact: general economic downturns, standard fluctuations in market liquidity, regulatory or legislative changes, shifts in capital or credit conditions, natural disasters, force majeure events, and similar events. Notwithstanding the exclusions in clause (a), any effect described in clause (b) regarding the interruption, delay, or prevention of the consummation of the transactions shall not be mitigated by these carveouts. Additionally, responses to public announcements or litigation filings are carved out only for their impact on financial conditions as per clause (a) and shall not affect the ability to consummate as mentioned in clause (b).
Choices: ","Fail","Answer the following multiple choice question. The entire content of your response should be of the following format: 'ANSWER: $LETTER' (without quotes) where LETTER is one of {letters}.

{question}

{choices}

Instruction: Read the following segment of a merger agreement and answer the multiple-choice question by choosing the option that best characterizes the agreement.

Question: Is the 'ability to consummate' concept subject to Material Adverse Effect carveouts?
Option A: No
Option B: Yes

Merger Agreement: ""Consolidated Adverse Impact"" means any change, event, or circumstance that, either individually or when aggregated with other factors, (i) would be expected to have a material adverse effect on the financial condition, operating results, or asset base of the Company, or (ii) would be reasonably expected to prevent, delay, or materially impair the Company's ability to consummate the transactions contemplated by this Agreement. Notwithstanding the foregoing, no change, event, or circumstance shall be deemed to be a Consolidated Adverse Impact if, subsequent to the Agreement date, it arises solely or primarily from (A) general fluctuations in capital or credit markets, (B) modifications in accounting standards or legal interpretations that impact the industry as a whole, or (C) routine statutory or regulatory updates not uniquely detrimental to the Company. Additionally, any delay in consummation attributable exclusively to standard governmental clearance or transient market conditions is excluded from being considered a Consolidated Adverse Impact. In summary, while the definition addresses adverse impacts broadly, the Company's core ability to consummate the transactions is expressly preserved from being negated by such general or non-specific events.

Choices: "
"61","Answer the following multiple choice question. The entire content of your response should be of the following format: 'ANSWER: $LETTER' (without quotes) where LETTER is one of {letters}.

{question}

{choices}

Instruction: Read the following merger agreement excerpt and answer the multiple-choice question by choosing the option that best characterizes the agreement.
Question: Is the 'ability to consummate' concept subject to Material Adverse Effect (MAE) carveouts?
Option A: No
Option B: Yes

Merger Agreement Excerpt:
""For purposes of determining a Company Material Adverse Effect, any event, change, or circumstance that adversely impacts the overall business or which materially impairs the ability of the Company to consummate the Transaction shall be taken into account. Notwithstanding the foregoing, the Agreement expressly excludes from consideration those changes that result solely from: (i) general economic trends, (ii) standard fluctuations in credit and capital markets, and (iii) modifications in broadly applicable accounting principles. In contrast, factors that directly affect the transactional consummation and are not attributable exclusively to these routinely excluded conditions shall be fully considered in determining whether the consummation of the Transaction is impaired.""

Choices: ","Fail","Answer the following multiple choice question. The entire content of your response should be of the following format: 'ANSWER: $LETTER' (without quotes) where LETTER is one of {letters}.

{question}

{choices}

Instruction: Read the following segment of a merger agreement and answer the multiple-choice question by choosing the option that best characterizes the agreement.

Question: Is the 'ability to consummate' concept subject to Material Adverse Effect carveouts?
Option A: No
Option B: Yes

Merger Agreement: ""Consolidated Adverse Impact"" means any change, event, or circumstance that, either individually or when aggregated with other factors, (i) would be expected to have a material adverse effect on the financial condition, operating results, or asset base of the Company, or (ii) would be reasonably expected to prevent, delay, or materially impair the Company's ability to consummate the transactions contemplated by this Agreement. Notwithstanding the foregoing, no change, event, or circumstance shall be deemed to be a Consolidated Adverse Impact if, subsequent to the Agreement date, it arises solely or primarily from (A) general fluctuations in capital or credit markets, (B) modifications in accounting standards or legal interpretations that impact the industry as a whole, or (C) routine statutory or regulatory updates not uniquely detrimental to the Company. Additionally, any delay in consummation attributable exclusively to standard governmental clearance or transient market conditions is excluded from being considered a Consolidated Adverse Impact. In summary, while the definition addresses adverse impacts broadly, the Company's core ability to consummate the transactions is expressly preserved from being negated by such general or non-specific events.

Choices: "
"62","Answer the following multiple choice question. The entire content of your response should be of the following format: 'ANSWER: $LETTER' (without quotes) where LETTER is one of {letters}.

{question}

{choices}

Instruction: Read the following segment of an Acquisition Agreement and answer the question by choosing the option that best characterizes the agreement.

Question: Is the “ability to consummate” concept subject to the Material Adverse Effect carveouts described below?

Acquisition Agreement Segment:
""Material Adverse Effect"" in this Agreement shall mean any event, change, or circumstance that (a) would, individually or in aggregation with other adverse events, materially impair the operational integrity or financial condition of the Acquiring Party, or (b) would, or is reasonably expected to, prevent, delay, or otherwise impair the Acquiring Party’s ability to consummate the Transactions. Notwithstanding clause (a), for the purpose of determining a Material Adverse Effect under that clause, the following effects shall be excluded: (i) fluctuations in foreign exchange or commodity prices; (ii) routine adjustments in operating expenses, including minor cost escalations; (iii) general changes in the economic or political landscape; (iv) regulatory or administrative notifications that do not lead to mandatory actions; and (v) any public disclosures solely reflecting market trends. However, it is expressly stipulated that these exclusions shall have no impact on the analysis under clause (b) regarding the Acquiring Party’s ability to consummate the Transactions.
Options:
Option A: No
Option B: Yes
Choices: ","Fail","Answer the following multiple choice question. The entire content of your response should be of the following format: 'ANSWER: $LETTER' (without quotes) where LETTER is one of {letters}.

{question}

{choices}

Instruction: Read the following segment of a merger agreement and answer the multiple-choice question by choosing the option that best characterizes the agreement.

Question: Is the 'ability to consummate' concept subject to Material Adverse Effect carveouts?
Option A: No
Option B: Yes

Merger Agreement: ""Consolidated Adverse Impact"" means any change, event, or circumstance that, either individually or when aggregated with other factors, (i) would be expected to have a material adverse effect on the financial condition, operating results, or asset base of the Company, or (ii) would be reasonably expected to prevent, delay, or materially impair the Company's ability to consummate the transactions contemplated by this Agreement. Notwithstanding the foregoing, no change, event, or circumstance shall be deemed to be a Consolidated Adverse Impact if, subsequent to the Agreement date, it arises solely or primarily from (A) general fluctuations in capital or credit markets, (B) modifications in accounting standards or legal interpretations that impact the industry as a whole, or (C) routine statutory or regulatory updates not uniquely detrimental to the Company. Additionally, any delay in consummation attributable exclusively to standard governmental clearance or transient market conditions is excluded from being considered a Consolidated Adverse Impact. In summary, while the definition addresses adverse impacts broadly, the Company's core ability to consummate the transactions is expressly preserved from being negated by such general or non-specific events.

Choices: "
"63","Answer the following multiple choice question. The entire content of your response should be of the following format: 'ANSWER: $LETTER' (without quotes) where LETTER is one of {letters}.

{question}

{choices}

Instruction: Read the following segment of a hypothetical merger agreement and answer the multiple-choice question by choosing the option that best characterizes the agreement.
Question: Is the 'ability to consummate' concept subject to Material Adverse Effect (MAE) carveouts?
Option A: No
Option B: Yes

Merger Agreement Excerpt: ""Material Adverse Effect"" means any event, change, or circumstance that, when considered individually or in aggregate with effects occurring before the determination date, (a) has a material adverse effect on the overall business operations, financial condition, or results of operations of the Company or its Subsidiaries—except that none of the following shall be considered an MAE under this clause: (i) general economic declines, (ii) routine fluctuations in credit or financial markets and (iii) non-specific changes in political or regulatory conditions; and (b) any event or change that directly prevents, delays, or materially impairs the Company's ability to consummate the merger transaction. It is expressly stated that, notwithstanding any exclusions applicable under clause (a), the provisions of clause (b) shall apply in full force without any carve-out exceptions. Even in instances where conditions overlap, exclusions under clause (a) shall not mitigate effects impacting consummation as described in clause (b). (Pages 15-16)
Choices: ","Fail","Answer the following multiple choice question. The entire content of your response should be of the following format: 'ANSWER: $LETTER' (without quotes) where LETTER is one of {letters}.

{question}

{choices}

Instruction: Read the following segment of a merger agreement and answer the multiple-choice question by choosing the option that best characterizes the agreement.

Question: Is the 'ability to consummate' concept subject to Material Adverse Effect carveouts?
Option A: No
Option B: Yes

Merger Agreement: ""Consolidated Adverse Impact"" means any change, event, or circumstance that, either individually or when aggregated with other factors, (i) would be expected to have a material adverse effect on the financial condition, operating results, or asset base of the Company, or (ii) would be reasonably expected to prevent, delay, or materially impair the Company's ability to consummate the transactions contemplated by this Agreement. Notwithstanding the foregoing, no change, event, or circumstance shall be deemed to be a Consolidated Adverse Impact if, subsequent to the Agreement date, it arises solely or primarily from (A) general fluctuations in capital or credit markets, (B) modifications in accounting standards or legal interpretations that impact the industry as a whole, or (C) routine statutory or regulatory updates not uniquely detrimental to the Company. Additionally, any delay in consummation attributable exclusively to standard governmental clearance or transient market conditions is excluded from being considered a Consolidated Adverse Impact. In summary, while the definition addresses adverse impacts broadly, the Company's core ability to consummate the transactions is expressly preserved from being negated by such general or non-specific events.

Choices: "
"64","Answer the following multiple choice question. The entire content of your response should be of the following format: 'ANSWER: $LETTER' (without quotes) where LETTER is one of {letters}.

{question}

{choices}

Instruction: Read the segment of a merger agreement and answer the multiple-choice question by choosing the option that best characterizes the agreement.
Question: Is the 'ability to consummate' concept subject to Material Adverse Effect (MAE) carveouts?
Option A: No
Option B: Yes

Merger Agreement Excerpt:
""Material Adverse Effect"" means any change, event, condition, or development that, individually or in aggregate, (a) has a materially adverse effect on the financial condition, operations, assets, liabilities, or business prospects of the Company and its Subsidiaries, provided that any adverse effect arising solely out of (i) general shifts in economic or market conditions, (ii) changes in regulatory or statutory frameworks, or (iii) fluctuations in interest or currency exchange rates shall not be considered a Material Adverse Effect; however, such carveouts shall apply exclusively to the effects described in clause (a) and shall not extend to any event that materially delays or impairs the ability of the Company to consummate the transactions contemplated by this Agreement. In addition, (b) any event that directly prevents or delays the consummation of the transactions shall be deemed a Material Adverse Effect irrespective of any carveouts otherwise provided. Notwithstanding the foregoing, if any event simultaneously affects both the overall operations of the Company and its ability to consummate the merger, the determination shall be based on the net impact, with no carveout adjustments applicable to the 'ability to consummate' component. (Page 10 of the Agreement)

Choices: ","Fail","Answer the following multiple choice question. The entire content of your response should be of the following format: 'ANSWER: $LETTER' (without quotes) where LETTER is one of {letters}.

{question}

{choices}

Instruction: Read the following segment of a merger agreement and answer the multiple-choice question by choosing the option that best characterizes the agreement.

Question: Is the 'ability to consummate' concept subject to Material Adverse Effect carveouts?
Option A: No
Option B: Yes

Merger Agreement: ""Consolidated Adverse Impact"" means any change, event, or circumstance that, either individually or when aggregated with other factors, (i) would be expected to have a material adverse effect on the financial condition, operating results, or asset base of the Company, or (ii) would be reasonably expected to prevent, delay, or materially impair the Company's ability to consummate the transactions contemplated by this Agreement. Notwithstanding the foregoing, no change, event, or circumstance shall be deemed to be a Consolidated Adverse Impact if, subsequent to the Agreement date, it arises solely or primarily from (A) general fluctuations in capital or credit markets, (B) modifications in accounting standards or legal interpretations that impact the industry as a whole, or (C) routine statutory or regulatory updates not uniquely detrimental to the Company. Additionally, any delay in consummation attributable exclusively to standard governmental clearance or transient market conditions is excluded from being considered a Consolidated Adverse Impact. In summary, while the definition addresses adverse impacts broadly, the Company's core ability to consummate the transactions is expressly preserved from being negated by such general or non-specific events.

Choices: "
"65","Answer the following multiple choice question. The entire content of your response should be of the following format: 'ANSWER: $LETTER' (without quotes) where LETTER is one of {letters}.

{question}

{choices}

Instruction: Read the following segment from a merger agreement and answer the multiple-choice question by choosing the option that best characterizes the agreement.

Question: According to the provisions below, is the 'ability to consummate' concept subject to Material Adverse Effect carveouts?

Merger Agreement Excerpt:
""'Company Material Adverse Effect' means any event, occurrence, condition, or change (each, an 'Effect') that (i) either has had or would reasonably be expected to have a material adverse impact on the business, assets, liabilities, or financial condition of the Company, or (ii) would, regardless of any concurrent general economic, market, or regulatory fluctuations, prevent, materially delay, or impair the Company's ability to consummate the transactions contemplated by this Agreement. Provided that, notwithstanding the many standard carveouts enumerated herein for changes in general economic conditions, fluctuations in financial markets, regulatory adjustments, and natural disasters, such carveouts expressly do not apply to any Effect that directly results in a failure, delay, or impairment of the consummation of the Transactions. Further, no waiver, prior approval, or ancillary contractual provision shall limit the application of this consummation clause.""

Option A: No
Option B: Yes
Choices: ","Fail","Answer the following multiple choice question. The entire content of your response should be of the following format: 'ANSWER: $LETTER' (without quotes) where LETTER is one of {letters}.

{question}

{choices}

Instruction: Read the following segment of a merger agreement and answer the multiple-choice question by choosing the option that best characterizes the agreement.

Question: Is the 'ability to consummate' concept subject to Material Adverse Effect carveouts?
Option A: No
Option B: Yes

Merger Agreement: ""Consolidated Adverse Impact"" means any change, event, or circumstance that, either individually or when aggregated with other factors, (i) would be expected to have a material adverse effect on the financial condition, operating results, or asset base of the Company, or (ii) would be reasonably expected to prevent, delay, or materially impair the Company's ability to consummate the transactions contemplated by this Agreement. Notwithstanding the foregoing, no change, event, or circumstance shall be deemed to be a Consolidated Adverse Impact if, subsequent to the Agreement date, it arises solely or primarily from (A) general fluctuations in capital or credit markets, (B) modifications in accounting standards or legal interpretations that impact the industry as a whole, or (C) routine statutory or regulatory updates not uniquely detrimental to the Company. Additionally, any delay in consummation attributable exclusively to standard governmental clearance or transient market conditions is excluded from being considered a Consolidated Adverse Impact. In summary, while the definition addresses adverse impacts broadly, the Company's core ability to consummate the transactions is expressly preserved from being negated by such general or non-specific events.

Choices: "
"66","Answer the following multiple choice question. The entire content of your response should be of the following format: 'ANSWER: $LETTER' (without quotes) where LETTER is one of {letters}.

{question}

{choices}

Instruction: Read the following segment of a merger agreement and answer the multiple-choice question by choosing the option that best characterizes the agreement.
Question: Is the 'ability to consummate' concept subject to Material Adverse Effect carveouts?
Option A: No
Option B: Yes

Merger Agreement: ""Acme Material Condition"" shall mean any event, circumstance, or effect which, either individually or in aggregate, would (a) materially delay, hinder, or prevent Acme Corporation from finalizing the transactions contemplated by this Agreement, or (b) cause a material adverse impact on the operational capability of Acme in a manner that precludes consummation. Notwithstanding the foregoing, the parties agree that any such adverse event arising solely from: (i) general global economic downturns; (ii) changes in regulatory policy affecting industry-wide practices; or (iii) natural disasters, shall not be deemed to trigger a Material Adverse Effect, provided that such events do not impose a disproportionate burden on Acme relative to its industry peers. Furthermore, only those adverse effects that are unique to Acme’s operational shortcomings, and not mirrored by peer companies, shall be counted toward impairing its ability to consummate. In addition, delays or hindrances directly resulting from actions expressly required or consented to by the Board of Directors shall be excluded from this definition.
Choices: ","Fail","Answer the following multiple choice question. The entire content of your response should be of the following format: 'ANSWER: $LETTER' (without quotes) where LETTER is one of {letters}.

{question}

{choices}

Instruction: Read the following segment of a merger agreement and answer the multiple-choice question by choosing the option that best characterizes the agreement.

Question: Is the 'ability to consummate' concept subject to Material Adverse Effect carveouts?
Option A: No
Option B: Yes

Merger Agreement: ""Consolidated Adverse Impact"" means any change, event, or circumstance that, either individually or when aggregated with other factors, (i) would be expected to have a material adverse effect on the financial condition, operating results, or asset base of the Company, or (ii) would be reasonably expected to prevent, delay, or materially impair the Company's ability to consummate the transactions contemplated by this Agreement. Notwithstanding the foregoing, no change, event, or circumstance shall be deemed to be a Consolidated Adverse Impact if, subsequent to the Agreement date, it arises solely or primarily from (A) general fluctuations in capital or credit markets, (B) modifications in accounting standards or legal interpretations that impact the industry as a whole, or (C) routine statutory or regulatory updates not uniquely detrimental to the Company. Additionally, any delay in consummation attributable exclusively to standard governmental clearance or transient market conditions is excluded from being considered a Consolidated Adverse Impact. In summary, while the definition addresses adverse impacts broadly, the Company's core ability to consummate the transactions is expressly preserved from being negated by such general or non-specific events.

Choices: "
"67","Answer the following multiple choice question. The entire content of your response should be of the following format: 'ANSWER: $LETTER' (without quotes) where LETTER is one of {letters}.

{question}

{choices}

Instruction: Read the segment of a merger agreement and answer the multiple-choice question by choosing the option that best characterizes the agreement.
Question: Is the “ability to consummate” concept subject to the MAE carveouts set forth in the agreement?
Option A: No
Option B: Yes

Merger Agreement: ""Adjusted Material Adverse Effect"" means any event, change, condition, or circumstance that, individually or in the aggregate, prior to the effective date, materially and adversely affects the Company’s business, financial condition, or prospects or materially delays or impairs the Company’s ability to consummate the transactions contemplated herein; provided, however, that no event, change, condition, or circumstance shall be deemed an ""Adjusted Material Adverse Effect"" if it results solely from (i) fluctuations in global economic conditions, (ii) changes in foreign currency exchange rates, or (iii) a slowdown in industry-wide demand, unless such factors cause a material and disproportionate impact on the Company relative to its industry peers. Furthermore, in evaluating any delay or impairment to consummation, the Company shall not take into account any operational disruptions that are adequately mitigated by its pre-established internal contingency measures, provided that such disruptions do not result in a material delay beyond the scope of those measures. (Pages 15-16)
Choices: ","Fail","Answer the following multiple choice question. The entire content of your response should be of the following format: 'ANSWER: $LETTER' (without quotes) where LETTER is one of {letters}.

{question}

{choices}

Instruction: Read the following segment of a merger agreement and answer the multiple-choice question by choosing the option that best characterizes the agreement.

Question: Is the 'ability to consummate' concept subject to Material Adverse Effect carveouts?
Option A: No
Option B: Yes

Merger Agreement: ""Consolidated Adverse Impact"" means any change, event, or circumstance that, either individually or when aggregated with other factors, (i) would be expected to have a material adverse effect on the financial condition, operating results, or asset base of the Company, or (ii) would be reasonably expected to prevent, delay, or materially impair the Company's ability to consummate the transactions contemplated by this Agreement. Notwithstanding the foregoing, no change, event, or circumstance shall be deemed to be a Consolidated Adverse Impact if, subsequent to the Agreement date, it arises solely or primarily from (A) general fluctuations in capital or credit markets, (B) modifications in accounting standards or legal interpretations that impact the industry as a whole, or (C) routine statutory or regulatory updates not uniquely detrimental to the Company. Additionally, any delay in consummation attributable exclusively to standard governmental clearance or transient market conditions is excluded from being considered a Consolidated Adverse Impact. In summary, while the definition addresses adverse impacts broadly, the Company's core ability to consummate the transactions is expressly preserved from being negated by such general or non-specific events.

Choices: "
"68","Answer the following multiple choice question. The entire content of your response should be of the following format: 'ANSWER: $LETTER' (without quotes) where LETTER is one of {letters}.

{question}

{choices}

Instruction: Read the segment of a transaction agreement and answer the multiple-choice question by choosing the option that best characterizes the agreement.
Question: Is the “ability to consummate” concept subject to Material Adverse Effect (MAE) carveouts?
Option A: No
Option B: Yes

Transaction Agreement: ""Material Adverse Effect"" means any change, event, occurrence, or development that, either individually or in aggregate, adversely affects (a) the general condition, financial performance, or operational capacity of the Company and its Affiliates, provided, however, that in assessing the impact under this clause (a) the following shall not be considered: (i) general economic downturns, (ii) fluctuations in capital or credit markets, (iii) regulatory changes or natural disasters affecting the industry at large, and (iv) any effects arising from standard accounting changes post-date of this Agreement; and (b) would, or would reasonably be expected to, directly prevent, materially delay or impair the Company’s ability to consummate the Transaction. The carveouts expressly apply only to the analysis of clause (a) and do not extend to clause (b) regarding the consummation of the Transaction. (Pages 5-7)
Choices: ","Fail","Answer the following multiple choice question. The entire content of your response should be of the following format: 'ANSWER: $LETTER' (without quotes) where LETTER is one of {letters}.

{question}

{choices}

Instruction: Read the following segment of a merger agreement and answer the multiple-choice question by choosing the option that best characterizes the agreement.

Question: Is the 'ability to consummate' concept subject to Material Adverse Effect carveouts?
Option A: No
Option B: Yes

Merger Agreement: ""Consolidated Adverse Impact"" means any change, event, or circumstance that, either individually or when aggregated with other factors, (i) would be expected to have a material adverse effect on the financial condition, operating results, or asset base of the Company, or (ii) would be reasonably expected to prevent, delay, or materially impair the Company's ability to consummate the transactions contemplated by this Agreement. Notwithstanding the foregoing, no change, event, or circumstance shall be deemed to be a Consolidated Adverse Impact if, subsequent to the Agreement date, it arises solely or primarily from (A) general fluctuations in capital or credit markets, (B) modifications in accounting standards or legal interpretations that impact the industry as a whole, or (C) routine statutory or regulatory updates not uniquely detrimental to the Company. Additionally, any delay in consummation attributable exclusively to standard governmental clearance or transient market conditions is excluded from being considered a Consolidated Adverse Impact. In summary, while the definition addresses adverse impacts broadly, the Company's core ability to consummate the transactions is expressly preserved from being negated by such general or non-specific events.

Choices: "
"69","Answer the following multiple choice question. The entire content of your response should be of the following format: 'ANSWER: $LETTER' (without quotes) where LETTER is one of {letters}.

{question}

{choices}

Instruction: Read the segment of the merger agreement and answer the multiple-choice question by choosing the option that best characterizes the agreement.

Question: Is the ‘ability to consummate’ concept subject to Material Adverse Effect carveouts?

Merger Agreement Excerpt:
“Corporate Material Consequence” means any event, occurrence, or change that, either individually or in aggregation with all other effects, would materially impair or delay the Company’s ability to complete the transaction. This includes any factor that directly affects the Company’s internal operations critical to closing.

Notwithstanding the foregoing, for purposes of determining a Corporate Material Consequence, events arising solely from (i) broad economic shifts, (ii) alterations in regulatory guidelines or modifications to GAAP, (iii) generally applicable market fluctuations such as changes in interest rates or currency exchange variability, or (iv) industry-wide phenomena, shall not be deemed to cause a Corporate Material Consequence provided that such events do not have a disproportionately adverse effect on the Company relative to its industry peers.

Moreover, the phrase ‘ability to complete’ appears expressly independent of these exemptions, indicating that any impediment directly tied to the Company’s specific operational or bespoke performance issues is not excluded by the above carveouts.

Based on the above, answer:
(a) No
(b) Yes
Choices: ","Fail","Answer the following multiple choice question. The entire content of your response should be of the following format: 'ANSWER: $LETTER' (without quotes) where LETTER is one of {letters}.

{question}

{choices}

Instruction: Read the following segment of a merger agreement and answer the multiple-choice question by choosing the option that best characterizes the agreement.

Question: Is the 'ability to consummate' concept subject to Material Adverse Effect carveouts?
Option A: No
Option B: Yes

Merger Agreement: ""Consolidated Adverse Impact"" means any change, event, or circumstance that, either individually or when aggregated with other factors, (i) would be expected to have a material adverse effect on the financial condition, operating results, or asset base of the Company, or (ii) would be reasonably expected to prevent, delay, or materially impair the Company's ability to consummate the transactions contemplated by this Agreement. Notwithstanding the foregoing, no change, event, or circumstance shall be deemed to be a Consolidated Adverse Impact if, subsequent to the Agreement date, it arises solely or primarily from (A) general fluctuations in capital or credit markets, (B) modifications in accounting standards or legal interpretations that impact the industry as a whole, or (C) routine statutory or regulatory updates not uniquely detrimental to the Company. Additionally, any delay in consummation attributable exclusively to standard governmental clearance or transient market conditions is excluded from being considered a Consolidated Adverse Impact. In summary, while the definition addresses adverse impacts broadly, the Company's core ability to consummate the transactions is expressly preserved from being negated by such general or non-specific events.

Choices: "
"70","Answer the following multiple choice question. The entire content of your response should be of the following format: 'ANSWER: $LETTER' (without quotes) where LETTER is one of {letters}.

{question}

{choices}

Instruction: Read the following segment of a Buyout Agreement and answer the multiple-choice question by choosing the option that best characterizes the agreement.
Question: In the context of this Agreement, is the 'ability to consummate' the transaction subject to exclusions under the general Adverse Change carveouts?
Option A: No
Option B: Yes

Buyout Agreement Segment: ""Adverse Change"" means any event, condition, or occurrence that, either individually or in the aggregate, has had or would reasonably be expected to have a material adverse effect on the financial health, operational performance, or overall viability of the Target Entity. This includes any factor that would prevent, materially delay, or impair the Target Entity's capacity to secure necessary financing or consummate the Transaction. Notwithstanding the foregoing, for events normally inherent to the global economic environment, shifts in market conditions, fluctuations in currency exchange or interest rates, adjustments in accounting principles, legislative or regulatory changes, and acts of God, such effects shall not be deemed to constitute an Adverse Change for purposes of this Agreement; however, no such exclusion shall apply to any event or condition that directly impairs the Target Entity's ability to consummate the Transaction.

Choices: ","Fail","Answer the following multiple choice question. The entire content of your response should be of the following format: 'ANSWER: $LETTER' (without quotes) where LETTER is one of {letters}.

{question}

{choices}

Instruction: Read the following segment of a merger agreement and answer the multiple-choice question by choosing the option that best characterizes the agreement.

Question: Is the 'ability to consummate' concept subject to Material Adverse Effect carveouts?
Option A: No
Option B: Yes

Merger Agreement: ""Consolidated Adverse Impact"" means any change, event, or circumstance that, either individually or when aggregated with other factors, (i) would be expected to have a material adverse effect on the financial condition, operating results, or asset base of the Company, or (ii) would be reasonably expected to prevent, delay, or materially impair the Company's ability to consummate the transactions contemplated by this Agreement. Notwithstanding the foregoing, no change, event, or circumstance shall be deemed to be a Consolidated Adverse Impact if, subsequent to the Agreement date, it arises solely or primarily from (A) general fluctuations in capital or credit markets, (B) modifications in accounting standards or legal interpretations that impact the industry as a whole, or (C) routine statutory or regulatory updates not uniquely detrimental to the Company. Additionally, any delay in consummation attributable exclusively to standard governmental clearance or transient market conditions is excluded from being considered a Consolidated Adverse Impact. In summary, while the definition addresses adverse impacts broadly, the Company's core ability to consummate the transactions is expressly preserved from being negated by such general or non-specific events.

Choices: "
"71","Answer the following multiple choice question. The entire content of your response should be of the following format: 'ANSWER: $LETTER' (without quotes) where LETTER is one of {letters}.

{question}

{choices}

Instruction: Read the following excerpt from a merger agreement and answer the multiple-choice question by choosing the option that best characterizes the agreement.

Merger Agreement Excerpt:
""'Company Material Adverse Effect' shall mean any change, event or circumstance that, taken as a whole, either (a) has a material adverse effect on the business, assets, liabilities, financial condition or results of operations of the Company, subject to the following exclusions: (i) changes in general economic conditions, (ii) shifts in industry-wide market trends, and (iii) certain regulatory or political developments; or (b) would, irrespective of the exclusions applicable in clause (a), prevent, materially delay or materially impair the Company’s ability to consummate the transactions contemplated by this Agreement.""

Question: Based on the above definition, is the 'ability to consummate' concept subject to Material Adverse Effect carveouts?
Option A: No
Option B: Yes
Choices: ","Fail","Answer the following multiple choice question. The entire content of your response should be of the following format: 'ANSWER: $LETTER' (without quotes) where LETTER is one of {letters}.

{question}

{choices}

Instruction: Read the following segment of a merger agreement and answer the multiple-choice question by choosing the option that best characterizes the agreement.

Question: Is the 'ability to consummate' concept subject to Material Adverse Effect carveouts?
Option A: No
Option B: Yes

Merger Agreement: ""Consolidated Adverse Impact"" means any change, event, or circumstance that, either individually or when aggregated with other factors, (i) would be expected to have a material adverse effect on the financial condition, operating results, or asset base of the Company, or (ii) would be reasonably expected to prevent, delay, or materially impair the Company's ability to consummate the transactions contemplated by this Agreement. Notwithstanding the foregoing, no change, event, or circumstance shall be deemed to be a Consolidated Adverse Impact if, subsequent to the Agreement date, it arises solely or primarily from (A) general fluctuations in capital or credit markets, (B) modifications in accounting standards or legal interpretations that impact the industry as a whole, or (C) routine statutory or regulatory updates not uniquely detrimental to the Company. Additionally, any delay in consummation attributable exclusively to standard governmental clearance or transient market conditions is excluded from being considered a Consolidated Adverse Impact. In summary, while the definition addresses adverse impacts broadly, the Company's core ability to consummate the transactions is expressly preserved from being negated by such general or non-specific events.

Choices: "
"72","Answer the following multiple choice question. The entire content of your response should be of the following format: 'ANSWER: $LETTER' (without quotes) where LETTER is one of {letters}.

{question}

{choices}

Instruction: Read the following segment from a merger agreement and answer the multiple-choice question by selecting the option that best characterizes the agreement.

Question: Is the ""ability to consummate"" concept subject to Material Adverse Effect (MAE) carveouts?
Option A: No
Option B: Yes

Merger Agreement Segment:
""For purposes of this Agreement, 'Transaction Impact' shall mean any change, event, or circumstance that either (i) would, individually or in aggregation with other factors, reasonably be expected to prevent, delay, or materially impair the consummation of the Transaction, or (ii) would materially affect the financial condition or operational results of the Company. Notwithstanding the foregoing, for the purposes of assessing a 'Company Adverse Impact', none of the following shall be considered: (a) general economic downturns or industry-wide slowdowns that affect all market participants equally; (b) nonspecific fluctuations in interest rates, foreign exchange rates, or overall market liquidity; or (c) regulatory changes imposing uniform compliance requirements across the industry. However, it is expressly provided that any provisions relating to factors that prevent, delay, or impair the consummation of the Transaction are not subject to these exclusions, thereby preserving the full enforceability of issues directly impacting the ability to consummate.
""
Choices: ","Fail","Answer the following multiple choice question. The entire content of your response should be of the following format: 'ANSWER: $LETTER' (without quotes) where LETTER is one of {letters}.

{question}

{choices}

Instruction: Read the following segment of a merger agreement and answer the multiple-choice question by choosing the option that best characterizes the agreement.

Question: Is the 'ability to consummate' concept subject to Material Adverse Effect carveouts?
Option A: No
Option B: Yes

Merger Agreement: ""Consolidated Adverse Impact"" means any change, event, or circumstance that, either individually or when aggregated with other factors, (i) would be expected to have a material adverse effect on the financial condition, operating results, or asset base of the Company, or (ii) would be reasonably expected to prevent, delay, or materially impair the Company's ability to consummate the transactions contemplated by this Agreement. Notwithstanding the foregoing, no change, event, or circumstance shall be deemed to be a Consolidated Adverse Impact if, subsequent to the Agreement date, it arises solely or primarily from (A) general fluctuations in capital or credit markets, (B) modifications in accounting standards or legal interpretations that impact the industry as a whole, or (C) routine statutory or regulatory updates not uniquely detrimental to the Company. Additionally, any delay in consummation attributable exclusively to standard governmental clearance or transient market conditions is excluded from being considered a Consolidated Adverse Impact. In summary, while the definition addresses adverse impacts broadly, the Company's core ability to consummate the transactions is expressly preserved from being negated by such general or non-specific events.

Choices: "
"73","Answer the following multiple choice question. The entire content of your response should be of the following format: 'ANSWER: $LETTER' (without quotes) where LETTER is one of {letters}.

{question}

{choices}

Instruction: Read the segment of the merger agreement below and answer the multiple-choice question by choosing the option that best characterizes the agreement.

Question: Based on the merger agreement segment provided, is the 'ability to consummate' component subject to the carveout provisions hereinafter described?
Option A: No
Option B: Yes

Merger Agreement Excerpt: ""'Company Material Adverse Impact' means any event, change, or occurrence that, individually or in aggregate with other effects, would prevent, materially delay, or materially impair the consummation of the transactions contemplated hereby. Notwithstanding this, for purposes of determining whether an event constitutes a Material Adverse Impact, no effect shall be deemed adverse if it solely arises from: (i) general fluctuations in global economic conditions; (ii) changes in interest rates, credit ratings, or market prices common to the industry; or (iii) modifications in statutory or regulatory accounting standards, unless such modifications result in a disproportionate adverse effect on the Company relative to its industry peers.""
Choices: ","Fail","Answer the following multiple choice question. The entire content of your response should be of the following format: 'ANSWER: $LETTER' (without quotes) where LETTER is one of {letters}.

{question}

{choices}

Instruction: Read the following segment of a merger agreement and answer the multiple-choice question by choosing the option that best characterizes the agreement.

Question: Is the 'ability to consummate' concept subject to Material Adverse Effect carveouts?
Option A: No
Option B: Yes

Merger Agreement: ""Consolidated Adverse Impact"" means any change, event, or circumstance that, either individually or when aggregated with other factors, (i) would be expected to have a material adverse effect on the financial condition, operating results, or asset base of the Company, or (ii) would be reasonably expected to prevent, delay, or materially impair the Company's ability to consummate the transactions contemplated by this Agreement. Notwithstanding the foregoing, no change, event, or circumstance shall be deemed to be a Consolidated Adverse Impact if, subsequent to the Agreement date, it arises solely or primarily from (A) general fluctuations in capital or credit markets, (B) modifications in accounting standards or legal interpretations that impact the industry as a whole, or (C) routine statutory or regulatory updates not uniquely detrimental to the Company. Additionally, any delay in consummation attributable exclusively to standard governmental clearance or transient market conditions is excluded from being considered a Consolidated Adverse Impact. In summary, while the definition addresses adverse impacts broadly, the Company's core ability to consummate the transactions is expressly preserved from being negated by such general or non-specific events.

Choices: "
"74","Answer the following multiple choice question. The entire content of your response should be of the following format: 'ANSWER: $LETTER' (without quotes) where LETTER is one of {letters}.

{question}

{choices}

Instruction: Read the following segment of a merger agreement and answer the multiple-choice question by choosing the option that best characterizes the agreement.

Question: Is the 'ability to consummate' component of the transaction expressly subject to the carveout exceptions provided in the agreement?
Option A: No
Option B: Yes

Merger Agreement Excerpt:
""For purposes of this Agreement, a 'Significant Adverse Effect' (SAE) shall mean any event, fact, change, or circumstance that (i) either in isolation or in aggregate with other effects, materially harms the financial condition or impairs the operational capability of the Company, or (ii) impedes, delays, or prevents the ability of the Company to consummate the transactions contemplated herein. Notwithstanding the foregoing, the following shall not be deemed to constitute a SAE: (a) routine fluctuations in general economic conditions, including normal market volatility; (b) broad industry-wide changes such as fluctuations in commodity prices; (c) adjustments arising solely from modifications in widely accepted accounting principles (GAAP) or general legal/regulatory updates; (d) effects attributable to political or regulatory changes that are not uniquely specific to the Company; and (e) any action or inaction expressly approved in writing by the Board. Moreover, the language governing the Company's ability to consummate the transactions explicitly incorporates the exclusion of any effects that fall under the exceptions listed in clauses (a) through (e).""

Text ends.
Choices: ","Fail","Answer the following multiple choice question. The entire content of your response should be of the following format: 'ANSWER: $LETTER' (without quotes) where LETTER is one of {letters}.

{question}

{choices}

Instruction: Read the following segment of a merger agreement and answer the multiple-choice question by choosing the option that best characterizes the agreement.

Question: Is the 'ability to consummate' concept subject to Material Adverse Effect carveouts?
Option A: No
Option B: Yes

Merger Agreement: ""Consolidated Adverse Impact"" means any change, event, or circumstance that, either individually or when aggregated with other factors, (i) would be expected to have a material adverse effect on the financial condition, operating results, or asset base of the Company, or (ii) would be reasonably expected to prevent, delay, or materially impair the Company's ability to consummate the transactions contemplated by this Agreement. Notwithstanding the foregoing, no change, event, or circumstance shall be deemed to be a Consolidated Adverse Impact if, subsequent to the Agreement date, it arises solely or primarily from (A) general fluctuations in capital or credit markets, (B) modifications in accounting standards or legal interpretations that impact the industry as a whole, or (C) routine statutory or regulatory updates not uniquely detrimental to the Company. Additionally, any delay in consummation attributable exclusively to standard governmental clearance or transient market conditions is excluded from being considered a Consolidated Adverse Impact. In summary, while the definition addresses adverse impacts broadly, the Company's core ability to consummate the transactions is expressly preserved from being negated by such general or non-specific events.

Choices: "
"75","Answer the following multiple choice question. The entire content of your response should be of the following format: 'ANSWER: $LETTER' (without quotes) where LETTER is one of {letters}.

{question}

{choices}

Instruction: Read the following segment of a merger agreement and answer the multiple-choice question by choosing the option that best characterizes the agreement.

Question: Is the “ability to consummate” concept subject to Material Adverse Effect (MAE) carveouts?
Option A: No
Option B: Yes

Merger Agreement Excerpt: 
“Company Material Adverse Effect” means any event, change, occurrence or effect that, either (a) individually or in aggregate, has a material adverse impact on the business, assets, liabilities, financial condition or results of operations of the Company and its Subsidiaries, or (b) would reasonably be expected to prevent, materially delay or materially impair the Company’s ability to consummate the merger transaction. In the context of clause (a), the term shall not include effects directly arising from: (i) general economic or political fluctuations, (ii) changes in financial market conditions such as interest rate or currency variations, (iii) industry-wide occurrences, or (iv) the public announcement or pendency of this Agreement.
Notably, the carveouts defined under clause (a) are expressly limited to factors affecting the overall business performance and do not extend to or diminish the applicability of clause (b) which specifically covers the ability to consummate the merger. Therefore, any factor that would prevent, materially delay or materially impair the consummation of the transaction remains fully operative and is not subject to these carveouts. 

Using the above definition, determine whether the ability to consummate is limited by or exempt from the carved-out circumstances.
Choices: ","Fail","Answer the following multiple choice question. The entire content of your response should be of the following format: 'ANSWER: $LETTER' (without quotes) where LETTER is one of {letters}.

{question}

{choices}

Instruction: Read the following segment of a merger agreement and answer the multiple-choice question by choosing the option that best characterizes the agreement.

Question: Is the 'ability to consummate' concept subject to Material Adverse Effect carveouts?
Option A: No
Option B: Yes

Merger Agreement: ""Consolidated Adverse Impact"" means any change, event, or circumstance that, either individually or when aggregated with other factors, (i) would be expected to have a material adverse effect on the financial condition, operating results, or asset base of the Company, or (ii) would be reasonably expected to prevent, delay, or materially impair the Company's ability to consummate the transactions contemplated by this Agreement. Notwithstanding the foregoing, no change, event, or circumstance shall be deemed to be a Consolidated Adverse Impact if, subsequent to the Agreement date, it arises solely or primarily from (A) general fluctuations in capital or credit markets, (B) modifications in accounting standards or legal interpretations that impact the industry as a whole, or (C) routine statutory or regulatory updates not uniquely detrimental to the Company. Additionally, any delay in consummation attributable exclusively to standard governmental clearance or transient market conditions is excluded from being considered a Consolidated Adverse Impact. In summary, while the definition addresses adverse impacts broadly, the Company's core ability to consummate the transactions is expressly preserved from being negated by such general or non-specific events.

Choices: "
"76","Answer the following multiple choice question. The entire content of your response should be of the following format: 'ANSWER: $LETTER' (without quotes) where LETTER is one of {letters}.

{question}

{choices}

Instruction: Read the segment of a merger agreement and answer the multiple-choice question by choosing the option that best characterizes the agreement.
Question: Is the ""ability to consummate"" concept, as set forth below under the term 'Unified Material Effect', subject to the carveouts provided?
Option A: No
Option B: Yes

Merger Agreement Excerpt: ""Unified Material Effect"" means any event, circumstance, or development that, either individually or in the aggregate, is reasonably expected to (i) cause a material adverse effect on the operational viability of the Corporation, including its ability to consummate the merger contemplated herein, or (ii) adversely impact its financial condition or overall business operations. Notwithstanding the foregoing, for the purposes of determining whether an event constitutes a Unified Material Effect under clause (i), the following shall be excluded: (a) fluctuations in industry-wide market conditions or general economic downturns affecting all competitors uniformly; (b) routine changes in regulatory standards or GAAP interpretations implemented after the date of this Agreement; (c) the public announcement of this Agreement absent any actual operational disruption; and (d) any natural disaster or geopolitical event which does not result in a disproportionate negative impact on the Corporation relative to similarly situated entities. In cases where such excluded factors do, however, lead to a significantly disproportionate deterioration in the Corporation’s ability to consummate the merger relative to its industry peers, then those effects shall be considered in aggregate as part of a Unified Material Effect.

Choices: ","Fail","Answer the following multiple choice question. The entire content of your response should be of the following format: 'ANSWER: $LETTER' (without quotes) where LETTER is one of {letters}.

{question}

{choices}

Instruction: Read the following segment of a merger agreement and answer the multiple-choice question by choosing the option that best characterizes the agreement.

Question: Is the 'ability to consummate' concept subject to Material Adverse Effect carveouts?
Option A: No
Option B: Yes

Merger Agreement: ""Consolidated Adverse Impact"" means any change, event, or circumstance that, either individually or when aggregated with other factors, (i) would be expected to have a material adverse effect on the financial condition, operating results, or asset base of the Company, or (ii) would be reasonably expected to prevent, delay, or materially impair the Company's ability to consummate the transactions contemplated by this Agreement. Notwithstanding the foregoing, no change, event, or circumstance shall be deemed to be a Consolidated Adverse Impact if, subsequent to the Agreement date, it arises solely or primarily from (A) general fluctuations in capital or credit markets, (B) modifications in accounting standards or legal interpretations that impact the industry as a whole, or (C) routine statutory or regulatory updates not uniquely detrimental to the Company. Additionally, any delay in consummation attributable exclusively to standard governmental clearance or transient market conditions is excluded from being considered a Consolidated Adverse Impact. In summary, while the definition addresses adverse impacts broadly, the Company's core ability to consummate the transactions is expressly preserved from being negated by such general or non-specific events.

Choices: "
"77","Answer the following multiple choice question. The entire content of your response should be of the following format: 'ANSWER: $LETTER' (without quotes) where LETTER is one of {letters}.

{question}

{choices}

Instruction: Read the following segment of a merger agreement and answer the multiple-choice question by choosing the option that best characterizes the agreement.

Question: According to the agreement, is the 'ability to consummate' concept subject to Material Adverse Effect carveouts?
Option A: No
Option B: Yes

Merger Agreement: ""Material Adverse Effect"" means (i) any event, condition, effect or circumstance that, either individually or in aggregation with other effects occurring prior to the determination, would have a material adverse effect on the Company’s business, assets, liabilities, financial condition or results of operations; or (ii) would, or would be reasonably expected to, prevent, materially delay or materially impair the ability of the Company to consummate the transactions contemplated by this Agreement. Provided further that, in the determination under clause (i) only, none of the following, whether occurring individually or in aggregate, shall be deemed to constitute or contribute toward a Material Adverse Effect: (a) any changes in general economic conditions or industry-wide performance that are not disproportionately adverse to the Company relative to its peers; (b) any fluctuations in market interest rates, exchange rates or credit conditions; (c) any force majeure event, including natural disasters and pandemics, or public announcements regarding the Agreement; and (d) any regulatory or legislative change that affects all companies uniformly in the relevant industry. The carveouts in clause (i) explicitly exclude events that might otherwise impair business performance, however, clause (ii) regarding the ability to consummate is not subject to such exclusions.
Choices: ","Fail","Answer the following multiple choice question. The entire content of your response should be of the following format: 'ANSWER: $LETTER' (without quotes) where LETTER is one of {letters}.

{question}

{choices}

Instruction: Read the following segment of a merger agreement and answer the multiple-choice question by choosing the option that best characterizes the agreement.

Question: Is the 'ability to consummate' concept subject to Material Adverse Effect carveouts?
Option A: No
Option B: Yes

Merger Agreement: ""Consolidated Adverse Impact"" means any change, event, or circumstance that, either individually or when aggregated with other factors, (i) would be expected to have a material adverse effect on the financial condition, operating results, or asset base of the Company, or (ii) would be reasonably expected to prevent, delay, or materially impair the Company's ability to consummate the transactions contemplated by this Agreement. Notwithstanding the foregoing, no change, event, or circumstance shall be deemed to be a Consolidated Adverse Impact if, subsequent to the Agreement date, it arises solely or primarily from (A) general fluctuations in capital or credit markets, (B) modifications in accounting standards or legal interpretations that impact the industry as a whole, or (C) routine statutory or regulatory updates not uniquely detrimental to the Company. Additionally, any delay in consummation attributable exclusively to standard governmental clearance or transient market conditions is excluded from being considered a Consolidated Adverse Impact. In summary, while the definition addresses adverse impacts broadly, the Company's core ability to consummate the transactions is expressly preserved from being negated by such general or non-specific events.

Choices: "
"78","Answer the following multiple choice question. The entire content of your response should be of the following format: 'ANSWER: $LETTER' (without quotes) where LETTER is one of {letters}.

{question}

{choices}

Instruction: Read the segment of a merger agreement and answer the multiple-choice question by choosing the option that best characterizes the agreement.
Question: Is the “ability to consummate” concept subject to Material Adverse Effect (MAE) carveouts?
Option A: No
Option B: Yes

Merger Agreement:
“Material Adverse Change” means any event, circumstance, development or effect that, alone or in aggregate with other adverse effects, materially impairs the Company’s overall capability to complete the Transaction. For purposes of this definition, an adverse effect includes any factor that would directly prevent or delay the consummation of the Transaction. Notwithstanding the foregoing, the following exclusions shall apply in determining whether an event constitutes a Material Adverse Change: (i) any changes solely attributable to fluctuations in general economic or financial market conditions; (ii) any effects arising from modifications in applicable accounting standards or non-specific regulatory updates; and (iii) disruptions caused by natural disasters, pandemics or geopolitical unrest, so long as such events do not disproportionately affect the Company relative to its industry peers. However, it is expressly provided that in the evaluation of the Company’s ability to consummate the Transaction, none of the foregoing exclusions shall be taken into account. That is, if an event hampers the consummation process itself, that impairment must be analyzed without recourse to any carveouts described herein.

Based on the language of this agreement, answer the question.
Choices: ","Fail","Answer the following multiple choice question. The entire content of your response should be of the following format: 'ANSWER: $LETTER' (without quotes) where LETTER is one of {letters}.

{question}

{choices}

Instruction: Read the following segment of a merger agreement and answer the multiple-choice question by choosing the option that best characterizes the agreement.

Question: Is the 'ability to consummate' concept subject to Material Adverse Effect carveouts?
Option A: No
Option B: Yes

Merger Agreement: ""Consolidated Adverse Impact"" means any change, event, or circumstance that, either individually or when aggregated with other factors, (i) would be expected to have a material adverse effect on the financial condition, operating results, or asset base of the Company, or (ii) would be reasonably expected to prevent, delay, or materially impair the Company's ability to consummate the transactions contemplated by this Agreement. Notwithstanding the foregoing, no change, event, or circumstance shall be deemed to be a Consolidated Adverse Impact if, subsequent to the Agreement date, it arises solely or primarily from (A) general fluctuations in capital or credit markets, (B) modifications in accounting standards or legal interpretations that impact the industry as a whole, or (C) routine statutory or regulatory updates not uniquely detrimental to the Company. Additionally, any delay in consummation attributable exclusively to standard governmental clearance or transient market conditions is excluded from being considered a Consolidated Adverse Impact. In summary, while the definition addresses adverse impacts broadly, the Company's core ability to consummate the transactions is expressly preserved from being negated by such general or non-specific events.

Choices: "
"79","Answer the following multiple choice question. The entire content of your response should be of the following format: 'ANSWER: $LETTER' (without quotes) where LETTER is one of {letters}.

{question}

{choices}

Instruction: Read the following segment of a merger agreement and answer the multiple-choice question by choosing the option that best characterizes the agreement.
Question: Is the 'ability to consummate' concept subject to Material Adverse Effect (MAE) carveouts in this agreement?
Option A: No
Option B: Yes

Merger Agreement: ""Material Adverse Effect"" shall mean any individual or aggregated occurrence, event, or change that, if occurring, would reasonably be expected to materially disrupt the operational capacity, financial condition, or results of operations of the Company and its Affiliates, or that would impair its ability to consummate the transactions contemplated herein within the time stipulated. Notwithstanding the foregoing, however, no such occurrence, event, or change shall be deemed to constitute a Material Adverse Effect if it is attributable solely to (i) general shifts in global economic or political conditions, (ii) fluctuations in credit, capital, or financial markets, (iii) alterations in applicable generally accepted accounting principles or statutory regulations, or (iv) force majeure events including, but not limited to, natural disasters or health crises, unless such events have a disproportionate negative impact on the Company relative to its industry peers. Furthermore, for purposes of this definition, the clause referring to the Company's ability to consummate the transactions is intended to be interpreted in light of these carveouts, such that only those events that produce an incremental disproportionate adverse effect beyond the norm for the industry shall be taken into account. (Pages 10-12)
Choices: ","Fail","Answer the following multiple choice question. The entire content of your response should be of the following format: 'ANSWER: $LETTER' (without quotes) where LETTER is one of {letters}.

{question}

{choices}

Instruction: Read the following segment of a merger agreement and answer the multiple-choice question by choosing the option that best characterizes the agreement.

Question: Is the 'ability to consummate' concept subject to Material Adverse Effect carveouts?
Option A: No
Option B: Yes

Merger Agreement: ""Consolidated Adverse Impact"" means any change, event, or circumstance that, either individually or when aggregated with other factors, (i) would be expected to have a material adverse effect on the financial condition, operating results, or asset base of the Company, or (ii) would be reasonably expected to prevent, delay, or materially impair the Company's ability to consummate the transactions contemplated by this Agreement. Notwithstanding the foregoing, no change, event, or circumstance shall be deemed to be a Consolidated Adverse Impact if, subsequent to the Agreement date, it arises solely or primarily from (A) general fluctuations in capital or credit markets, (B) modifications in accounting standards or legal interpretations that impact the industry as a whole, or (C) routine statutory or regulatory updates not uniquely detrimental to the Company. Additionally, any delay in consummation attributable exclusively to standard governmental clearance or transient market conditions is excluded from being considered a Consolidated Adverse Impact. In summary, while the definition addresses adverse impacts broadly, the Company's core ability to consummate the transactions is expressly preserved from being negated by such general or non-specific events.

Choices: "
"80","Answer the following multiple choice question. The entire content of your response should be of the following format: 'ANSWER: $LETTER' (without quotes) where LETTER is one of {letters}.

{question}

{choices}

Instruction: Read the following segment of a merger agreement and answer the multiple-choice question by choosing the option that best characterizes the agreement.
Question: Is the “ability to consummate” concept subject to Material Adverse Effect (MAE) carveouts?
Option A: No
Option B: Yes
Merger Agreement: “Material Adverse Effect” means any event, change, or circumstance that, taken individually or cumulatively, would reasonably be expected to have a material adverse impact on the Company’s financial condition, business operations, or results of operations, or that would prevent, substantially delay, or materially impair the Company’s ability to consummate the transactions contemplated by this Agreement. Notwithstanding the foregoing, for purposes of ascertaining an adverse impact on the Company’s operating performance, certain factors—including fluctuations in overall economic conditions, changes in industry market trends, and variations in currency exchange rates—shall be expressly excluded. Importantly, these exclusions shall not apply to any adverse impact directly affecting the ability to consummate the Transactions. (Refer to Sections 5.1 and 6.4 for further details.)
Choices: ","Fail","Answer the following multiple choice question. The entire content of your response should be of the following format: 'ANSWER: $LETTER' (without quotes) where LETTER is one of {letters}.

{question}

{choices}

Instruction: Read the following segment of a merger agreement and answer the multiple-choice question by choosing the option that best characterizes the agreement.

Question: Is the 'ability to consummate' concept subject to Material Adverse Effect carveouts?
Option A: No
Option B: Yes

Merger Agreement: ""Consolidated Adverse Impact"" means any change, event, or circumstance that, either individually or when aggregated with other factors, (i) would be expected to have a material adverse effect on the financial condition, operating results, or asset base of the Company, or (ii) would be reasonably expected to prevent, delay, or materially impair the Company's ability to consummate the transactions contemplated by this Agreement. Notwithstanding the foregoing, no change, event, or circumstance shall be deemed to be a Consolidated Adverse Impact if, subsequent to the Agreement date, it arises solely or primarily from (A) general fluctuations in capital or credit markets, (B) modifications in accounting standards or legal interpretations that impact the industry as a whole, or (C) routine statutory or regulatory updates not uniquely detrimental to the Company. Additionally, any delay in consummation attributable exclusively to standard governmental clearance or transient market conditions is excluded from being considered a Consolidated Adverse Impact. In summary, while the definition addresses adverse impacts broadly, the Company's core ability to consummate the transactions is expressly preserved from being negated by such general or non-specific events.

Choices: "
"81","Answer the following multiple choice question. The entire content of your response should be of the following format: 'ANSWER: $LETTER' (without quotes) where LETTER is one of {letters}.

{question}

{choices}

Instruction: Read the following excerpt from the Acme Consolidated Merger Agreement and answer the multiple-choice question by choosing the option that best aligns with the agreement.

Question: Based on the excerpt, is the 'ability to consummate' the Transaction subject to the carveouts provided in the definition of 'Acme Material Adverse Effect'?
Option A: No
Option B: Yes

Acme Consolidated Merger Agreement Excerpt:
""'Acme Material Adverse Effect' means any event, change, circumstance or effect which (i) has a materially adverse impact on the overall business, financial condition or operations of the Company, or (ii) would, either alone or in aggregate with other effects, reasonably be expected to prevent, delay or impair the Company's ability to consummate the Transaction. For purposes of clause (i) above, the following shall be excluded from consideration: (a) changes in general economic conditions, (b) non-specific fluctuations in commodity or currency markets, and (c) modifications to applicable accounting standards. Notwithstanding the foregoing, with respect to clause (ii), no exclusion or carveout shall apply; that is, any event that would materially delay or impair the ability to consummate the Transaction shall be deemed to constitute an Acme Material Adverse Effect regardless of whether it simultaneously results from changes in general market or regulatory conditions.""
Choices: ","Fail","Answer the following multiple choice question. The entire content of your response should be of the following format: 'ANSWER: $LETTER' (without quotes) where LETTER is one of {letters}.

{question}

{choices}

Instruction: Read the following segment of a merger agreement and answer the multiple-choice question by choosing the option that best characterizes the agreement.

Question: Is the 'ability to consummate' concept subject to Material Adverse Effect carveouts?
Option A: No
Option B: Yes

Merger Agreement: ""Consolidated Adverse Impact"" means any change, event, or circumstance that, either individually or when aggregated with other factors, (i) would be expected to have a material adverse effect on the financial condition, operating results, or asset base of the Company, or (ii) would be reasonably expected to prevent, delay, or materially impair the Company's ability to consummate the transactions contemplated by this Agreement. Notwithstanding the foregoing, no change, event, or circumstance shall be deemed to be a Consolidated Adverse Impact if, subsequent to the Agreement date, it arises solely or primarily from (A) general fluctuations in capital or credit markets, (B) modifications in accounting standards or legal interpretations that impact the industry as a whole, or (C) routine statutory or regulatory updates not uniquely detrimental to the Company. Additionally, any delay in consummation attributable exclusively to standard governmental clearance or transient market conditions is excluded from being considered a Consolidated Adverse Impact. In summary, while the definition addresses adverse impacts broadly, the Company's core ability to consummate the transactions is expressly preserved from being negated by such general or non-specific events.

Choices: "
"82","Answer the following multiple choice question. The entire content of your response should be of the following format: 'ANSWER: $LETTER' (without quotes) where LETTER is one of {letters}.

{question}

{choices}

Instruction: Read the following segment of a merger agreement and answer the multiple-choice question by choosing the option that best characterizes the agreement.
Question: Is the 'ability to consummate' concept subject to Material Adverse Effect (MAE) carveouts?
Option A: No
Option B: Yes

Merger Agreement: ""Definition: 'Material Adverse Impact' means any event, change, or circumstance that, whether occurring individually or in aggregate, (a) would prevent or materially delay the Company’s ability to consummate the transaction contemplated herein, or (b) would have a material adverse effect on the Company’s financial condition, business operations, or strategic positioning; provided, however, that for the purposes of subclause (a), adverse effects solely due to (i) general economic fluctuations, (ii) industry-wide regulatory adjustments, or (iii) shifts in credit, currency, or interest rates shall not be considered as causing a Material Adverse Impact. Additionally, events covered under these exclusions shall not impair the ability to consummate on a timely basis, although only events unique to the Company outside of customary industry variances shall trigger subclause (b).
(Page 12-13)""
Choices: ","Fail","Answer the following multiple choice question. The entire content of your response should be of the following format: 'ANSWER: $LETTER' (without quotes) where LETTER is one of {letters}.

{question}

{choices}

Instruction: Read the following segment of a merger agreement and answer the multiple-choice question by choosing the option that best characterizes the agreement.

Question: Is the 'ability to consummate' concept subject to Material Adverse Effect carveouts?
Option A: No
Option B: Yes

Merger Agreement: ""Consolidated Adverse Impact"" means any change, event, or circumstance that, either individually or when aggregated with other factors, (i) would be expected to have a material adverse effect on the financial condition, operating results, or asset base of the Company, or (ii) would be reasonably expected to prevent, delay, or materially impair the Company's ability to consummate the transactions contemplated by this Agreement. Notwithstanding the foregoing, no change, event, or circumstance shall be deemed to be a Consolidated Adverse Impact if, subsequent to the Agreement date, it arises solely or primarily from (A) general fluctuations in capital or credit markets, (B) modifications in accounting standards or legal interpretations that impact the industry as a whole, or (C) routine statutory or regulatory updates not uniquely detrimental to the Company. Additionally, any delay in consummation attributable exclusively to standard governmental clearance or transient market conditions is excluded from being considered a Consolidated Adverse Impact. In summary, while the definition addresses adverse impacts broadly, the Company's core ability to consummate the transactions is expressly preserved from being negated by such general or non-specific events.

Choices: "
"83","Answer the following multiple choice question. The entire content of your response should be of the following format: 'ANSWER: $LETTER' (without quotes) where LETTER is one of {letters}.

{question}

{choices}

Instruction: Read the following segment of a merger agreement and answer the multiple-choice question by choosing the option that best characterizes the agreement.
Question: Is the 'ability to consummate' concept subject to Material Adverse Effect carveouts?
Option A: No
Option B: Yes

Merger Agreement: ""Company Material Adverse Change"" means any event, condition, development or occurrence (each, an ""Event"") that, whether considered individually or in the aggregate, would have a material adverse impact on the business, financial condition, or operational effectiveness of the Company, including its capacity to consummate the transactions contemplated by this Agreement. Notwithstanding any other provision, effects arising solely from general market fluctuations, modifications in generally accepted accounting principles, or changes in regulatory interpretations are excluded from being deemed a Material Adverse Change, with one exception: such exclusions shall not apply to any Event that directly impairs the Company's ability to consummate the transaction. Furthermore, any delay or impairment in consummating the transaction shall be assessed independently and cannot be offset by the carveouts applicable to other aspects of Company performance. Accordingly, the company's obligation to consummate the transaction is not diminished by any of the standard exclusions.

Choices: ","Fail","Answer the following multiple choice question. The entire content of your response should be of the following format: 'ANSWER: $LETTER' (without quotes) where LETTER is one of {letters}.

{question}

{choices}

Instruction: Read the following segment of a merger agreement and answer the multiple-choice question by choosing the option that best characterizes the agreement.

Question: Is the 'ability to consummate' concept subject to Material Adverse Effect carveouts?
Option A: No
Option B: Yes

Merger Agreement: ""Consolidated Adverse Impact"" means any change, event, or circumstance that, either individually or when aggregated with other factors, (i) would be expected to have a material adverse effect on the financial condition, operating results, or asset base of the Company, or (ii) would be reasonably expected to prevent, delay, or materially impair the Company's ability to consummate the transactions contemplated by this Agreement. Notwithstanding the foregoing, no change, event, or circumstance shall be deemed to be a Consolidated Adverse Impact if, subsequent to the Agreement date, it arises solely or primarily from (A) general fluctuations in capital or credit markets, (B) modifications in accounting standards or legal interpretations that impact the industry as a whole, or (C) routine statutory or regulatory updates not uniquely detrimental to the Company. Additionally, any delay in consummation attributable exclusively to standard governmental clearance or transient market conditions is excluded from being considered a Consolidated Adverse Impact. In summary, while the definition addresses adverse impacts broadly, the Company's core ability to consummate the transactions is expressly preserved from being negated by such general or non-specific events.

Choices: "
"84","Answer the following multiple choice question. The entire content of your response should be of the following format: 'ANSWER: $LETTER' (without quotes) where LETTER is one of {letters}.

{question}

{choices}

Instruction: Read the following excerpt from a merger agreement and answer the multiple-choice question by choosing the option that best characterizes the agreement.
Question: Based on the excerpt, is the ability to consummate the Transaction subject to the carveouts for general market and economic events?
Option A: No
Option B: Yes

Merger Agreement Excerpt:
""'Adverse Event' shall mean any event, occurrence, or development, whether occurring singly or in aggregate, that (a) materially impairs the financial condition or operational performance of Target and its Subsidiaries, or (b) would preclude, delay, or materially impair the ability of Target to consummate this Transaction. Notwithstanding the foregoing, for purposes of part (a) only, no Adverse Event shall be deemed to have occurred if it arises solely from: (i) temporary fluctuations in market valuations, (ii) changes in nationwide monetary policy, (iii) uniform industry-wide trends affecting all comparable entities, or (iv) the activation of standard governmental emergency protocols, except where such events result in a conspicuously disproportionate effect on Target. For part (b), however, the ability to consummate the Transaction is expressly insulated from the effects of subclauses (i) through (iv), provided that the core operational strengths of Target remain intact.""
Choices: ","Fail","Answer the following multiple choice question. The entire content of your response should be of the following format: 'ANSWER: $LETTER' (without quotes) where LETTER is one of {letters}.

{question}

{choices}

Instruction: Read the following segment of a merger agreement and answer the multiple-choice question by choosing the option that best characterizes the agreement.

Question: Is the 'ability to consummate' concept subject to Material Adverse Effect carveouts?
Option A: No
Option B: Yes

Merger Agreement: ""Consolidated Adverse Impact"" means any change, event, or circumstance that, either individually or when aggregated with other factors, (i) would be expected to have a material adverse effect on the financial condition, operating results, or asset base of the Company, or (ii) would be reasonably expected to prevent, delay, or materially impair the Company's ability to consummate the transactions contemplated by this Agreement. Notwithstanding the foregoing, no change, event, or circumstance shall be deemed to be a Consolidated Adverse Impact if, subsequent to the Agreement date, it arises solely or primarily from (A) general fluctuations in capital or credit markets, (B) modifications in accounting standards or legal interpretations that impact the industry as a whole, or (C) routine statutory or regulatory updates not uniquely detrimental to the Company. Additionally, any delay in consummation attributable exclusively to standard governmental clearance or transient market conditions is excluded from being considered a Consolidated Adverse Impact. In summary, while the definition addresses adverse impacts broadly, the Company's core ability to consummate the transactions is expressly preserved from being negated by such general or non-specific events.

Choices: "
"85","Answer the following multiple choice question. The entire content of your response should be of the following format: 'ANSWER: $LETTER' (without quotes) where LETTER is one of {letters}.

{question}

{choices}

Instruction: Read the segment of the merger agreement and answer the multiple-choice question by choosing the option that best characterizes the agreement.
Question: Is the “ability to consummate” concept subject to Material Adverse Effect carveouts?
Option A: No
Option B: Yes

Merger Agreement: ""Company Adverse Effect"" shall mean any event, change, or circumstance which (a) would, either alone or in the aggregate with other effects, prevent, materially delay, or materially impair the ability of the Company to consummate the transactions contemplated by this Agreement, or (b) would have a material adverse effect on the overall operations, financial condition, or business results of the Company. Notwithstanding the foregoing, for purposes of clause (b) only, the following effects shall be excluded from being considered a Company Adverse Effect: (i) general fluctuations in economic conditions including changes in interest rates, exchange rates, or market liquidity; (ii) modifications in generally accepted accounting principles or regulatory guidelines; and (iii) force majeure events such as natural disasters, unless such events uniquely and disproportionately affect the Company relative to its industry peers. It is expressly provided that clause (a), which specifically addresses the Company’s ability to consummate the transactions, is not subject to any such carveouts or exclusions. (Pages 12-14)
Choices: ","Fail","Answer the following multiple choice question. The entire content of your response should be of the following format: 'ANSWER: $LETTER' (without quotes) where LETTER is one of {letters}.

{question}

{choices}

Instruction: Read the following segment of a merger agreement and answer the multiple-choice question by choosing the option that best characterizes the agreement.

Question: Is the 'ability to consummate' concept subject to Material Adverse Effect carveouts?
Option A: No
Option B: Yes

Merger Agreement: ""Consolidated Adverse Impact"" means any change, event, or circumstance that, either individually or when aggregated with other factors, (i) would be expected to have a material adverse effect on the financial condition, operating results, or asset base of the Company, or (ii) would be reasonably expected to prevent, delay, or materially impair the Company's ability to consummate the transactions contemplated by this Agreement. Notwithstanding the foregoing, no change, event, or circumstance shall be deemed to be a Consolidated Adverse Impact if, subsequent to the Agreement date, it arises solely or primarily from (A) general fluctuations in capital or credit markets, (B) modifications in accounting standards or legal interpretations that impact the industry as a whole, or (C) routine statutory or regulatory updates not uniquely detrimental to the Company. Additionally, any delay in consummation attributable exclusively to standard governmental clearance or transient market conditions is excluded from being considered a Consolidated Adverse Impact. In summary, while the definition addresses adverse impacts broadly, the Company's core ability to consummate the transactions is expressly preserved from being negated by such general or non-specific events.

Choices: "
"86","Answer the following multiple choice question. The entire content of your response should be of the following format: 'ANSWER: $LETTER' (without quotes) where LETTER is one of {letters}.

{question}

{choices}

Acquisition Agreement Excerpt:

“Material Adverse Impact” means any event, development, or change that, whether occurring singularly or in aggregate, has a material adverse effect on the Company’s business, financial condition, or prospects for completing the transaction, including (without limitation) any event that would prevent, delay, or materially impair the consummation of the transaction. Notwithstanding the foregoing, the following occurrences shall not, by themselves, constitute a Material Adverse Impact for the purposes of affecting the Company’s overall financial results: (i) general changes in market conditions, fluctuations in exchange rates, and adjustments in common operating expenses that are consistent across the industry; (ii) force majeure events, including natural disasters, provided that such events do not uniquely or disproportionately impair the Company relative to its industry peers. However, it is expressly provided that no exclusion or carveout contained in this section shall apply to any event that directly affects the Company’s ability to consummate the transaction.

Question: Based on the foregoing definition, is the ‘ability to consummate’ the transaction subject to any of the carveouts listed in clause (i) and (ii), or does it remain fully operative without exclusion?
Choices: ","Fail","Answer the following multiple choice question. The entire content of your response should be of the following format: 'ANSWER: $LETTER' (without quotes) where LETTER is one of {letters}.

{question}

{choices}

Instruction: Read the following segment of a merger agreement and answer the multiple-choice question by choosing the option that best characterizes the agreement.

Question: Is the 'ability to consummate' concept subject to Material Adverse Effect carveouts?
Option A: No
Option B: Yes

Merger Agreement: ""Consolidated Adverse Impact"" means any change, event, or circumstance that, either individually or when aggregated with other factors, (i) would be expected to have a material adverse effect on the financial condition, operating results, or asset base of the Company, or (ii) would be reasonably expected to prevent, delay, or materially impair the Company's ability to consummate the transactions contemplated by this Agreement. Notwithstanding the foregoing, no change, event, or circumstance shall be deemed to be a Consolidated Adverse Impact if, subsequent to the Agreement date, it arises solely or primarily from (A) general fluctuations in capital or credit markets, (B) modifications in accounting standards or legal interpretations that impact the industry as a whole, or (C) routine statutory or regulatory updates not uniquely detrimental to the Company. Additionally, any delay in consummation attributable exclusively to standard governmental clearance or transient market conditions is excluded from being considered a Consolidated Adverse Impact. In summary, while the definition addresses adverse impacts broadly, the Company's core ability to consummate the transactions is expressly preserved from being negated by such general or non-specific events.

Choices: "
"87","Answer the following multiple choice question. The entire content of your response should be of the following format: 'ANSWER: $LETTER' (without quotes) where LETTER is one of {letters}.

{question}

{choices}

Instruction: Read the following segment of a merger agreement and answer the multiple-choice question by choosing the option that best characterizes the agreement.

Question: Is the “ability to consummate” concept subject to the Material Adverse Impact carveouts?
Option A: No
Option B: Yes

Merger Agreement Excerpt:
“Material Adverse Impact” means any event, change, or circumstance, including acts, omissions, or conditions, that, individually or in combination, has adversely affected, or would reasonably be expected to affect, (i) the overall operational performance of the Company, or (ii) the Company’s capacity to execute and close the Transactions. Provided, however, that for purposes of evaluating (i) only, it shall not include any of the following: (1) general economic downturns; (2) force majeure incidents, including natural disasters and pandemics; (3) sector-wide regulatory modifications; or (4) market-wide fluctuations in commodity prices. Notably, the above exclusions expressly do not apply to (ii); any factor that directly impairs the Company’s capacity to execute and consummate the Transactions, including any delays or impediments thereto, shall be considered a Material Adverse Impact.

Choices: ","Fail","Answer the following multiple choice question. The entire content of your response should be of the following format: 'ANSWER: $LETTER' (without quotes) where LETTER is one of {letters}.

{question}

{choices}

Instruction: Read the following segment of a merger agreement and answer the multiple-choice question by choosing the option that best characterizes the agreement.

Question: Is the 'ability to consummate' concept subject to Material Adverse Effect carveouts?
Option A: No
Option B: Yes

Merger Agreement: ""Consolidated Adverse Impact"" means any change, event, or circumstance that, either individually or when aggregated with other factors, (i) would be expected to have a material adverse effect on the financial condition, operating results, or asset base of the Company, or (ii) would be reasonably expected to prevent, delay, or materially impair the Company's ability to consummate the transactions contemplated by this Agreement. Notwithstanding the foregoing, no change, event, or circumstance shall be deemed to be a Consolidated Adverse Impact if, subsequent to the Agreement date, it arises solely or primarily from (A) general fluctuations in capital or credit markets, (B) modifications in accounting standards or legal interpretations that impact the industry as a whole, or (C) routine statutory or regulatory updates not uniquely detrimental to the Company. Additionally, any delay in consummation attributable exclusively to standard governmental clearance or transient market conditions is excluded from being considered a Consolidated Adverse Impact. In summary, while the definition addresses adverse impacts broadly, the Company's core ability to consummate the transactions is expressly preserved from being negated by such general or non-specific events.

Choices: "
"88","Answer the following multiple choice question. The entire content of your response should be of the following format: 'ANSWER: $LETTER' (without quotes) where LETTER is one of {letters}.

{question}

{choices}

Instruction: Read the following segment of a merger agreement and answer the multiple-choice question by choosing the option that best characterizes the agreement.

Question: Is the 'ability to consummate' concept subject to Material Adverse Effect (MAE) carveouts?
Option A: No
Option B: Yes

Merger Agreement: ""For purposes of this Agreement, 'Material Adverse Effect' means any event, change, or development – whether as a result of internal operations or external market fluctuations – that, individually or cumulatively, (a) has had or would reasonably be expected to have a material adverse effect on the business, assets, or operations of the Company, or (b) would, or would reasonably be expected to, delay, prevent, or materially impair the ability of the Company to consummate the transactions contemplated herein. Notwithstanding the foregoing, no event, change, or development shall be deemed to constitute a Material Adverse Effect with respect to the Company's ability to consummate the transactions if such effect arises solely from: (i) normal fluctuations in global or domestic financial market conditions, (ii) changes in generally accepted accounting principles (GAAP) or regulatory guidelines that affect all market participants, (iii) standard variations in foreign currency exchange rates, or (iv) public disclosures or announcements related to the transactions, unless such effects are shown to be out of proportion compared to similarly situated companies.""

Choices: ","Fail","Answer the following multiple choice question. The entire content of your response should be of the following format: 'ANSWER: $LETTER' (without quotes) where LETTER is one of {letters}.

{question}

{choices}

Instruction: Read the following segment of a merger agreement and answer the multiple-choice question by choosing the option that best characterizes the agreement.

Question: Is the 'ability to consummate' concept subject to Material Adverse Effect carveouts?
Option A: No
Option B: Yes

Merger Agreement: ""Consolidated Adverse Impact"" means any change, event, or circumstance that, either individually or when aggregated with other factors, (i) would be expected to have a material adverse effect on the financial condition, operating results, or asset base of the Company, or (ii) would be reasonably expected to prevent, delay, or materially impair the Company's ability to consummate the transactions contemplated by this Agreement. Notwithstanding the foregoing, no change, event, or circumstance shall be deemed to be a Consolidated Adverse Impact if, subsequent to the Agreement date, it arises solely or primarily from (A) general fluctuations in capital or credit markets, (B) modifications in accounting standards or legal interpretations that impact the industry as a whole, or (C) routine statutory or regulatory updates not uniquely detrimental to the Company. Additionally, any delay in consummation attributable exclusively to standard governmental clearance or transient market conditions is excluded from being considered a Consolidated Adverse Impact. In summary, while the definition addresses adverse impacts broadly, the Company's core ability to consummate the transactions is expressly preserved from being negated by such general or non-specific events.

Choices: "
"89","Answer the following multiple choice question. The entire content of your response should be of the following format: 'ANSWER: $LETTER' (without quotes) where LETTER is one of {letters}.

{question}

{choices}

Instruction: Read the following segment of an Acquisition Agreement and answer the multiple-choice question by choosing the option that best characterizes the agreement.
Question: Based on the Acquisition Agreement excerpt, is the 'ability to consummate' provision subject to the carveouts for adverse events?
Option A: No
Option B: Yes

Acquisition Agreement Excerpt: ""Acquisition Adverse Impact"" means any event, change, or circumstance that, either individually or in the aggregate, has or would reasonably be expected to have a material adverse effect on the overall business operations or the financial condition of the Seller, or that would, or would reasonably be expected to, prevent, materially delay, or materially impair the Seller’s ability to consummate the Acquisition. For purposes of determining an adverse impact on business operations and financial condition, the following exceptions shall apply: (i) common fluctuations in general economic conditions, (ii) movements in the capital or credit markets, (iii) universal industry trends, (iv) changes in GAAP or other statutory accounting methodologies, and (v) the effects of force majeure events occurring subsequent to the Agreement date. Notwithstanding the above, no such exception or carveout shall be applied to any event or circumstance that directly affects the Seller’s ability to consummate the Acquisition, including any factor that results in a material delay or impairment of closing. (Section 4.2, Pages 10-12)

Based on the above, answer the question:
Choices: ","Fail","Answer the following multiple choice question. The entire content of your response should be of the following format: 'ANSWER: $LETTER' (without quotes) where LETTER is one of {letters}.

{question}

{choices}

Instruction: Read the following segment of a merger agreement and answer the multiple-choice question by choosing the option that best characterizes the agreement.

Question: Is the 'ability to consummate' concept subject to Material Adverse Effect carveouts?
Option A: No
Option B: Yes

Merger Agreement: ""Consolidated Adverse Impact"" means any change, event, or circumstance that, either individually or when aggregated with other factors, (i) would be expected to have a material adverse effect on the financial condition, operating results, or asset base of the Company, or (ii) would be reasonably expected to prevent, delay, or materially impair the Company's ability to consummate the transactions contemplated by this Agreement. Notwithstanding the foregoing, no change, event, or circumstance shall be deemed to be a Consolidated Adverse Impact if, subsequent to the Agreement date, it arises solely or primarily from (A) general fluctuations in capital or credit markets, (B) modifications in accounting standards or legal interpretations that impact the industry as a whole, or (C) routine statutory or regulatory updates not uniquely detrimental to the Company. Additionally, any delay in consummation attributable exclusively to standard governmental clearance or transient market conditions is excluded from being considered a Consolidated Adverse Impact. In summary, while the definition addresses adverse impacts broadly, the Company's core ability to consummate the transactions is expressly preserved from being negated by such general or non-specific events.

Choices: "
"90","Answer the following multiple choice question. The entire content of your response should be of the following format: 'ANSWER: $LETTER' (without quotes) where LETTER is one of {letters}.

{question}

{choices}

Instruction: Read the following excerpt from a merger agreement and answer the multiple-choice question by choosing the option that best reflects the agreement.
Question: Based on the excerpt, is the 'ability to consummate' concept subject to the Material Adverse Impact carveouts outlined in the agreement?
Option A: No
Option B: Yes

Merger Agreement Excerpt: ""Aggregate Material Adverse Impact"" shall mean any event, circumstance, or series of events that, either individually or cumulatively, (i) would reasonably be expected to prevent, delay, or otherwise impair the consummation of the Merger by detrimentally affecting the operational capability of the relevant Party, or (ii) would lead to a material deterioration in the financial condition of the applicable entity. Notwithstanding the foregoing, for purposes of determining the consummation of the Merger, no event solely attributable to (a) broad-based macroeconomic fluctuations, including moderate shifts in interest or exchange rates, (b) natural disasters or other force majeure occurrences such as earthquakes, floods, or viral epidemics, or (c) generic changes in regulatory or legislative frameworks affecting the industry, shall be treated as constituting an Aggregate Material Adverse Impact. Furthermore, any temporary operational interruptions not exceeding a period of 90 consecutive days shall be excluded from such evaluation unless they occur concurrently with additional non-excepted adverse conditions.
Choices: ","Fail","Answer the following multiple choice question. The entire content of your response should be of the following format: 'ANSWER: $LETTER' (without quotes) where LETTER is one of {letters}.

{question}

{choices}

Instruction: Read the following segment of a merger agreement and answer the multiple-choice question by choosing the option that best characterizes the agreement.

Question: Is the 'ability to consummate' concept subject to Material Adverse Effect carveouts?
Option A: No
Option B: Yes

Merger Agreement: ""Consolidated Adverse Impact"" means any change, event, or circumstance that, either individually or when aggregated with other factors, (i) would be expected to have a material adverse effect on the financial condition, operating results, or asset base of the Company, or (ii) would be reasonably expected to prevent, delay, or materially impair the Company's ability to consummate the transactions contemplated by this Agreement. Notwithstanding the foregoing, no change, event, or circumstance shall be deemed to be a Consolidated Adverse Impact if, subsequent to the Agreement date, it arises solely or primarily from (A) general fluctuations in capital or credit markets, (B) modifications in accounting standards or legal interpretations that impact the industry as a whole, or (C) routine statutory or regulatory updates not uniquely detrimental to the Company. Additionally, any delay in consummation attributable exclusively to standard governmental clearance or transient market conditions is excluded from being considered a Consolidated Adverse Impact. In summary, while the definition addresses adverse impacts broadly, the Company's core ability to consummate the transactions is expressly preserved from being negated by such general or non-specific events.

Choices: "
"91","Answer the following multiple choice question. The entire content of your response should be of the following format: 'ANSWER: $LETTER' (without quotes) where LETTER is one of {letters}.

{question}

{choices}

Instruction: Read the following section of a merger agreement and answer the multiple-choice question by choosing the option that most accurately characterizes the agreement.

Question: Does the merger agreement render the 'ability to consummate' provision immune to the Material Adverse Effect (MAE) carveouts?
Option A: It is not affected by MAE carveouts.
Option B: It is affected by MAE carveouts.

Merger Agreement Excerpt:
""'Material Adverse Effect' means any event, occurrence, or series of circumstances that would, directly or indirectly, impede, delay, or render impossible the consummation of the Transaction. Notwithstanding the exceptions listed herein for events resulting from general economic downturns, regulatory modifications adopted subsequent to the date of this Agreement, and standard force majeure events (including, but not limited to, pandemics, natural disasters, and routine market fluctuations), the ability to consummate the Transaction shall remain unaffected by these carveouts. In no event shall any exclusion or exception provided under this MAE definition diminish or delay the target firm's capacity to complete the Transaction. The consummation requirement is expressly excluded from any and all MAE carveouts, meaning that even if events falling within the listed exceptions occur, they will not impede the consummation obligation set forth herein.""

Based on the above, answer the question.
Choices: ","Fail","Answer the following multiple choice question. The entire content of your response should be of the following format: 'ANSWER: $LETTER' (without quotes) where LETTER is one of {letters}.

{question}

{choices}

Instruction: Read the following segment of a merger agreement and answer the multiple-choice question by choosing the option that best characterizes the agreement.

Question: Is the 'ability to consummate' concept subject to Material Adverse Effect carveouts?
Option A: No
Option B: Yes

Merger Agreement: ""Consolidated Adverse Impact"" means any change, event, or circumstance that, either individually or when aggregated with other factors, (i) would be expected to have a material adverse effect on the financial condition, operating results, or asset base of the Company, or (ii) would be reasonably expected to prevent, delay, or materially impair the Company's ability to consummate the transactions contemplated by this Agreement. Notwithstanding the foregoing, no change, event, or circumstance shall be deemed to be a Consolidated Adverse Impact if, subsequent to the Agreement date, it arises solely or primarily from (A) general fluctuations in capital or credit markets, (B) modifications in accounting standards or legal interpretations that impact the industry as a whole, or (C) routine statutory or regulatory updates not uniquely detrimental to the Company. Additionally, any delay in consummation attributable exclusively to standard governmental clearance or transient market conditions is excluded from being considered a Consolidated Adverse Impact. In summary, while the definition addresses adverse impacts broadly, the Company's core ability to consummate the transactions is expressly preserved from being negated by such general or non-specific events.

Choices: "
"92","Answer the following multiple choice question. The entire content of your response should be of the following format: 'ANSWER: $LETTER' (without quotes) where LETTER is one of {letters}.

{question}

{choices}

Instruction: Read the following segment of a merger agreement and answer the multiple-choice question by choosing the option that best characterizes the agreement.

Question: Is the “ability to consummate” concept subject to Material Adverse Effect (MAE) carveouts?
Option A: No
Option B: Yes

Merger Agreement: ""Material Adverse Effect"" shall mean any event, change, or circumstance that, either individually or cumulatively, would (i) have a material adverse effect on the overall business, assets, liabilities, or financial condition of the Company, or (ii) prevent, materially delay, or materially impair the Company’s ability to consummate the transactions contemplated by this Agreement. Notwithstanding the general exclusions provided herein—which exclude normal economic fluctuations, general changes in market conditions, ordinary shifts in regulatory frameworks, and natural disasters—from constituting a Material Adverse Effect as they impact overall operations, no such exclusions shall apply to any event that directly affects the Company’s ability to consummate the transactions. Accordingly, even if an event would normally be carved out as a non-material adverse effect when considering business performance, it shall be deemed material if it impairs the ability to consummate the transaction. (Pages 10-12)
Choices: ","Fail","Answer the following multiple choice question. The entire content of your response should be of the following format: 'ANSWER: $LETTER' (without quotes) where LETTER is one of {letters}.

{question}

{choices}

Instruction: Read the following segment of a merger agreement and answer the multiple-choice question by choosing the option that best characterizes the agreement.

Question: Is the 'ability to consummate' concept subject to Material Adverse Effect carveouts?
Option A: No
Option B: Yes

Merger Agreement: ""Consolidated Adverse Impact"" means any change, event, or circumstance that, either individually or when aggregated with other factors, (i) would be expected to have a material adverse effect on the financial condition, operating results, or asset base of the Company, or (ii) would be reasonably expected to prevent, delay, or materially impair the Company's ability to consummate the transactions contemplated by this Agreement. Notwithstanding the foregoing, no change, event, or circumstance shall be deemed to be a Consolidated Adverse Impact if, subsequent to the Agreement date, it arises solely or primarily from (A) general fluctuations in capital or credit markets, (B) modifications in accounting standards or legal interpretations that impact the industry as a whole, or (C) routine statutory or regulatory updates not uniquely detrimental to the Company. Additionally, any delay in consummation attributable exclusively to standard governmental clearance or transient market conditions is excluded from being considered a Consolidated Adverse Impact. In summary, while the definition addresses adverse impacts broadly, the Company's core ability to consummate the transactions is expressly preserved from being negated by such general or non-specific events.

Choices: "
"93","Answer the following multiple choice question. The entire content of your response should be of the following format: 'ANSWER: $LETTER' (without quotes) where LETTER is one of {letters}.

{question}

{choices}

Instruction: Read the excerpt from a merger agreement and answer the multiple-choice question by choosing the option that best characterizes the agreement.
Question: Is the “ability to consummate” concept subject to Material Adverse Effect (MAE) carveouts?
Option A: No
Option B: Yes

Merger Agreement Excerpt: ""Material Adverse Change"" means any event, change, or occurrence that, individually or in aggregate, (i) would materially impair or delay the Company’s ability to consummate the proposed merger, or (ii) would have a material adverse effect on the Company’s financial condition, operations, or assets; provided that, for the purposes of both clauses (i) and (ii), no such event, change, or occurrence arising solely from (a) generally applicable economic downturns, (b) fluctuations in the global financial markets, (c) standard changes in credit conditions or currency exchange rates, or (d) shifts in regulatory policies affecting the industry at large, shall be deemed to constitute a Material Adverse Change. Notably, no further carveouts are provided specifically for the consummation clause beyond those stated above.

Answer:
Choices: ","Fail","Answer the following multiple choice question. The entire content of your response should be of the following format: 'ANSWER: $LETTER' (without quotes) where LETTER is one of {letters}.

{question}

{choices}

Instruction: Read the following segment of a merger agreement and answer the multiple-choice question by choosing the option that best characterizes the agreement.

Question: Is the 'ability to consummate' concept subject to Material Adverse Effect carveouts?
Option A: No
Option B: Yes

Merger Agreement: ""Consolidated Adverse Impact"" means any change, event, or circumstance that, either individually or when aggregated with other factors, (i) would be expected to have a material adverse effect on the financial condition, operating results, or asset base of the Company, or (ii) would be reasonably expected to prevent, delay, or materially impair the Company's ability to consummate the transactions contemplated by this Agreement. Notwithstanding the foregoing, no change, event, or circumstance shall be deemed to be a Consolidated Adverse Impact if, subsequent to the Agreement date, it arises solely or primarily from (A) general fluctuations in capital or credit markets, (B) modifications in accounting standards or legal interpretations that impact the industry as a whole, or (C) routine statutory or regulatory updates not uniquely detrimental to the Company. Additionally, any delay in consummation attributable exclusively to standard governmental clearance or transient market conditions is excluded from being considered a Consolidated Adverse Impact. In summary, while the definition addresses adverse impacts broadly, the Company's core ability to consummate the transactions is expressly preserved from being negated by such general or non-specific events.

Choices: "
"94","Answer the following multiple choice question. The entire content of your response should be of the following format: 'ANSWER: $LETTER' (without quotes) where LETTER is one of {letters}.

{question}

{choices}

Instruction: Read the following segment of a merger agreement and answer the multiple-choice question by choosing the option that best characterizes the agreement.

Question: Is the “ability to consummate” concept subject to Material Adverse Effect carveouts?
Option A: No
Option B: Yes

Merger Agreement: ""Company Material Adverse Effect"" means any event, occurrence, or change that (i) has had or would reasonably be expected to have a material adverse effect on the overall financial condition, business operations, or results of operations of the Company, or (ii) would prevent, materially delay, or materially impair the Company's ability to consummate the transactions contemplated by this Agreement. Notwithstanding the extensive exceptions set forth for general adverse effects—including changes in global economic trends, market interest rates, regulatory laws, public announcements, and modifications to GAAP or other accounting standards—it is expressly provided that none of these carveouts shall apply to any effect that directly impairs or delays the ability of the Company to consummate the transaction. Any event impacting the ability to consummate, regardless of its source, is fully considered when determining a Material Adverse Effect.
Choices: ","Fail","Answer the following multiple choice question. The entire content of your response should be of the following format: 'ANSWER: $LETTER' (without quotes) where LETTER is one of {letters}.

{question}

{choices}

Instruction: Read the following segment of a merger agreement and answer the multiple-choice question by choosing the option that best characterizes the agreement.

Question: Is the 'ability to consummate' concept subject to Material Adverse Effect carveouts?
Option A: No
Option B: Yes

Merger Agreement: ""Consolidated Adverse Impact"" means any change, event, or circumstance that, either individually or when aggregated with other factors, (i) would be expected to have a material adverse effect on the financial condition, operating results, or asset base of the Company, or (ii) would be reasonably expected to prevent, delay, or materially impair the Company's ability to consummate the transactions contemplated by this Agreement. Notwithstanding the foregoing, no change, event, or circumstance shall be deemed to be a Consolidated Adverse Impact if, subsequent to the Agreement date, it arises solely or primarily from (A) general fluctuations in capital or credit markets, (B) modifications in accounting standards or legal interpretations that impact the industry as a whole, or (C) routine statutory or regulatory updates not uniquely detrimental to the Company. Additionally, any delay in consummation attributable exclusively to standard governmental clearance or transient market conditions is excluded from being considered a Consolidated Adverse Impact. In summary, while the definition addresses adverse impacts broadly, the Company's core ability to consummate the transactions is expressly preserved from being negated by such general or non-specific events.

Choices: "
"95","Answer the following multiple choice question. The entire content of your response should be of the following format: 'ANSWER: $LETTER' (without quotes) where LETTER is one of {letters}.

{question}

{choices}

Instruction: Read the following segment of a merger agreement and answer the multiple-choice question by choosing the option that best describes the treatment of the 'ability to consummate' concept.
Question: Is the 'ability to consummate' concept subject to Material Adverse Effect (MAE) carveouts?
Option A: No
Option B: Yes

Merger Agreement Excerpt:
""For purposes of this Agreement, 'Company Material Adverse Effect' means any event, change, or condition that: (a) has had or would reasonably be expected to have a material adverse impact on the financial condition, assets, or operations of the Company, provided that the following effects shall be excluded from such determination: (i) any changes in general economic, political, or market conditions, including fluctuations in interest or exchange rates; (ii) any adverse effects arising from modifications in applicable accounting standards or regulatory directives; and (iii) any impacts resulting from natural disasters, force majeure events, or other industry-wide occurrences; and (b) would, or would reasonably be expected to, prevent, materially delay, or materially impair the ability of the Company to consummate the transactions contemplated hereby. Notably, with respect to clause (b), no exceptions or carveouts shall apply, irrespective of the underlying causes.""
Choices: ","Fail","Answer the following multiple choice question. The entire content of your response should be of the following format: 'ANSWER: $LETTER' (without quotes) where LETTER is one of {letters}.

{question}

{choices}

Instruction: Read the following segment of a merger agreement and answer the multiple-choice question by choosing the option that best characterizes the agreement.

Question: Is the 'ability to consummate' concept subject to Material Adverse Effect carveouts?
Option A: No
Option B: Yes

Merger Agreement: ""Consolidated Adverse Impact"" means any change, event, or circumstance that, either individually or when aggregated with other factors, (i) would be expected to have a material adverse effect on the financial condition, operating results, or asset base of the Company, or (ii) would be reasonably expected to prevent, delay, or materially impair the Company's ability to consummate the transactions contemplated by this Agreement. Notwithstanding the foregoing, no change, event, or circumstance shall be deemed to be a Consolidated Adverse Impact if, subsequent to the Agreement date, it arises solely or primarily from (A) general fluctuations in capital or credit markets, (B) modifications in accounting standards or legal interpretations that impact the industry as a whole, or (C) routine statutory or regulatory updates not uniquely detrimental to the Company. Additionally, any delay in consummation attributable exclusively to standard governmental clearance or transient market conditions is excluded from being considered a Consolidated Adverse Impact. In summary, while the definition addresses adverse impacts broadly, the Company's core ability to consummate the transactions is expressly preserved from being negated by such general or non-specific events.

Choices: "
"96","Answer the following multiple choice question. The entire content of your response should be of the following format: 'ANSWER: $LETTER' (without quotes) where LETTER is one of {letters}.

{question}

{choices}

Instruction: Read the following segment of a merger agreement and answer the multiple-choice question by choosing the option that best characterizes the agreement.

Question: Is the 'ability to consummate' the transactions subject to exclusion under the Material Adverse Effect (MAE) carveouts?
Option A: No
Option B: Yes

Merger Agreement Segment: ""For purposes of this Agreement, the term 'Material Adverse Effect' shall mean any change, event, or circumstance, whether occurring before or after the execution of this Agreement, that, either individually or in aggregate, adversely impacts the target's financial condition, operational performance, or its ability to consummate the Merger. Notwithstanding such definition, however, no effect shall be deemed to constitute a Material Adverse Effect if it is solely attributable to (i) general economic or industry-wide fluctuations, including uniform currency variation or market-wide shifts in interest rates; (ii) force majeure events such as natural disasters, pandemics, or government-imposed restrictions that impact all entities in the market similarly; or (iii) repercussions relating exclusively to the public announcement or disclosure of this Agreement. Accordingly, any disruption in the target's ability to consummate the Merger that arises directly from one of the exceptions listed herein shall not be classified as a Material Adverse Effect.""
Choices: ","Fail","Answer the following multiple choice question. The entire content of your response should be of the following format: 'ANSWER: $LETTER' (without quotes) where LETTER is one of {letters}.

{question}

{choices}

Instruction: Read the following segment of a merger agreement and answer the multiple-choice question by choosing the option that best characterizes the agreement.

Question: Is the 'ability to consummate' concept subject to Material Adverse Effect carveouts?
Option A: No
Option B: Yes

Merger Agreement: ""Consolidated Adverse Impact"" means any change, event, or circumstance that, either individually or when aggregated with other factors, (i) would be expected to have a material adverse effect on the financial condition, operating results, or asset base of the Company, or (ii) would be reasonably expected to prevent, delay, or materially impair the Company's ability to consummate the transactions contemplated by this Agreement. Notwithstanding the foregoing, no change, event, or circumstance shall be deemed to be a Consolidated Adverse Impact if, subsequent to the Agreement date, it arises solely or primarily from (A) general fluctuations in capital or credit markets, (B) modifications in accounting standards or legal interpretations that impact the industry as a whole, or (C) routine statutory or regulatory updates not uniquely detrimental to the Company. Additionally, any delay in consummation attributable exclusively to standard governmental clearance or transient market conditions is excluded from being considered a Consolidated Adverse Impact. In summary, while the definition addresses adverse impacts broadly, the Company's core ability to consummate the transactions is expressly preserved from being negated by such general or non-specific events.

Choices: "
"97","Answer the following multiple choice question. The entire content of your response should be of the following format: 'ANSWER: $LETTER' (without quotes) where LETTER is one of {letters}.

{question}

{choices}

Instruction: Read the following excerpt of a merger agreement and answer the multiple-choice question by choosing the option that best characterizes the agreement.

Question: Is the 'ability to consummate' concept subject to Material Adverse Effect (MAE) carveouts?
Option A: No
Option B: Yes

Merger Agreement Excerpt:
""Company Material Adverse Effect"" means any event, change, or occurrence that (i) results in a material adverse effect on the overall business, financial condition, or operating results of the Company, or (ii) materially impairs the ability of the Company to timely consummate the merger transaction prior to the External Deadline. Provided, however, that for the purposes of clause (ii) the ‘ability to consummate’ shall not be considered impaired by changes in global economic conditions, market volatility, fluctuations in credit, or modifications in regulatory environments that are common to the industry, except where such changes have a disproportionate adverse impact on the Company relative to its industry peers.

Based on the above merger agreement, determine the proper characterization of whether the 'ability to consummate' concept is subject to MAE carveouts.
Choices: ","Fail","Answer the following multiple choice question. The entire content of your response should be of the following format: 'ANSWER: $LETTER' (without quotes) where LETTER is one of {letters}.

{question}

{choices}

Instruction: Read the following segment of a merger agreement and answer the multiple-choice question by choosing the option that best characterizes the agreement.

Question: Is the 'ability to consummate' concept subject to Material Adverse Effect carveouts?
Option A: No
Option B: Yes

Merger Agreement: ""Consolidated Adverse Impact"" means any change, event, or circumstance that, either individually or when aggregated with other factors, (i) would be expected to have a material adverse effect on the financial condition, operating results, or asset base of the Company, or (ii) would be reasonably expected to prevent, delay, or materially impair the Company's ability to consummate the transactions contemplated by this Agreement. Notwithstanding the foregoing, no change, event, or circumstance shall be deemed to be a Consolidated Adverse Impact if, subsequent to the Agreement date, it arises solely or primarily from (A) general fluctuations in capital or credit markets, (B) modifications in accounting standards or legal interpretations that impact the industry as a whole, or (C) routine statutory or regulatory updates not uniquely detrimental to the Company. Additionally, any delay in consummation attributable exclusively to standard governmental clearance or transient market conditions is excluded from being considered a Consolidated Adverse Impact. In summary, while the definition addresses adverse impacts broadly, the Company's core ability to consummate the transactions is expressly preserved from being negated by such general or non-specific events.

Choices: "
"98","Answer the following multiple choice question. The entire content of your response should be of the following format: 'ANSWER: $LETTER' (without quotes) where LETTER is one of {letters}.

{question}

{choices}

Instruction: Read the following excerpt from a fictitious merger agreement and answer the multiple-choice question by choosing the option that best characterizes the agreement.

Question: Is the “ability to consummate” concept subject to Material Adverse Effect (MAE) carveouts?
Option A: No
Option B: Yes

Merger Agreement Excerpt:
""Material Adverse Effect"" means any event, development, or change that:
(a) produces a material adverse effect on the financial condition, operations, or assets of the Company, except that any effect arising solely from general economic trends, fluctuations in market interest or exchange rates, or standard industry cyclical downturns shall not be taken into account for this clause; and
(b) would, without any exception, prevent, materially delay, or materially impair the Company’s ability to consummate the Transactions contemplated by this Agreement.

Notably, none of the carveouts specified for clause (a) extend to clause (b).

Based on the above excerpt, answer the question.
Choices: ","Fail","Answer the following multiple choice question. The entire content of your response should be of the following format: 'ANSWER: $LETTER' (without quotes) where LETTER is one of {letters}.

{question}

{choices}

Instruction: Read the following segment of a merger agreement and answer the multiple-choice question by choosing the option that best characterizes the agreement.

Question: Is the 'ability to consummate' concept subject to Material Adverse Effect carveouts?
Option A: No
Option B: Yes

Merger Agreement: ""Consolidated Adverse Impact"" means any change, event, or circumstance that, either individually or when aggregated with other factors, (i) would be expected to have a material adverse effect on the financial condition, operating results, or asset base of the Company, or (ii) would be reasonably expected to prevent, delay, or materially impair the Company's ability to consummate the transactions contemplated by this Agreement. Notwithstanding the foregoing, no change, event, or circumstance shall be deemed to be a Consolidated Adverse Impact if, subsequent to the Agreement date, it arises solely or primarily from (A) general fluctuations in capital or credit markets, (B) modifications in accounting standards or legal interpretations that impact the industry as a whole, or (C) routine statutory or regulatory updates not uniquely detrimental to the Company. Additionally, any delay in consummation attributable exclusively to standard governmental clearance or transient market conditions is excluded from being considered a Consolidated Adverse Impact. In summary, while the definition addresses adverse impacts broadly, the Company's core ability to consummate the transactions is expressly preserved from being negated by such general or non-specific events.

Choices: "
"99","Answer the following multiple choice question. The entire content of your response should be of the following format: 'ANSWER: $LETTER' (without quotes) where LETTER is one of {letters}.

{question}

{choices}

Instruction: Read the segment of a merger agreement and answer the multiple-choice question by choosing the option that best characterizes the agreement.
Question: Is the ‘ability to consummate’ concept subject to Material Adverse Effect (MAE) carveouts?
Option A: No
Option B: Yes

Merger Agreement: “Company Material Adverse Effect” means any event, change, circumstance or occurrence that, either individually or in aggregate, (a) has had or would be reasonably expected to cause a material adverse impact on the Company’s financial condition, results of operations or assets, or (b) would, in the absence of any mitigating circumstances, prevent, substantially delay or impair the Company’s ability to consummate the transactions contemplated by this Agreement. Provided, however, that for purposes of clause (a) only, the determination of a material adverse impact shall exclude effects arising solely from: (i) changes in generally accepted accounting principles (GAAP); (ii) industry-wide economic downturns; and (iii) market fluctuations that affect all companies uniformly. No such exclusions or carveouts shall apply to clause (b).

Choices: ","Fail","Answer the following multiple choice question. The entire content of your response should be of the following format: 'ANSWER: $LETTER' (without quotes) where LETTER is one of {letters}.

{question}

{choices}

Instruction: Read the following segment of a merger agreement and answer the multiple-choice question by choosing the option that best characterizes the agreement.

Question: Is the 'ability to consummate' concept subject to Material Adverse Effect carveouts?
Option A: No
Option B: Yes

Merger Agreement: ""Consolidated Adverse Impact"" means any change, event, or circumstance that, either individually or when aggregated with other factors, (i) would be expected to have a material adverse effect on the financial condition, operating results, or asset base of the Company, or (ii) would be reasonably expected to prevent, delay, or materially impair the Company's ability to consummate the transactions contemplated by this Agreement. Notwithstanding the foregoing, no change, event, or circumstance shall be deemed to be a Consolidated Adverse Impact if, subsequent to the Agreement date, it arises solely or primarily from (A) general fluctuations in capital or credit markets, (B) modifications in accounting standards or legal interpretations that impact the industry as a whole, or (C) routine statutory or regulatory updates not uniquely detrimental to the Company. Additionally, any delay in consummation attributable exclusively to standard governmental clearance or transient market conditions is excluded from being considered a Consolidated Adverse Impact. In summary, while the definition addresses adverse impacts broadly, the Company's core ability to consummate the transactions is expressly preserved from being negated by such general or non-specific events.

Choices: "
"100","Answer the following multiple choice question. The entire content of your response should be of the following format: 'ANSWER: $LETTER' (without quotes) where LETTER is one of {letters}.

{question}

{choices}

Instruction: Read the segment of a merger agreement and answer the multiple-choice question by choosing the option that best characterizes the agreement.

Question: Under the definitions provided, is the Firm’s ability to consummate the transaction subject to carveout exceptions?
Option A: No
Option B: Yes

Merger Agreement Excerpt: ""Firm Material Impact"" means any event, change, or condition that: 
(i) directly undermines the Firm’s capacity to finalize the transactions contemplated herein, or 
(ii) materially delays such finalization. 
Provided that, for all matters affecting the Firm’s overall financial performance and operational metrics (clause (i)), only effects exceeding normal industry fluctuations, statutory rate changes, or general market trends shall be deemed to constitute a Firm Material Impact. However, with respect to clause (ii), which pertains solely to the delay or prevention of consummating the transaction, no exceptions or carveouts shall be applied regardless of any coincidental economic or regulatory shifts. 

Based on the foregoing, answer the question.
Choices: ","Fail","Answer the following multiple choice question. The entire content of your response should be of the following format: 'ANSWER: $LETTER' (without quotes) where LETTER is one of {letters}.

{question}

{choices}

Instruction: Read the following segment of a merger agreement and answer the multiple-choice question by choosing the option that best characterizes the agreement.

Question: Is the 'ability to consummate' concept subject to Material Adverse Effect carveouts?
Option A: No
Option B: Yes

Merger Agreement: ""Consolidated Adverse Impact"" means any change, event, or circumstance that, either individually or when aggregated with other factors, (i) would be expected to have a material adverse effect on the financial condition, operating results, or asset base of the Company, or (ii) would be reasonably expected to prevent, delay, or materially impair the Company's ability to consummate the transactions contemplated by this Agreement. Notwithstanding the foregoing, no change, event, or circumstance shall be deemed to be a Consolidated Adverse Impact if, subsequent to the Agreement date, it arises solely or primarily from (A) general fluctuations in capital or credit markets, (B) modifications in accounting standards or legal interpretations that impact the industry as a whole, or (C) routine statutory or regulatory updates not uniquely detrimental to the Company. Additionally, any delay in consummation attributable exclusively to standard governmental clearance or transient market conditions is excluded from being considered a Consolidated Adverse Impact. In summary, while the definition addresses adverse impacts broadly, the Company's core ability to consummate the transactions is expressly preserved from being negated by such general or non-specific events.

Choices: "
"101","Answer the following multiple choice question. The entire content of your response should be of the following format: 'ANSWER: $LETTER' (without quotes) where LETTER is one of {letters}.

{question}

{choices}

Instruction: Read the following segment of a merger agreement and answer the multiple-choice question by choosing the option that best characterizes the agreement.
Question: Is the 'ability to consummate' concept subject to Material Adverse Effect carveouts?
Option A: No
Option B: Yes

Merger Agreement: ""Merger Material Adverse Effect"" means any fact, event, or change which, either alone or in combination with other effects, (i) has a material adverse impact on the financial condition, operating performance, or overall business of the Company, or (ii) would, or would reasonably be expected to, delay, impede, or prevent the consummation of the merger transaction. For purposes of clause (i) only, the following shall not be considered as a Material Adverse Effect: (A) general economic trends, (B) minor fluctuations in market conditions including changes in interest rates and stock trading volumes, and (C) broad regulatory reforms. Notably, no exceptions or carveouts are applicable to clause (ii); any factor that affects the Company’s ability to consummate the merger is automatically considered under the definition without exclusion. (Pages 15-16)
Choices: ","Fail","Answer the following multiple choice question. The entire content of your response should be of the following format: 'ANSWER: $LETTER' (without quotes) where LETTER is one of {letters}.

{question}

{choices}

Instruction: Read the following segment of a merger agreement and answer the multiple-choice question by choosing the option that best characterizes the agreement.

Question: Is the 'ability to consummate' concept subject to Material Adverse Effect carveouts?
Option A: No
Option B: Yes

Merger Agreement: ""Consolidated Adverse Impact"" means any change, event, or circumstance that, either individually or when aggregated with other factors, (i) would be expected to have a material adverse effect on the financial condition, operating results, or asset base of the Company, or (ii) would be reasonably expected to prevent, delay, or materially impair the Company's ability to consummate the transactions contemplated by this Agreement. Notwithstanding the foregoing, no change, event, or circumstance shall be deemed to be a Consolidated Adverse Impact if, subsequent to the Agreement date, it arises solely or primarily from (A) general fluctuations in capital or credit markets, (B) modifications in accounting standards or legal interpretations that impact the industry as a whole, or (C) routine statutory or regulatory updates not uniquely detrimental to the Company. Additionally, any delay in consummation attributable exclusively to standard governmental clearance or transient market conditions is excluded from being considered a Consolidated Adverse Impact. In summary, while the definition addresses adverse impacts broadly, the Company's core ability to consummate the transactions is expressly preserved from being negated by such general or non-specific events.

Choices: "
"102","Answer the following multiple choice question. The entire content of your response should be of the following format: 'ANSWER: $LETTER' (without quotes) where LETTER is one of {letters}.

{question}

{choices}

Instruction: Read the segment of a merger agreement and answer the multiple-choice question by choosing the option that best characterizes the agreement.
Question: Is the “ability to consummate” concept subject to Material Adverse Effect (MAE) carveouts?
Option A: No
Option B: Yes

Merger Agreement: “Company Material Adverse Effect” means any event, change, or circumstance that (a) has or would reasonably be expected to have a material adverse effect on the Company’s business operations, financial condition, or prospects, except that with respect to clause (a) only, none of the following shall be considered: fluctuations in general economic conditions, changes in regulatory frameworks, market volatility, or force majeure events; and (b) would, or would reasonably be expected to, prevent or materially delay the consummation of the Transaction. Notably, the exclusions listed in clause (a) do not apply to clause (b), so that any factor adversely affecting the ability to consummate the Transaction is captured as a Material Adverse Effect.

(End of excerpt)
Choices: ","Fail","Answer the following multiple choice question. The entire content of your response should be of the following format: 'ANSWER: $LETTER' (without quotes) where LETTER is one of {letters}.

{question}

{choices}

Instruction: Read the following segment of a merger agreement and answer the multiple-choice question by choosing the option that best characterizes the agreement.

Question: Is the 'ability to consummate' concept subject to Material Adverse Effect carveouts?
Option A: No
Option B: Yes

Merger Agreement: ""Consolidated Adverse Impact"" means any change, event, or circumstance that, either individually or when aggregated with other factors, (i) would be expected to have a material adverse effect on the financial condition, operating results, or asset base of the Company, or (ii) would be reasonably expected to prevent, delay, or materially impair the Company's ability to consummate the transactions contemplated by this Agreement. Notwithstanding the foregoing, no change, event, or circumstance shall be deemed to be a Consolidated Adverse Impact if, subsequent to the Agreement date, it arises solely or primarily from (A) general fluctuations in capital or credit markets, (B) modifications in accounting standards or legal interpretations that impact the industry as a whole, or (C) routine statutory or regulatory updates not uniquely detrimental to the Company. Additionally, any delay in consummation attributable exclusively to standard governmental clearance or transient market conditions is excluded from being considered a Consolidated Adverse Impact. In summary, while the definition addresses adverse impacts broadly, the Company's core ability to consummate the transactions is expressly preserved from being negated by such general or non-specific events.

Choices: "
"103","Answer the following multiple choice question. The entire content of your response should be of the following format: 'ANSWER: $LETTER' (without quotes) where LETTER is one of {letters}.

{question}

{choices}

Instruction: Read the following segment of a merger document and answer the multiple-choice question by choosing the option that best characterizes the agreement.
Question: Is the 'ability to consummate' aspect as defined in the following provision subject to the carveouts specified under Material Adverse Impact?
Option A: No
Option B: Yes

Merger Provision: ""Material Adverse Impact"" means any change, event, or circumstance that, either alone or in combination with other factors, materially impairs (i) the overall business, assets, liabilities, or financial condition of the Acquirer and its Affiliates, or (ii) the ability of the Acquirer to consummate the transactions contemplated by this Agreement. However, notwithstanding the foregoing, for purposes of this definition, any effect that arises solely from: (a) general fluctuations in economic conditions or currency valuations; (b) non-specific changes in market sentiment, including alterations in the trading volume or price of the Acquirer's securities; or (c) natural disasters, force majeure events, or comparable external disruptions (absent any incremental adverse effect above that experienced by comparable industry peers) shall not be deemed to constitute a Material Adverse Impact.
Choices: ","Fail","Answer the following multiple choice question. The entire content of your response should be of the following format: 'ANSWER: $LETTER' (without quotes) where LETTER is one of {letters}.

{question}

{choices}

Instruction: Read the following segment of a merger agreement and answer the multiple-choice question by choosing the option that best characterizes the agreement.

Question: Is the 'ability to consummate' concept subject to Material Adverse Effect carveouts?
Option A: No
Option B: Yes

Merger Agreement: ""Consolidated Adverse Impact"" means any change, event, or circumstance that, either individually or when aggregated with other factors, (i) would be expected to have a material adverse effect on the financial condition, operating results, or asset base of the Company, or (ii) would be reasonably expected to prevent, delay, or materially impair the Company's ability to consummate the transactions contemplated by this Agreement. Notwithstanding the foregoing, no change, event, or circumstance shall be deemed to be a Consolidated Adverse Impact if, subsequent to the Agreement date, it arises solely or primarily from (A) general fluctuations in capital or credit markets, (B) modifications in accounting standards or legal interpretations that impact the industry as a whole, or (C) routine statutory or regulatory updates not uniquely detrimental to the Company. Additionally, any delay in consummation attributable exclusively to standard governmental clearance or transient market conditions is excluded from being considered a Consolidated Adverse Impact. In summary, while the definition addresses adverse impacts broadly, the Company's core ability to consummate the transactions is expressly preserved from being negated by such general or non-specific events.

Choices: "
"104","Answer the following multiple choice question. The entire content of your response should be of the following format: 'ANSWER: $LETTER' (without quotes) where LETTER is one of {letters}.

{question}

{choices}

Instruction: Read the following merger agreement excerpt and answer the multiple-choice question by selecting the option that best characterizes the agreement.
Question: Is the 'ability to consummate' concept subject to Material Adverse Impact carveouts?
Option A: No
Option B: Yes

Merger Agreement Excerpt: ""Material Adverse Impact"" means any event, change, occurrence, or circumstance that, in the aggregate or individually, (a) would reasonably be expected to impair, delay, or prevent the Company from consummating the transactions contemplated by this Agreement, or (b) would materially adversely affect the business, financial condition, or operations of the Company. Provided, however, that with respect to subclause (b) only, none of the following shall be taken into account when determining the existence of a Material Adverse Impact: (i) a general downturn in economic conditions or fluctuations in capital market valuations; (ii) changes in legal or regulatory frameworks; (iii) natural disasters, including earthquakes, hurricanes and floods, unless such events disproportionately impact the Company relative to its industry peers; and (iv) any impact arising solely from the public announcement or pendency of this Agreement. There is no analogous exclusion for events described in subclause (a).
Choices: ","Fail","Answer the following multiple choice question. The entire content of your response should be of the following format: 'ANSWER: $LETTER' (without quotes) where LETTER is one of {letters}.

{question}

{choices}

Instruction: Read the following segment of a merger agreement and answer the multiple-choice question by choosing the option that best characterizes the agreement.

Question: Is the 'ability to consummate' concept subject to Material Adverse Effect carveouts?
Option A: No
Option B: Yes

Merger Agreement: ""Consolidated Adverse Impact"" means any change, event, or circumstance that, either individually or when aggregated with other factors, (i) would be expected to have a material adverse effect on the financial condition, operating results, or asset base of the Company, or (ii) would be reasonably expected to prevent, delay, or materially impair the Company's ability to consummate the transactions contemplated by this Agreement. Notwithstanding the foregoing, no change, event, or circumstance shall be deemed to be a Consolidated Adverse Impact if, subsequent to the Agreement date, it arises solely or primarily from (A) general fluctuations in capital or credit markets, (B) modifications in accounting standards or legal interpretations that impact the industry as a whole, or (C) routine statutory or regulatory updates not uniquely detrimental to the Company. Additionally, any delay in consummation attributable exclusively to standard governmental clearance or transient market conditions is excluded from being considered a Consolidated Adverse Impact. In summary, while the definition addresses adverse impacts broadly, the Company's core ability to consummate the transactions is expressly preserved from being negated by such general or non-specific events.

Choices: "
"105","Answer the following multiple choice question. The entire content of your response should be of the following format: 'ANSWER: $LETTER' (without quotes) where LETTER is one of {letters}.

{question}

{choices}

Instruction: Read the following segment of a merger agreement and answer the multiple-choice question by choosing the option that best characterizes the agreement.

Question: Is the “ability to consummate” the merger transaction subject to the carveouts delineated under the Material Adverse Effect provision?

Merger Agreement Segment: ""‘Material Adverse Effect’ shall mean any event, change, or circumstance that, either individually or when aggregated, has had or would reasonably be expected to have a material adverse effect on the Company’s business, financial condition, or operations, including, but not limited to, any matter that would prevent, materially delay, or materially impair the ability of the Company to consummate the transactions contemplated hereby. Notwithstanding any other provision of this Agreement, the exclusions set forth in Section 5.3 (including, but not limited to, changes in general economic conditions, fluctuations in credit or capital markets, and variations in interest or exchange rates) shall not apply to any event or circumstance that affects the Company’s ability to consummate the Transactions.""

Option A: No
Option B: Yes
Choices: ","Fail","Answer the following multiple choice question. The entire content of your response should be of the following format: 'ANSWER: $LETTER' (without quotes) where LETTER is one of {letters}.

{question}

{choices}

Instruction: Read the following segment of a merger agreement and answer the multiple-choice question by choosing the option that best characterizes the agreement.

Question: Is the 'ability to consummate' concept subject to Material Adverse Effect carveouts?
Option A: No
Option B: Yes

Merger Agreement: ""Consolidated Adverse Impact"" means any change, event, or circumstance that, either individually or when aggregated with other factors, (i) would be expected to have a material adverse effect on the financial condition, operating results, or asset base of the Company, or (ii) would be reasonably expected to prevent, delay, or materially impair the Company's ability to consummate the transactions contemplated by this Agreement. Notwithstanding the foregoing, no change, event, or circumstance shall be deemed to be a Consolidated Adverse Impact if, subsequent to the Agreement date, it arises solely or primarily from (A) general fluctuations in capital or credit markets, (B) modifications in accounting standards or legal interpretations that impact the industry as a whole, or (C) routine statutory or regulatory updates not uniquely detrimental to the Company. Additionally, any delay in consummation attributable exclusively to standard governmental clearance or transient market conditions is excluded from being considered a Consolidated Adverse Impact. In summary, while the definition addresses adverse impacts broadly, the Company's core ability to consummate the transactions is expressly preserved from being negated by such general or non-specific events.

Choices: "
"106","Answer the following multiple choice question. The entire content of your response should be of the following format: 'ANSWER: $LETTER' (without quotes) where LETTER is one of {letters}.

{question}

{choices}

Instruction: Read the segment of a merger agreement and answer the multiple-choice question by choosing the option that best characterizes the agreement.
Question: Is the “ability to consummate” concept subject to Material Adverse Effect (MAE) carveouts?
Option A: No
Option B: Yes

Merger Agreement Segment:
“Party Material Adverse Effect” means any event, change, or condition that, either individually or in aggregate with other effects, would materially impair the Company’s ability to consummate the Transactions or would be reasonably expected to cause a significant delay beyond the Closing Date. Notwithstanding the general exclusions set forth in Section 5.02(a)—which carve out effects arising from general economic conditions, fluctuations in financial markets, regulatory changes, or force majeure events impacting day-to-day operations—no exclusion or carveout shall apply to an event that directly impairs the statutory or contractual ability to consummate the Transactions. In other words, while impacts on business performance may benefit from the carveouts noted in Section 5.02(a), any adverse effect specifically affecting the ability to consummate will be evaluated without regard to such carveouts. All other exclusions remain unaffected with respect to non-consummation issues.
Choices: ","Fail","Answer the following multiple choice question. The entire content of your response should be of the following format: 'ANSWER: $LETTER' (without quotes) where LETTER is one of {letters}.

{question}

{choices}

Instruction: Read the following segment of a merger agreement and answer the multiple-choice question by choosing the option that best characterizes the agreement.

Question: Is the 'ability to consummate' concept subject to Material Adverse Effect carveouts?
Option A: No
Option B: Yes

Merger Agreement: ""Consolidated Adverse Impact"" means any change, event, or circumstance that, either individually or when aggregated with other factors, (i) would be expected to have a material adverse effect on the financial condition, operating results, or asset base of the Company, or (ii) would be reasonably expected to prevent, delay, or materially impair the Company's ability to consummate the transactions contemplated by this Agreement. Notwithstanding the foregoing, no change, event, or circumstance shall be deemed to be a Consolidated Adverse Impact if, subsequent to the Agreement date, it arises solely or primarily from (A) general fluctuations in capital or credit markets, (B) modifications in accounting standards or legal interpretations that impact the industry as a whole, or (C) routine statutory or regulatory updates not uniquely detrimental to the Company. Additionally, any delay in consummation attributable exclusively to standard governmental clearance or transient market conditions is excluded from being considered a Consolidated Adverse Impact. In summary, while the definition addresses adverse impacts broadly, the Company's core ability to consummate the transactions is expressly preserved from being negated by such general or non-specific events.

Choices: "
"107","Answer the following multiple choice question. The entire content of your response should be of the following format: 'ANSWER: $LETTER' (without quotes) where LETTER is one of {letters}.

{question}

{choices}

Instruction: Read the following segment of a merger agreement and answer the multiple-choice question by choosing the option that best characterizes the agreement.
Question: Is the ‘ability to consummate’ concept subject to Material Adverse Effect (MAE) carveouts?
Option A: No
Option B: Yes

Merger Agreement: ""Material Adverse Effect"" means any change, event, or occurrence that, either individually or in aggregate, (i) has a material adverse impact on the business, assets, liabilities, financial condition, or results of operations of Party A, or (ii) would directly prevent or materially delay Party A’s ability to consummate the transactions contemplated herein. Notwithstanding the numerous carveouts provided herein—which exclude effects attributable solely to industry-wide economic downturns, changes in GAAP, market volatility, or other broadly applicable financial metrics—the provision in clause (ii) expressly states that no such carveout shall mitigate or exclude any effect that impairs Party A’s ability to consummate the transactions. (Refer to pages 45-47 for additional context.)
Choices: ","Fail","Answer the following multiple choice question. The entire content of your response should be of the following format: 'ANSWER: $LETTER' (without quotes) where LETTER is one of {letters}.

{question}

{choices}

Instruction: Read the following segment of a merger agreement and answer the multiple-choice question by choosing the option that best characterizes the agreement.

Question: Is the 'ability to consummate' concept subject to Material Adverse Effect carveouts?
Option A: No
Option B: Yes

Merger Agreement: ""Consolidated Adverse Impact"" means any change, event, or circumstance that, either individually or when aggregated with other factors, (i) would be expected to have a material adverse effect on the financial condition, operating results, or asset base of the Company, or (ii) would be reasonably expected to prevent, delay, or materially impair the Company's ability to consummate the transactions contemplated by this Agreement. Notwithstanding the foregoing, no change, event, or circumstance shall be deemed to be a Consolidated Adverse Impact if, subsequent to the Agreement date, it arises solely or primarily from (A) general fluctuations in capital or credit markets, (B) modifications in accounting standards or legal interpretations that impact the industry as a whole, or (C) routine statutory or regulatory updates not uniquely detrimental to the Company. Additionally, any delay in consummation attributable exclusively to standard governmental clearance or transient market conditions is excluded from being considered a Consolidated Adverse Impact. In summary, while the definition addresses adverse impacts broadly, the Company's core ability to consummate the transactions is expressly preserved from being negated by such general or non-specific events.

Choices: "
"108","Answer the following multiple choice question. The entire content of your response should be of the following format: 'ANSWER: $LETTER' (without quotes) where LETTER is one of {letters}.

{question}

{choices}

Instruction: Read the following excerpt from a merger agreement and answer the multiple-choice question by choosing the option that best characterizes the agreement.

Question: Is the “ability to consummate” concept subject to the Material Adverse Effect carveouts as defined in this Agreement?
Option A: No
Option B: Yes

Merger Agreement Excerpt:
""Company Standard Material Adverse Effect"" means any material deviation, occurrence, event, or circumstance that, whether considered individually or in the aggregate, (a) has a significant adverse effect on the Company’s day-to-day operations, asset quality, or overall financial performance, provided that for purposes of clause (a) the following exclusions apply: ordinary market fluctuations, general shifts in economic or political conditions, and standard seasonal variations shall not be considered as triggering a Material Adverse Effect; and (b) any event that would, or is reasonably expected to, hinder, delay, or prevent the consummation of the transactions contemplated by this Agreement shall be deemed a Material Adverse Effect without the benefit of any exclusions or carveouts. The definitions expressly state that the exclusions in clause (a) do not apply to events described in clause (b).

Choices: ","Fail","Answer the following multiple choice question. The entire content of your response should be of the following format: 'ANSWER: $LETTER' (without quotes) where LETTER is one of {letters}.

{question}

{choices}

Instruction: Read the following segment of a merger agreement and answer the multiple-choice question by choosing the option that best characterizes the agreement.

Question: Is the 'ability to consummate' concept subject to Material Adverse Effect carveouts?
Option A: No
Option B: Yes

Merger Agreement: ""Consolidated Adverse Impact"" means any change, event, or circumstance that, either individually or when aggregated with other factors, (i) would be expected to have a material adverse effect on the financial condition, operating results, or asset base of the Company, or (ii) would be reasonably expected to prevent, delay, or materially impair the Company's ability to consummate the transactions contemplated by this Agreement. Notwithstanding the foregoing, no change, event, or circumstance shall be deemed to be a Consolidated Adverse Impact if, subsequent to the Agreement date, it arises solely or primarily from (A) general fluctuations in capital or credit markets, (B) modifications in accounting standards or legal interpretations that impact the industry as a whole, or (C) routine statutory or regulatory updates not uniquely detrimental to the Company. Additionally, any delay in consummation attributable exclusively to standard governmental clearance or transient market conditions is excluded from being considered a Consolidated Adverse Impact. In summary, while the definition addresses adverse impacts broadly, the Company's core ability to consummate the transactions is expressly preserved from being negated by such general or non-specific events.

Choices: "
"109","Answer the following multiple choice question. The entire content of your response should be of the following format: 'ANSWER: $LETTER' (without quotes) where LETTER is one of {letters}.

{question}

{choices}

Instruction: Read the excerpt from the merger agreement and answer the multiple-choice question by selecting the option that best characterizes the agreement.
Question: Is the 'ability to consummate' provision subject to Material Adverse Effect carveouts as defined in the agreement?
Option A: No, any adverse impact on consummation is unaffected by carveouts.
Option B: Yes, the definition explicitly includes carveouts that exclude certain events from impairing the ability to consummate.

Merger Agreement Excerpt: 
""Material Adverse Effect"" means any event, change, or circumstance occurring individually or in combination that either (a) materially impairs, delays, or prevents the Company from consummating the transactions contemplated herein, or (b) materially adversely affects the financial condition, operations, or future prospects of the Company. Notwithstanding the foregoing, the following effects shall not be considered a Material Adverse Effect with respect to the ability to consummate:
   (i) Any general changes in global economic conditions or market fluctuations that are not uniquely detrimental to the Company;
   (ii) Minor fluctuations in public market valuations and isolated credit rating adjustments;
   (iii) Delays in consummation solely due to regulatory review processes, provided that such delays do not exceed a period of 90 days;
   (iv) Isolated technical or communication system issues that do not impact the overall operational execution of the consummation process; and
   (v) Any event that solely affects the Company’s financial performance without interfering with its operational ability to complete the transactions.
In all other respects, an event that prevents, materially delays, or impairs the consummation of the transactions shall be deemed a Material Adverse Effect.

Your Answer?
Choices: ","Fail","Answer the following multiple choice question. The entire content of your response should be of the following format: 'ANSWER: $LETTER' (without quotes) where LETTER is one of {letters}.

{question}

{choices}

Instruction: Read the following segment of a merger agreement and answer the multiple-choice question by choosing the option that best characterizes the agreement.

Question: Is the 'ability to consummate' concept subject to Material Adverse Effect carveouts?
Option A: No
Option B: Yes

Merger Agreement: ""Consolidated Adverse Impact"" means any change, event, or circumstance that, either individually or when aggregated with other factors, (i) would be expected to have a material adverse effect on the financial condition, operating results, or asset base of the Company, or (ii) would be reasonably expected to prevent, delay, or materially impair the Company's ability to consummate the transactions contemplated by this Agreement. Notwithstanding the foregoing, no change, event, or circumstance shall be deemed to be a Consolidated Adverse Impact if, subsequent to the Agreement date, it arises solely or primarily from (A) general fluctuations in capital or credit markets, (B) modifications in accounting standards or legal interpretations that impact the industry as a whole, or (C) routine statutory or regulatory updates not uniquely detrimental to the Company. Additionally, any delay in consummation attributable exclusively to standard governmental clearance or transient market conditions is excluded from being considered a Consolidated Adverse Impact. In summary, while the definition addresses adverse impacts broadly, the Company's core ability to consummate the transactions is expressly preserved from being negated by such general or non-specific events.

Choices: "
"110","Answer the following multiple choice question. The entire content of your response should be of the following format: 'ANSWER: $LETTER' (without quotes) where LETTER is one of {letters}.

{question}

{choices}

Instruction: Read the following segment of a merger agreement and answer the multiple-choice question by choosing the option that best characterizes the agreement.

Question: Is the “ability to consummate” concept subject to Material Adverse Effect (MAE) carveouts?
Option A: No
Option B: Yes

Merger Agreement Excerpt:
""Material Adverse Effect"" means any event, change, circumstance, or series of events that, either individually or in aggregation, (a) adversely affects the business, financial condition, or operational results of the Company and its Subsidiaries, or (b) would reasonably be expected to prevent, materially delay, or materially impair the Company’s ability to consummate the transactions contemplated by this Agreement. 
Notwithstanding the foregoing, for purposes of clause (a) only, the effects arising from: (i) general macroeconomic trends, including but not limited to routine fluctuations in interest rates, exchange rates, or broad market trends; (ii) regulatory changes that are industry-wide; and (iii) fluctuations in the market price of the Company’s common stock, shall not be considered in determining whether a Material Adverse Effect has occurred. 
However, no such carveouts apply to clause (b) governing the ability to consummate the transactions. Additionally, any delay exceeding 30 days caused by any event not falling within the enumerated exceptions in clause (a) shall be deemed to represent an impairment in the Company’s ability to consummate. (Pages 42-44)
Choices: ","Fail","Answer the following multiple choice question. The entire content of your response should be of the following format: 'ANSWER: $LETTER' (without quotes) where LETTER is one of {letters}.

{question}

{choices}

Instruction: Read the following segment of a merger agreement and answer the multiple-choice question by choosing the option that best characterizes the agreement.

Question: Is the 'ability to consummate' concept subject to Material Adverse Effect carveouts?
Option A: No
Option B: Yes

Merger Agreement: ""Consolidated Adverse Impact"" means any change, event, or circumstance that, either individually or when aggregated with other factors, (i) would be expected to have a material adverse effect on the financial condition, operating results, or asset base of the Company, or (ii) would be reasonably expected to prevent, delay, or materially impair the Company's ability to consummate the transactions contemplated by this Agreement. Notwithstanding the foregoing, no change, event, or circumstance shall be deemed to be a Consolidated Adverse Impact if, subsequent to the Agreement date, it arises solely or primarily from (A) general fluctuations in capital or credit markets, (B) modifications in accounting standards or legal interpretations that impact the industry as a whole, or (C) routine statutory or regulatory updates not uniquely detrimental to the Company. Additionally, any delay in consummation attributable exclusively to standard governmental clearance or transient market conditions is excluded from being considered a Consolidated Adverse Impact. In summary, while the definition addresses adverse impacts broadly, the Company's core ability to consummate the transactions is expressly preserved from being negated by such general or non-specific events.

Choices: "
"111","Answer the following multiple choice question. The entire content of your response should be of the following format: 'ANSWER: $LETTER' (without quotes) where LETTER is one of {letters}.

{question}

{choices}

Instruction: Read the following segment of a merger agreement and answer the multiple-choice question by choosing the option that best characterizes the agreement.

Question: Based on the definitions provided, is the 'ability to consummate' concept subject to Material Adverse Effect carveouts?
Option A: No
Option B: Yes

Merger Agreement: ""Company Material Adverse Effect"" means any event, change, violation, or circumstance which, either individually or in aggregate, (a) would reasonably be expected to have a material adverse effect on the overall business, assets, and operating results of the Company, provided that any adverse impact arising solely from general economic dynamics, regulatory amendments, or fluctuations in credit and capital markets shall not be considered under clause (a); or (b) would impede, materially delay, or impair the ability of the Company to consummate the Transaction. Importantly, the exceptions listed for clause (a) are expressly limited to effects on business operations and do not extend to any factor affecting the ability to consummate under clause (b), except where both parties expressly declare an emergent condition as an exception.

Choices: ","Fail","Answer the following multiple choice question. The entire content of your response should be of the following format: 'ANSWER: $LETTER' (without quotes) where LETTER is one of {letters}.

{question}

{choices}

Instruction: Read the following segment of a merger agreement and answer the multiple-choice question by choosing the option that best characterizes the agreement.

Question: Is the 'ability to consummate' concept subject to Material Adverse Effect carveouts?
Option A: No
Option B: Yes

Merger Agreement: ""Consolidated Adverse Impact"" means any change, event, or circumstance that, either individually or when aggregated with other factors, (i) would be expected to have a material adverse effect on the financial condition, operating results, or asset base of the Company, or (ii) would be reasonably expected to prevent, delay, or materially impair the Company's ability to consummate the transactions contemplated by this Agreement. Notwithstanding the foregoing, no change, event, or circumstance shall be deemed to be a Consolidated Adverse Impact if, subsequent to the Agreement date, it arises solely or primarily from (A) general fluctuations in capital or credit markets, (B) modifications in accounting standards or legal interpretations that impact the industry as a whole, or (C) routine statutory or regulatory updates not uniquely detrimental to the Company. Additionally, any delay in consummation attributable exclusively to standard governmental clearance or transient market conditions is excluded from being considered a Consolidated Adverse Impact. In summary, while the definition addresses adverse impacts broadly, the Company's core ability to consummate the transactions is expressly preserved from being negated by such general or non-specific events.

Choices: "
"112","Answer the following multiple choice question. The entire content of your response should be of the following format: 'ANSWER: $LETTER' (without quotes) where LETTER is one of {letters}.

{question}

{choices}

Instruction: Read the segment of a merger agreement and answer the multiple-choice question by choosing the option that best characterizes the agreement.
Question: Is the ""ability to consummate"" concept subject to Material Adverse Effect (MAE) carveouts?
Option A: No
Option B: Yes

Merger Agreement: ""Material Adverse Effect"" means any event, change, or circumstance that either (i) individually or in the aggregate materially impairs the business, financial condition, or operations of the Company, or (ii) would, either alone or with other events, prevent, materially delay, or materially impair the Company's ability to consummate the transactions contemplated by this Agreement. Notwithstanding the foregoing, the following effects shall not be deemed to constitute a Material Adverse Effect with respect to the Company's assets, liabilities, and ongoing operations: (a) effects resulting solely from general economic or market fluctuations; (b) changes in generally accepted accounting principles or their interpretations; (c) regulatory modifications that affect all industry participants in a comparable manner; and (d) natural disasters or force majeure events. However, in no event shall these carveouts apply to any effect that directly impairs or alters the Company's ability to consummate the transactions; such ability shall always be measured without regard to the exceptions listed above.

Choices: ","Fail","Answer the following multiple choice question. The entire content of your response should be of the following format: 'ANSWER: $LETTER' (without quotes) where LETTER is one of {letters}.

{question}

{choices}

Instruction: Read the following segment of a merger agreement and answer the multiple-choice question by choosing the option that best characterizes the agreement.

Question: Is the 'ability to consummate' concept subject to Material Adverse Effect carveouts?
Option A: No
Option B: Yes

Merger Agreement: ""Consolidated Adverse Impact"" means any change, event, or circumstance that, either individually or when aggregated with other factors, (i) would be expected to have a material adverse effect on the financial condition, operating results, or asset base of the Company, or (ii) would be reasonably expected to prevent, delay, or materially impair the Company's ability to consummate the transactions contemplated by this Agreement. Notwithstanding the foregoing, no change, event, or circumstance shall be deemed to be a Consolidated Adverse Impact if, subsequent to the Agreement date, it arises solely or primarily from (A) general fluctuations in capital or credit markets, (B) modifications in accounting standards or legal interpretations that impact the industry as a whole, or (C) routine statutory or regulatory updates not uniquely detrimental to the Company. Additionally, any delay in consummation attributable exclusively to standard governmental clearance or transient market conditions is excluded from being considered a Consolidated Adverse Impact. In summary, while the definition addresses adverse impacts broadly, the Company's core ability to consummate the transactions is expressly preserved from being negated by such general or non-specific events.

Choices: "
"113","Answer the following multiple choice question. The entire content of your response should be of the following format: 'ANSWER: $LETTER' (without quotes) where LETTER is one of {letters}.

{question}

{choices}

Instruction: Read the segment of a merger agreement and answer the multiple-choice question by choosing the option that best characterizes the agreement.

Question: Is the ability to consummate the merger transaction subject to Material Adverse Effect carveouts?

Option A: No
Option B: Yes

Merger Agreement: ""Adverse Impact"" shall mean any deterioration, event, or incident that, either individually or in combination with other events, (a) results in a significant decline in the operating performance, financial stability, or market reputation of the Acquiring Entity, or (b) inhibits, delays, or prevents the Acquiring Entity's capacity to consummate the merger transaction. Provided, however, that for the purposes of clause (a) only, events such as fluctuations in broad economic conditions, market volatility, shifts in global regulatory frameworks, and natural calamities, unless they disproportionately affect the Acquiring Entity relative to its industry peers, shall not be counted toward an Adverse Impact. Moreover, any obstacle to consummation that arises solely from internal administrative delays, modifications in GAAP interpretations, or from a strategically planned restructuring explicitly pre-approved in writing shall likewise be excluded from triggering an Adverse Impact. Notwithstanding the foregoing, any event invoking clause (b) shall be assessed in light of its interaction with both external market risks and internal operational contingencies.

Choices: ","Fail","Answer the following multiple choice question. The entire content of your response should be of the following format: 'ANSWER: $LETTER' (without quotes) where LETTER is one of {letters}.

{question}

{choices}

Instruction: Read the following segment of a merger agreement and answer the multiple-choice question by choosing the option that best characterizes the agreement.

Question: Is the 'ability to consummate' concept subject to Material Adverse Effect carveouts?
Option A: No
Option B: Yes

Merger Agreement: ""Consolidated Adverse Impact"" means any change, event, or circumstance that, either individually or when aggregated with other factors, (i) would be expected to have a material adverse effect on the financial condition, operating results, or asset base of the Company, or (ii) would be reasonably expected to prevent, delay, or materially impair the Company's ability to consummate the transactions contemplated by this Agreement. Notwithstanding the foregoing, no change, event, or circumstance shall be deemed to be a Consolidated Adverse Impact if, subsequent to the Agreement date, it arises solely or primarily from (A) general fluctuations in capital or credit markets, (B) modifications in accounting standards or legal interpretations that impact the industry as a whole, or (C) routine statutory or regulatory updates not uniquely detrimental to the Company. Additionally, any delay in consummation attributable exclusively to standard governmental clearance or transient market conditions is excluded from being considered a Consolidated Adverse Impact. In summary, while the definition addresses adverse impacts broadly, the Company's core ability to consummate the transactions is expressly preserved from being negated by such general or non-specific events.

Choices: "
"114","Answer the following multiple choice question. The entire content of your response should be of the following format: 'ANSWER: $LETTER' (without quotes) where LETTER is one of {letters}.

{question}

{choices}

Instruction: Read the segment of a merger agreement and answer the multiple-choice question by choosing the option that best characterizes the agreement.
Question: Based on the provision below, is the 'ability to consummate' concept subject to the carveouts specified for Material Significant Effects?
Option A: No
Option B: Yes

Merger Agreement: ""Material Significant Effect"" means any change, event, violation, or circumstance that, individually or in aggregate, (a) has a significant adverse impact on the target’s business, financial condition, or operations, or (b) would reasonably be expected to prevent, delay, or impair the closing of the transaction contemplated herein; provided that, with respect to clause (a) only, the following shall not be deemed to constitute a Material Significant Effect: (1) general economic downturns; (2) ordinary fluctuations in currency exchange or interest rates; (3) broad regulatory updates affecting the industry; (4) natural disasters or force majeure events that do not uniquely disadvantage the target; and (5) adjustments arising from routine financial audits. It is expressly stated, however, that the exclusions listed in clause (a) do not apply to clause (b), which covers the target’s ability to consummate the transaction. (Reference: Section 4.2, Page 12)
Choices: ","Fail","Answer the following multiple choice question. The entire content of your response should be of the following format: 'ANSWER: $LETTER' (without quotes) where LETTER is one of {letters}.

{question}

{choices}

Instruction: Read the following segment of a merger agreement and answer the multiple-choice question by choosing the option that best characterizes the agreement.

Question: Is the 'ability to consummate' concept subject to Material Adverse Effect carveouts?
Option A: No
Option B: Yes

Merger Agreement: ""Consolidated Adverse Impact"" means any change, event, or circumstance that, either individually or when aggregated with other factors, (i) would be expected to have a material adverse effect on the financial condition, operating results, or asset base of the Company, or (ii) would be reasonably expected to prevent, delay, or materially impair the Company's ability to consummate the transactions contemplated by this Agreement. Notwithstanding the foregoing, no change, event, or circumstance shall be deemed to be a Consolidated Adverse Impact if, subsequent to the Agreement date, it arises solely or primarily from (A) general fluctuations in capital or credit markets, (B) modifications in accounting standards or legal interpretations that impact the industry as a whole, or (C) routine statutory or regulatory updates not uniquely detrimental to the Company. Additionally, any delay in consummation attributable exclusively to standard governmental clearance or transient market conditions is excluded from being considered a Consolidated Adverse Impact. In summary, while the definition addresses adverse impacts broadly, the Company's core ability to consummate the transactions is expressly preserved from being negated by such general or non-specific events.

Choices: "
"115","Answer the following multiple choice question. The entire content of your response should be of the following format: 'ANSWER: $LETTER' (without quotes) where LETTER is one of {letters}.

{question}

{choices}

Instruction: Read the following segment of a merger agreement and answer the multiple-choice question by choosing the option that best reflects the agreement.

Question: Is the “ability to consummate” concept subject to Material Adverse Effect (MAE) carveouts?
Option A: No
Option B: Yes

Merger Agreement Excerpt:
“Material Adverse Impact” shall mean any occurrence, condition, or change that, either singly or in aggregate, has a material adverse effect on either (i) the overall business operations, financial condition, or assets of the Company, or (ii) the Company’s ability to consummate the merger transaction by the designated closing date. However, with respect to clause (i) only, no adverse impact arising solely from (a) general global economic downturns, (b) routine fluctuations in currency, credit, or financial markets, (c) changes in generally accepted accounting principles, (d) governmental regulatory updates that are not unique to the Company, or (e) operational disturbances caused by natural disasters including pandemics or severe weather events, shall be deemed to constitute a Material Adverse Impact. In contrast, any factor that materially impairs the Company’s ability to consummate the merger as described in clause (ii) is measured without the benefit of these carveouts, except where the adverse effect is attributable solely to an isolated regulatory Order under antitrust considerations. Notably, if a generic market downturn affects the Company, only the incremental disproportionate effect relative to its industry peers may be considered under clause (ii).

Please provide your answer based solely on the above definition.
Choices: ","Fail","Answer the following multiple choice question. The entire content of your response should be of the following format: 'ANSWER: $LETTER' (without quotes) where LETTER is one of {letters}.

{question}

{choices}

Instruction: Read the following segment of a merger agreement and answer the multiple-choice question by choosing the option that best characterizes the agreement.

Question: Is the 'ability to consummate' concept subject to Material Adverse Effect carveouts?
Option A: No
Option B: Yes

Merger Agreement: ""Consolidated Adverse Impact"" means any change, event, or circumstance that, either individually or when aggregated with other factors, (i) would be expected to have a material adverse effect on the financial condition, operating results, or asset base of the Company, or (ii) would be reasonably expected to prevent, delay, or materially impair the Company's ability to consummate the transactions contemplated by this Agreement. Notwithstanding the foregoing, no change, event, or circumstance shall be deemed to be a Consolidated Adverse Impact if, subsequent to the Agreement date, it arises solely or primarily from (A) general fluctuations in capital or credit markets, (B) modifications in accounting standards or legal interpretations that impact the industry as a whole, or (C) routine statutory or regulatory updates not uniquely detrimental to the Company. Additionally, any delay in consummation attributable exclusively to standard governmental clearance or transient market conditions is excluded from being considered a Consolidated Adverse Impact. In summary, while the definition addresses adverse impacts broadly, the Company's core ability to consummate the transactions is expressly preserved from being negated by such general or non-specific events.

Choices: "
"116","Answer the following multiple choice question. The entire content of your response should be of the following format: 'ANSWER: $LETTER' (without quotes) where LETTER is one of {letters}.

{question}

{choices}

Instruction: Read the segment of the merger agreement below and answer the multiple-choice question by choosing the option that best characterizes the agreement.
Question: Is the ‘ability to consummate’ concept subject to Material Adverse Effect carveouts?
Option A: No
Option B: Yes

Merger Agreement:
“Company Material Adverse Effect” means any event, circumstance, change, or effect that (i) has a material adverse impact on the business, financial condition, or operations of the Company or its Subsidiaries, or (ii) would be reasonably expected to prevent, materially delay, or impair the consummation of the transactions contemplated herein. For the purpose of clause (i), the following exceptions apply: any effects arising from general economic trends, adjustments to generally accepted accounting principles (GAAP), market liquidity fluctuations, currency exchange variations, or force majeure events shall not, by themselves or in aggregate, be deemed to constitute a Material Adverse Effect. However, it is expressly provided that the assessment of the ability to consummate the transactions shall be made strictly without applying any of the carveout exceptions stated above. Notwithstanding all other provisions herein, no carveout shall mitigate the determination of whether the consummation of the transactions is materially impaired.

Choices: ","Fail","Answer the following multiple choice question. The entire content of your response should be of the following format: 'ANSWER: $LETTER' (without quotes) where LETTER is one of {letters}.

{question}

{choices}

Instruction: Read the following segment of a merger agreement and answer the multiple-choice question by choosing the option that best characterizes the agreement.

Question: Is the 'ability to consummate' concept subject to Material Adverse Effect carveouts?
Option A: No
Option B: Yes

Merger Agreement: ""Consolidated Adverse Impact"" means any change, event, or circumstance that, either individually or when aggregated with other factors, (i) would be expected to have a material adverse effect on the financial condition, operating results, or asset base of the Company, or (ii) would be reasonably expected to prevent, delay, or materially impair the Company's ability to consummate the transactions contemplated by this Agreement. Notwithstanding the foregoing, no change, event, or circumstance shall be deemed to be a Consolidated Adverse Impact if, subsequent to the Agreement date, it arises solely or primarily from (A) general fluctuations in capital or credit markets, (B) modifications in accounting standards or legal interpretations that impact the industry as a whole, or (C) routine statutory or regulatory updates not uniquely detrimental to the Company. Additionally, any delay in consummation attributable exclusively to standard governmental clearance or transient market conditions is excluded from being considered a Consolidated Adverse Impact. In summary, while the definition addresses adverse impacts broadly, the Company's core ability to consummate the transactions is expressly preserved from being negated by such general or non-specific events.

Choices: "
"117","Answer the following multiple choice question. The entire content of your response should be of the following format: 'ANSWER: $LETTER' (without quotes) where LETTER is one of {letters}.

{question}

{choices}

Instruction: Read the segment of a merger agreement and answer the multiple-choice question by choosing the option that best characterizes the agreement.
Question: Is the 'ability to consummate' concept subject to Material Adverse Effect carveouts?
Option A: No
Option B: Yes

Merger Agreement:
""Consummation Effect"" shall mean any event, change, or occurrence that (i) negatively impacts, or would reasonably be expected to negatively impact, the ability of the Company to consummate the transactions contemplated by this Agreement, or (ii) materially delays or impairs such consummation. However, for the purposes of this definition, any impact arising solely from (a) general shifts in the global economic climate, (b) industry-wide regulatory changes affecting all entities in the sector, or (c) natural disasters or other force majeure events that impose similar effects on comparable industry participants shall not be deemed to constitute a Consummation Effect. Notwithstanding the foregoing, if any event leads to a disproportionate adverse impact on the Company relative to its industry peers, such event shall be considered in determining a Material Adverse Effect. (Refer to Sections 5.2 and 7.1 for additional details.)

Based on the provisions outlined in the agreement, answer the question above.
Choices: ","Fail","Answer the following multiple choice question. The entire content of your response should be of the following format: 'ANSWER: $LETTER' (without quotes) where LETTER is one of {letters}.

{question}

{choices}

Instruction: Read the following segment of a merger agreement and answer the multiple-choice question by choosing the option that best characterizes the agreement.

Question: Is the 'ability to consummate' concept subject to Material Adverse Effect carveouts?
Option A: No
Option B: Yes

Merger Agreement: ""Consolidated Adverse Impact"" means any change, event, or circumstance that, either individually or when aggregated with other factors, (i) would be expected to have a material adverse effect on the financial condition, operating results, or asset base of the Company, or (ii) would be reasonably expected to prevent, delay, or materially impair the Company's ability to consummate the transactions contemplated by this Agreement. Notwithstanding the foregoing, no change, event, or circumstance shall be deemed to be a Consolidated Adverse Impact if, subsequent to the Agreement date, it arises solely or primarily from (A) general fluctuations in capital or credit markets, (B) modifications in accounting standards or legal interpretations that impact the industry as a whole, or (C) routine statutory or regulatory updates not uniquely detrimental to the Company. Additionally, any delay in consummation attributable exclusively to standard governmental clearance or transient market conditions is excluded from being considered a Consolidated Adverse Impact. In summary, while the definition addresses adverse impacts broadly, the Company's core ability to consummate the transactions is expressly preserved from being negated by such general or non-specific events.

Choices: "
"118","Answer the following multiple choice question. The entire content of your response should be of the following format: 'ANSWER: $LETTER' (without quotes) where LETTER is one of {letters}.

{question}

{choices}

Instruction: Read the following excerpt from a merger agreement and answer the multiple-choice question by choosing the option that best characterizes the agreement.

Question: Is the 'ability to consummate' component governed by Material Adverse Effect carveouts?
Option A: No
Option B: Yes

Merger Agreement Excerpt:
""Article 4.2: 'Material Adverse Change' shall mean any event, change, circumstance, or effect that, whether considered alone or in the aggregate, either (a) materially impairs the business, financial condition, or operations of the Company, or (b) materially impedes, delays, or prevents the consummation of the transactions contemplated herein. Notwithstanding the foregoing, for purposes of clause (a) only, the following events shall not be deemed to constitute a Material Adverse Change: (i) fluctuations in general economic or political conditions, (ii) changes in market valuations including variations in the Company’s common stock price, (iii) ordinary shifts in industry trends, and (iv) any actions taken by the Company post Board approval. In contrast, clause (b) shall apply in full without the exclusions set forth for clause (a), except that any delay solely attributable to force majeure events, as defined in Section 7.1, shall be excluded from triggering a Material Adverse Change.""

Choices: ","Fail","Answer the following multiple choice question. The entire content of your response should be of the following format: 'ANSWER: $LETTER' (without quotes) where LETTER is one of {letters}.

{question}

{choices}

Instruction: Read the following segment of a merger agreement and answer the multiple-choice question by choosing the option that best characterizes the agreement.

Question: Is the 'ability to consummate' concept subject to Material Adverse Effect carveouts?
Option A: No
Option B: Yes

Merger Agreement: ""Consolidated Adverse Impact"" means any change, event, or circumstance that, either individually or when aggregated with other factors, (i) would be expected to have a material adverse effect on the financial condition, operating results, or asset base of the Company, or (ii) would be reasonably expected to prevent, delay, or materially impair the Company's ability to consummate the transactions contemplated by this Agreement. Notwithstanding the foregoing, no change, event, or circumstance shall be deemed to be a Consolidated Adverse Impact if, subsequent to the Agreement date, it arises solely or primarily from (A) general fluctuations in capital or credit markets, (B) modifications in accounting standards or legal interpretations that impact the industry as a whole, or (C) routine statutory or regulatory updates not uniquely detrimental to the Company. Additionally, any delay in consummation attributable exclusively to standard governmental clearance or transient market conditions is excluded from being considered a Consolidated Adverse Impact. In summary, while the definition addresses adverse impacts broadly, the Company's core ability to consummate the transactions is expressly preserved from being negated by such general or non-specific events.

Choices: "
"119","Answer the following multiple choice question. The entire content of your response should be of the following format: 'ANSWER: $LETTER' (without quotes) where LETTER is one of {letters}.

{question}

{choices}

Instruction: Read the following segment of a merger agreement and answer the multiple-choice question by choosing the option that best characterizes the agreement.

Question: In the merger agreement excerpt below, is the company’s 'ability to consummate' the transaction subject to the carveouts for adverse effects related to general market conditions?

Option A: No
Option B: Yes

Merger Agreement Excerpt: ""Company Material Adverse Effect"" means any event, change, or circumstance that, taken either individually or in aggregate, (a) has had, or would reasonably be expected to have, a material adverse impact on the business, assets, liabilities, or results of operations of the Company and its Subsidiaries; or (b) would, or would reasonably be expected to, prevent or materially delay the consummation of the Transaction. However, for purposes of clause (a) only, the following effects shall not be deemed to constitute a Material Adverse Effect: (i) changes solely in the general economic, political, or financial market conditions affecting the entire industry, (ii) fluctuations in the market price of the Company’s common stock that are not indicative of a fundamental business decline, and (iii) natural disasters or force majeure events, provided that such occurrences do not directly impair the contractual mechanism for consummation. It is expressly noted that no exceptions or carveouts have been established for clause (b), which exclusively addresses the Company’s ability to consummate the Transaction.

End of Excerpt.
Choices: ","Fail","Answer the following multiple choice question. The entire content of your response should be of the following format: 'ANSWER: $LETTER' (without quotes) where LETTER is one of {letters}.

{question}

{choices}

Instruction: Read the following segment of a merger agreement and answer the multiple-choice question by choosing the option that best characterizes the agreement.

Question: Is the 'ability to consummate' concept subject to Material Adverse Effect carveouts?
Option A: No
Option B: Yes

Merger Agreement: ""Consolidated Adverse Impact"" means any change, event, or circumstance that, either individually or when aggregated with other factors, (i) would be expected to have a material adverse effect on the financial condition, operating results, or asset base of the Company, or (ii) would be reasonably expected to prevent, delay, or materially impair the Company's ability to consummate the transactions contemplated by this Agreement. Notwithstanding the foregoing, no change, event, or circumstance shall be deemed to be a Consolidated Adverse Impact if, subsequent to the Agreement date, it arises solely or primarily from (A) general fluctuations in capital or credit markets, (B) modifications in accounting standards or legal interpretations that impact the industry as a whole, or (C) routine statutory or regulatory updates not uniquely detrimental to the Company. Additionally, any delay in consummation attributable exclusively to standard governmental clearance or transient market conditions is excluded from being considered a Consolidated Adverse Impact. In summary, while the definition addresses adverse impacts broadly, the Company's core ability to consummate the transactions is expressly preserved from being negated by such general or non-specific events.

Choices: "
"120","Answer the following multiple choice question. The entire content of your response should be of the following format: 'ANSWER: $LETTER' (without quotes) where LETTER is one of {letters}.

{question}

{choices}

Instruction: Read the following excerpts from a Transaction Agreement and answer the multiple-choice question by choosing the option that best characterizes the agreement.

Question: Is the 'ability to consummate' concept subject to Transaction Material Adverse Effect carveouts?
Option A: No
Option B: Yes

Excerpt 1:
""'Transaction Material Adverse Effect' means any change, event or circumstance that, either individually or in aggregate, would (a) materially delay, impair or prevent a party's ability to consummate the Transaction, or (b) materially harm the financial condition or operations of the party. Notwithstanding the foregoing, no effect shall be deemed a Transaction Material Adverse Effect if such effect arises solely from (i) general economic fluctuations or changes in market conditions, (ii) industry-wide regulatory adjustments, (iii) natural disasters or other acts of God, or (iv) routine volatility in the trading metrics of a party's shares.

Excerpt 2:
""'Material Adverse Effect' as used herein includes any occurrence that impairs a party's ability to perform its obligations to consummate the Transaction. However, events that are common to the industry or attributable to macroeconomic trends, including shifts in interest rates, exchange rates, or broad-based market declines, shall be expressly excluded from being considered as having an adverse effect on the ability to consummate the Transaction.""

Based solely on the provided excerpts, please determine whether the impairment of a party's ability to consummate the Transaction is subject to predetermined carveouts as defined above.
Choices: ","Fail","Answer the following multiple choice question. The entire content of your response should be of the following format: 'ANSWER: $LETTER' (without quotes) where LETTER is one of {letters}.

{question}

{choices}

Instruction: Read the following segment of a merger agreement and answer the multiple-choice question by choosing the option that best characterizes the agreement.

Question: Is the 'ability to consummate' concept subject to Material Adverse Effect carveouts?
Option A: No
Option B: Yes

Merger Agreement: ""Consolidated Adverse Impact"" means any change, event, or circumstance that, either individually or when aggregated with other factors, (i) would be expected to have a material adverse effect on the financial condition, operating results, or asset base of the Company, or (ii) would be reasonably expected to prevent, delay, or materially impair the Company's ability to consummate the transactions contemplated by this Agreement. Notwithstanding the foregoing, no change, event, or circumstance shall be deemed to be a Consolidated Adverse Impact if, subsequent to the Agreement date, it arises solely or primarily from (A) general fluctuations in capital or credit markets, (B) modifications in accounting standards or legal interpretations that impact the industry as a whole, or (C) routine statutory or regulatory updates not uniquely detrimental to the Company. Additionally, any delay in consummation attributable exclusively to standard governmental clearance or transient market conditions is excluded from being considered a Consolidated Adverse Impact. In summary, while the definition addresses adverse impacts broadly, the Company's core ability to consummate the transactions is expressly preserved from being negated by such general or non-specific events.

Choices: "
"121","Answer the following multiple choice question. The entire content of your response should be of the following format: 'ANSWER: $LETTER' (without quotes) where LETTER is one of {letters}.

{question}

{choices}

Instruction: Read the excerpt from a merger agreement and answer the multiple-choice question by choosing the option that best characterizes the agreement.
Question: Is the clause regarding the Company’s ability to consummate the transactions subject to the carveouts set forth in the definition of 'Transaction Impact'?
Option A: No
Option B: Yes

Merger Agreement Excerpt: 
""'Transaction Impact' shall mean any deviation, event, occurrence, or development that, either individually or in aggregate, (a) has a material adverse effect on the operational, financial, or business conditions of the Company, or (b) would prevent, materially delay, or otherwise impair the Company’s ability to complete the contemplated transactions. Notwithstanding the foregoing, for the purposes of clause (b) only, the following shall not be deemed as contributing to a Transaction Impact: 
   (i) variations solely attributable to general market fluctuations or macroeconomic trends affecting all industry participants; 
   (ii) normal fluctuations in interest rates and currency exchange rates as published by recognized financial authorities; 
   (iii) changes in regulatory or statutory frameworks that broadly impact the entire sector; 
   (iv) temporary operational interruptions due to force majeure events, provided such events do not impose a disproportionate burden on the Company relative to its competitors; and 
   (v) revisions to accounting standards or market sentiment shifts that result in non-material, short-term impacts.""

Choices: ","Fail","Answer the following multiple choice question. The entire content of your response should be of the following format: 'ANSWER: $LETTER' (without quotes) where LETTER is one of {letters}.

{question}

{choices}

Instruction: Read the following segment of a merger agreement and answer the multiple-choice question by choosing the option that best characterizes the agreement.

Question: Is the 'ability to consummate' concept subject to Material Adverse Effect carveouts?
Option A: No
Option B: Yes

Merger Agreement: ""Consolidated Adverse Impact"" means any change, event, or circumstance that, either individually or when aggregated with other factors, (i) would be expected to have a material adverse effect on the financial condition, operating results, or asset base of the Company, or (ii) would be reasonably expected to prevent, delay, or materially impair the Company's ability to consummate the transactions contemplated by this Agreement. Notwithstanding the foregoing, no change, event, or circumstance shall be deemed to be a Consolidated Adverse Impact if, subsequent to the Agreement date, it arises solely or primarily from (A) general fluctuations in capital or credit markets, (B) modifications in accounting standards or legal interpretations that impact the industry as a whole, or (C) routine statutory or regulatory updates not uniquely detrimental to the Company. Additionally, any delay in consummation attributable exclusively to standard governmental clearance or transient market conditions is excluded from being considered a Consolidated Adverse Impact. In summary, while the definition addresses adverse impacts broadly, the Company's core ability to consummate the transactions is expressly preserved from being negated by such general or non-specific events.

Choices: "
"122","Answer the following multiple choice question. The entire content of your response should be of the following format: 'ANSWER: $LETTER' (without quotes) where LETTER is one of {letters}.

{question}

{choices}

Instruction: Read the following excerpt from a merger agreement and answer the multiple-choice question by choosing the option that best characterizes the agreement.

Question: Is the “ability to consummate” concept subject to Material Adverse Effect (MAE) carveouts?
Option A: No
Option B: Yes

Merger Agreement Excerpt:
""For purposes of this Agreement, the term 'Material Adverse Impact' shall refer to any change, event, or circumstance that, either individually or in aggregate with all other events, would (i) have a material adverse effect on the Company’s financial condition, operating results, or business prospects, or (ii) directly prevent, delay, or impair the Company's ability to consummate the merger transaction contemplated herein. Notwithstanding the foregoing, while any negative impact under clause (i) arising solely from fluctuations in interest rates, exchange rates, or general market volatility shall not be considered a Material Adverse Impact, no such exclusions shall apply to clause (ii). Thus, regardless of their source, any factor that adversely affects the Company’s ability to consummate the merger is deemed to be a Material Adverse Impact for purposes of this Agreement.""

Based on the above, answer the question.
Choices: ","Fail","Answer the following multiple choice question. The entire content of your response should be of the following format: 'ANSWER: $LETTER' (without quotes) where LETTER is one of {letters}.

{question}

{choices}

Instruction: Read the following segment of a merger agreement and answer the multiple-choice question by choosing the option that best characterizes the agreement.

Question: Is the 'ability to consummate' concept subject to Material Adverse Effect carveouts?
Option A: No
Option B: Yes

Merger Agreement: ""Consolidated Adverse Impact"" means any change, event, or circumstance that, either individually or when aggregated with other factors, (i) would be expected to have a material adverse effect on the financial condition, operating results, or asset base of the Company, or (ii) would be reasonably expected to prevent, delay, or materially impair the Company's ability to consummate the transactions contemplated by this Agreement. Notwithstanding the foregoing, no change, event, or circumstance shall be deemed to be a Consolidated Adverse Impact if, subsequent to the Agreement date, it arises solely or primarily from (A) general fluctuations in capital or credit markets, (B) modifications in accounting standards or legal interpretations that impact the industry as a whole, or (C) routine statutory or regulatory updates not uniquely detrimental to the Company. Additionally, any delay in consummation attributable exclusively to standard governmental clearance or transient market conditions is excluded from being considered a Consolidated Adverse Impact. In summary, while the definition addresses adverse impacts broadly, the Company's core ability to consummate the transactions is expressly preserved from being negated by such general or non-specific events.

Choices: "
"123","Answer the following multiple choice question. The entire content of your response should be of the following format: 'ANSWER: $LETTER' (without quotes) where LETTER is one of {letters}.

{question}

{choices}

Instruction: Read the segment of a proposed merger agreement and answer the multiple-choice question by choosing the option that best characterizes the agreement.
Question: Is the “ability to consummate” concept subject to Material Adverse Effect (MAE) carveouts?
Option A: No
Option B: Yes

Merger Agreement: ""For purposes of determining a Material Adverse Effect (MAE), any change, event, or development that either (a) adversely affects the Company’s overall business, financial condition, or operating results, or (b) prevents, delays, or impairs the Company’s ability to consummate the Merger shall be deemed to constitute an MAE. Notwithstanding clause (a), any effects solely due to general economic downturns, fluctuations in interest rates, or shifts in applicable law occurring after the Agreement Date are expressly excluded from being considered an MAE under clause (a). No exclusions or carveouts are applicable to clause (b).""

Choices: ","Fail","Answer the following multiple choice question. The entire content of your response should be of the following format: 'ANSWER: $LETTER' (without quotes) where LETTER is one of {letters}.

{question}

{choices}

Instruction: Read the following segment of a merger agreement and answer the multiple-choice question by choosing the option that best characterizes the agreement.

Question: Is the 'ability to consummate' concept subject to Material Adverse Effect carveouts?
Option A: No
Option B: Yes

Merger Agreement: ""Consolidated Adverse Impact"" means any change, event, or circumstance that, either individually or when aggregated with other factors, (i) would be expected to have a material adverse effect on the financial condition, operating results, or asset base of the Company, or (ii) would be reasonably expected to prevent, delay, or materially impair the Company's ability to consummate the transactions contemplated by this Agreement. Notwithstanding the foregoing, no change, event, or circumstance shall be deemed to be a Consolidated Adverse Impact if, subsequent to the Agreement date, it arises solely or primarily from (A) general fluctuations in capital or credit markets, (B) modifications in accounting standards or legal interpretations that impact the industry as a whole, or (C) routine statutory or regulatory updates not uniquely detrimental to the Company. Additionally, any delay in consummation attributable exclusively to standard governmental clearance or transient market conditions is excluded from being considered a Consolidated Adverse Impact. In summary, while the definition addresses adverse impacts broadly, the Company's core ability to consummate the transactions is expressly preserved from being negated by such general or non-specific events.

Choices: "
"124","Answer the following multiple choice question. The entire content of your response should be of the following format: 'ANSWER: $LETTER' (without quotes) where LETTER is one of {letters}.

{question}

{choices}

Instruction: Read the segment of a merger agreement and answer the multiple-choice question by choosing the option that best characterizes the agreement.
Question: Is the 'ability to consummate' concept subject to the carveouts enumerated under the definition of 'Effective Adverse Impact'?
Option A: No
Option B: Yes

Merger Agreement Excerpt:
""Effective Adverse Impact"" means any event, change, disruption, or effect that (i) has, or is reasonably expected to have, a material adverse impact on the standalone operating performance, financial condition, or prospects of the Company and its Affiliates, or (ii) would, either individually or aggregated with other events, delay, hinder, or impair the ability of the Company to consummate the Contemplated Transactions. Notwithstanding the foregoing, no event shall be deemed to constitute an Effective Adverse Impact solely by reason of: (a) general market volatility or fluctuations in interest or exchange rates; (b) economic downturns or industry-wide slowdowns that uniformly affect all companies in the sector; (c) routine post-Agreement regulatory or accounting changes; or (d) developments arising from the public announcement of this Agreement. However, if an event specifically undermines the consummation process—for example, through a critical third-party withdrawal or a significant delay in obtaining key regulatory approvals—such an event shall not be excluded by the exceptions in clauses (a) through (d).
Based on the language provided, determine whether the carveouts effectively shield the 'ability to consummate' from being classified as an Effective Adverse Impact.
Choices: ","Fail","Answer the following multiple choice question. The entire content of your response should be of the following format: 'ANSWER: $LETTER' (without quotes) where LETTER is one of {letters}.

{question}

{choices}

Instruction: Read the following segment of a merger agreement and answer the multiple-choice question by choosing the option that best characterizes the agreement.

Question: Is the 'ability to consummate' concept subject to Material Adverse Effect carveouts?
Option A: No
Option B: Yes

Merger Agreement: ""Consolidated Adverse Impact"" means any change, event, or circumstance that, either individually or when aggregated with other factors, (i) would be expected to have a material adverse effect on the financial condition, operating results, or asset base of the Company, or (ii) would be reasonably expected to prevent, delay, or materially impair the Company's ability to consummate the transactions contemplated by this Agreement. Notwithstanding the foregoing, no change, event, or circumstance shall be deemed to be a Consolidated Adverse Impact if, subsequent to the Agreement date, it arises solely or primarily from (A) general fluctuations in capital or credit markets, (B) modifications in accounting standards or legal interpretations that impact the industry as a whole, or (C) routine statutory or regulatory updates not uniquely detrimental to the Company. Additionally, any delay in consummation attributable exclusively to standard governmental clearance or transient market conditions is excluded from being considered a Consolidated Adverse Impact. In summary, while the definition addresses adverse impacts broadly, the Company's core ability to consummate the transactions is expressly preserved from being negated by such general or non-specific events.

Choices: "
"125","Answer the following multiple choice question. The entire content of your response should be of the following format: 'ANSWER: $LETTER' (without quotes) where LETTER is one of {letters}.

{question}

{choices}

Instruction: Read the following segment of a merger agreement and answer the question by selecting the option that best reflects the agreement’s provisions.

Question: According to the agreement excerpt, are adverse effects on the Company's ability to consummate the merger excluded from being considered a Material Adverse Effect due to specific MAE carveouts?
Option A: No
Option B: Yes

Merger Agreement Excerpt:
""Material Adverse Effect"" means any change, occurrence or event that, individually or in aggregate, (i) materially affects the financial condition, operations, or prospects of the Company and its subsidiaries, or (ii) would preclude, materially delay, or impair the ability of the Company to consummate the merger. However, the following shall not be deemed to constitute a Material Adverse Effect:
  (a) Any adverse effect resulting solely from general economic fluctuations, changes in interest rates, market-wide currency shifts, or amendments in GAAP or other legally mandated accounting standards;
  (b) Any effect attributable exclusively to the public announcement or pendency of this Agreement, provided such effect does not impose a disproportionate impact on the Company relative to its industry peers;
  (c) Effects on the ability to consummate the merger that arise solely from force majeure events or natural disasters, except in cases where such events cause delays that significantly deviate from industry norms.
Notwithstanding the foregoing carveouts, any delay or impediment to consummation resulting from internally controlled breaches or actions by related parties shall always be classified as a Material Adverse Effect.


Choices: ","Fail","Answer the following multiple choice question. The entire content of your response should be of the following format: 'ANSWER: $LETTER' (without quotes) where LETTER is one of {letters}.

{question}

{choices}

Instruction: Read the following segment of a merger agreement and answer the multiple-choice question by choosing the option that best characterizes the agreement.

Question: Is the 'ability to consummate' concept subject to Material Adverse Effect carveouts?
Option A: No
Option B: Yes

Merger Agreement: ""Consolidated Adverse Impact"" means any change, event, or circumstance that, either individually or when aggregated with other factors, (i) would be expected to have a material adverse effect on the financial condition, operating results, or asset base of the Company, or (ii) would be reasonably expected to prevent, delay, or materially impair the Company's ability to consummate the transactions contemplated by this Agreement. Notwithstanding the foregoing, no change, event, or circumstance shall be deemed to be a Consolidated Adverse Impact if, subsequent to the Agreement date, it arises solely or primarily from (A) general fluctuations in capital or credit markets, (B) modifications in accounting standards or legal interpretations that impact the industry as a whole, or (C) routine statutory or regulatory updates not uniquely detrimental to the Company. Additionally, any delay in consummation attributable exclusively to standard governmental clearance or transient market conditions is excluded from being considered a Consolidated Adverse Impact. In summary, while the definition addresses adverse impacts broadly, the Company's core ability to consummate the transactions is expressly preserved from being negated by such general or non-specific events.

Choices: "
"126","Answer the following multiple choice question. The entire content of your response should be of the following format: 'ANSWER: $LETTER' (without quotes) where LETTER is one of {letters}.

{question}

{choices}

Instruction: Review the following excerpt from a joint acquisition agreement and answer the multiple-choice question by selecting the option that best reflects the agreement.

Question: Is the “ability to consummate” provision in this Agreement subject to Material Adverse Effect (MAE) carveouts?
Option A: No
Option B: Yes

Agreement Excerpt:
“Material Adverse Impact” shall mean any event, change, condition, or circumstance that, either individually or in aggregate with all other such events, would (a) prevent, materially delay, or materially impair the ability of the Parties to consummate the Transactions, or (b) adversely affect the operating performance, financial condition, or results of operations of the Target in a manner that is not merely reflective of general changes in the economic, regulatory, or market environment. Notwithstanding the foregoing, for purposes of clause (b) only, no effect shall be deemed to constitute a Material Adverse Impact if such effect arises solely from (i) fluctuations in overall market conditions, (ii) changes in applicable laws or regulatory requirements, (iii) alterations in global macroeconomic conditions, or (iv) general shifts in investor sentiment. However, any event or condition that directly delays or prevents the closing of the Transactions, even if it originates from any of the factors described in (i) – (iv), shall not be excluded by these carveouts and shall be taken fully into account when determining a Material Adverse Impact with respect to the ability to consummate the Transactions. Further, any emergency measures by governmental authorities, though potentially affecting operational performance, shall not trigger a carveout for the specific purpose of evaluating consummation delays.

Based on the above, answer the question.
Choices: ","Fail","Answer the following multiple choice question. The entire content of your response should be of the following format: 'ANSWER: $LETTER' (without quotes) where LETTER is one of {letters}.

{question}

{choices}

Instruction: Read the following segment of a merger agreement and answer the multiple-choice question by choosing the option that best characterizes the agreement.

Question: Is the 'ability to consummate' concept subject to Material Adverse Effect carveouts?
Option A: No
Option B: Yes

Merger Agreement: ""Consolidated Adverse Impact"" means any change, event, or circumstance that, either individually or when aggregated with other factors, (i) would be expected to have a material adverse effect on the financial condition, operating results, or asset base of the Company, or (ii) would be reasonably expected to prevent, delay, or materially impair the Company's ability to consummate the transactions contemplated by this Agreement. Notwithstanding the foregoing, no change, event, or circumstance shall be deemed to be a Consolidated Adverse Impact if, subsequent to the Agreement date, it arises solely or primarily from (A) general fluctuations in capital or credit markets, (B) modifications in accounting standards or legal interpretations that impact the industry as a whole, or (C) routine statutory or regulatory updates not uniquely detrimental to the Company. Additionally, any delay in consummation attributable exclusively to standard governmental clearance or transient market conditions is excluded from being considered a Consolidated Adverse Impact. In summary, while the definition addresses adverse impacts broadly, the Company's core ability to consummate the transactions is expressly preserved from being negated by such general or non-specific events.

Choices: "
"127","Answer the following multiple choice question. The entire content of your response should be of the following format: 'ANSWER: $LETTER' (without quotes) where LETTER is one of {letters}.

{question}

{choices}

Instruction: Read the following excerpt from a merger agreement and answer the multiple-choice question by selecting the option that best characterizes the treatment of the 'ability to consummate' concept.

Question: Is the 'ability to consummate' concept, as defined in the excerpt below, subject to Material Adverse Effect carveouts?

Option A: No
Option B: Yes

Merger Agreement Excerpt: ""Comprehensive Material Adverse Change"" means any occurrence, event, or condition that, either individually or in the aggregate, materially impairs, delays, or prevents a Party’s ability to consummate the transaction. Notwithstanding the general exclusions applicable to adverse effects arising from (i) broad economic downturns, (ii) industry-wide fluctuations, and (iii) regulatory or legislative updates that affect the market as a whole, such exclusions shall not be applied when evaluating any impact on the Party’s ability to consummate the transaction. In other words, while certain effects may be carved out from being considered materially adverse in other respects, any event that affects the consummation process shall be assessed in its entirety without recourse to these carveouts.

Choices: ","Fail","Answer the following multiple choice question. The entire content of your response should be of the following format: 'ANSWER: $LETTER' (without quotes) where LETTER is one of {letters}.

{question}

{choices}

Instruction: Read the following segment of a merger agreement and answer the multiple-choice question by choosing the option that best characterizes the agreement.

Question: Is the 'ability to consummate' concept subject to Material Adverse Effect carveouts?
Option A: No
Option B: Yes

Merger Agreement: ""Consolidated Adverse Impact"" means any change, event, or circumstance that, either individually or when aggregated with other factors, (i) would be expected to have a material adverse effect on the financial condition, operating results, or asset base of the Company, or (ii) would be reasonably expected to prevent, delay, or materially impair the Company's ability to consummate the transactions contemplated by this Agreement. Notwithstanding the foregoing, no change, event, or circumstance shall be deemed to be a Consolidated Adverse Impact if, subsequent to the Agreement date, it arises solely or primarily from (A) general fluctuations in capital or credit markets, (B) modifications in accounting standards or legal interpretations that impact the industry as a whole, or (C) routine statutory or regulatory updates not uniquely detrimental to the Company. Additionally, any delay in consummation attributable exclusively to standard governmental clearance or transient market conditions is excluded from being considered a Consolidated Adverse Impact. In summary, while the definition addresses adverse impacts broadly, the Company's core ability to consummate the transactions is expressly preserved from being negated by such general or non-specific events.

Choices: "
"128","Answer the following multiple choice question. The entire content of your response should be of the following format: 'ANSWER: $LETTER' (without quotes) where LETTER is one of {letters}.

{question}

{choices}

Instruction: Read the following segment of a Contingent Merger Agreement and answer the multiple-choice question by choosing the option that best characterizes the agreement.

Question: Is the ""ability to consummate"" concept subject to the Material Adverse Effect carveouts?
Option A: No
Option B: Yes

Merger Agreement: ""Contingent Material Adverse Condition"" means any event, development, or change that, individually or collectively, has a significant adverse impact on the business, assets, liabilities, financial condition or results of operations of the Company. Notwithstanding the foregoing, for purposes of this definition, any condition that arises solely from generic market-wide economic trends, industry-wide fluctuations such as standardized changes in interest rates, currency exchange rates, or temporary disruptions in securities trading is expressly excluded from being considered a Material Adverse Condition. Further, while the Agreement stipulates that any factor that would prevent or materially delay the consummation of the Transaction will be regarded as a Material Adverse Condition, such a factor must directly reflect adverse deviations in the Company’s own operational or financial performance rather than those emanating from broadly applicable economic factors. In essence, any issue that diminishes the ""ability to consummate"" solely because of the generic carveouts described herein will not be treated as a Material Adverse Condition under this Agreement.

Answer:
Choices: ","Fail","Answer the following multiple choice question. The entire content of your response should be of the following format: 'ANSWER: $LETTER' (without quotes) where LETTER is one of {letters}.

{question}

{choices}

Instruction: Read the following segment of a merger agreement and answer the multiple-choice question by choosing the option that best characterizes the agreement.

Question: Is the 'ability to consummate' concept subject to Material Adverse Effect carveouts?
Option A: No
Option B: Yes

Merger Agreement: ""Consolidated Adverse Impact"" means any change, event, or circumstance that, either individually or when aggregated with other factors, (i) would be expected to have a material adverse effect on the financial condition, operating results, or asset base of the Company, or (ii) would be reasonably expected to prevent, delay, or materially impair the Company's ability to consummate the transactions contemplated by this Agreement. Notwithstanding the foregoing, no change, event, or circumstance shall be deemed to be a Consolidated Adverse Impact if, subsequent to the Agreement date, it arises solely or primarily from (A) general fluctuations in capital or credit markets, (B) modifications in accounting standards or legal interpretations that impact the industry as a whole, or (C) routine statutory or regulatory updates not uniquely detrimental to the Company. Additionally, any delay in consummation attributable exclusively to standard governmental clearance or transient market conditions is excluded from being considered a Consolidated Adverse Impact. In summary, while the definition addresses adverse impacts broadly, the Company's core ability to consummate the transactions is expressly preserved from being negated by such general or non-specific events.

Choices: "
"129","Answer the following multiple choice question. The entire content of your response should be of the following format: 'ANSWER: $LETTER' (without quotes) where LETTER is one of {letters}.

{question}

{choices}

Instruction: Read the following segment of a merger agreement and answer the multiple-choice question by choosing the option that best characterizes the agreement.

Question: Is the “ability to consummate” concept, as it relates to delaying the transaction, subject to the carveouts provided under the adverse effect definition?
Option A: No
Option B: Yes

Merger Agreement:
""Company Operational Impediment"" means any occurrence, malfunction, or event that, individually or in combination with other similar occurrences, either (a) has had or would reasonably be expected to have a material adverse effect on the operational performance, assets, or financial condition of the Company and its Subsidiaries when considered in the aggregate; or (b) would reasonably be expected to disrupt, delay, or otherwise impair the Company’s ability to consummate the transactions contemplated by this Agreement. Notwithstanding the foregoing, with respect to clause (a) only, the following events shall not individually or collectively be deemed to constitute a Company Operational Impediment: (i) fluctuations in currency exchange rates; (ii) regional shifts in labor market conditions; (iii) minor variations in benchmark interest rates; and (iv) temporary suspension of trading in any securities not directly related to this transaction. However, for purposes of closing, any event that results in a delay in consummation of the transactions beyond 30 calendar days shall be treated as directly impairing the Company’s ability to consummate, irrespective of the carveouts described above.

Choices: ","Fail","Answer the following multiple choice question. The entire content of your response should be of the following format: 'ANSWER: $LETTER' (without quotes) where LETTER is one of {letters}.

{question}

{choices}

Instruction: Read the following segment of a merger agreement and answer the multiple-choice question by choosing the option that best characterizes the agreement.

Question: Is the 'ability to consummate' concept subject to Material Adverse Effect carveouts?
Option A: No
Option B: Yes

Merger Agreement: ""Consolidated Adverse Impact"" means any change, event, or circumstance that, either individually or when aggregated with other factors, (i) would be expected to have a material adverse effect on the financial condition, operating results, or asset base of the Company, or (ii) would be reasonably expected to prevent, delay, or materially impair the Company's ability to consummate the transactions contemplated by this Agreement. Notwithstanding the foregoing, no change, event, or circumstance shall be deemed to be a Consolidated Adverse Impact if, subsequent to the Agreement date, it arises solely or primarily from (A) general fluctuations in capital or credit markets, (B) modifications in accounting standards or legal interpretations that impact the industry as a whole, or (C) routine statutory or regulatory updates not uniquely detrimental to the Company. Additionally, any delay in consummation attributable exclusively to standard governmental clearance or transient market conditions is excluded from being considered a Consolidated Adverse Impact. In summary, while the definition addresses adverse impacts broadly, the Company's core ability to consummate the transactions is expressly preserved from being negated by such general or non-specific events.

Choices: "
"130","Answer the following multiple choice question. The entire content of your response should be of the following format: 'ANSWER: $LETTER' (without quotes) where LETTER is one of {letters}.

{question}

{choices}

Instruction: Read the segment of a proposed acquisition agreement and answer the multiple-choice question by choosing the option that best characterizes the agreement.

Question: Based on the following definition, is the 'ability to consummate' concept subject to the carveouts specified?

Acquisition Agreement: ""Adverse Closing Impact"" means any occurrence, event, or circumstance that, whether occurring independently or cumulatively, significantly impairs or prevents the Buyer's capacity to finalize the acquisition. For purposes of this definition, however, events that stem solely from routine market fluctuations, general economic downturns, or uniform industry-wide shifts shall be excluded from qualifying as an 'Adverse Closing Impact.' Notwithstanding the foregoing, any event causing a distinctly disproportionate impairment in the Buyer's operational ability to consummate the Acquisition—as compared to analogous transactions in the industry—shall be deemed to qualify as an 'Adverse Closing Impact.'

Option A: No
Option B: Yes
Choices: ","Fail","Answer the following multiple choice question. The entire content of your response should be of the following format: 'ANSWER: $LETTER' (without quotes) where LETTER is one of {letters}.

{question}

{choices}

Instruction: Read the following segment of a merger agreement and answer the multiple-choice question by choosing the option that best characterizes the agreement.

Question: Is the 'ability to consummate' concept subject to Material Adverse Effect carveouts?
Option A: No
Option B: Yes

Merger Agreement: ""Consolidated Adverse Impact"" means any change, event, or circumstance that, either individually or when aggregated with other factors, (i) would be expected to have a material adverse effect on the financial condition, operating results, or asset base of the Company, or (ii) would be reasonably expected to prevent, delay, or materially impair the Company's ability to consummate the transactions contemplated by this Agreement. Notwithstanding the foregoing, no change, event, or circumstance shall be deemed to be a Consolidated Adverse Impact if, subsequent to the Agreement date, it arises solely or primarily from (A) general fluctuations in capital or credit markets, (B) modifications in accounting standards or legal interpretations that impact the industry as a whole, or (C) routine statutory or regulatory updates not uniquely detrimental to the Company. Additionally, any delay in consummation attributable exclusively to standard governmental clearance or transient market conditions is excluded from being considered a Consolidated Adverse Impact. In summary, while the definition addresses adverse impacts broadly, the Company's core ability to consummate the transactions is expressly preserved from being negated by such general or non-specific events.

Choices: "
"131","Answer the following multiple choice question. The entire content of your response should be of the following format: 'ANSWER: $LETTER' (without quotes) where LETTER is one of {letters}.

{question}

{choices}

Instruction: Read the following merger agreement excerpt and answer the multiple-choice question by choosing the option that best characterizes the agreement.
Question: Is the 'ability to consummate' concept subject to Material Adverse Effect (MAE) carveouts?
Option A: No
Option B: Yes

Merger Agreement: ""Material Adverse Effect"" means any event, change, or circumstance that (a) would reasonably be expected to have a material adverse impact on the Company's operating results, including its revenues, earnings, and other financial performance, except that for this purpose, the effects of (i) general economic downturns, (ii) fluctuations in the financial markets, and (iii) changes in general industry conditions shall not be taken into account; or (b) would reasonably be expected to prevent, materially delay, or materially impair the ability of the Company to consummate the transactions contemplated by this Agreement. Importantly, the exceptions applicable to clause (a) do not extend to clause (b).
Choices: ","Fail","Answer the following multiple choice question. The entire content of your response should be of the following format: 'ANSWER: $LETTER' (without quotes) where LETTER is one of {letters}.

{question}

{choices}

Instruction: Read the following segment of a merger agreement and answer the multiple-choice question by choosing the option that best characterizes the agreement.

Question: Is the 'ability to consummate' concept subject to Material Adverse Effect carveouts?
Option A: No
Option B: Yes

Merger Agreement: ""Consolidated Adverse Impact"" means any change, event, or circumstance that, either individually or when aggregated with other factors, (i) would be expected to have a material adverse effect on the financial condition, operating results, or asset base of the Company, or (ii) would be reasonably expected to prevent, delay, or materially impair the Company's ability to consummate the transactions contemplated by this Agreement. Notwithstanding the foregoing, no change, event, or circumstance shall be deemed to be a Consolidated Adverse Impact if, subsequent to the Agreement date, it arises solely or primarily from (A) general fluctuations in capital or credit markets, (B) modifications in accounting standards or legal interpretations that impact the industry as a whole, or (C) routine statutory or regulatory updates not uniquely detrimental to the Company. Additionally, any delay in consummation attributable exclusively to standard governmental clearance or transient market conditions is excluded from being considered a Consolidated Adverse Impact. In summary, while the definition addresses adverse impacts broadly, the Company's core ability to consummate the transactions is expressly preserved from being negated by such general or non-specific events.

Choices: "
"132","Answer the following multiple choice question. The entire content of your response should be of the following format: 'ANSWER: $LETTER' (without quotes) where LETTER is one of {letters}.

{question}

{choices}

Instruction: Read the following segment of a merger agreement and answer the multiple-choice question by choosing the option that best characterizes the agreement.

Merger Provision:
""Material Adverse Impact"" shall mean any event, change, or circumstance that (i) directly causes a material impediment, delay, or impairment in the Company’s ability to consummate the transactions contemplated under this Agreement, or (ii) adversely affects the Company’s critical financial metrics in a material manner. Notwithstanding the general carveouts applicable elsewhere in this Agreement – including those excluding effects arising from changes in global economic conditions, fluctuations in interest or exchange rates, or industry-wide trends – any effect that specifically impairs or delays the consummation of the transactions shall not be excluded by such carveouts. In other words, even if a given event might otherwise fall within the general economic or market change carveouts set forth in Sections 5.2 and 6.4, if that event impacts the Company’s ability to consummate the transaction, it shall be fully counted as a Material Adverse Impact.

Question: Based on the provision above, is the “ability to consummate” concept subject to Material Adverse Effect carveouts?
Option A: No
Option B: Yes
Choices: ","Fail","Answer the following multiple choice question. The entire content of your response should be of the following format: 'ANSWER: $LETTER' (without quotes) where LETTER is one of {letters}.

{question}

{choices}

Instruction: Read the following segment of a merger agreement and answer the multiple-choice question by choosing the option that best characterizes the agreement.

Question: Is the 'ability to consummate' concept subject to Material Adverse Effect carveouts?
Option A: No
Option B: Yes

Merger Agreement: ""Consolidated Adverse Impact"" means any change, event, or circumstance that, either individually or when aggregated with other factors, (i) would be expected to have a material adverse effect on the financial condition, operating results, or asset base of the Company, or (ii) would be reasonably expected to prevent, delay, or materially impair the Company's ability to consummate the transactions contemplated by this Agreement. Notwithstanding the foregoing, no change, event, or circumstance shall be deemed to be a Consolidated Adverse Impact if, subsequent to the Agreement date, it arises solely or primarily from (A) general fluctuations in capital or credit markets, (B) modifications in accounting standards or legal interpretations that impact the industry as a whole, or (C) routine statutory or regulatory updates not uniquely detrimental to the Company. Additionally, any delay in consummation attributable exclusively to standard governmental clearance or transient market conditions is excluded from being considered a Consolidated Adverse Impact. In summary, while the definition addresses adverse impacts broadly, the Company's core ability to consummate the transactions is expressly preserved from being negated by such general or non-specific events.

Choices: "
"133","Answer the following multiple choice question. The entire content of your response should be of the following format: 'ANSWER: $LETTER' (without quotes) where LETTER is one of {letters}.

{question}

{choices}

Instruction: Read the following segment of a transaction agreement and answer the multiple-choice question by choosing the option that best characterizes the agreement.
Question: Is the 'ability to consummate' the Proposed Transaction subject to carveouts as defined in this agreement?
Option A: No
Option B: Yes

Transaction Agreement Segment:
""Material Adverse Impact"" means any event, occurrence, condition, or effect that, either individually or in aggregate, would preclude, delay, or materially impair the ability of the Company to consummate the Proposed Transaction; provided, however, that any impact attributable solely to (i) a general downturn in the global or domestic economy, (ii) fluctuations in prevailing market interest or exchange rates, or (iii) industry-wide regulatory adjustments, shall be excluded from consideration in determining whether a Material Adverse Impact has occurred.

End of Segment.
Choices: ","Fail","Answer the following multiple choice question. The entire content of your response should be of the following format: 'ANSWER: $LETTER' (without quotes) where LETTER is one of {letters}.

{question}

{choices}

Instruction: Read the following segment of a merger agreement and answer the multiple-choice question by choosing the option that best characterizes the agreement.

Question: Is the 'ability to consummate' concept subject to Material Adverse Effect carveouts?
Option A: No
Option B: Yes

Merger Agreement: ""Consolidated Adverse Impact"" means any change, event, or circumstance that, either individually or when aggregated with other factors, (i) would be expected to have a material adverse effect on the financial condition, operating results, or asset base of the Company, or (ii) would be reasonably expected to prevent, delay, or materially impair the Company's ability to consummate the transactions contemplated by this Agreement. Notwithstanding the foregoing, no change, event, or circumstance shall be deemed to be a Consolidated Adverse Impact if, subsequent to the Agreement date, it arises solely or primarily from (A) general fluctuations in capital or credit markets, (B) modifications in accounting standards or legal interpretations that impact the industry as a whole, or (C) routine statutory or regulatory updates not uniquely detrimental to the Company. Additionally, any delay in consummation attributable exclusively to standard governmental clearance or transient market conditions is excluded from being considered a Consolidated Adverse Impact. In summary, while the definition addresses adverse impacts broadly, the Company's core ability to consummate the transactions is expressly preserved from being negated by such general or non-specific events.

Choices: "
"134","Answer the following multiple choice question. The entire content of your response should be of the following format: 'ANSWER: $LETTER' (without quotes) where LETTER is one of {letters}.

{question}

{choices}

Instruction: Read the segment of a merger agreement and answer the multiple-choice question by choosing the option that best characterizes the agreement.
Question: Is the “ability to consummate” concept subject to Material Adverse Effect (MAE) carveouts?
Option A: No
Option B: Yes

Merger Agreement:
“Comprehensive Adverse Impact” means any change, event, or circumstance that (a) would, individually or in the aggregate, prevent, materially delay, or materially impair the ability of the Company to consummate the Transactions, or (b) would have a material adverse effect on the business, assets, or financial condition of the Company. Notwithstanding the foregoing, the following items shall not be considered as contributing to a Comprehensive Adverse Impact: (i) fluctuations in interest rates or exchange rates; (ii) general changes in macroeconomic conditions affecting the national or global economy; (iii) disruptions caused by Force Majeure events not involving direct operational failures; and (iv) any action expressly approved in writing by the Board of Directors that is unrelated to the core execution of the Transactions. Importantly, the Agreement clarifies that the determination of a Comprehensive Adverse Impact shall fully consider any event that hinders the Company’s ability to consummate the Transactions, and such “ability to consummate” shall not be subject to the exclusions provided in clauses (i) through (iv). (Pages 10-12)
Choices: ","Fail","Answer the following multiple choice question. The entire content of your response should be of the following format: 'ANSWER: $LETTER' (without quotes) where LETTER is one of {letters}.

{question}

{choices}

Instruction: Read the following segment of a merger agreement and answer the multiple-choice question by choosing the option that best characterizes the agreement.

Question: Is the 'ability to consummate' concept subject to Material Adverse Effect carveouts?
Option A: No
Option B: Yes

Merger Agreement: ""Consolidated Adverse Impact"" means any change, event, or circumstance that, either individually or when aggregated with other factors, (i) would be expected to have a material adverse effect on the financial condition, operating results, or asset base of the Company, or (ii) would be reasonably expected to prevent, delay, or materially impair the Company's ability to consummate the transactions contemplated by this Agreement. Notwithstanding the foregoing, no change, event, or circumstance shall be deemed to be a Consolidated Adverse Impact if, subsequent to the Agreement date, it arises solely or primarily from (A) general fluctuations in capital or credit markets, (B) modifications in accounting standards or legal interpretations that impact the industry as a whole, or (C) routine statutory or regulatory updates not uniquely detrimental to the Company. Additionally, any delay in consummation attributable exclusively to standard governmental clearance or transient market conditions is excluded from being considered a Consolidated Adverse Impact. In summary, while the definition addresses adverse impacts broadly, the Company's core ability to consummate the transactions is expressly preserved from being negated by such general or non-specific events.

Choices: "
"135","Answer the following multiple choice question. The entire content of your response should be of the following format: 'ANSWER: $LETTER' (without quotes) where LETTER is one of {letters}.

{question}

{choices}

Instruction: Read the segment of a merger agreement and answer the multiple-choice question by choosing the option that best characterizes the agreement.
Question: Is the “ability to consummate” concept subject to Material Adverse Effect (MAE) carveouts?
Option A: No
Option B: Yes

Merger Agreement: ""Company Material Adverse Effect"" means any change, event, occurrence, or condition that, when taken alone or in combination with other effects, either (a) has a material adverse impact on the financial condition, operations, or results of operations of the Company and its Subsidiaries, or (b) materially delays or prevents the consummation of the transactions contemplated by this Agreement. For the purposes of clause (b) regarding the ability to consummate, no exceptions or carveouts shall apply; specifically, notwithstanding any other provision of this definition, events such as fluctuations in foreign exchange rates, minor shifts in market volatility, or general changes in economic conditions, which might be excluded under clause (a), shall not be excluded from being considered in determining whether the consummation of the transactions is impaired.

Based on the foregoing, answer the question.
Choices: ","Fail","Answer the following multiple choice question. The entire content of your response should be of the following format: 'ANSWER: $LETTER' (without quotes) where LETTER is one of {letters}.

{question}

{choices}

Instruction: Read the following segment of a merger agreement and answer the multiple-choice question by choosing the option that best characterizes the agreement.

Question: Is the 'ability to consummate' concept subject to Material Adverse Effect carveouts?
Option A: No
Option B: Yes

Merger Agreement: ""Consolidated Adverse Impact"" means any change, event, or circumstance that, either individually or when aggregated with other factors, (i) would be expected to have a material adverse effect on the financial condition, operating results, or asset base of the Company, or (ii) would be reasonably expected to prevent, delay, or materially impair the Company's ability to consummate the transactions contemplated by this Agreement. Notwithstanding the foregoing, no change, event, or circumstance shall be deemed to be a Consolidated Adverse Impact if, subsequent to the Agreement date, it arises solely or primarily from (A) general fluctuations in capital or credit markets, (B) modifications in accounting standards or legal interpretations that impact the industry as a whole, or (C) routine statutory or regulatory updates not uniquely detrimental to the Company. Additionally, any delay in consummation attributable exclusively to standard governmental clearance or transient market conditions is excluded from being considered a Consolidated Adverse Impact. In summary, while the definition addresses adverse impacts broadly, the Company's core ability to consummate the transactions is expressly preserved from being negated by such general or non-specific events.

Choices: "
"136","Answer the following multiple choice question. The entire content of your response should be of the following format: 'ANSWER: $LETTER' (without quotes) where LETTER is one of {letters}.

{question}

{choices}

Instruction: Read the following segment of a merger agreement and answer the multiple-choice question by choosing the option that best characterizes the agreement.

Question: Is the “ability to consummate” concept subject to Material Adverse Effect carveouts?
Option A: No
Option B: Yes

Merger Agreement Segment:
""For the purposes of this Agreement, the term 'Aggregate Material Detriment' shall mean any change, event, or circumstance that, either individually or in the aggregate with other factors, materially impairs the Acquiring Company’s ability to consummate the transaction contemplated herein. Notwithstanding the foregoing, the Agreement expressly excludes from consideration adverse effects that arise solely from (i) systemic economic downturns, (ii) ordinary fluctuations in market conditions, (iii) regulatory amendments that apply uniformly across the industry, (iv) customary force majeure events, or (v) general political shifts, unless such occurrences impose a disproportionate burden relative to industry peers. However, it is expressly provided that these exclusions shall apply only to analyses of financial performance, operational results, or other substantive business metrics, and shall not extend to evaluations concerning the Acquiring Company’s ability to consummate the transaction.""

Based on the above, provide the correct answer.
Choices: ","Fail","Answer the following multiple choice question. The entire content of your response should be of the following format: 'ANSWER: $LETTER' (without quotes) where LETTER is one of {letters}.

{question}

{choices}

Instruction: Read the following segment of a merger agreement and answer the multiple-choice question by choosing the option that best characterizes the agreement.

Question: Is the 'ability to consummate' concept subject to Material Adverse Effect carveouts?
Option A: No
Option B: Yes

Merger Agreement: ""Consolidated Adverse Impact"" means any change, event, or circumstance that, either individually or when aggregated with other factors, (i) would be expected to have a material adverse effect on the financial condition, operating results, or asset base of the Company, or (ii) would be reasonably expected to prevent, delay, or materially impair the Company's ability to consummate the transactions contemplated by this Agreement. Notwithstanding the foregoing, no change, event, or circumstance shall be deemed to be a Consolidated Adverse Impact if, subsequent to the Agreement date, it arises solely or primarily from (A) general fluctuations in capital or credit markets, (B) modifications in accounting standards or legal interpretations that impact the industry as a whole, or (C) routine statutory or regulatory updates not uniquely detrimental to the Company. Additionally, any delay in consummation attributable exclusively to standard governmental clearance or transient market conditions is excluded from being considered a Consolidated Adverse Impact. In summary, while the definition addresses adverse impacts broadly, the Company's core ability to consummate the transactions is expressly preserved from being negated by such general or non-specific events.

Choices: "
"137","Answer the following multiple choice question. The entire content of your response should be of the following format: 'ANSWER: $LETTER' (without quotes) where LETTER is one of {letters}.

{question}

{choices}

Instruction: Read the following excerpt from a merger agreement and answer the multiple-choice question by choosing the option that best characterizes the agreement.

Question: Is the 'ability to consummate' concept subject to Material Adverse Effect carveouts?
Option A: No
Option B: Yes

Merger Agreement Excerpt:
""Definition of Material Adverse Condition: 'Material Adverse Condition' means any event, circumstance, or change that, individually or in aggregate with other events, (a) adversely affects the business, financial condition, or results of operations of the Seller, or (b) prevents, materially delays, or materially impairs the Seller's ability to consummate the transactions contemplated by this Agreement. For purposes of clause (a), certain adverse effects arising from general economic trends, shifts in regulatory environments, natural disasters, or industry-wide fluctuations, as set forth in Section 3.2, are specifically excluded as they are deemed to be inherent market risks. However, with respect to clause (b), regarding the Seller’s ability to consummate, no subsequent events or conditions, even if they fall within the exclusions listed in Section 3.2, shall be taken into account. The ability to consummate the transaction shall be evaluated without the benefit of any of the aforementioned carveouts.
(Pages 5-6)""
Choices: ","Fail","Answer the following multiple choice question. The entire content of your response should be of the following format: 'ANSWER: $LETTER' (without quotes) where LETTER is one of {letters}.

{question}

{choices}

Instruction: Read the following segment of a merger agreement and answer the multiple-choice question by choosing the option that best characterizes the agreement.

Question: Is the 'ability to consummate' concept subject to Material Adverse Effect carveouts?
Option A: No
Option B: Yes

Merger Agreement: ""Consolidated Adverse Impact"" means any change, event, or circumstance that, either individually or when aggregated with other factors, (i) would be expected to have a material adverse effect on the financial condition, operating results, or asset base of the Company, or (ii) would be reasonably expected to prevent, delay, or materially impair the Company's ability to consummate the transactions contemplated by this Agreement. Notwithstanding the foregoing, no change, event, or circumstance shall be deemed to be a Consolidated Adverse Impact if, subsequent to the Agreement date, it arises solely or primarily from (A) general fluctuations in capital or credit markets, (B) modifications in accounting standards or legal interpretations that impact the industry as a whole, or (C) routine statutory or regulatory updates not uniquely detrimental to the Company. Additionally, any delay in consummation attributable exclusively to standard governmental clearance or transient market conditions is excluded from being considered a Consolidated Adverse Impact. In summary, while the definition addresses adverse impacts broadly, the Company's core ability to consummate the transactions is expressly preserved from being negated by such general or non-specific events.

Choices: "
"138","Answer the following multiple choice question. The entire content of your response should be of the following format: 'ANSWER: $LETTER' (without quotes) where LETTER is one of {letters}.

{question}

{choices}

Instruction: Read the following segment of a merger agreement and answer the multiple-choice question by choosing the option that best characterizes the agreement.

Question: Is the 'ability to consummate' concept subject to Material Adverse Effect carveouts?
Option A: No
Option B: Yes

Merger Agreement: ""Adjusted Material Adverse Impact"" means any event, occurrence, or effect that, individually or in aggregate, (a) has a material adverse effect on the business, financial condition, or operations of the Company, or (b) would, if continuing, prevent, delay beyond the scheduled closing, or materially impair the ability of the Company to consummate the transactions contemplated by this Agreement; provided, however, that any such event arising solely from general macroeconomic fluctuations—including changes in currency exchange rates, shifts in interest rate policies, or general market volatility—shall not be deemed an adverse impact unless such fluctuations result in a disproportionate delay relative to industry peers. Furthermore, effects due solely to governmental announcements regarding minor regulatory updates or legislative amendments are expressly excluded from triggering an adverse impact. Notwithstanding the foregoing, any delay resulting from the Company’s failure to secure necessary approvals, when directly attributable to obligations under this Agreement, shall be considered an adverse impact without regard to the previously described carveouts.
Choices: ","Fail","Answer the following multiple choice question. The entire content of your response should be of the following format: 'ANSWER: $LETTER' (without quotes) where LETTER is one of {letters}.

{question}

{choices}

Instruction: Read the following segment of a merger agreement and answer the multiple-choice question by choosing the option that best characterizes the agreement.

Question: Is the 'ability to consummate' concept subject to Material Adverse Effect carveouts?
Option A: No
Option B: Yes

Merger Agreement: ""Consolidated Adverse Impact"" means any change, event, or circumstance that, either individually or when aggregated with other factors, (i) would be expected to have a material adverse effect on the financial condition, operating results, or asset base of the Company, or (ii) would be reasonably expected to prevent, delay, or materially impair the Company's ability to consummate the transactions contemplated by this Agreement. Notwithstanding the foregoing, no change, event, or circumstance shall be deemed to be a Consolidated Adverse Impact if, subsequent to the Agreement date, it arises solely or primarily from (A) general fluctuations in capital or credit markets, (B) modifications in accounting standards or legal interpretations that impact the industry as a whole, or (C) routine statutory or regulatory updates not uniquely detrimental to the Company. Additionally, any delay in consummation attributable exclusively to standard governmental clearance or transient market conditions is excluded from being considered a Consolidated Adverse Impact. In summary, while the definition addresses adverse impacts broadly, the Company's core ability to consummate the transactions is expressly preserved from being negated by such general or non-specific events.

Choices: "
"139","Answer the following multiple choice question. The entire content of your response should be of the following format: 'ANSWER: $LETTER' (without quotes) where LETTER is one of {letters}.

{question}

{choices}

Instruction: Read the following segment of a merger agreement and answer the multiple-choice question by choosing the option that best characterizes the agreement.

Question: Is the 'ability to consummate' concept subject to Material Adverse Effect (MAE) carveouts?
Option A: No
Option B: Yes

Merger Agreement: ""Adjunct Material Adverse Effect"" means any event, circumstance, or change that, whether taken alone or in aggregate, would reasonably be expected to (a) have a material adverse effect on the business, assets, liabilities, or overall performance of Party Alpha and its Affiliates, or (b) prevent, materially delay, or impair the ability of Party Alpha to consummate the transactions contemplated herein; provided, however, that any adverse impact exclusively arising from (i) routine fluctuations in market conditions, including changes in interest rates, exchange rates, and general economic trends, (ii) standard updates to regulatory requirements affecting the industry on a broad basis, or (iii) the public announcement of this Agreement and the typical market response thereto, shall not be considered as contributing to a Material Adverse Effect under subsection (b).
Choices: ","Fail","Answer the following multiple choice question. The entire content of your response should be of the following format: 'ANSWER: $LETTER' (without quotes) where LETTER is one of {letters}.

{question}

{choices}

Instruction: Read the following segment of a merger agreement and answer the multiple-choice question by choosing the option that best characterizes the agreement.

Question: Is the 'ability to consummate' concept subject to Material Adverse Effect carveouts?
Option A: No
Option B: Yes

Merger Agreement: ""Consolidated Adverse Impact"" means any change, event, or circumstance that, either individually or when aggregated with other factors, (i) would be expected to have a material adverse effect on the financial condition, operating results, or asset base of the Company, or (ii) would be reasonably expected to prevent, delay, or materially impair the Company's ability to consummate the transactions contemplated by this Agreement. Notwithstanding the foregoing, no change, event, or circumstance shall be deemed to be a Consolidated Adverse Impact if, subsequent to the Agreement date, it arises solely or primarily from (A) general fluctuations in capital or credit markets, (B) modifications in accounting standards or legal interpretations that impact the industry as a whole, or (C) routine statutory or regulatory updates not uniquely detrimental to the Company. Additionally, any delay in consummation attributable exclusively to standard governmental clearance or transient market conditions is excluded from being considered a Consolidated Adverse Impact. In summary, while the definition addresses adverse impacts broadly, the Company's core ability to consummate the transactions is expressly preserved from being negated by such general or non-specific events.

Choices: "
"140","Answer the following multiple choice question. The entire content of your response should be of the following format: 'ANSWER: $LETTER' (without quotes) where LETTER is one of {letters}.

{question}

{choices}

Instruction: Read the following segment of a merger agreement and answer the multiple-choice question by choosing the option that best characterizes the agreement.
Question: Is the ""ability to consummate"" concept subject to Material Adverse Effect (MAE) carveouts?
Option A: No
Option B: Yes

Merger Agreement: ""Material Adverse Effect"" means any event, circumstance, change or effect that, either alone or in combination with other events, would (a) adversely affect the Company’s ongoing business, assets, liabilities, financial condition, or operating results, or (b) would materially delay, impair or prevent the Company from consummating the Merger. Notwithstanding the foregoing, any adverse effect that arises solely from: (i) a general downturn in economic conditions, (ii) broad shifts in credit or capital market conditions, or (iii) changes in industry-wide regulatory guidelines, shall be excluded from the assessment of a Material Adverse Effect for purposes of clause (b) regarding the Company’s ability to consummate the Merger. However, if such effects are coupled with additional specific adverse impacts—such as a breach of a key financing covenant exceeding a 15% industry benchmark—then the aggregate effect may be considered a Material Adverse Effect.

Choices: ","Fail","Answer the following multiple choice question. The entire content of your response should be of the following format: 'ANSWER: $LETTER' (without quotes) where LETTER is one of {letters}.

{question}

{choices}

Instruction: Read the following segment of a merger agreement and answer the multiple-choice question by choosing the option that best characterizes the agreement.

Question: Is the 'ability to consummate' concept subject to Material Adverse Effect carveouts?
Option A: No
Option B: Yes

Merger Agreement: ""Consolidated Adverse Impact"" means any change, event, or circumstance that, either individually or when aggregated with other factors, (i) would be expected to have a material adverse effect on the financial condition, operating results, or asset base of the Company, or (ii) would be reasonably expected to prevent, delay, or materially impair the Company's ability to consummate the transactions contemplated by this Agreement. Notwithstanding the foregoing, no change, event, or circumstance shall be deemed to be a Consolidated Adverse Impact if, subsequent to the Agreement date, it arises solely or primarily from (A) general fluctuations in capital or credit markets, (B) modifications in accounting standards or legal interpretations that impact the industry as a whole, or (C) routine statutory or regulatory updates not uniquely detrimental to the Company. Additionally, any delay in consummation attributable exclusively to standard governmental clearance or transient market conditions is excluded from being considered a Consolidated Adverse Impact. In summary, while the definition addresses adverse impacts broadly, the Company's core ability to consummate the transactions is expressly preserved from being negated by such general or non-specific events.

Choices: "
"141","Answer the following multiple choice question. The entire content of your response should be of the following format: 'ANSWER: $LETTER' (without quotes) where LETTER is one of {letters}.

{question}

{choices}

Instruction: Read the following segment of a merger agreement and answer the multiple-choice question by choosing the option that best characterizes the agreement.

Question: Is the “ability to consummate” concept subject to Material Adverse Effect (MAE) carveouts?
Option A: No
Option B: Yes

Merger Agreement Excerpt:
""Material Adverse Effect"" means any change, event, or circumstance that, either individually or in the aggregate, (a) has a material adverse impact on the Company’s business, financial condition, or results of operations, or (b) would reasonably be expected to prevent, materially delay, or materially impair the Company’s ability to consummate the transactions contemplated by this Agreement. For purposes of clause (a) only, any changes arising from (i) general economic trends affecting the entire industry, (ii) revisions to GAAP or other applicable accounting standards, (iii) shifts in regulatory or political conditions, and (iv) occurrences such as natural disasters, pandemics, or other force majeure events shall not be deemed to constitute a Material Adverse Effect. Notwithstanding the foregoing carveouts applicable to clause (a), clause (b) is not subject to any exceptions, and any impairment to the Company’s ability to consummate the transactions shall be fully determinative without any exclusion.

(Page 10-11)
Choices: ","Fail","Answer the following multiple choice question. The entire content of your response should be of the following format: 'ANSWER: $LETTER' (without quotes) where LETTER is one of {letters}.

{question}

{choices}

Instruction: Read the following segment of a merger agreement and answer the multiple-choice question by choosing the option that best characterizes the agreement.

Question: Is the 'ability to consummate' concept subject to Material Adverse Effect carveouts?
Option A: No
Option B: Yes

Merger Agreement: ""Consolidated Adverse Impact"" means any change, event, or circumstance that, either individually or when aggregated with other factors, (i) would be expected to have a material adverse effect on the financial condition, operating results, or asset base of the Company, or (ii) would be reasonably expected to prevent, delay, or materially impair the Company's ability to consummate the transactions contemplated by this Agreement. Notwithstanding the foregoing, no change, event, or circumstance shall be deemed to be a Consolidated Adverse Impact if, subsequent to the Agreement date, it arises solely or primarily from (A) general fluctuations in capital or credit markets, (B) modifications in accounting standards or legal interpretations that impact the industry as a whole, or (C) routine statutory or regulatory updates not uniquely detrimental to the Company. Additionally, any delay in consummation attributable exclusively to standard governmental clearance or transient market conditions is excluded from being considered a Consolidated Adverse Impact. In summary, while the definition addresses adverse impacts broadly, the Company's core ability to consummate the transactions is expressly preserved from being negated by such general or non-specific events.

Choices: "
"142","Answer the following multiple choice question. The entire content of your response should be of the following format: 'ANSWER: $LETTER' (without quotes) where LETTER is one of {letters}.

{question}

{choices}

Instruction: Read the following segment of a merger agreement and answer the multiple-choice question by choosing the option that best characterizes the agreement.

Question: Is the 'ability to consummate' concept subject to Material Adverse Effect carveouts?
Option A: No
Option B: Yes

Merger Agreement Excerpt:
“Aggregate Material Adverse Impact” means any circumstance, event, or effect that, either individually or when taken in aggregate, (a) materially impairs the financial condition, operations, or results of operations of the Company, or (b) delays, for a period of no less than 60 days, the Company’s ability to consummate the transactions contemplated hereby. In connection with clause (b) only, it is agreed that any delay caused solely by generic economic fluctuations, overall market volatility, or routine changes in global financial conditions shall not be considered a Qualified Impact triggering this clause. Notwithstanding the foregoing, any delay arising from regulatory actions, specific government directives, or operational challenges (such as unforeseen software integration issues or supply chain disruptions) shall be counted as part of the Aggregate Material Adverse Impact. The parties acknowledge that the baseline measurement for the Company’s ability to consummate the transaction has not been adjusted for transient or broadly applicable market conditions. Ambiguities in interpreting these provisions shall be resolved against any defense based on reasonableness.
Choices: ","Fail","Answer the following multiple choice question. The entire content of your response should be of the following format: 'ANSWER: $LETTER' (without quotes) where LETTER is one of {letters}.

{question}

{choices}

Instruction: Read the following segment of a merger agreement and answer the multiple-choice question by choosing the option that best characterizes the agreement.

Question: Is the 'ability to consummate' concept subject to Material Adverse Effect carveouts?
Option A: No
Option B: Yes

Merger Agreement: ""Consolidated Adverse Impact"" means any change, event, or circumstance that, either individually or when aggregated with other factors, (i) would be expected to have a material adverse effect on the financial condition, operating results, or asset base of the Company, or (ii) would be reasonably expected to prevent, delay, or materially impair the Company's ability to consummate the transactions contemplated by this Agreement. Notwithstanding the foregoing, no change, event, or circumstance shall be deemed to be a Consolidated Adverse Impact if, subsequent to the Agreement date, it arises solely or primarily from (A) general fluctuations in capital or credit markets, (B) modifications in accounting standards or legal interpretations that impact the industry as a whole, or (C) routine statutory or regulatory updates not uniquely detrimental to the Company. Additionally, any delay in consummation attributable exclusively to standard governmental clearance or transient market conditions is excluded from being considered a Consolidated Adverse Impact. In summary, while the definition addresses adverse impacts broadly, the Company's core ability to consummate the transactions is expressly preserved from being negated by such general or non-specific events.

Choices: "
"143","Answer the following multiple choice question. The entire content of your response should be of the following format: 'ANSWER: $LETTER' (without quotes) where LETTER is one of {letters}.

{question}

{choices}

Instruction: Read the segment of a merger agreement and answer the multiple-choice question by choosing the option that best characterizes the agreement.
Question: Is the “ability to consummate” concept subject to Material Adverse Effect (MAE) carveouts?
Option A: No
Option B: Yes

Merger Agreement: “Company Material Adverse Effect” means any event, change, condition or circumstance, whether occurring individually or in aggregate, that (i) has a material adverse effect on the business, financial condition, or results of operations of the Company and its Subsidiaries, or (ii) would, or is reasonably expected to, prevent, delay beyond the stipulated closing date, or materially impair the Company’s ability to consummate the transactions contemplated by this Agreement. Notwithstanding the foregoing, with respect to the adverse effects described in (i), the parties agree that events including general economic downturns, fluctuations in capital and credit markets, and industry-wide shifts shall not be deemed a Material Adverse Effect. However, for purposes of clause (ii), the “ability to consummate” provision shall be interpreted subject to the following carveouts: any adverse effect arising solely from (a) market volatility within normal industry ranges, (b) regulatory modifications implemented on or after the execution date that are not specifically targeted at the Company, and (c) any public announcements relating to the Agreement. In such cases where the carveouts apply, the corresponding impact on the ability to consummate the transaction shall not trigger a Material Adverse Effect determination.
[Page 24]
Choices: ","Fail","Answer the following multiple choice question. The entire content of your response should be of the following format: 'ANSWER: $LETTER' (without quotes) where LETTER is one of {letters}.

{question}

{choices}

Instruction: Read the following segment of a merger agreement and answer the multiple-choice question by choosing the option that best characterizes the agreement.

Question: Is the 'ability to consummate' concept subject to Material Adverse Effect carveouts?
Option A: No
Option B: Yes

Merger Agreement: ""Consolidated Adverse Impact"" means any change, event, or circumstance that, either individually or when aggregated with other factors, (i) would be expected to have a material adverse effect on the financial condition, operating results, or asset base of the Company, or (ii) would be reasonably expected to prevent, delay, or materially impair the Company's ability to consummate the transactions contemplated by this Agreement. Notwithstanding the foregoing, no change, event, or circumstance shall be deemed to be a Consolidated Adverse Impact if, subsequent to the Agreement date, it arises solely or primarily from (A) general fluctuations in capital or credit markets, (B) modifications in accounting standards or legal interpretations that impact the industry as a whole, or (C) routine statutory or regulatory updates not uniquely detrimental to the Company. Additionally, any delay in consummation attributable exclusively to standard governmental clearance or transient market conditions is excluded from being considered a Consolidated Adverse Impact. In summary, while the definition addresses adverse impacts broadly, the Company's core ability to consummate the transactions is expressly preserved from being negated by such general or non-specific events.

Choices: "
"144","Answer the following multiple choice question. The entire content of your response should be of the following format: 'ANSWER: $LETTER' (without quotes) where LETTER is one of {letters}.

{question}

{choices}

Instruction: Read the segment of the merger agreement and answer the multiple-choice question by choosing the option that best characterizes the agreement.

Question: Is the 'ability to consummate' concept, as defined in the agreement, subject to Material Adverse Effect carveouts?
Option A: No
Option B: Yes

Merger Agreement: ""AnaCorp Material Adverse Effect"" means any fact, condition, event or circumstance, either taken individually or in aggregate with other adverse effects, that either impairs the Company’s ability to consummate the merger within the stipulated timeframe or causes a material deterioration in its overall operational performance. Notwithstanding, the following effects shall not be deemed to constitute a Material Adverse Effect for assessing the consummation ability: (i) any impairment resulting solely from broad-based market downturns or fluctuations affecting all industry participants uniformly; (ii) delays caused by statutory amendments or general regulatory initiatives not specifically targeted at the Company; (iii) operational delays arising from internal adjustments or restructuring measures that have been pre-approved in writing by the Board; and (iv) administrative disruptions stemming from governmental actions that are not uniquely directed at the Company. In contrast, any operational disruption or delay not falling within these specific carveouts shall be considered material, thereby affecting the ability to consummate the transaction.

Answer the above question based on the agreement.
Choices: ","Fail","Answer the following multiple choice question. The entire content of your response should be of the following format: 'ANSWER: $LETTER' (without quotes) where LETTER is one of {letters}.

{question}

{choices}

Instruction: Read the following segment of a merger agreement and answer the multiple-choice question by choosing the option that best characterizes the agreement.

Question: Is the 'ability to consummate' concept subject to Material Adverse Effect carveouts?
Option A: No
Option B: Yes

Merger Agreement: ""Consolidated Adverse Impact"" means any change, event, or circumstance that, either individually or when aggregated with other factors, (i) would be expected to have a material adverse effect on the financial condition, operating results, or asset base of the Company, or (ii) would be reasonably expected to prevent, delay, or materially impair the Company's ability to consummate the transactions contemplated by this Agreement. Notwithstanding the foregoing, no change, event, or circumstance shall be deemed to be a Consolidated Adverse Impact if, subsequent to the Agreement date, it arises solely or primarily from (A) general fluctuations in capital or credit markets, (B) modifications in accounting standards or legal interpretations that impact the industry as a whole, or (C) routine statutory or regulatory updates not uniquely detrimental to the Company. Additionally, any delay in consummation attributable exclusively to standard governmental clearance or transient market conditions is excluded from being considered a Consolidated Adverse Impact. In summary, while the definition addresses adverse impacts broadly, the Company's core ability to consummate the transactions is expressly preserved from being negated by such general or non-specific events.

Choices: "
"145","Answer the following multiple choice question. The entire content of your response should be of the following format: 'ANSWER: $LETTER' (without quotes) where LETTER is one of {letters}.

{question}

{choices}

Instruction: Read the following excerpt from a merger agreement and answer the multiple-choice question by choosing the option that best characterizes the agreement.

Question: Is the “ability to consummate” concept subject to Material Adverse Effect (MAE) carveouts?
Option A: No
Option B: Yes

Merger Agreement Excerpt:
“‘Company Material Adverse Effect’ means any fact, event, or change that, individually or in aggregate, has had or would reasonably be expected to have a material adverse effect on the overall business, financial condition, assets, or results of operations of the Company and its subsidiaries, or would, by delaying or impeding, impede or impair the Company’s ability to consummate the transactions contemplated by this Agreement. Notwithstanding the foregoing, for any adverse effect under the business performance category, the following factors shall be excluded from consideration: (i) changes solely attributable to general economic fluctuations, including modest shifts in interest or exchange rates, (ii) industry-wide regulatory or market volatility impacting financial metrics uniformly across peers, and (iii) transient disruptions in securities or credit markets. However, with respect to the ability to consummate the transactions, no such carveouts shall apply; events that materially delay or impair closing, even if arising out of general market or economic changes, shall fully count as affecting the consummation ability. Further, any event causing a disproportionate adverse impact compared to industry peers in meeting closing conditions shall be determinative. In sum, while numerous operational and financial effects are subject to the listed exclusions, nothing in this provision reduces the strict standard applied to delays, impairments, or prevention of consummation of the transactions.”
Choices: ","Fail","Answer the following multiple choice question. The entire content of your response should be of the following format: 'ANSWER: $LETTER' (without quotes) where LETTER is one of {letters}.

{question}

{choices}

Instruction: Read the following segment of a merger agreement and answer the multiple-choice question by choosing the option that best characterizes the agreement.

Question: Is the 'ability to consummate' concept subject to Material Adverse Effect carveouts?
Option A: No
Option B: Yes

Merger Agreement: ""Consolidated Adverse Impact"" means any change, event, or circumstance that, either individually or when aggregated with other factors, (i) would be expected to have a material adverse effect on the financial condition, operating results, or asset base of the Company, or (ii) would be reasonably expected to prevent, delay, or materially impair the Company's ability to consummate the transactions contemplated by this Agreement. Notwithstanding the foregoing, no change, event, or circumstance shall be deemed to be a Consolidated Adverse Impact if, subsequent to the Agreement date, it arises solely or primarily from (A) general fluctuations in capital or credit markets, (B) modifications in accounting standards or legal interpretations that impact the industry as a whole, or (C) routine statutory or regulatory updates not uniquely detrimental to the Company. Additionally, any delay in consummation attributable exclusively to standard governmental clearance or transient market conditions is excluded from being considered a Consolidated Adverse Impact. In summary, while the definition addresses adverse impacts broadly, the Company's core ability to consummate the transactions is expressly preserved from being negated by such general or non-specific events.

Choices: "
"146","Answer the following multiple choice question. The entire content of your response should be of the following format: 'ANSWER: $LETTER' (without quotes) where LETTER is one of {letters}.

{question}

{choices}

Instruction: Read the segment of a merger agreement and answer the multiple-choice question by choosing the option that best characterizes the agreement.

Question: Is the “ability to consummate” concept subject to the Transaction Impediment carveouts described in the Agreement?
Option A: No
Option B: Yes

Merger Agreement: ""Transaction Impediment"" means (i) any circumstance, event, or change that, either singly or in aggregation with other factors, has, or would reasonably be expected to have, a material adverse effect on the Company’s operational performance, including its ability to consummate the merger, or (ii) any event that directly hinders, delays, or prevents the consummation of the merger. Provided, however, that with respect to the analysis under subclause (i), the following are expressly excluded from being considered as Transaction Impediments: (a) normal fluctuations in market interest rates or currency exchange rates; (b) general changes in domestic economic conditions; (c) minor regulatory adjustments that do not precipitate a disproportionate industry impact; and (d) force majeure events that are within generally accepted industry variances. Notably, events governed by subclause (ii) shall not be subject to the carveouts enumerated in subclause (a), meaning that any event that materially delays or prevents the consummation of the merger under subclause (ii) must be considered a Transaction Impediment without exclusion.

Choices: ","Fail","Answer the following multiple choice question. The entire content of your response should be of the following format: 'ANSWER: $LETTER' (without quotes) where LETTER is one of {letters}.

{question}

{choices}

Instruction: Read the following segment of a merger agreement and answer the multiple-choice question by choosing the option that best characterizes the agreement.

Question: Is the 'ability to consummate' concept subject to Material Adverse Effect carveouts?
Option A: No
Option B: Yes

Merger Agreement: ""Consolidated Adverse Impact"" means any change, event, or circumstance that, either individually or when aggregated with other factors, (i) would be expected to have a material adverse effect on the financial condition, operating results, or asset base of the Company, or (ii) would be reasonably expected to prevent, delay, or materially impair the Company's ability to consummate the transactions contemplated by this Agreement. Notwithstanding the foregoing, no change, event, or circumstance shall be deemed to be a Consolidated Adverse Impact if, subsequent to the Agreement date, it arises solely or primarily from (A) general fluctuations in capital or credit markets, (B) modifications in accounting standards or legal interpretations that impact the industry as a whole, or (C) routine statutory or regulatory updates not uniquely detrimental to the Company. Additionally, any delay in consummation attributable exclusively to standard governmental clearance or transient market conditions is excluded from being considered a Consolidated Adverse Impact. In summary, while the definition addresses adverse impacts broadly, the Company's core ability to consummate the transactions is expressly preserved from being negated by such general or non-specific events.

Choices: "
"147","Answer the following multiple choice question. The entire content of your response should be of the following format: 'ANSWER: $LETTER' (without quotes) where LETTER is one of {letters}.

{question}

{choices}

Instruction: Read the following excerpt from a merger agreement and answer the multiple-choice question by choosing the option that best characterizes the agreement.
Question: Is the ""ability to consummate"" concept subject to Material Adverse Effect carveouts?
Option A: No
Option B: Yes

Merger Agreement Excerpt: 
“Aggregate Material Adverse Condition” means any change, event or circumstance that, whether considered individually or in aggregate, either (a) has a material adverse impact on the Company’s operating performance, financial condition or results of operations, or (b) would, or would reasonably be expected to, prevent, significantly delay or materially impair the Company’s ability to consummate the Transaction. 
For the purposes of clause (a) only, the following exclusions apply: any adverse effects arising solely from general market volatility, routine economic downturns, adjustments required by new regulatory standards, or fluctuations in industry-wide credit and securities markets shall not be deemed to constitute an Aggregate Material Adverse Condition. However, for clause (b), which directly pertains to the Company’s ability to consummate the Transaction, no such carveouts apply. In addition, while certain operational or litigation risks may be excluded under clause (a), any event which interferes with the timely consummation of the Transaction, regardless of its origin, is captured without any exceptions under clause (b). 

Please answer the question based solely on the information provided above.
Choices: ","Fail","Answer the following multiple choice question. The entire content of your response should be of the following format: 'ANSWER: $LETTER' (without quotes) where LETTER is one of {letters}.

{question}

{choices}

Instruction: Read the following segment of a merger agreement and answer the multiple-choice question by choosing the option that best characterizes the agreement.

Question: Is the 'ability to consummate' concept subject to Material Adverse Effect carveouts?
Option A: No
Option B: Yes

Merger Agreement: ""Consolidated Adverse Impact"" means any change, event, or circumstance that, either individually or when aggregated with other factors, (i) would be expected to have a material adverse effect on the financial condition, operating results, or asset base of the Company, or (ii) would be reasonably expected to prevent, delay, or materially impair the Company's ability to consummate the transactions contemplated by this Agreement. Notwithstanding the foregoing, no change, event, or circumstance shall be deemed to be a Consolidated Adverse Impact if, subsequent to the Agreement date, it arises solely or primarily from (A) general fluctuations in capital or credit markets, (B) modifications in accounting standards or legal interpretations that impact the industry as a whole, or (C) routine statutory or regulatory updates not uniquely detrimental to the Company. Additionally, any delay in consummation attributable exclusively to standard governmental clearance or transient market conditions is excluded from being considered a Consolidated Adverse Impact. In summary, while the definition addresses adverse impacts broadly, the Company's core ability to consummate the transactions is expressly preserved from being negated by such general or non-specific events.

Choices: "
"148","Answer the following multiple choice question. The entire content of your response should be of the following format: 'ANSWER: $LETTER' (without quotes) where LETTER is one of {letters}.

{question}

{choices}

Acquisition Agreement Excerpt:

""For purposes of this Agreement, the term 'Acquirer Material Disruption' shall mean any occurrence, event, or condition that, whether occurring individually or cumulatively with others, would materially delay, hinder, or prevent the Acquirer from consummating the transactions contemplated in this Agreement. Notwithstanding the foregoing, with respect to disruptions affecting the day-to-day operational performance of the Acquirer and its Affiliates, the following events shall be excluded from consideration: (i) ordinary fluctuations in foreign exchange rates, (ii) broad-based shifts in global economic indicators, and (iii) adverse movements in recognized financial indices. However, it is expressly agreed that these operational carveouts shall not apply to any factor that affects the ability of the Acquirer to complete the consummation of the transactions, including any event that materially delays the closing beyond the agreed closing date. 

Question: Based on the above excerpt, is the 'ability to consummate' concept subject to Material Adverse Effect carveouts?
Choices: ","Fail","Answer the following multiple choice question. The entire content of your response should be of the following format: 'ANSWER: $LETTER' (without quotes) where LETTER is one of {letters}.

{question}

{choices}

Instruction: Read the following segment of a merger agreement and answer the multiple-choice question by choosing the option that best characterizes the agreement.

Question: Is the 'ability to consummate' concept subject to Material Adverse Effect carveouts?
Option A: No
Option B: Yes

Merger Agreement: ""Consolidated Adverse Impact"" means any change, event, or circumstance that, either individually or when aggregated with other factors, (i) would be expected to have a material adverse effect on the financial condition, operating results, or asset base of the Company, or (ii) would be reasonably expected to prevent, delay, or materially impair the Company's ability to consummate the transactions contemplated by this Agreement. Notwithstanding the foregoing, no change, event, or circumstance shall be deemed to be a Consolidated Adverse Impact if, subsequent to the Agreement date, it arises solely or primarily from (A) general fluctuations in capital or credit markets, (B) modifications in accounting standards or legal interpretations that impact the industry as a whole, or (C) routine statutory or regulatory updates not uniquely detrimental to the Company. Additionally, any delay in consummation attributable exclusively to standard governmental clearance or transient market conditions is excluded from being considered a Consolidated Adverse Impact. In summary, while the definition addresses adverse impacts broadly, the Company's core ability to consummate the transactions is expressly preserved from being negated by such general or non-specific events.

Choices: "
"149","Answer the following multiple choice question. The entire content of your response should be of the following format: 'ANSWER: $LETTER' (without quotes) where LETTER is one of {letters}.

{question}

{choices}

Instruction: Read the segment of a merger agreement and answer the multiple-choice question by choosing the option that best characterizes the agreement.

Question: Is the ""ability to consummate"" concept subject to Material Adverse Effect carveouts in the following merger agreement?

Option A: No
Option B: Yes

Merger Agreement: ""Aggregate Material Event"" is defined as any occurrence, change, or effect that, whether occurring on its own or in combination with other events, either significantly deteriorates operational integrity, materially delays, or outright prevents the consummation of the transactions contemplated by this Agreement. Notwithstanding the foregoing, for purposes of this definition, any changes attributable to generalized economic downturns, fluctuations in interest or exchange rates, revisions in accepted accounting standards (including modifications pursuant to GAAP), or adjustments due to new regulatory or legislative provisions shall not be considered as constituting a Material Adverse Event if the impact is not disproportionately severe compared to industry peers. Furthermore, minor operational interruptions that are typical of standard industry cycles are expressly excluded from triggering a Material Adverse Event. The parties acknowledge that although the ability to consummate is a key metric in evaluating adverse effects, the exclusions provided herein ensure that any delay or hindrance arising solely from these specified conditions is not treated as a Material Adverse Event.

Question: Is the ""ability to consummate"" concept subject to Material Adverse Effect carveouts?
Choices: ","Fail","Answer the following multiple choice question. The entire content of your response should be of the following format: 'ANSWER: $LETTER' (without quotes) where LETTER is one of {letters}.

{question}

{choices}

Instruction: Read the following segment of a merger agreement and answer the multiple-choice question by choosing the option that best characterizes the agreement.

Question: Is the 'ability to consummate' concept subject to Material Adverse Effect carveouts?
Option A: No
Option B: Yes

Merger Agreement: ""Consolidated Adverse Impact"" means any change, event, or circumstance that, either individually or when aggregated with other factors, (i) would be expected to have a material adverse effect on the financial condition, operating results, or asset base of the Company, or (ii) would be reasonably expected to prevent, delay, or materially impair the Company's ability to consummate the transactions contemplated by this Agreement. Notwithstanding the foregoing, no change, event, or circumstance shall be deemed to be a Consolidated Adverse Impact if, subsequent to the Agreement date, it arises solely or primarily from (A) general fluctuations in capital or credit markets, (B) modifications in accounting standards or legal interpretations that impact the industry as a whole, or (C) routine statutory or regulatory updates not uniquely detrimental to the Company. Additionally, any delay in consummation attributable exclusively to standard governmental clearance or transient market conditions is excluded from being considered a Consolidated Adverse Impact. In summary, while the definition addresses adverse impacts broadly, the Company's core ability to consummate the transactions is expressly preserved from being negated by such general or non-specific events.

Choices: "
