"index","question","result","failed_on"
"0","Answer the following multiple choice question. The entire content of your response should be of the following format: 'ANSWER: $LETTER' (without quotes) where LETTER is one of {letters}.

{question}

{choices}

Instruction: Read the segments of a merger agreement and answer the multiple-choice question by choosing the option that best characterizes the agreement.

Question: How accurate must the fundamental representations and warranties be according to the bring down provision?

Option A: Accurate at an alternative materiality threshold (e.g., hybrid standard)
Option B: Accurate in all material respects
Option C: Accurate in all respects

Merger Agreement Excerpt One: Section 6.3. In order to facilitate the closing of the transaction, all representations and warranties set forth in Schedule 5 shall be conclusive and remain true and correct as of the Closing Date, without modification or qualification, irrespective of any intervening events. (Page 47)

Merger Agreement Excerpt Two: Section 8.5. Notwithstanding the foregoing, except for isolated non-material discrepancies, all other representations and warranties described herein shall be valid and deemed to be accurate in all respects as though made at the Closing, with any deviation considered permissible only if it does not result in an aggregate adverse effect on the Company's financial condition. (Page 68)
Choices: ","Pass",""
"1","Answer the following multiple choice question. The entire content of your response should be of the following format: 'ANSWER: $LETTER' (without quotes) where LETTER is one of {letters}.

{question}

{choices}

Instruction: Read the segments of a merger agreement and answer the multiple-choice question by choosing the option that best characterizes the accuracy requirement for the fundamental representations and warranties under the bring down provision.

Question: How accurate must the fundamental representations and warranties be according to the bring down provision?

Option A: Accurate at another materiality standard (e.g., hybrid standard)
Option B: Accurate in all material respects
Option C: Accurate in all respects

Merger Agreement Excerpt 1: Section 10.1 - ""The representations and warranties of the Company as set forth in Articles III and IV shall be true and correct in all respects as of the Closing Date.""

Merger Agreement Excerpt 2: Section 15.2 - ""Notwithstanding the foregoing, any de minimis inaccuracy which does not result in, or reasonably risk, a Company Material Adverse Effect shall be disregarded, and the representations and warranties shall be deemed to be accurate in all material respects as if such inaccuracies were not present.""

Answer:
Choices: ","Fail","Answer the following multiple choice question. The entire content of your response should be of the following format: 'ANSWER: $LETTER' (without quotes) where LETTER is one of {letters}.

{question}

{choices}

Instruction: Read the segments of a merger agreement and answer the multiple-choice question by choosing the option that best characterizes the agreement.

Question: How accurate must the fundamental representations and warranties be according to the bring down provision?

Option A: Accurate at an alternative materiality threshold (e.g., hybrid standard)
Option B: Accurate in all material respects
Option C: Accurate in all respects

Merger Agreement Excerpt One: Section 6.3. In order to facilitate the closing of the transaction, all representations and warranties set forth in Schedule 5 shall be conclusive and remain true and correct as of the Closing Date, without modification or qualification, irrespective of any intervening events. (Page 47)

Merger Agreement Excerpt Two: Section 8.5. Notwithstanding the foregoing, except for isolated non-material discrepancies, all other representations and warranties described herein shall be valid and deemed to be accurate in all respects as though made at the Closing, with any deviation considered permissible only if it does not result in an aggregate adverse effect on the Company's financial condition. (Page 68)
Choices: "
"2","Answer the following multiple choice question. The entire content of your response should be of the following format: 'ANSWER: $LETTER' (without quotes) where LETTER is one of {letters}.

{question}

{choices}

Instruction: Read the segment of the merger agreement and answer the multiple-choice question by choosing the option that best characterizes the accuracy required under the bring down provision.

Question: How accurate must the fundamental representations and warranties be according to the bring down condition set forth below?

Option A: Accurate at another materiality standard (e.g., hybrid standard)
Option B: Accurate in all material respects
Option C: Accurate in all respects

Merger Agreement Excerpt:
""Clause 4.10 Representations and Warranties: In addition to all other representations contained herein, the Company affirms that all representations set forth in Article V shall be true and correct as of the date of this Agreement and continuously as of the Closing Date, as though newly made, except that any deviation which, even though not strictly complete in all details, does not reasonably result in a Material Detrimental Impact on the Company shall be deemed acceptable. Moreover, Section 11.3 of this Agreement further clarifies that for purposes of determining the satisfaction of the conditions precedent, these representations and warranties shall be treated as fully accurate without reference to any qualifications of materiality, except in cases where any failure, either individually or cumulatively, is not expected to trigger a significant adverse event affecting the transaction.""
Choices: ","Fail","Answer the following multiple choice question. The entire content of your response should be of the following format: 'ANSWER: $LETTER' (without quotes) where LETTER is one of {letters}.

{question}

{choices}

Instruction: Read the segments of a merger agreement and answer the multiple-choice question by choosing the option that best characterizes the agreement.

Question: How accurate must the fundamental representations and warranties be according to the bring down provision?

Option A: Accurate at an alternative materiality threshold (e.g., hybrid standard)
Option B: Accurate in all material respects
Option C: Accurate in all respects

Merger Agreement Excerpt One: Section 6.3. In order to facilitate the closing of the transaction, all representations and warranties set forth in Schedule 5 shall be conclusive and remain true and correct as of the Closing Date, without modification or qualification, irrespective of any intervening events. (Page 47)

Merger Agreement Excerpt Two: Section 8.5. Notwithstanding the foregoing, except for isolated non-material discrepancies, all other representations and warranties described herein shall be valid and deemed to be accurate in all respects as though made at the Closing, with any deviation considered permissible only if it does not result in an aggregate adverse effect on the Company's financial condition. (Page 68)
Choices: "
"3","Answer the following multiple choice question. The entire content of your response should be of the following format: 'ANSWER: $LETTER' (without quotes) where LETTER is one of {letters}.

{question}

{choices}

Instruction: Read the following segments of a merger agreement and answer the multiple-choice question by choosing the option that best characterizes the accuracy requirement in the bring down provision.

Question: How accurate must the fundamental representations and warranties be according to the bring down provision?

Option A: Accurate at another materiality standard (e.g., hybrid standard)
Option B: Accurate in all material respects
Option C: Accurate in all respects

Merger Agreement Excerpt 1 (Page 29):
""Article V, Section 4. The representations and warranties set forth in this Agreement shall be true and correct as of the Closing Date and shall meet a standard of accuracy that is materially sufficient for the purposes of the transaction.""

Merger Agreement Excerpt 2 (Page 64):
""Section 10.1. Notwithstanding anything to the contrary, each of the representations and warranties made by the Company shall be accurate in every respect as of both the date of execution and the Closing Date, without reliance on any materiality exception or qualification.""

Choices: ","Fail","Answer the following multiple choice question. The entire content of your response should be of the following format: 'ANSWER: $LETTER' (without quotes) where LETTER is one of {letters}.

{question}

{choices}

Instruction: Read the segments of a merger agreement and answer the multiple-choice question by choosing the option that best characterizes the agreement.

Question: How accurate must the fundamental representations and warranties be according to the bring down provision?

Option A: Accurate at an alternative materiality threshold (e.g., hybrid standard)
Option B: Accurate in all material respects
Option C: Accurate in all respects

Merger Agreement Excerpt One: Section 6.3. In order to facilitate the closing of the transaction, all representations and warranties set forth in Schedule 5 shall be conclusive and remain true and correct as of the Closing Date, without modification or qualification, irrespective of any intervening events. (Page 47)

Merger Agreement Excerpt Two: Section 8.5. Notwithstanding the foregoing, except for isolated non-material discrepancies, all other representations and warranties described herein shall be valid and deemed to be accurate in all respects as though made at the Closing, with any deviation considered permissible only if it does not result in an aggregate adverse effect on the Company's financial condition. (Page 68)
Choices: "
"4","Answer the following multiple choice question. The entire content of your response should be of the following format: 'ANSWER: $LETTER' (without quotes) where LETTER is one of {letters}.

{question}

{choices}

Instruction: Read the segment of a merger agreement and answer the multiple-choice question by choosing the option that best characterizes the agreement.
Question: How accurate must the fundamental representations and warranties be according to the bring down provision?
Option A: Accurate at an alternative materiality standard (e.g., selective threshold)
Option B: Accurate in all material respects, with immaterial deviations permissible
Option C: Accurate in all respects without exception

Merger Agreement: Section 9.4 – Conditions to Closing. (a) Representations and Warranties. The representations and warranties of the Company contained in Article IV shall be true and correct as of the Effective Time and shall continue to be so as of the Closing Date. Notwithstanding the foregoing, for the purpose of satisfying the conditions precedent to the closing, any deviations that are immaterial in nature shall not be deemed to constitute a breach of this provision. However, any inaccuracies that materially affect the Company’s core operational factors are unacceptable and shall be treated as breaches. Answer:
Choices: ","Fail","Answer the following multiple choice question. The entire content of your response should be of the following format: 'ANSWER: $LETTER' (without quotes) where LETTER is one of {letters}.

{question}

{choices}

Instruction: Read the segments of a merger agreement and answer the multiple-choice question by choosing the option that best characterizes the agreement.

Question: How accurate must the fundamental representations and warranties be according to the bring down provision?

Option A: Accurate at an alternative materiality threshold (e.g., hybrid standard)
Option B: Accurate in all material respects
Option C: Accurate in all respects

Merger Agreement Excerpt One: Section 6.3. In order to facilitate the closing of the transaction, all representations and warranties set forth in Schedule 5 shall be conclusive and remain true and correct as of the Closing Date, without modification or qualification, irrespective of any intervening events. (Page 47)

Merger Agreement Excerpt Two: Section 8.5. Notwithstanding the foregoing, except for isolated non-material discrepancies, all other representations and warranties described herein shall be valid and deemed to be accurate in all respects as though made at the Closing, with any deviation considered permissible only if it does not result in an aggregate adverse effect on the Company's financial condition. (Page 68)
Choices: "
"5","Answer the following multiple choice question. The entire content of your response should be of the following format: 'ANSWER: $LETTER' (without quotes) where LETTER is one of {letters}.

{question}

{choices}

Instruction: Review the following excerpts from a merger agreement and answer the multiple-choice question by choosing the option that best characterizes the accuracy requirement for the fundamental representations and warranties.
Question: How accurate must the fundamental representations and warranties be according to the bring down provision?
Option A: Accurate based on a calibrated materiality threshold
Option B: Accurate in all material respects
Option C: Accurate in all respects

Excerpt 1: 'Article 9.5 – Representations and Warranties. At Closing, the Company's representations and warranties are to be true and correct as of that date, reflecting a complete factual representation; no de minimis errors, even if non-material, are anticipated unless expressly provided for.'

Excerpt 2: 'Clause 9.6 – Conditions to Close. Notwithstanding any reference elsewhere to materiality adjustments, all such representations and warranties shall be deemed to be true and correct in all respects on the Closing Date, with no allowances for materiality qualifications except in instances where a specific historical date is cited.'
Choices: ","Fail","Answer the following multiple choice question. The entire content of your response should be of the following format: 'ANSWER: $LETTER' (without quotes) where LETTER is one of {letters}.

{question}

{choices}

Instruction: Read the segments of a merger agreement and answer the multiple-choice question by choosing the option that best characterizes the agreement.

Question: How accurate must the fundamental representations and warranties be according to the bring down provision?

Option A: Accurate at an alternative materiality threshold (e.g., hybrid standard)
Option B: Accurate in all material respects
Option C: Accurate in all respects

Merger Agreement Excerpt One: Section 6.3. In order to facilitate the closing of the transaction, all representations and warranties set forth in Schedule 5 shall be conclusive and remain true and correct as of the Closing Date, without modification or qualification, irrespective of any intervening events. (Page 47)

Merger Agreement Excerpt Two: Section 8.5. Notwithstanding the foregoing, except for isolated non-material discrepancies, all other representations and warranties described herein shall be valid and deemed to be accurate in all respects as though made at the Closing, with any deviation considered permissible only if it does not result in an aggregate adverse effect on the Company's financial condition. (Page 68)
Choices: "
"6","Answer the following multiple choice question. The entire content of your response should be of the following format: 'ANSWER: $LETTER' (without quotes) where LETTER is one of {letters}.

{question}

{choices}

Instruction: Read the following segments from a merger agreement and answer the multiple-choice question by choosing the option that best characterizes the accuracy required for the Company's Fundamental Representations as per the bring down provision.

Question: How accurate must the fundamental representations and warranties be according to the bring down provision?
Option A: Accurate at another materiality standard (e.g., hybrid standard)
Option B: Accurate in all material respects
Option C: Accurate in all respects

Merger Agreement: Section 4.05 – Fundamental Representations: ""Each Fundamental Representation of the Company shall be deemed to be true and correct as of the Closing Date, provided that any deviation falling below the de minimis threshold as defined in Section 2.03 shall not be considered a breach of accuracy.""

Merger Agreement: Section 9.01 – Ancillary Representations: ""All other representations and warranties of the Company shall be true and correct in all respects as of the Closing Date, as if made on that day.""
Choices: ","Fail","Answer the following multiple choice question. The entire content of your response should be of the following format: 'ANSWER: $LETTER' (without quotes) where LETTER is one of {letters}.

{question}

{choices}

Instruction: Read the segments of a merger agreement and answer the multiple-choice question by choosing the option that best characterizes the agreement.

Question: How accurate must the fundamental representations and warranties be according to the bring down provision?

Option A: Accurate at an alternative materiality threshold (e.g., hybrid standard)
Option B: Accurate in all material respects
Option C: Accurate in all respects

Merger Agreement Excerpt One: Section 6.3. In order to facilitate the closing of the transaction, all representations and warranties set forth in Schedule 5 shall be conclusive and remain true and correct as of the Closing Date, without modification or qualification, irrespective of any intervening events. (Page 47)

Merger Agreement Excerpt Two: Section 8.5. Notwithstanding the foregoing, except for isolated non-material discrepancies, all other representations and warranties described herein shall be valid and deemed to be accurate in all respects as though made at the Closing, with any deviation considered permissible only if it does not result in an aggregate adverse effect on the Company's financial condition. (Page 68)
Choices: "
"7","Answer the following multiple choice question. The entire content of your response should be of the following format: 'ANSWER: $LETTER' (without quotes) where LETTER is one of {letters}.

{question}

{choices}

Instruction: Read the segment of a merger agreement and answer the multiple-choice question by choosing the option that best characterizes the agreement.

Question: How accurate must the fundamental representations and warranties be according to the bring down provision?
Option A: Accurate at another materiality standard (e.g., hybrid standard)
Option B: Accurate in all material respects
Option C: Accurate in all respects

Merger Agreement Excerpt 1: Section 7.4 Basic Representations: 'The representations and warranties set forth in Section 3 shall be maintained true and correct at Closing as if given as of such date, provided that deviations which, either individually or in the aggregate, are not expected to result in a cumulative impact equivalent to a Material Adverse Effect on the Company, may be disregarded.' (Page 57)

Merger Agreement Excerpt 2: Section 13 Conditions: 'All additional representations and warranties contained in Schedule A shall be deemed true and correct both at the time of this Agreement and as of the Closing Date, with the understanding that any numerical discrepancies not exceeding a 3% deviation of EBITDA shall not be considered a breach of accuracy.' (Page 102)
Choices: ","Fail","Answer the following multiple choice question. The entire content of your response should be of the following format: 'ANSWER: $LETTER' (without quotes) where LETTER is one of {letters}.

{question}

{choices}

Instruction: Read the segments of a merger agreement and answer the multiple-choice question by choosing the option that best characterizes the agreement.

Question: How accurate must the fundamental representations and warranties be according to the bring down provision?

Option A: Accurate at an alternative materiality threshold (e.g., hybrid standard)
Option B: Accurate in all material respects
Option C: Accurate in all respects

Merger Agreement Excerpt One: Section 6.3. In order to facilitate the closing of the transaction, all representations and warranties set forth in Schedule 5 shall be conclusive and remain true and correct as of the Closing Date, without modification or qualification, irrespective of any intervening events. (Page 47)

Merger Agreement Excerpt Two: Section 8.5. Notwithstanding the foregoing, except for isolated non-material discrepancies, all other representations and warranties described herein shall be valid and deemed to be accurate in all respects as though made at the Closing, with any deviation considered permissible only if it does not result in an aggregate adverse effect on the Company's financial condition. (Page 68)
Choices: "
"8","Answer the following multiple choice question. The entire content of your response should be of the following format: 'ANSWER: $LETTER' (without quotes) where LETTER is one of {letters}.

{question}

{choices}

Instruction: Read the following segment of a Target Acquisition Agreement and choose the option that best describes how accurate the fundamental representations and warranties must be as stipulated by the bring-down provision.

Question: How should the fundamental representations and warranties be characterized in terms of their accuracy?
Option A: Accurate at another materiality standard (e.g., modified hybrid standard)
Option B: Accurate in all material respects
Option C: Accurate in all respects

Target Acquisition Agreement Excerpt: 
""10.4 Representations and Warranties. Each of the fundamental representations and warranties provided by the Target shall be deemed true and correct as of both the Effective Date and the Closing Date, as if originally made on such dates. Notwithstanding, this requirement permits minor discrepancies provided that such discrepancies do not alter the overall operating condition of the Target or lead to a Target Material Impact. In other words, only deviations that in aggregate could reasonably be expected to affect the Target's ongoing operations or materially impair its value would constitute a breach of this provision.""
Choices: ","Fail","Answer the following multiple choice question. The entire content of your response should be of the following format: 'ANSWER: $LETTER' (without quotes) where LETTER is one of {letters}.

{question}

{choices}

Instruction: Read the segments of a merger agreement and answer the multiple-choice question by choosing the option that best characterizes the agreement.

Question: How accurate must the fundamental representations and warranties be according to the bring down provision?

Option A: Accurate at an alternative materiality threshold (e.g., hybrid standard)
Option B: Accurate in all material respects
Option C: Accurate in all respects

Merger Agreement Excerpt One: Section 6.3. In order to facilitate the closing of the transaction, all representations and warranties set forth in Schedule 5 shall be conclusive and remain true and correct as of the Closing Date, without modification or qualification, irrespective of any intervening events. (Page 47)

Merger Agreement Excerpt Two: Section 8.5. Notwithstanding the foregoing, except for isolated non-material discrepancies, all other representations and warranties described herein shall be valid and deemed to be accurate in all respects as though made at the Closing, with any deviation considered permissible only if it does not result in an aggregate adverse effect on the Company's financial condition. (Page 68)
Choices: "
"9","Answer the following multiple choice question. The entire content of your response should be of the following format: 'ANSWER: $LETTER' (without quotes) where LETTER is one of {letters}.

{question}

{choices}

Instruction: Read the following segments from a merger agreement and answer the multiple-choice question by choosing the option that best describes the accuracy standard for the fundamental representations and warranties according to the bring down provision.

Question: How accurate must the fundamental representations and warranties be according to the bring down provision?
Option A: Accurate at another materiality standard (e.g., hybrid standard)
Option B: Accurate in all material respects
Option C: Accurate in all respects

Merger Agreement Segment 1 (Page 20): ""Clause 4.7 Representations. The Seller’s representations and warranties shall be deemed true, complete, and accurate in all material respects as of the Closing Date. Notwithstanding any minor de minimis discrepancies that may arise, which do not affect the overall materiality of the statements, this standard is maintained.""

Merger Agreement Segment 2 (Page 42): ""Clause 9.10 Additional Covenants. Notwithstanding Clause 4.7, the Seller further confirms that any representation not specifically qualified in Clause 4.7 shall be absolutely true and correct in every detail as of the Closing Date, provided that any variances subject solely to scheduled periodic disclosures are not construed as materially adverse.""

Answer:
Choices: ","Fail","Answer the following multiple choice question. The entire content of your response should be of the following format: 'ANSWER: $LETTER' (without quotes) where LETTER is one of {letters}.

{question}

{choices}

Instruction: Read the segments of a merger agreement and answer the multiple-choice question by choosing the option that best characterizes the agreement.

Question: How accurate must the fundamental representations and warranties be according to the bring down provision?

Option A: Accurate at an alternative materiality threshold (e.g., hybrid standard)
Option B: Accurate in all material respects
Option C: Accurate in all respects

Merger Agreement Excerpt One: Section 6.3. In order to facilitate the closing of the transaction, all representations and warranties set forth in Schedule 5 shall be conclusive and remain true and correct as of the Closing Date, without modification or qualification, irrespective of any intervening events. (Page 47)

Merger Agreement Excerpt Two: Section 8.5. Notwithstanding the foregoing, except for isolated non-material discrepancies, all other representations and warranties described herein shall be valid and deemed to be accurate in all respects as though made at the Closing, with any deviation considered permissible only if it does not result in an aggregate adverse effect on the Company's financial condition. (Page 68)
Choices: "
"10","Answer the following multiple choice question. The entire content of your response should be of the following format: 'ANSWER: $LETTER' (without quotes) where LETTER is one of {letters}.

{question}

{choices}

Instruction: Read the segments of a merger agreement and answer the multiple-choice question by choosing the option that best characterizes the required level of accuracy in the representations and warranties.

Question: How accurate must the fundamental representations and warranties be according to the bring down provision?

Option A: Accurate at another materiality standard (e.g., hybrid standard)
Option B: Accurate in all material respects
Option C: Accurate in all respects

Merger Agreement Excerpts:
Segment 1: ""Pursuant to Clause 10.2, the representations and warranties set forth in Section 4 of this Agreement shall be deemed accurate as of the Closing Date, provided that any divergences from prior disclosures which do not culminate in a Material Adverse Effect, even if minor, shall not render them untrue. This establishes a requirement that is calibrated to accuracy in all material respects.""

Segment 2: ""Notwithstanding Clause 10.2, Clause 12.7 mandates that for the core operational representations, all statements must be true and correct in every respect; however, any error disclosed in advance that fails to trigger a Material Adverse Effect may be evaluated under a blended standard that tends toward, but does not fully endorse, a hybrid materiality framework.""

Using these provisions, determine the overall required accuracy for the fundamental representations and warranties.
Choices: ","Fail","Answer the following multiple choice question. The entire content of your response should be of the following format: 'ANSWER: $LETTER' (without quotes) where LETTER is one of {letters}.

{question}

{choices}

Instruction: Read the segments of a merger agreement and answer the multiple-choice question by choosing the option that best characterizes the agreement.

Question: How accurate must the fundamental representations and warranties be according to the bring down provision?

Option A: Accurate at an alternative materiality threshold (e.g., hybrid standard)
Option B: Accurate in all material respects
Option C: Accurate in all respects

Merger Agreement Excerpt One: Section 6.3. In order to facilitate the closing of the transaction, all representations and warranties set forth in Schedule 5 shall be conclusive and remain true and correct as of the Closing Date, without modification or qualification, irrespective of any intervening events. (Page 47)

Merger Agreement Excerpt Two: Section 8.5. Notwithstanding the foregoing, except for isolated non-material discrepancies, all other representations and warranties described herein shall be valid and deemed to be accurate in all respects as though made at the Closing, with any deviation considered permissible only if it does not result in an aggregate adverse effect on the Company's financial condition. (Page 68)
Choices: "
"11","Answer the following multiple choice question. The entire content of your response should be of the following format: 'ANSWER: $LETTER' (without quotes) where LETTER is one of {letters}.

{question}

{choices}

Instruction: Read the segment of a merger agreement and answer the multiple-choice question by choosing the option that best characterizes the agreement.
Question: How accurate must the fundamental representations and warranties be according to the bring down provision?
Option A: Accurate in all material respects
Option B: Accurate in all respects
Option C: Accurate at another materiality standard (e.g., hybrid standard)

Merger Agreement:
Segment I (Article IV – Representations): ""The Seller's fundamental representations and warranties, as set forth in this Article, shall be deemed true and correct as of the Closing Date. However, isolated factual deviations that, individually or in aggregate, do not culminate in a material adverse effect shall be tolerated.""

Segment II (Section 5.1 – Conditions Precedent): ""For purposes of the bring down provision, the representations and warranties shall be established under a hybrid standard. This requires them to be comprehensively accurate in all essential aspects, while allowing for minor non-material discrepancies if such deviations are properly disclosed and do not affect the overall material integrity of the transaction.""
Choices: ","Fail","Answer the following multiple choice question. The entire content of your response should be of the following format: 'ANSWER: $LETTER' (without quotes) where LETTER is one of {letters}.

{question}

{choices}

Instruction: Read the segments of a merger agreement and answer the multiple-choice question by choosing the option that best characterizes the agreement.

Question: How accurate must the fundamental representations and warranties be according to the bring down provision?

Option A: Accurate at an alternative materiality threshold (e.g., hybrid standard)
Option B: Accurate in all material respects
Option C: Accurate in all respects

Merger Agreement Excerpt One: Section 6.3. In order to facilitate the closing of the transaction, all representations and warranties set forth in Schedule 5 shall be conclusive and remain true and correct as of the Closing Date, without modification or qualification, irrespective of any intervening events. (Page 47)

Merger Agreement Excerpt Two: Section 8.5. Notwithstanding the foregoing, except for isolated non-material discrepancies, all other representations and warranties described herein shall be valid and deemed to be accurate in all respects as though made at the Closing, with any deviation considered permissible only if it does not result in an aggregate adverse effect on the Company's financial condition. (Page 68)
Choices: "
"12","Answer the following multiple choice question. The entire content of your response should be of the following format: 'ANSWER: $LETTER' (without quotes) where LETTER is one of {letters}.

{question}

{choices}

Instruction: Read the segment of a merger agreement and answer the multiple-choice question by choosing the option that best characterizes the bring down standard for the fundamental representations and warranties.

Question: How accurate must the fundamental representations and warranties be according to the bring down provision?
Option A: Accurate at another materiality standard (e.g., hybrid standard)
Option B: Accurate in all material respects
Option C: Accurate in all respects

Merger Agreement: 
Section 8.3 Conditions Precedent to Closing. The obligations of Parent and its Subsidiaries to complete the Transaction are subject to the satisfaction of the following condition: (i) Each fundamental representation and warranty of the Company, as set forth in Article 5, shall be true and correct as of both the date hereof and the Closing Date, as if made on the Closing Date, except that any minor deviations which, when considered collectively, do not result in a Material Adverse Effect on the Company's overall operations shall be disregarded for the purposes of this clause.

Section 10.1 Financial Representations. Notwithstanding the prior clause, representations specifically relating to the Company’s financial statements in Article 6 must be strictly accurate in all respects at both the date of this Agreement and the Closing Date, without the application of any materiality threshold or allowance for disclosed exceptions. (Page 102)
Choices: ","Fail","Answer the following multiple choice question. The entire content of your response should be of the following format: 'ANSWER: $LETTER' (without quotes) where LETTER is one of {letters}.

{question}

{choices}

Instruction: Read the segments of a merger agreement and answer the multiple-choice question by choosing the option that best characterizes the agreement.

Question: How accurate must the fundamental representations and warranties be according to the bring down provision?

Option A: Accurate at an alternative materiality threshold (e.g., hybrid standard)
Option B: Accurate in all material respects
Option C: Accurate in all respects

Merger Agreement Excerpt One: Section 6.3. In order to facilitate the closing of the transaction, all representations and warranties set forth in Schedule 5 shall be conclusive and remain true and correct as of the Closing Date, without modification or qualification, irrespective of any intervening events. (Page 47)

Merger Agreement Excerpt Two: Section 8.5. Notwithstanding the foregoing, except for isolated non-material discrepancies, all other representations and warranties described herein shall be valid and deemed to be accurate in all respects as though made at the Closing, with any deviation considered permissible only if it does not result in an aggregate adverse effect on the Company's financial condition. (Page 68)
Choices: "
"13","Answer the following multiple choice question. The entire content of your response should be of the following format: 'ANSWER: $LETTER' (without quotes) where LETTER is one of {letters}.

{question}

{choices}

Instruction: Read the following segments from a merger agreement and answer the multiple-choice question by choosing the option that best characterizes the accuracy standard for the fundamental representations and warranties according to the bring down provision.

Question: According to the merger agreement, how accurate must the fundamental representations and warranties be at the Closing?
Option A: Accurate at another materiality standard (e.g., hybrid standard)
Option B: Accurate in all material respects
Option C: Accurate in all respects

Merger Agreement Excerpt 1: Section 4.5 (Fundamental Representations). The representations and warranties contained in Article 2, which are considered fundamental, shall be true and correct as of the Closing Date without reference to any materiality threshold. In this context, ""true and correct"" implies complete and absolute accuracy in every respect as if made at the Closing Date.

Merger Agreement Excerpt 2: Section 9.1 (Historical Financial Data Representations). Notwithstanding Section 4.5, any representation specifically relating to the Company's historical financial statements need only be accurate in all material respects as of the date the financial statements were prepared.
Choices: ","Fail","Answer the following multiple choice question. The entire content of your response should be of the following format: 'ANSWER: $LETTER' (without quotes) where LETTER is one of {letters}.

{question}

{choices}

Instruction: Read the segments of a merger agreement and answer the multiple-choice question by choosing the option that best characterizes the agreement.

Question: How accurate must the fundamental representations and warranties be according to the bring down provision?

Option A: Accurate at an alternative materiality threshold (e.g., hybrid standard)
Option B: Accurate in all material respects
Option C: Accurate in all respects

Merger Agreement Excerpt One: Section 6.3. In order to facilitate the closing of the transaction, all representations and warranties set forth in Schedule 5 shall be conclusive and remain true and correct as of the Closing Date, without modification or qualification, irrespective of any intervening events. (Page 47)

Merger Agreement Excerpt Two: Section 8.5. Notwithstanding the foregoing, except for isolated non-material discrepancies, all other representations and warranties described herein shall be valid and deemed to be accurate in all respects as though made at the Closing, with any deviation considered permissible only if it does not result in an aggregate adverse effect on the Company's financial condition. (Page 68)
Choices: "
"14","Answer the following multiple choice question. The entire content of your response should be of the following format: 'ANSWER: $LETTER' (without quotes) where LETTER is one of {letters}.

{question}

{choices}

Instruction: Read the following segments of a merger agreement and answer the multiple-choice question by choosing the option that best characterizes the agreement.

Question: How accurate must the fundamental representations and warranties be according to the bring down provision?
Option A: Accurate at another materiality standard (e.g., hybrid standard)
Option B: Accurate in all material respects
Option C: Accurate in all respects

Merger Agreement: Section 4 – Representation Accuracy Requirement: 
""The fundamental representations and warranties of the Company, as set forth in Article V, shall be true and correct as of the Closing Date, as if originally made on that date."" (Page 22)

Merger Agreement: Section 10 – Conditions Precedent: 
""Notwithstanding the foregoing, any inaccuracy in such representations and warranties that does not result in an aggregate financial discrepancy of $10,000,000 or more, or that would not reasonably be expected to have or result in a Material Adverse Effect on the Company individually or in the aggregate, shall be disregarded for purposes of determining accuracy."" (Page 77)

Answer:
Choices: ","Fail","Answer the following multiple choice question. The entire content of your response should be of the following format: 'ANSWER: $LETTER' (without quotes) where LETTER is one of {letters}.

{question}

{choices}

Instruction: Read the segments of a merger agreement and answer the multiple-choice question by choosing the option that best characterizes the agreement.

Question: How accurate must the fundamental representations and warranties be according to the bring down provision?

Option A: Accurate at an alternative materiality threshold (e.g., hybrid standard)
Option B: Accurate in all material respects
Option C: Accurate in all respects

Merger Agreement Excerpt One: Section 6.3. In order to facilitate the closing of the transaction, all representations and warranties set forth in Schedule 5 shall be conclusive and remain true and correct as of the Closing Date, without modification or qualification, irrespective of any intervening events. (Page 47)

Merger Agreement Excerpt Two: Section 8.5. Notwithstanding the foregoing, except for isolated non-material discrepancies, all other representations and warranties described herein shall be valid and deemed to be accurate in all respects as though made at the Closing, with any deviation considered permissible only if it does not result in an aggregate adverse effect on the Company's financial condition. (Page 68)
Choices: "
"15","Answer the following multiple choice question. The entire content of your response should be of the following format: 'ANSWER: $LETTER' (without quotes) where LETTER is one of {letters}.

{question}

{choices}

Instruction: Read the segment of a merger agreement and answer the multiple-choice question by choosing the option that best characterizes the accuracy requirement of the representations and warranties according to the bring down provision.
Question: According to the bring down provision, what is the standard of accuracy for the fundamental representations and warranties?
Option A: Accurate at an alternative materiality threshold (e.g., hybrid standard)
Option B: Accurate in all material respects
Option C: Accurate in all respects

Merger Agreement Excerpt: Clause 6.5 - Conditions Precedent to Closing:
(a) The representations and warranties made under this Agreement shall be maintained true and correct as of the Closing Date. Minor discrepancies that do not individually result in a material effect may be overlooked; however, deviations in key sections expressly identified in Section 6.5(a)(i) and Section 6.5(a)(ii) shall meet an uncompromised standard, requiring them to be true and correct in all respects as of both the date of the Agreement and the Closing Date, without exception or adjustment for materiality.
Choices: ","Fail","Answer the following multiple choice question. The entire content of your response should be of the following format: 'ANSWER: $LETTER' (without quotes) where LETTER is one of {letters}.

{question}

{choices}

Instruction: Read the segments of a merger agreement and answer the multiple-choice question by choosing the option that best characterizes the agreement.

Question: How accurate must the fundamental representations and warranties be according to the bring down provision?

Option A: Accurate at an alternative materiality threshold (e.g., hybrid standard)
Option B: Accurate in all material respects
Option C: Accurate in all respects

Merger Agreement Excerpt One: Section 6.3. In order to facilitate the closing of the transaction, all representations and warranties set forth in Schedule 5 shall be conclusive and remain true and correct as of the Closing Date, without modification or qualification, irrespective of any intervening events. (Page 47)

Merger Agreement Excerpt Two: Section 8.5. Notwithstanding the foregoing, except for isolated non-material discrepancies, all other representations and warranties described herein shall be valid and deemed to be accurate in all respects as though made at the Closing, with any deviation considered permissible only if it does not result in an aggregate adverse effect on the Company's financial condition. (Page 68)
Choices: "
"16","Answer the following multiple choice question. The entire content of your response should be of the following format: 'ANSWER: $LETTER' (without quotes) where LETTER is one of {letters}.

{question}

{choices}

Instruction: Read the segment of a merger agreement and answer the multiple-choice question by selecting the option that best characterizes the required accuracy for the fundamental representations and warranties.

Question: According to the bring down provision, how accurate must the fundamental representations and warranties of the Company be?
Option A: Accurate at another materiality standard (i.e., a hybrid threshold applying to certain disclosures)
Option B: Accurate in all material respects (allowing for immaterial discrepancies)
Option C: Accurate in all respects (with no qualifications)

Merger Agreement Excerpt:
Section 4.5 – Representations and Warranties: 
""At and as of the Closing Date, each of the fundamental representations and warranties of the Company shall be true and correct as if made at such date. For purposes of this Section, 'fundamental representations and warranties' excludes only those representations specifically related to financial projections, which are governed by Section 3.2 and need only be accurate in all material respects. All other representations, being fundamental to the transaction, require no materiality qualification and must be strictly true and correct.""

Answer:
Choices: ","Fail","Answer the following multiple choice question. The entire content of your response should be of the following format: 'ANSWER: $LETTER' (without quotes) where LETTER is one of {letters}.

{question}

{choices}

Instruction: Read the segments of a merger agreement and answer the multiple-choice question by choosing the option that best characterizes the agreement.

Question: How accurate must the fundamental representations and warranties be according to the bring down provision?

Option A: Accurate at an alternative materiality threshold (e.g., hybrid standard)
Option B: Accurate in all material respects
Option C: Accurate in all respects

Merger Agreement Excerpt One: Section 6.3. In order to facilitate the closing of the transaction, all representations and warranties set forth in Schedule 5 shall be conclusive and remain true and correct as of the Closing Date, without modification or qualification, irrespective of any intervening events. (Page 47)

Merger Agreement Excerpt Two: Section 8.5. Notwithstanding the foregoing, except for isolated non-material discrepancies, all other representations and warranties described herein shall be valid and deemed to be accurate in all respects as though made at the Closing, with any deviation considered permissible only if it does not result in an aggregate adverse effect on the Company's financial condition. (Page 68)
Choices: "
"17","Answer the following multiple choice question. The entire content of your response should be of the following format: 'ANSWER: $LETTER' (without quotes) where LETTER is one of {letters}.

{question}

{choices}

Instruction: Read the following segments of a merger agreement and answer the multiple-choice question by choosing the option that best characterizes the required accuracy for the fundamental representations and warranties.

Question: Based on the provisions below, how accurate must the Company’s fundamental representations and warranties be according to the bring-down provision?
Option A: Accurate at another materiality standard (e.g., hybrid standard)
Option B: Accurate in all material respects
Option C: Accurate in all respects

Merger Agreement: Section 10.05 Conditions to Closing. 
""The Company hereby represents and warrants that all representations set forth in Article III shall be true and correct in every respect as of the Closing Date as if made on such date. Notwithstanding the foregoing, any discrepancies which do not foreseeably result in a material adverse effect on the Company's operations may be disregarded for purposes of this provision.""

Merger Agreement: Section 11.02 Confirmation of Warranties. 
""For all purposes, the representations and warranties, as reiterated herein, are deemed effective as of the Closing Date. In instances where any inaccuracy is shown not to have, individually or in the aggregate, a reasonably expected material adverse effect, such inaccuracy may be tolerated under the Agreement.""

Answer:
Choices: ","Fail","Answer the following multiple choice question. The entire content of your response should be of the following format: 'ANSWER: $LETTER' (without quotes) where LETTER is one of {letters}.

{question}

{choices}

Instruction: Read the segments of a merger agreement and answer the multiple-choice question by choosing the option that best characterizes the agreement.

Question: How accurate must the fundamental representations and warranties be according to the bring down provision?

Option A: Accurate at an alternative materiality threshold (e.g., hybrid standard)
Option B: Accurate in all material respects
Option C: Accurate in all respects

Merger Agreement Excerpt One: Section 6.3. In order to facilitate the closing of the transaction, all representations and warranties set forth in Schedule 5 shall be conclusive and remain true and correct as of the Closing Date, without modification or qualification, irrespective of any intervening events. (Page 47)

Merger Agreement Excerpt Two: Section 8.5. Notwithstanding the foregoing, except for isolated non-material discrepancies, all other representations and warranties described herein shall be valid and deemed to be accurate in all respects as though made at the Closing, with any deviation considered permissible only if it does not result in an aggregate adverse effect on the Company's financial condition. (Page 68)
Choices: "
"18","Answer the following multiple choice question. The entire content of your response should be of the following format: 'ANSWER: $LETTER' (without quotes) where LETTER is one of {letters}.

{question}

{choices}

Instruction: Read the following segments of a merger agreement and then answer the question by selecting the option that best characterizes the accuracy requirement for the fundamental representations and warranties under the bring down provision.

Question: Based on the following agreement segments, how accurate must the fundamental representations and warranties be?
Option A: Accurate at another materiality standard (combining near-absolute accuracy for most representations with allowances for immaterial discrepancies)
Option B: Accurate in all material respects
Option C: Accurate in all respects

Merger Agreement Segment 1: ""Preamble: Notwithstanding any other provision herein, all representations and warranties made by the Company shall be provided with a rigorous standard of accuracy at the Closing Date, effectively meaning that each representation must be 'true and correct' as of that date. However, minor quantitative discrepancies that fall within predetermined immaterial thresholds shall not be considered a breach of this standard.""

Merger Agreement Segment 2: ""Section 9.5 Conditions: The representations and warranties, except for those explicitly limited by specific time qualifiers, are required to be 'true and correct' at the Closing. In assessing compliance with this provision, any deviations which do not exert a material impact on the Company’s overall financial condition or operations shall be disregarded.""
Choices: ","Fail","Answer the following multiple choice question. The entire content of your response should be of the following format: 'ANSWER: $LETTER' (without quotes) where LETTER is one of {letters}.

{question}

{choices}

Instruction: Read the segments of a merger agreement and answer the multiple-choice question by choosing the option that best characterizes the agreement.

Question: How accurate must the fundamental representations and warranties be according to the bring down provision?

Option A: Accurate at an alternative materiality threshold (e.g., hybrid standard)
Option B: Accurate in all material respects
Option C: Accurate in all respects

Merger Agreement Excerpt One: Section 6.3. In order to facilitate the closing of the transaction, all representations and warranties set forth in Schedule 5 shall be conclusive and remain true and correct as of the Closing Date, without modification or qualification, irrespective of any intervening events. (Page 47)

Merger Agreement Excerpt Two: Section 8.5. Notwithstanding the foregoing, except for isolated non-material discrepancies, all other representations and warranties described herein shall be valid and deemed to be accurate in all respects as though made at the Closing, with any deviation considered permissible only if it does not result in an aggregate adverse effect on the Company's financial condition. (Page 68)
Choices: "
"19","Answer the following multiple choice question. The entire content of your response should be of the following format: 'ANSWER: $LETTER' (without quotes) where LETTER is one of {letters}.

{question}

{choices}

Instruction: Read the segments below from a merger agreement and answer the multiple-choice question by choosing the option that best characterizes the accuracy standard required for the fundamental representations and warranties.

Question: Based on the provisions below, what is the correct standard of accuracy for the representations and warranties?

Option A: Accurate at a strictly defined hybrid materiality standard
Option B: Accurate in all material respects
Option C: Accurate in all respects

Merger Agreement: Clause 10.3 states: 'The representations and warranties set forth in Article V shall be true and correct as of the date hereof and maintained at the Closing Date as if reissued, permitting only those deviations that, both individually and in aggregate, do not result in a Company Material Adverse Effect.'

Merger Agreement: Clause 10.7 declares: 'Notwithstanding Clause 10.3, all representations and warranties shall be true and correct in all respects as of the Closing Date, without recourse to any materiality qualifiers, except as expressly allowed under subclause (i) which aligns with the conditions of Clause 10.3.'
Choices: ","Fail","Answer the following multiple choice question. The entire content of your response should be of the following format: 'ANSWER: $LETTER' (without quotes) where LETTER is one of {letters}.

{question}

{choices}

Instruction: Read the segments of a merger agreement and answer the multiple-choice question by choosing the option that best characterizes the agreement.

Question: How accurate must the fundamental representations and warranties be according to the bring down provision?

Option A: Accurate at an alternative materiality threshold (e.g., hybrid standard)
Option B: Accurate in all material respects
Option C: Accurate in all respects

Merger Agreement Excerpt One: Section 6.3. In order to facilitate the closing of the transaction, all representations and warranties set forth in Schedule 5 shall be conclusive and remain true and correct as of the Closing Date, without modification or qualification, irrespective of any intervening events. (Page 47)

Merger Agreement Excerpt Two: Section 8.5. Notwithstanding the foregoing, except for isolated non-material discrepancies, all other representations and warranties described herein shall be valid and deemed to be accurate in all respects as though made at the Closing, with any deviation considered permissible only if it does not result in an aggregate adverse effect on the Company's financial condition. (Page 68)
Choices: "
"20","Answer the following multiple choice question. The entire content of your response should be of the following format: 'ANSWER: $LETTER' (without quotes) where LETTER is one of {letters}.

{question}

{choices}

Instruction: Read the following segments of a merger agreement and answer the multiple-choice question by choosing the option that best characterizes the bring down standard for the fundamental representations and warranties.

Question: How accurate must the fundamental representations and warranties be according to the bring down provisions?
Option A: Accurate at another materiality standard (e.g., hybrid standard)
Option B: Accurate in all material respects
Option C: Accurate in all respects

Merger Agreement Segment 1 (Clause 8.5 Conditions):
""The representations and warranties set forth in Article IV shall be true and correct at the Closing Date as if originally made on that date. Minor discrepancies that are deemed de minimis and that do not materially affect the financial condition or operations of the Company shall be disregarded.""

Merger Agreement Segment 2 (Clause 11.4 Affirmations):
""Notwithstanding any other provision, all representations and warranties in Article IV shall be deemed true and correct at and as of the Closing Date without being subject to any adjustments for materiality, except where the aggregate deviations would reasonably be expected to result in a Material Adverse Effect on the Company.""

Based on these provisions, select the option that best captures the required level of accuracy for the fundamental representations and warranties.
Choices: ","Fail","Answer the following multiple choice question. The entire content of your response should be of the following format: 'ANSWER: $LETTER' (without quotes) where LETTER is one of {letters}.

{question}

{choices}

Instruction: Read the segments of a merger agreement and answer the multiple-choice question by choosing the option that best characterizes the agreement.

Question: How accurate must the fundamental representations and warranties be according to the bring down provision?

Option A: Accurate at an alternative materiality threshold (e.g., hybrid standard)
Option B: Accurate in all material respects
Option C: Accurate in all respects

Merger Agreement Excerpt One: Section 6.3. In order to facilitate the closing of the transaction, all representations and warranties set forth in Schedule 5 shall be conclusive and remain true and correct as of the Closing Date, without modification or qualification, irrespective of any intervening events. (Page 47)

Merger Agreement Excerpt Two: Section 8.5. Notwithstanding the foregoing, except for isolated non-material discrepancies, all other representations and warranties described herein shall be valid and deemed to be accurate in all respects as though made at the Closing, with any deviation considered permissible only if it does not result in an aggregate adverse effect on the Company's financial condition. (Page 68)
Choices: "
"21","Answer the following multiple choice question. The entire content of your response should be of the following format: 'ANSWER: $LETTER' (without quotes) where LETTER is one of {letters}.

{question}

{choices}

Instruction: Read the segments of a merger agreement and answer the multiple-choice question by choosing the option that best characterizes the accuracy standard required by the bring down provision.
Question: Under the provisions of the merger agreement, what is the applicable standard for the accuracy of the representations and warranties?
Option A: Accurate at an adjusted materiality threshold (allowing for insignificant deviations)
Option B: Accurate in all material respects (allowing only for de minimis deviations)
Option C: Accurate in all respects (no deviations permitted)

Merger Agreement: Section 4.1 Representations. The representations and warranties of the Seller shall be wholly and exactly true and correct as of the Closing Date, except for de minimis discrepancies not exceeding $10,000 in aggregate.

Merger Agreement: Section 9.7 Conditions Precedent. Notwithstanding any other provision herein, all representations and warranties shall be deemed accurate in all respects as of the Closing Date, with no allowance for any deviation, regardless of its magnitude.
Choices: ","Fail","Answer the following multiple choice question. The entire content of your response should be of the following format: 'ANSWER: $LETTER' (without quotes) where LETTER is one of {letters}.

{question}

{choices}

Instruction: Read the segments of a merger agreement and answer the multiple-choice question by choosing the option that best characterizes the agreement.

Question: How accurate must the fundamental representations and warranties be according to the bring down provision?

Option A: Accurate at an alternative materiality threshold (e.g., hybrid standard)
Option B: Accurate in all material respects
Option C: Accurate in all respects

Merger Agreement Excerpt One: Section 6.3. In order to facilitate the closing of the transaction, all representations and warranties set forth in Schedule 5 shall be conclusive and remain true and correct as of the Closing Date, without modification or qualification, irrespective of any intervening events. (Page 47)

Merger Agreement Excerpt Two: Section 8.5. Notwithstanding the foregoing, except for isolated non-material discrepancies, all other representations and warranties described herein shall be valid and deemed to be accurate in all respects as though made at the Closing, with any deviation considered permissible only if it does not result in an aggregate adverse effect on the Company's financial condition. (Page 68)
Choices: "
"22","Answer the following multiple choice question. The entire content of your response should be of the following format: 'ANSWER: $LETTER' (without quotes) where LETTER is one of {letters}.

{question}

{choices}

Instruction: Read the segment of a merger agreement and answer the multiple-choice question by choosing the option that best characterizes the agreement.
Question: How accurate must the fundamental representations and warranties be according to the bring down provision?
Option A: Accurate at another materiality standard (e.g., hybrid standard)
Option B: Accurate in all material respects
Option C: Accurate in all respects

Merger Agreement: Section 4.3 Conditions Precedent. The representations and warranties of the Company shall be true and correct at and as of the Closing Date as if made on that date, without the application of any materiality qualifier.
Merger Agreement: Appendix A, Financial Representations. Notwithstanding the foregoing, for representations related to the Company’s Financial Performance, any inaccuracies that are de minimis in nature—specifically, not exceeding 0.5% of the Company’s annual revenue, whether considered singly or in aggregate—shall not be deemed a breach of the accuracy requirement, unless such inaccuracies cumulatively result in a Material Adverse Effect.

Choices: ","Fail","Answer the following multiple choice question. The entire content of your response should be of the following format: 'ANSWER: $LETTER' (without quotes) where LETTER is one of {letters}.

{question}

{choices}

Instruction: Read the segments of a merger agreement and answer the multiple-choice question by choosing the option that best characterizes the agreement.

Question: How accurate must the fundamental representations and warranties be according to the bring down provision?

Option A: Accurate at an alternative materiality threshold (e.g., hybrid standard)
Option B: Accurate in all material respects
Option C: Accurate in all respects

Merger Agreement Excerpt One: Section 6.3. In order to facilitate the closing of the transaction, all representations and warranties set forth in Schedule 5 shall be conclusive and remain true and correct as of the Closing Date, without modification or qualification, irrespective of any intervening events. (Page 47)

Merger Agreement Excerpt Two: Section 8.5. Notwithstanding the foregoing, except for isolated non-material discrepancies, all other representations and warranties described herein shall be valid and deemed to be accurate in all respects as though made at the Closing, with any deviation considered permissible only if it does not result in an aggregate adverse effect on the Company's financial condition. (Page 68)
Choices: "
"23","Answer the following multiple choice question. The entire content of your response should be of the following format: 'ANSWER: $LETTER' (without quotes) where LETTER is one of {letters}.

{question}

{choices}

Instruction: Read the segment of a merger agreement and answer the multiple-choice question by choosing the option that best characterizes the agreement.
Question: How accurate must the fundamental representations and warranties be according to the bring down provision?
Option A: Accurate at another materiality standard (e.g., hybrid standard)
Option B: Accurate in all material respects
Option C: Accurate in all respects

Merger Agreement (Excerpt 1): Section 8.4 Representations of the Company. Except as expressly stated otherwise, the representations and warranties set forth in this Article are deemed to be true and correct at the Closing Date, notwithstanding the allowance for minor inaccuracies that, in the aggregate, do not result in a Material Adverse Effect on the Company’s financial standing.

Merger Agreement (Excerpt 2): Section 10.1 Representations and Warranties. Notwithstanding any exceptions provided herein, each representation and warranty is required to be true, valid, and complete in every aspect at the Closing Date, disregarding any qualification of materiality, unless such inaccuracies exceed a threshold where they cause an objectively significant Company Material Adverse Effect.
Choices: ","Fail","Answer the following multiple choice question. The entire content of your response should be of the following format: 'ANSWER: $LETTER' (without quotes) where LETTER is one of {letters}.

{question}

{choices}

Instruction: Read the segments of a merger agreement and answer the multiple-choice question by choosing the option that best characterizes the agreement.

Question: How accurate must the fundamental representations and warranties be according to the bring down provision?

Option A: Accurate at an alternative materiality threshold (e.g., hybrid standard)
Option B: Accurate in all material respects
Option C: Accurate in all respects

Merger Agreement Excerpt One: Section 6.3. In order to facilitate the closing of the transaction, all representations and warranties set forth in Schedule 5 shall be conclusive and remain true and correct as of the Closing Date, without modification or qualification, irrespective of any intervening events. (Page 47)

Merger Agreement Excerpt Two: Section 8.5. Notwithstanding the foregoing, except for isolated non-material discrepancies, all other representations and warranties described herein shall be valid and deemed to be accurate in all respects as though made at the Closing, with any deviation considered permissible only if it does not result in an aggregate adverse effect on the Company's financial condition. (Page 68)
Choices: "
"24","Answer the following multiple choice question. The entire content of your response should be of the following format: 'ANSWER: $LETTER' (without quotes) where LETTER is one of {letters}.

{question}

{choices}

Instruction: Read the following segments of an agreement and answer the multiple-choice question by choosing the option that best characterizes the accuracy requirement for the fundamental representations and warranties.

Question: According to the bring down provision, how accurate must the fundamental representations and warranties be?

Option A: Accurate at another materiality standard (e.g., hybrid standard)
Option B: Accurate in all material respects
Option C: Accurate in all respects

Agreement Text:
Segment 1 – Section 8.3, Conditions Precedent to Closing:
""The representations and warranties of the Company set forth in Article IV shall be true and correct as of both the date of this Agreement and the Closing Date, as if made on the Closing Date, notwithstanding any standard qualifications based on materiality.""

Segment 2 – Section 10.5, Additional Closing Conditions:
""Notwithstanding the foregoing, for purposes of satisfying the Conditions Precedent, all representations and warranties not pertaining to environmental risk shall be evaluated solely under a materiality standard, meaning they need only be accurate in all material respects. In contrast, representations related to environmental risk must be strictly accurate in all respects.""

In context, the fundamental target representations and warranties do not relate to environmental risk matters. Based on the guidance provided in both segments, determine the required level of accuracy for these fundamental representations and warranties.
Choices: ","Fail","Answer the following multiple choice question. The entire content of your response should be of the following format: 'ANSWER: $LETTER' (without quotes) where LETTER is one of {letters}.

{question}

{choices}

Instruction: Read the segments of a merger agreement and answer the multiple-choice question by choosing the option that best characterizes the agreement.

Question: How accurate must the fundamental representations and warranties be according to the bring down provision?

Option A: Accurate at an alternative materiality threshold (e.g., hybrid standard)
Option B: Accurate in all material respects
Option C: Accurate in all respects

Merger Agreement Excerpt One: Section 6.3. In order to facilitate the closing of the transaction, all representations and warranties set forth in Schedule 5 shall be conclusive and remain true and correct as of the Closing Date, without modification or qualification, irrespective of any intervening events. (Page 47)

Merger Agreement Excerpt Two: Section 8.5. Notwithstanding the foregoing, except for isolated non-material discrepancies, all other representations and warranties described herein shall be valid and deemed to be accurate in all respects as though made at the Closing, with any deviation considered permissible only if it does not result in an aggregate adverse effect on the Company's financial condition. (Page 68)
Choices: "
"25","Answer the following multiple choice question. The entire content of your response should be of the following format: 'ANSWER: $LETTER' (without quotes) where LETTER is one of {letters}.

{question}

{choices}

Instruction: Read the following segments from a merger agreement and then answer the multiple-choice question by choosing the option that best characterizes the accuracy requirements for the fundamental representations and warranties under the bring down provision.

Segment 1: ""Pursuant to Section 9.01 of this Agreement, the representations and warranties provided by the Company shall be true and correct as of the Closing Date, treated as if made on that date, notwithstanding any minor discrepancies that, unless resulting in a Critical Financial Adverse Effect, may be overlooked."" (Page 22)

Segment 2: ""Notwithstanding any materiality qualifiers elsewhere in this Agreement, the Company warrants that each of its representations and warranties, except for those specifically tied to historical data, is required to be true, correct, and free from any deviation, without recourse to any qualified material standard. For any deviation, regardless of its quantitative impact, no exception shall apply unless otherwise waived explicitly by the Board."" (Page 45)

Question: How accurate must the fundamental representations and warranties be according to the bring down provision?
Option A: Accurate at another materiality standard (e.g., hybrid standard)
Option B: Accurate in all material respects
Option C: Accurate in all respects
Choices: ","Fail","Answer the following multiple choice question. The entire content of your response should be of the following format: 'ANSWER: $LETTER' (without quotes) where LETTER is one of {letters}.

{question}

{choices}

Instruction: Read the segments of a merger agreement and answer the multiple-choice question by choosing the option that best characterizes the agreement.

Question: How accurate must the fundamental representations and warranties be according to the bring down provision?

Option A: Accurate at an alternative materiality threshold (e.g., hybrid standard)
Option B: Accurate in all material respects
Option C: Accurate in all respects

Merger Agreement Excerpt One: Section 6.3. In order to facilitate the closing of the transaction, all representations and warranties set forth in Schedule 5 shall be conclusive and remain true and correct as of the Closing Date, without modification or qualification, irrespective of any intervening events. (Page 47)

Merger Agreement Excerpt Two: Section 8.5. Notwithstanding the foregoing, except for isolated non-material discrepancies, all other representations and warranties described herein shall be valid and deemed to be accurate in all respects as though made at the Closing, with any deviation considered permissible only if it does not result in an aggregate adverse effect on the Company's financial condition. (Page 68)
Choices: "
"26","Answer the following multiple choice question. The entire content of your response should be of the following format: 'ANSWER: $LETTER' (without quotes) where LETTER is one of {letters}.

{question}

{choices}

Instruction: Read the segment of a merger agreement and answer the multiple-choice question by choosing the option that best characterizes the agreement.

Question: How accurate must the fundamental representations and warranties be according to the bring down provision?
Option A: Accurate at another materiality standard (e.g., hybrid standard)
Option B: Accurate in all material respects
Option C: Accurate in all respects

Merger Agreement Excerpt 1: ""Section 5 - Conditions Precedent: The representations and warranties of the Corporation, as set forth in Article X titled 'Fundamental Representations', shall be true and correct as of both the Agreement Date and the Closing Date. Deviations from complete accuracy are permitted only if such inaccuracies are strictly de minimis and fail to have any discernible operational impact on the Corporation, and even when aggregated, do not result in a cumulative Material Adverse Effect.""

Merger Agreement Excerpt 2: ""Section 8.3 - Bring Down Provision: Notwithstanding any allowances provided elsewhere, it is agreed that, except for bespoke exceptions explicitly outlined in the scheduling notes, all representations and warranties shall be considered as requiring absolute accuracy at Closing. Minor numerical or operational variances shall not be tolerated unless they are quantitatively negligible beyond any material threshold.""

Provide your answer based solely on the language in these excerpts.
Choices: ","Fail","Answer the following multiple choice question. The entire content of your response should be of the following format: 'ANSWER: $LETTER' (without quotes) where LETTER is one of {letters}.

{question}

{choices}

Instruction: Read the segments of a merger agreement and answer the multiple-choice question by choosing the option that best characterizes the agreement.

Question: How accurate must the fundamental representations and warranties be according to the bring down provision?

Option A: Accurate at an alternative materiality threshold (e.g., hybrid standard)
Option B: Accurate in all material respects
Option C: Accurate in all respects

Merger Agreement Excerpt One: Section 6.3. In order to facilitate the closing of the transaction, all representations and warranties set forth in Schedule 5 shall be conclusive and remain true and correct as of the Closing Date, without modification or qualification, irrespective of any intervening events. (Page 47)

Merger Agreement Excerpt Two: Section 8.5. Notwithstanding the foregoing, except for isolated non-material discrepancies, all other representations and warranties described herein shall be valid and deemed to be accurate in all respects as though made at the Closing, with any deviation considered permissible only if it does not result in an aggregate adverse effect on the Company's financial condition. (Page 68)
Choices: "
"27","Answer the following multiple choice question. The entire content of your response should be of the following format: 'ANSWER: $LETTER' (without quotes) where LETTER is one of {letters}.

{question}

{choices}

Instruction: Read the segments of a merger agreement and answer the multiple-choice question by choosing the option that best characterizes the accuracy required for the representations and warranties in the bring down provision.

Question: How accurate must the fundamental representations and warranties be according to the bring down provision?
Option A: Accurate at another materiality standard (e.g., hybrid standard)
Option B: Accurate in all material respects
Option C: Accurate in all respects

Merger Agreement Excerpt 1: Section 5.4 Conditions Prior to Closing. ""The representations and warranties of the Target set forth in Article IV shall be true and correct as of the Closing Date as if made at and as of such date, without any reliance on materiality qualifiers, unless expressly provided otherwise.""

Merger Agreement Excerpt 2: Section 8.1 Subsequent Conditions. ""Notwithstanding the foregoing, for purposes of determining compliance with this Agreement, each representation and warranty shall be deemed to be accurate so long as any deviation is confined to minor inaccuracies that, individually or in aggregate, would not be expected to have any Material Adverse Impact on the Target.""
Choices: ","Fail","Answer the following multiple choice question. The entire content of your response should be of the following format: 'ANSWER: $LETTER' (without quotes) where LETTER is one of {letters}.

{question}

{choices}

Instruction: Read the segments of a merger agreement and answer the multiple-choice question by choosing the option that best characterizes the agreement.

Question: How accurate must the fundamental representations and warranties be according to the bring down provision?

Option A: Accurate at an alternative materiality threshold (e.g., hybrid standard)
Option B: Accurate in all material respects
Option C: Accurate in all respects

Merger Agreement Excerpt One: Section 6.3. In order to facilitate the closing of the transaction, all representations and warranties set forth in Schedule 5 shall be conclusive and remain true and correct as of the Closing Date, without modification or qualification, irrespective of any intervening events. (Page 47)

Merger Agreement Excerpt Two: Section 8.5. Notwithstanding the foregoing, except for isolated non-material discrepancies, all other representations and warranties described herein shall be valid and deemed to be accurate in all respects as though made at the Closing, with any deviation considered permissible only if it does not result in an aggregate adverse effect on the Company's financial condition. (Page 68)
Choices: "
"28","Answer the following multiple choice question. The entire content of your response should be of the following format: 'ANSWER: $LETTER' (without quotes) where LETTER is one of {letters}.

{question}

{choices}

Instruction: Read the following segment of a merger agreement and answer the question by selecting the option that best characterizes the bring down standard for the fundamental representations and warranties.

Question: How accurate must the fundamental representations and warranties be according to the bring down provision?

Option A: Accurate at another materiality standard (e.g., a hybrid standard)
Option B: Accurate in all material respects
Option C: Accurate in all respects

Merger Agreement Excerpt: 
""Section 5.04 - Conditions Precedent to Completion:
Notwithstanding any contrary provision herein, the Company shall deliver representations and warranties that are (i) true and correct, and free of any material misstatements, as of the Closing Date, and (ii) for the purpose of the bring down, such representations shall be deemed to be accurate in all material respects, except insofar as a representation specifically addresses static, unaltered factual circumstances, in which case it shall be deemed accurate in all respects. However, even in such cases, any deviation that might affect the materiality of the overall representation shall be treated under the standard set forth in (ii).""

Answer the question based on the overall requirement imposed by the bring down clause.
Choices: ","Fail","Answer the following multiple choice question. The entire content of your response should be of the following format: 'ANSWER: $LETTER' (without quotes) where LETTER is one of {letters}.

{question}

{choices}

Instruction: Read the segments of a merger agreement and answer the multiple-choice question by choosing the option that best characterizes the agreement.

Question: How accurate must the fundamental representations and warranties be according to the bring down provision?

Option A: Accurate at an alternative materiality threshold (e.g., hybrid standard)
Option B: Accurate in all material respects
Option C: Accurate in all respects

Merger Agreement Excerpt One: Section 6.3. In order to facilitate the closing of the transaction, all representations and warranties set forth in Schedule 5 shall be conclusive and remain true and correct as of the Closing Date, without modification or qualification, irrespective of any intervening events. (Page 47)

Merger Agreement Excerpt Two: Section 8.5. Notwithstanding the foregoing, except for isolated non-material discrepancies, all other representations and warranties described herein shall be valid and deemed to be accurate in all respects as though made at the Closing, with any deviation considered permissible only if it does not result in an aggregate adverse effect on the Company's financial condition. (Page 68)
Choices: "
"29","Answer the following multiple choice question. The entire content of your response should be of the following format: 'ANSWER: $LETTER' (without quotes) where LETTER is one of {letters}.

{question}

{choices}

Instruction: Read the following segments of a merger agreement and answer the multiple-choice question by choosing the option that best characterizes the agreement.

Question: Considering the specific temporal exceptions noted in the bring down provision, how accurate must the fundamental representations and warranties be as of the Closing Date?

Option A: Accurate under a hybrid standard where certain clauses require full accuracy while others tolerate minor errors.
Option B: Accurate in all material respects, allowing for minor non-material deviations.
Option C: Accurate in all respects, requiring complete and absolute accuracy without any exceptions.

Merger Agreement Segment 1 (Section 4.1): ""The fundamental representations and warranties of the Company shall be, as of the Closing Date, true and correct as if made at the Closing Date, provided that any deviation from this requirement is limited solely to instances that are minor and non-material.""

Merger Agreement Segment 2 (Article V, Clause 2.3): ""Notwithstanding the general requirement herein, the representations and warranties identified as Fundamental in Schedule F shall be deemed accurate in all respects on the Closing Date; however, where specific temporal exceptions apply as detailed in Clause 2.4, such representations and warranties may be evaluated under a materiality standard.""
Choices: ","Fail","Answer the following multiple choice question. The entire content of your response should be of the following format: 'ANSWER: $LETTER' (without quotes) where LETTER is one of {letters}.

{question}

{choices}

Instruction: Read the segments of a merger agreement and answer the multiple-choice question by choosing the option that best characterizes the agreement.

Question: How accurate must the fundamental representations and warranties be according to the bring down provision?

Option A: Accurate at an alternative materiality threshold (e.g., hybrid standard)
Option B: Accurate in all material respects
Option C: Accurate in all respects

Merger Agreement Excerpt One: Section 6.3. In order to facilitate the closing of the transaction, all representations and warranties set forth in Schedule 5 shall be conclusive and remain true and correct as of the Closing Date, without modification or qualification, irrespective of any intervening events. (Page 47)

Merger Agreement Excerpt Two: Section 8.5. Notwithstanding the foregoing, except for isolated non-material discrepancies, all other representations and warranties described herein shall be valid and deemed to be accurate in all respects as though made at the Closing, with any deviation considered permissible only if it does not result in an aggregate adverse effect on the Company's financial condition. (Page 68)
Choices: "
"30","Answer the following multiple choice question. The entire content of your response should be of the following format: 'ANSWER: $LETTER' (without quotes) where LETTER is one of {letters}.

{question}

{choices}

Instruction: Read the following segments of a merger agreement and answer the multiple-choice question by choosing the option that best characterizes the accuracy requirement for the Company's fundamental representations and warranties according to the bring down provision.
Question: How accurate must the Company's fundamental representations and warranties be as per the bring down provision?
Option A: Accurate at another materiality standard (e.g., hybrid standard)
Option B: Accurate in all material respects
Option C: Accurate in all respects

Merger Agreement Excerpt 1: ""The Company's representations and warranties set forth herein shall have been true and correct as of the Effective Date and shall continue to be true and correct on the Closing Date as if freshly executed, without regard to any technical errors, except where such discrepancies do not influence any material aspect of the Company's operations.""

Merger Agreement Excerpt 2: ""Notwithstanding the foregoing, except for representations that are specifically stated to be effective only as of designated dates, all other representations and warranties shall be deemed accurate if they are materially correct, thereby permitting minor non-material deviations that would not reasonably lead to a Material Adverse Effect.""
Choices: ","Fail","Answer the following multiple choice question. The entire content of your response should be of the following format: 'ANSWER: $LETTER' (without quotes) where LETTER is one of {letters}.

{question}

{choices}

Instruction: Read the segments of a merger agreement and answer the multiple-choice question by choosing the option that best characterizes the agreement.

Question: How accurate must the fundamental representations and warranties be according to the bring down provision?

Option A: Accurate at an alternative materiality threshold (e.g., hybrid standard)
Option B: Accurate in all material respects
Option C: Accurate in all respects

Merger Agreement Excerpt One: Section 6.3. In order to facilitate the closing of the transaction, all representations and warranties set forth in Schedule 5 shall be conclusive and remain true and correct as of the Closing Date, without modification or qualification, irrespective of any intervening events. (Page 47)

Merger Agreement Excerpt Two: Section 8.5. Notwithstanding the foregoing, except for isolated non-material discrepancies, all other representations and warranties described herein shall be valid and deemed to be accurate in all respects as though made at the Closing, with any deviation considered permissible only if it does not result in an aggregate adverse effect on the Company's financial condition. (Page 68)
Choices: "
"31","Answer the following multiple choice question. The entire content of your response should be of the following format: 'ANSWER: $LETTER' (without quotes) where LETTER is one of {letters}.

{question}

{choices}

Instruction: Read the following excerpts from a merger agreement and then answer the multiple-choice question by choosing the option that best characterizes the accuracy standard required by the bring down provision.

Question: How accurate must the fundamental representations and warranties be according to the bring down provision?
Option A: Accurate at another materiality standard (e.g., hybrid standard)
Option B: Accurate in all material respects
Option C: Accurate in all respects

Merger Agreement Excerpt 1 (Section 4.3 Conditions Precedent): 
""The representations and warranties of the Company set forth in Article IV shall be true and correct as of the Closing Date, as if made at such date. Notwithstanding any other provision, any deviation from these representations that does not cumulatively result in a Material Adverse Effect shall not constitute a breach; hence, the standard of accuracy implied here allows for immaterial imperfections. (Page 52)""

Merger Agreement Excerpt 2 (Section 9.1 Additional Representations): 
""All other representations and warranties, which are not subject to specific performance-linked conditions, shall be accurate and complete as of the Effective Date. However, for purposes of this clause, accuracy is measured by assessing whether any departure from the stated facts would materially affect the Company’s business; representations may be considered acceptable if they are accurate in all material respects, thereby permitting minor, non-material discrepancies. (Page 104)""
Choices: ","Fail","Answer the following multiple choice question. The entire content of your response should be of the following format: 'ANSWER: $LETTER' (without quotes) where LETTER is one of {letters}.

{question}

{choices}

Instruction: Read the segments of a merger agreement and answer the multiple-choice question by choosing the option that best characterizes the agreement.

Question: How accurate must the fundamental representations and warranties be according to the bring down provision?

Option A: Accurate at an alternative materiality threshold (e.g., hybrid standard)
Option B: Accurate in all material respects
Option C: Accurate in all respects

Merger Agreement Excerpt One: Section 6.3. In order to facilitate the closing of the transaction, all representations and warranties set forth in Schedule 5 shall be conclusive and remain true and correct as of the Closing Date, without modification or qualification, irrespective of any intervening events. (Page 47)

Merger Agreement Excerpt Two: Section 8.5. Notwithstanding the foregoing, except for isolated non-material discrepancies, all other representations and warranties described herein shall be valid and deemed to be accurate in all respects as though made at the Closing, with any deviation considered permissible only if it does not result in an aggregate adverse effect on the Company's financial condition. (Page 68)
Choices: "
"32","Answer the following multiple choice question. The entire content of your response should be of the following format: 'ANSWER: $LETTER' (without quotes) where LETTER is one of {letters}.

{question}

{choices}

Instruction: Read the following segment of a merger agreement and answer the multiple-choice question by choosing the option that best characterizes the accuracy requirement for the fundamental representations and warranties.

Question: How accurate must the fundamental representations and warranties be according to the bring down provision?
Option A: Accurate at another materiality standard (e.g., hybrid standard)
Option B: Accurate in all material respects
Option C: Accurate in all respects

Merger Agreement Excerpt:
""Article 5. Fundamental Representations. The representations and warranties of the Company set forth in Article 5 shall be true and correct as of the Closing Date, as if made on such date, without allowance for any degree of tolerable inaccuracy, including any de minimis deviations. Notwithstanding any provisions regarding material thresholds mentioned in other sections, no exceptions shall apply to these fundamental representations. In contrast, ancillary representations contained in Article 6 are subject only to an accuracy standard in all material respects.""

Answer:
Choices: ","Fail","Answer the following multiple choice question. The entire content of your response should be of the following format: 'ANSWER: $LETTER' (without quotes) where LETTER is one of {letters}.

{question}

{choices}

Instruction: Read the segments of a merger agreement and answer the multiple-choice question by choosing the option that best characterizes the agreement.

Question: How accurate must the fundamental representations and warranties be according to the bring down provision?

Option A: Accurate at an alternative materiality threshold (e.g., hybrid standard)
Option B: Accurate in all material respects
Option C: Accurate in all respects

Merger Agreement Excerpt One: Section 6.3. In order to facilitate the closing of the transaction, all representations and warranties set forth in Schedule 5 shall be conclusive and remain true and correct as of the Closing Date, without modification or qualification, irrespective of any intervening events. (Page 47)

Merger Agreement Excerpt Two: Section 8.5. Notwithstanding the foregoing, except for isolated non-material discrepancies, all other representations and warranties described herein shall be valid and deemed to be accurate in all respects as though made at the Closing, with any deviation considered permissible only if it does not result in an aggregate adverse effect on the Company's financial condition. (Page 68)
Choices: "
"33","Answer the following multiple choice question. The entire content of your response should be of the following format: 'ANSWER: $LETTER' (without quotes) where LETTER is one of {letters}.

{question}

{choices}

Instruction: Read the provided segments of a hypothetical acquisition agreement and answer the multiple-choice question by choosing the option that best characterizes the accuracy requirement.

Question: According to the bring down provision, how accurate must the fundamental representations and warranties be?
Option A: Accurate at another materiality standard (e.g., hybrid standard)
Option B: Accurate in all material respects
Option C: Accurate in all respects

Acquisition Agreement - Segment I:
Clause 4.3: ""Representations and Warranties. The representations and warranties set forth in Article V shall be true and correct as of the Closing Date, provided that any deviation not causing a material adverse effect is not deemed a breach."" (Page 27)

Acquisition Agreement - Segment II:
Clause 9.1: ""Further Conditions. Except for representations explicitly tied to fixed dates, each representation and warranty shall be deemed true and correct as to its material impact. Minor discrepancies that do not threaten the substantial financial integrity of the Company shall be tolerated."" (Page 45)

End of Agreement Excerpts.
Choices: ","Fail","Answer the following multiple choice question. The entire content of your response should be of the following format: 'ANSWER: $LETTER' (without quotes) where LETTER is one of {letters}.

{question}

{choices}

Instruction: Read the segments of a merger agreement and answer the multiple-choice question by choosing the option that best characterizes the agreement.

Question: How accurate must the fundamental representations and warranties be according to the bring down provision?

Option A: Accurate at an alternative materiality threshold (e.g., hybrid standard)
Option B: Accurate in all material respects
Option C: Accurate in all respects

Merger Agreement Excerpt One: Section 6.3. In order to facilitate the closing of the transaction, all representations and warranties set forth in Schedule 5 shall be conclusive and remain true and correct as of the Closing Date, without modification or qualification, irrespective of any intervening events. (Page 47)

Merger Agreement Excerpt Two: Section 8.5. Notwithstanding the foregoing, except for isolated non-material discrepancies, all other representations and warranties described herein shall be valid and deemed to be accurate in all respects as though made at the Closing, with any deviation considered permissible only if it does not result in an aggregate adverse effect on the Company's financial condition. (Page 68)
Choices: "
"34","Answer the following multiple choice question. The entire content of your response should be of the following format: 'ANSWER: $LETTER' (without quotes) where LETTER is one of {letters}.

{question}

{choices}

Instruction: Read the segment of a merger agreement and answer the multiple-choice question by choosing the option that best characterizes the accuracy standard for the representations and warranties.
Question: How accurate must the fundamental representations and warranties be according to the bring down provision?
Option A: Accurate at another materiality standard (e.g., hybrid standard)
Option B: Accurate in all material respects
Option C: Accurate in all respects

Merger Agreement Excerpts:
Excerpt 1: ""In accordance with Section 4.3, all representations and warranties of the Buyer, as detailed in Article II, shall be true and correct at and as of the Closing Date, with allowances made for any minor, non-revenue-impacting discrepancies, provided such discrepancies do not undermine their overall reliability (Page 22).""

Excerpt 2: ""Notwithstanding the foregoing, each representation and warranty made by the Buyer in this Agreement shall be true and correct as of both the Effective Date and the Closing Date, to the extent that any deviation which is not deemed to have a material impact on the Buyer’s financial standing is not considered a breach of this provision (Page 45).""
Choices: ","Fail","Answer the following multiple choice question. The entire content of your response should be of the following format: 'ANSWER: $LETTER' (without quotes) where LETTER is one of {letters}.

{question}

{choices}

Instruction: Read the segments of a merger agreement and answer the multiple-choice question by choosing the option that best characterizes the agreement.

Question: How accurate must the fundamental representations and warranties be according to the bring down provision?

Option A: Accurate at an alternative materiality threshold (e.g., hybrid standard)
Option B: Accurate in all material respects
Option C: Accurate in all respects

Merger Agreement Excerpt One: Section 6.3. In order to facilitate the closing of the transaction, all representations and warranties set forth in Schedule 5 shall be conclusive and remain true and correct as of the Closing Date, without modification or qualification, irrespective of any intervening events. (Page 47)

Merger Agreement Excerpt Two: Section 8.5. Notwithstanding the foregoing, except for isolated non-material discrepancies, all other representations and warranties described herein shall be valid and deemed to be accurate in all respects as though made at the Closing, with any deviation considered permissible only if it does not result in an aggregate adverse effect on the Company's financial condition. (Page 68)
Choices: "
"35","Answer the following multiple choice question. The entire content of your response should be of the following format: 'ANSWER: $LETTER' (without quotes) where LETTER is one of {letters}.

{question}

{choices}

Instruction: Read the two segments of a merger agreement below and answer the multiple-choice question by choosing the option that best describes the accuracy standard for the fundamental representations and warranties according to the bring down provision.

Question: How accurate must the fundamental representations and warranties be according to the bring down provision?
Option A: Accurate in all material respects
Option B: Accurate at another materiality standard (e.g., hybrid standard)
Option C: Accurate in all respects

Merger Agreement - Section III (Fundamental Representations): ""All representations and warranties deemed fundamental by this Agreement—specifically relating to corporate existence, organizational authority, and key financial disclosures—shall be true and correct as of the Closing Date, as if made on such date. No deviation, whether material or immaterial, shall be tolerated, notwithstanding any amendments to supporting schedules or safe harbor provisions.""

Merger Agreement - Section V (Other Representations): ""All other representations and warranties shall be accurate in all material respects as of both the Agreement Date and the Closing Date, allowing for immaterial discrepancies that do not result in a Material Adverse Effect.""
Choices: ","Fail","Answer the following multiple choice question. The entire content of your response should be of the following format: 'ANSWER: $LETTER' (without quotes) where LETTER is one of {letters}.

{question}

{choices}

Instruction: Read the segments of a merger agreement and answer the multiple-choice question by choosing the option that best characterizes the agreement.

Question: How accurate must the fundamental representations and warranties be according to the bring down provision?

Option A: Accurate at an alternative materiality threshold (e.g., hybrid standard)
Option B: Accurate in all material respects
Option C: Accurate in all respects

Merger Agreement Excerpt One: Section 6.3. In order to facilitate the closing of the transaction, all representations and warranties set forth in Schedule 5 shall be conclusive and remain true and correct as of the Closing Date, without modification or qualification, irrespective of any intervening events. (Page 47)

Merger Agreement Excerpt Two: Section 8.5. Notwithstanding the foregoing, except for isolated non-material discrepancies, all other representations and warranties described herein shall be valid and deemed to be accurate in all respects as though made at the Closing, with any deviation considered permissible only if it does not result in an aggregate adverse effect on the Company's financial condition. (Page 68)
Choices: "
"36","Answer the following multiple choice question. The entire content of your response should be of the following format: 'ANSWER: $LETTER' (without quotes) where LETTER is one of {letters}.

{question}

{choices}

Instruction: Read the segment of a merger agreement and answer the multiple-choice question by choosing the option that best characterizes the agreement.
Question: According to the bring down provision, how accurate must the fundamental representations and warranties be for those items not covered by any de minimis exceptions?
Option A: Accurate at another materiality standard (e.g., hybrid standard)
Option B: Accurate in all material respects
Option C: Accurate in all respects

Merger Agreement Segment 1: Section 5.3 Conditions Precedent. The Seller’s representations and warranties set forth in Articles II and III shall be true and correct as of both the Agreement Date and the Closing Date, except that minor discrepancies which individually do not have a significant financial impact (i.e., de minimis issues) shall not constitute a breach. (Page 52)

Merger Agreement Segment 2: Section 8.1 Additional Representations. All remaining, fundamental representations and warranties that are not subject to the de minimis exception shall be true and correct in all respects as of the Closing Date, without any allowance for materiality thresholds. (Page 95)

Considering these segments, what is the required standard for the fundamental, non-excepted representations and warranties?
Choices: ","Fail","Answer the following multiple choice question. The entire content of your response should be of the following format: 'ANSWER: $LETTER' (without quotes) where LETTER is one of {letters}.

{question}

{choices}

Instruction: Read the segments of a merger agreement and answer the multiple-choice question by choosing the option that best characterizes the agreement.

Question: How accurate must the fundamental representations and warranties be according to the bring down provision?

Option A: Accurate at an alternative materiality threshold (e.g., hybrid standard)
Option B: Accurate in all material respects
Option C: Accurate in all respects

Merger Agreement Excerpt One: Section 6.3. In order to facilitate the closing of the transaction, all representations and warranties set forth in Schedule 5 shall be conclusive and remain true and correct as of the Closing Date, without modification or qualification, irrespective of any intervening events. (Page 47)

Merger Agreement Excerpt Two: Section 8.5. Notwithstanding the foregoing, except for isolated non-material discrepancies, all other representations and warranties described herein shall be valid and deemed to be accurate in all respects as though made at the Closing, with any deviation considered permissible only if it does not result in an aggregate adverse effect on the Company's financial condition. (Page 68)
Choices: "
"37","Answer the following multiple choice question. The entire content of your response should be of the following format: 'ANSWER: $LETTER' (without quotes) where LETTER is one of {letters}.

{question}

{choices}

Instruction: Read the following segments of a merger agreement and answer the multiple-choice question by choosing the option that best characterizes the agreement.

Question: How accurate must the fundamental representations and warranties be according to the bring down provision?
Option A: Accurate at another materiality standard (e.g., hybrid standard)
Option B: Accurate in all material respects
Option C: Accurate in all respects

Merger Agreement Excerpt 1: ""Section 5.4 Conditions to Closing. The representations and warranties of the Company set forth in Article V shall be true and correct as of the Closing Date as though made at that time. Notwithstanding the foregoing, any minor inaccuracies which, individually or in aggregate, would not reasonably be expected to exert a Material Impact on the Company, shall be deemed acceptable.""

Merger Agreement Excerpt 2: ""Section 12.1 Covenants and Closing Conditions. Notwithstanding any other provision herein, all representations and warranties outlined in Article V shall be accurate as of the Closing Date, with the sole exception of those discrepancies that do not affect the overall valuation of the Company. In this respect, no qualification regarding materiality shall modify the requirement for accuracy.""
Choices: ","Fail","Answer the following multiple choice question. The entire content of your response should be of the following format: 'ANSWER: $LETTER' (without quotes) where LETTER is one of {letters}.

{question}

{choices}

Instruction: Read the segments of a merger agreement and answer the multiple-choice question by choosing the option that best characterizes the agreement.

Question: How accurate must the fundamental representations and warranties be according to the bring down provision?

Option A: Accurate at an alternative materiality threshold (e.g., hybrid standard)
Option B: Accurate in all material respects
Option C: Accurate in all respects

Merger Agreement Excerpt One: Section 6.3. In order to facilitate the closing of the transaction, all representations and warranties set forth in Schedule 5 shall be conclusive and remain true and correct as of the Closing Date, without modification or qualification, irrespective of any intervening events. (Page 47)

Merger Agreement Excerpt Two: Section 8.5. Notwithstanding the foregoing, except for isolated non-material discrepancies, all other representations and warranties described herein shall be valid and deemed to be accurate in all respects as though made at the Closing, with any deviation considered permissible only if it does not result in an aggregate adverse effect on the Company's financial condition. (Page 68)
Choices: "
"38","Answer the following multiple choice question. The entire content of your response should be of the following format: 'ANSWER: $LETTER' (without quotes) where LETTER is one of {letters}.

{question}

{choices}

Instruction: Read the following segments of a merger agreement and answer the multiple-choice question by choosing the option that best characterizes the accuracy standard required under the bring down provision for the fundamental representations and warranties.

Question: How accurate must the fundamental representations and warranties be according to the bring down provision?

Option A: Accurate at another materiality standard (e.g., hybrid standard)
Option B: Accurate in all material respects
Option C: Accurate in all respects

Merger Agreement Excerpts:
Segment 1 (Section 5.2 – Fundamental Representations):
""Each representation and warranty contained in Section 5.2 shall be true, complete, and correct as of the Closing Date as if repeated anew, except that minor deviations which meet the de minimis threshold detailed in Exhibit A shall not constitute a breach.""

Segment 2 (Section 9.1 – Supplementary Representations):
""All representations and warranties outside the scope of the de minimis exemption must be true and correct in every respect as of the Closing Date with no qualification or allowance provided for materiality.""

Based on the above, answer the question.
Choices: ","Fail","Answer the following multiple choice question. The entire content of your response should be of the following format: 'ANSWER: $LETTER' (without quotes) where LETTER is one of {letters}.

{question}

{choices}

Instruction: Read the segments of a merger agreement and answer the multiple-choice question by choosing the option that best characterizes the agreement.

Question: How accurate must the fundamental representations and warranties be according to the bring down provision?

Option A: Accurate at an alternative materiality threshold (e.g., hybrid standard)
Option B: Accurate in all material respects
Option C: Accurate in all respects

Merger Agreement Excerpt One: Section 6.3. In order to facilitate the closing of the transaction, all representations and warranties set forth in Schedule 5 shall be conclusive and remain true and correct as of the Closing Date, without modification or qualification, irrespective of any intervening events. (Page 47)

Merger Agreement Excerpt Two: Section 8.5. Notwithstanding the foregoing, except for isolated non-material discrepancies, all other representations and warranties described herein shall be valid and deemed to be accurate in all respects as though made at the Closing, with any deviation considered permissible only if it does not result in an aggregate adverse effect on the Company's financial condition. (Page 68)
Choices: "
"39","Answer the following multiple choice question. The entire content of your response should be of the following format: 'ANSWER: $LETTER' (without quotes) where LETTER is one of {letters}.

{question}

{choices}

Instruction: Read the segment of a hypothetical merger agreement and answer the multiple-choice question by choosing the option that best characterizes the obligation's standard for the fundamental representations and warranties under the bring down provision.

Question: In light of the provisions of this agreement, how is the required accuracy of the fundamental representations and warranties characterized per the bring-down standard?

Option A: Accurate at another materiality standard (e.g., a blended standard)
Option B: Accurate in all material respects
Option C: Accurate in all respects

Merger Agreement Excerpt:
Clause 4.5 Conditions to Closing: ""Notwithstanding any references elsewhere to qualifications of materiality, each representation and warranty made by the Company in Article V shall be true and correct as of both the execution date and the Closing Date, as if made at such times. For any evaluation, only those discrepancies that, in the aggregate, would result in a Material Adverse Effect shall be considered significant.""

Clause 8.11 Additional Bring-Down: ""In addition to Clause 4.5, all representations and warranties of the Company, excluding those enumerated in Exhibit A, shall be deemed accurate as of the date of this Agreement and as of Closing. Minor inaccuracies are disregarded unless, when considered collectively, they reach the threshold of a Company Material Adverse Effect.""
Choices: ","Fail","Answer the following multiple choice question. The entire content of your response should be of the following format: 'ANSWER: $LETTER' (without quotes) where LETTER is one of {letters}.

{question}

{choices}

Instruction: Read the segments of a merger agreement and answer the multiple-choice question by choosing the option that best characterizes the agreement.

Question: How accurate must the fundamental representations and warranties be according to the bring down provision?

Option A: Accurate at an alternative materiality threshold (e.g., hybrid standard)
Option B: Accurate in all material respects
Option C: Accurate in all respects

Merger Agreement Excerpt One: Section 6.3. In order to facilitate the closing of the transaction, all representations and warranties set forth in Schedule 5 shall be conclusive and remain true and correct as of the Closing Date, without modification or qualification, irrespective of any intervening events. (Page 47)

Merger Agreement Excerpt Two: Section 8.5. Notwithstanding the foregoing, except for isolated non-material discrepancies, all other representations and warranties described herein shall be valid and deemed to be accurate in all respects as though made at the Closing, with any deviation considered permissible only if it does not result in an aggregate adverse effect on the Company's financial condition. (Page 68)
Choices: "
"40","Answer the following multiple choice question. The entire content of your response should be of the following format: 'ANSWER: $LETTER' (without quotes) where LETTER is one of {letters}.

{question}

{choices}

Instruction: Read the segments of a merger agreement and answer the multiple-choice question by choosing the option that best characterizes the bring down provision regarding the accuracy of the Company’s fundamental representations and warranties.
Question: How accurate must the fundamental representations and warranties be according to the bring down provision?
Option A: Accurate at another materiality standard (e.g., hybrid standard)
Option B: Accurate in all material respects
Option C: Accurate in all respects

Merger Agreement Excerpt 1: In Article IV, it is stated that ""the fundamental representations and warranties of the Company shall be true and correct in all respects at and as of the Closing Date as though made at and as of such date."" (Page 28)

Merger Agreement Excerpt 2: Notwithstanding the foregoing, Section 5.4 specifies that ""except for any misstatement which would result in a Material Adverse Effect, all remaining representations and warranties shall be true and correct in all material respects as of the Effective Date and continued through the Closing."" (Page 45)

Answer:
Choices: ","Fail","Answer the following multiple choice question. The entire content of your response should be of the following format: 'ANSWER: $LETTER' (without quotes) where LETTER is one of {letters}.

{question}

{choices}

Instruction: Read the segments of a merger agreement and answer the multiple-choice question by choosing the option that best characterizes the agreement.

Question: How accurate must the fundamental representations and warranties be according to the bring down provision?

Option A: Accurate at an alternative materiality threshold (e.g., hybrid standard)
Option B: Accurate in all material respects
Option C: Accurate in all respects

Merger Agreement Excerpt One: Section 6.3. In order to facilitate the closing of the transaction, all representations and warranties set forth in Schedule 5 shall be conclusive and remain true and correct as of the Closing Date, without modification or qualification, irrespective of any intervening events. (Page 47)

Merger Agreement Excerpt Two: Section 8.5. Notwithstanding the foregoing, except for isolated non-material discrepancies, all other representations and warranties described herein shall be valid and deemed to be accurate in all respects as though made at the Closing, with any deviation considered permissible only if it does not result in an aggregate adverse effect on the Company's financial condition. (Page 68)
Choices: "
"41","Answer the following multiple choice question. The entire content of your response should be of the following format: 'ANSWER: $LETTER' (without quotes) where LETTER is one of {letters}.

{question}

{choices}

Instruction: Read the segments of a transaction agreement and answer the multiple-choice question by choosing the option that best characterizes the accuracy requirement for the fundamental representations and warranties according to the bring down provision.
Question: How accurate must the fundamental representations and warranties be in light of the provisions below?
Option A: Accurate at another materiality standard (e.g., hybrid standard)
Option B: Accurate in all material respects
Option C: Accurate in all respects

Transaction Agreement Excerpts:
Section 12.4 - Fundamental Representations and Warranties. The Company’s fundamental representations and warranties, as set forth in Article 6, shall be true and correct at the Closing Date as if freshly made, subject solely to the waiver of minor discrepancies that would not be expected to have any material impact.

Section 15.1 - Additional Representations. Notwithstanding Section 12.4, all other representations not specified as fundamental shall be true and correct in all respects, without any de minimis or materiality qualifier, as of the Closing Date.

Answer:
Choices: ","Fail","Answer the following multiple choice question. The entire content of your response should be of the following format: 'ANSWER: $LETTER' (without quotes) where LETTER is one of {letters}.

{question}

{choices}

Instruction: Read the segments of a merger agreement and answer the multiple-choice question by choosing the option that best characterizes the agreement.

Question: How accurate must the fundamental representations and warranties be according to the bring down provision?

Option A: Accurate at an alternative materiality threshold (e.g., hybrid standard)
Option B: Accurate in all material respects
Option C: Accurate in all respects

Merger Agreement Excerpt One: Section 6.3. In order to facilitate the closing of the transaction, all representations and warranties set forth in Schedule 5 shall be conclusive and remain true and correct as of the Closing Date, without modification or qualification, irrespective of any intervening events. (Page 47)

Merger Agreement Excerpt Two: Section 8.5. Notwithstanding the foregoing, except for isolated non-material discrepancies, all other representations and warranties described herein shall be valid and deemed to be accurate in all respects as though made at the Closing, with any deviation considered permissible only if it does not result in an aggregate adverse effect on the Company's financial condition. (Page 68)
Choices: "
"42","Answer the following multiple choice question. The entire content of your response should be of the following format: 'ANSWER: $LETTER' (without quotes) where LETTER is one of {letters}.

{question}

{choices}

Instruction: Read the following segments of a merger agreement and answer the multiple-choice question by choosing the option that best characterizes the standard for the accuracy of the fundamental representations and warranties under the bring down provision.

Segment One: Additional Conditions to the Obligations of Parent. <omitted> The representations and warranties as set forth in Article 4, Section 4.1 shall be true and correct as of the Closing Date, except that any item whose deviation does not reach the materiality threshold specified in Appendix C shall not be deemed a breach. All representations are delivered as if made contemporaneously with the Closing. (Page 33)

Segment Two: Conditions for Operational and Financial Consents. <omitted> The representations and warranties of the Company set forth in Section 5 shall be true and correct without modification in all respects as of the Effective Date and maintained through the Closing. Notwithstanding the foregoing, for the purposes of this clause, any failure that is not expected to precipitate a Material Adverse Effect, whether individually or in the aggregate, shall be excused. (Page 78)

Question: How accurate must the fundamental representations and warranties be according to the bring down provision?
Option A: Accurate at another materiality standard (e.g., hybrid standard)
Option B: Accurate in all material respects
Option C: Accurate in all respects
Choices: ","Fail","Answer the following multiple choice question. The entire content of your response should be of the following format: 'ANSWER: $LETTER' (without quotes) where LETTER is one of {letters}.

{question}

{choices}

Instruction: Read the segments of a merger agreement and answer the multiple-choice question by choosing the option that best characterizes the agreement.

Question: How accurate must the fundamental representations and warranties be according to the bring down provision?

Option A: Accurate at an alternative materiality threshold (e.g., hybrid standard)
Option B: Accurate in all material respects
Option C: Accurate in all respects

Merger Agreement Excerpt One: Section 6.3. In order to facilitate the closing of the transaction, all representations and warranties set forth in Schedule 5 shall be conclusive and remain true and correct as of the Closing Date, without modification or qualification, irrespective of any intervening events. (Page 47)

Merger Agreement Excerpt Two: Section 8.5. Notwithstanding the foregoing, except for isolated non-material discrepancies, all other representations and warranties described herein shall be valid and deemed to be accurate in all respects as though made at the Closing, with any deviation considered permissible only if it does not result in an aggregate adverse effect on the Company's financial condition. (Page 68)
Choices: "
"43","Answer the following multiple choice question. The entire content of your response should be of the following format: 'ANSWER: $LETTER' (without quotes) where LETTER is one of {letters}.

{question}

{choices}

Instruction: Read the following excerpts from a merger agreement and answer the multiple-choice question by choosing the option that best characterizes the accuracy requirement for the fundamental representations and warranties under the bring down provision.

Question: How accurate must the fundamental representations and warranties be according to the bring down provision?

Option A: Accurate at another materiality standard (e.g., hybrid standard)
Option B: Accurate in all material respects
Option C: Accurate in all respects

Merger Agreement Excerpt 1 (Section 5.1 – Fundamental Representations and Warranties):
""Each fundamental representation and warranty shall be true and correct as of the Closing Date. Notwithstanding the foregoing, any inaccuracy that does not culminate in an aggregate discrepancy exceeding $10,000,000 shall be deemed materially accurate and will not constitute a breach of this provision."" (Page 27)

Merger Agreement Excerpt 2 (Section 8.4 – Ancillary Representations):
""All other representations and warranties set forth herein shall be true and correct in all respects as of the dates specified, without any qualification based on materiality or similar thresholds."" (Pages 45-46)

Answer:
Choices: ","Fail","Answer the following multiple choice question. The entire content of your response should be of the following format: 'ANSWER: $LETTER' (without quotes) where LETTER is one of {letters}.

{question}

{choices}

Instruction: Read the segments of a merger agreement and answer the multiple-choice question by choosing the option that best characterizes the agreement.

Question: How accurate must the fundamental representations and warranties be according to the bring down provision?

Option A: Accurate at an alternative materiality threshold (e.g., hybrid standard)
Option B: Accurate in all material respects
Option C: Accurate in all respects

Merger Agreement Excerpt One: Section 6.3. In order to facilitate the closing of the transaction, all representations and warranties set forth in Schedule 5 shall be conclusive and remain true and correct as of the Closing Date, without modification or qualification, irrespective of any intervening events. (Page 47)

Merger Agreement Excerpt Two: Section 8.5. Notwithstanding the foregoing, except for isolated non-material discrepancies, all other representations and warranties described herein shall be valid and deemed to be accurate in all respects as though made at the Closing, with any deviation considered permissible only if it does not result in an aggregate adverse effect on the Company's financial condition. (Page 68)
Choices: "
"44","Answer the following multiple choice question. The entire content of your response should be of the following format: 'ANSWER: $LETTER' (without quotes) where LETTER is one of {letters}.

{question}

{choices}

Instruction: Review the following segments of a merger agreement and select the option that best describes the accuracy required for the fundamental representations and warranties under the bring down provision.
Question: How accurate must the fundamental representations and warranties be according to the bring down provision?
Option A: Accurate at another materiality standard (e.g., hybrid standard)
Option B: Accurate in all material respects
Option C: Accurate in all respects

Merger Agreement Segment 1 (General Representations): ""Subject to de minimis exceptions, all representations and warranties contained herein shall be true and correct in all respects as of the Closing Date, except as explicitly modified in prior sections."" (Page 12)

Merger Agreement Segment 2 (Fundamental Representations): ""Notwithstanding any allowances made for minor inaccuracies in other provisions, the fundamental representations and warranties expressly set forth in Schedule 2 shall be verified without any materiality threshold and shall be deemed fully accurate as if restated in their entirety at the Closing Date."" (Page 29)

Choices: ","Fail","Answer the following multiple choice question. The entire content of your response should be of the following format: 'ANSWER: $LETTER' (without quotes) where LETTER is one of {letters}.

{question}

{choices}

Instruction: Read the segments of a merger agreement and answer the multiple-choice question by choosing the option that best characterizes the agreement.

Question: How accurate must the fundamental representations and warranties be according to the bring down provision?

Option A: Accurate at an alternative materiality threshold (e.g., hybrid standard)
Option B: Accurate in all material respects
Option C: Accurate in all respects

Merger Agreement Excerpt One: Section 6.3. In order to facilitate the closing of the transaction, all representations and warranties set forth in Schedule 5 shall be conclusive and remain true and correct as of the Closing Date, without modification or qualification, irrespective of any intervening events. (Page 47)

Merger Agreement Excerpt Two: Section 8.5. Notwithstanding the foregoing, except for isolated non-material discrepancies, all other representations and warranties described herein shall be valid and deemed to be accurate in all respects as though made at the Closing, with any deviation considered permissible only if it does not result in an aggregate adverse effect on the Company's financial condition. (Page 68)
Choices: "
"45","Answer the following multiple choice question. The entire content of your response should be of the following format: 'ANSWER: $LETTER' (without quotes) where LETTER is one of {letters}.

{question}

{choices}

Instruction: Read the following segments of a merger agreement and answer the multiple-choice question by choosing the option that best characterizes the accuracy requirement for the fundamental representations and warranties under the bring down provision.
Question: How accurate must the fundamental representations and warranties be according to the bring down provision?
Option A: Accurate at another materiality standard (e.g., hybrid standard)
Option B: Accurate in all material respects
Option C: Accurate in all respects

Merger Agreement Excerpt 1: ""Section 4.5 - Fundamental Representations and Warranties. The Company’s fundamental representations, covering its financial condition, legal standing, and corporate integrity, shall be true and correct as of the Closing Date as if made on that date, without any qualification regarding materiality.""

Merger Agreement Excerpt 2: ""Section 7.4 - Conditions to Closing: Except for the specialized environmental representations, which will be evaluated in all material respects only, every other fundamental representation and warranty provided in this Agreement shall be true and correct both as of the date of this Agreement and as of the Closing Date, as though such representations were made on the respective date.""

Choices: ","Fail","Answer the following multiple choice question. The entire content of your response should be of the following format: 'ANSWER: $LETTER' (without quotes) where LETTER is one of {letters}.

{question}

{choices}

Instruction: Read the segments of a merger agreement and answer the multiple-choice question by choosing the option that best characterizes the agreement.

Question: How accurate must the fundamental representations and warranties be according to the bring down provision?

Option A: Accurate at an alternative materiality threshold (e.g., hybrid standard)
Option B: Accurate in all material respects
Option C: Accurate in all respects

Merger Agreement Excerpt One: Section 6.3. In order to facilitate the closing of the transaction, all representations and warranties set forth in Schedule 5 shall be conclusive and remain true and correct as of the Closing Date, without modification or qualification, irrespective of any intervening events. (Page 47)

Merger Agreement Excerpt Two: Section 8.5. Notwithstanding the foregoing, except for isolated non-material discrepancies, all other representations and warranties described herein shall be valid and deemed to be accurate in all respects as though made at the Closing, with any deviation considered permissible only if it does not result in an aggregate adverse effect on the Company's financial condition. (Page 68)
Choices: "
"46","Answer the following multiple choice question. The entire content of your response should be of the following format: 'ANSWER: $LETTER' (without quotes) where LETTER is one of {letters}.

{question}

{choices}

Instruction: Read the segment of a merger agreement and answer the multiple-choice question by choosing the option that best characterizes the agreement.
Question: How accurate must the fundamental representations and warranties be according to the bring down provision?
Option A: Accurate at another materiality standard (e.g., hybrid standard)
Option B: Accurate in all material respects
Option C: Accurate in all respects

Merger Agreement: Clause X: ""For the purposes of the closing, all fundamental representations and warranties set forth in Exhibit A shall be true and correct as of the Closing Date. Notwithstanding, any informational disclosures required under Exhibit B are required only to be accurate in all material respects, with reference to any materiality qualification expressly noted herein.""

Merger Agreement: Supplemental Provision Y: ""Notwithstanding the provision above, for the specific purpose of verifying the Company Fundamental Representations, such representations shall be deemed 'true and correct' in an unqualified manner as of both the Effective Date and the Closing Date. The only exception applies to representations expressly tied to a specific temporal benchmark, which, in that narrow context, shall be assessed in all material respects.""
Answer:
Choices: ","Fail","Answer the following multiple choice question. The entire content of your response should be of the following format: 'ANSWER: $LETTER' (without quotes) where LETTER is one of {letters}.

{question}

{choices}

Instruction: Read the segments of a merger agreement and answer the multiple-choice question by choosing the option that best characterizes the agreement.

Question: How accurate must the fundamental representations and warranties be according to the bring down provision?

Option A: Accurate at an alternative materiality threshold (e.g., hybrid standard)
Option B: Accurate in all material respects
Option C: Accurate in all respects

Merger Agreement Excerpt One: Section 6.3. In order to facilitate the closing of the transaction, all representations and warranties set forth in Schedule 5 shall be conclusive and remain true and correct as of the Closing Date, without modification or qualification, irrespective of any intervening events. (Page 47)

Merger Agreement Excerpt Two: Section 8.5. Notwithstanding the foregoing, except for isolated non-material discrepancies, all other representations and warranties described herein shall be valid and deemed to be accurate in all respects as though made at the Closing, with any deviation considered permissible only if it does not result in an aggregate adverse effect on the Company's financial condition. (Page 68)
Choices: "
"47","Answer the following multiple choice question. The entire content of your response should be of the following format: 'ANSWER: $LETTER' (without quotes) where LETTER is one of {letters}.

{question}

{choices}

Instruction: Read the segment of a merger agreement and answer the multiple-choice question by choosing the option that best characterizes the agreement.
Question: How accurate must the fundamental representations and warranties be according to the bring down provision?
Option A: Accurate in all respects
Option B: Accurate in all material respects
Option C: Accurate at a hybrid standard combining full operational accuracy for core items and material accuracy for ancillary items

Merger Agreement:
Section 4.3 Accuracy of Representations. The fundamental representations and warranties set forth in Article VII shall be true and correct without any qualifications, as of the Closing Date, and shall be deemed made as of such date. (Page 52)

Section 10.5 Reliability of Ancillary Representations. Representations and warranties not classified as fundamental in Article VII shall be true and correct in all material respects, taking into account permissible minor discrepancies arising from routine transitional adjustments, as if reaffirmed on and as of the Closing Date. (Page 94)
Choices: ","Fail","Answer the following multiple choice question. The entire content of your response should be of the following format: 'ANSWER: $LETTER' (without quotes) where LETTER is one of {letters}.

{question}

{choices}

Instruction: Read the segments of a merger agreement and answer the multiple-choice question by choosing the option that best characterizes the agreement.

Question: How accurate must the fundamental representations and warranties be according to the bring down provision?

Option A: Accurate at an alternative materiality threshold (e.g., hybrid standard)
Option B: Accurate in all material respects
Option C: Accurate in all respects

Merger Agreement Excerpt One: Section 6.3. In order to facilitate the closing of the transaction, all representations and warranties set forth in Schedule 5 shall be conclusive and remain true and correct as of the Closing Date, without modification or qualification, irrespective of any intervening events. (Page 47)

Merger Agreement Excerpt Two: Section 8.5. Notwithstanding the foregoing, except for isolated non-material discrepancies, all other representations and warranties described herein shall be valid and deemed to be accurate in all respects as though made at the Closing, with any deviation considered permissible only if it does not result in an aggregate adverse effect on the Company's financial condition. (Page 68)
Choices: "
"48","Answer the following multiple choice question. The entire content of your response should be of the following format: 'ANSWER: $LETTER' (without quotes) where LETTER is one of {letters}.

{question}

{choices}

Instruction: Read the following segments of a merger agreement and answer the multiple-choice question by choosing the option that best characterizes the required accuracy of the fundamental representations and warranties.

Question: How accurate must the fundamental representations and warranties be according to the bring down provision?
Option A: Accurate in all respects
Option B: Accurate in all material respects
Option C: Accurate at another materiality standard (e.g., hybrid standard)

Merger Agreement Excerpt 1 (Clause 5.3 – Representations and Warranties): ""Each representation and warranty made by the Company shall be deemed true and correct as of the Closing Date, as if freshly made on that day, except that minor clerical discrepancies or timing differences that do not have a material adverse impact shall be excused.""

Merger Agreement Excerpt 2 (Section 8.4 – Conditions Precedent): ""Notwithstanding any prior clause, all fundamental representations and warranties, including those addressed in earlier articles, must be true and correct without reference to any materiality qualifiers. However, any inaccuracy that does not result in a material disturbance of the Company's financial stability may not be considered a breach despite the absence of formal qualifications.""

Answer:
Choices: ","Fail","Answer the following multiple choice question. The entire content of your response should be of the following format: 'ANSWER: $LETTER' (without quotes) where LETTER is one of {letters}.

{question}

{choices}

Instruction: Read the segments of a merger agreement and answer the multiple-choice question by choosing the option that best characterizes the agreement.

Question: How accurate must the fundamental representations and warranties be according to the bring down provision?

Option A: Accurate at an alternative materiality threshold (e.g., hybrid standard)
Option B: Accurate in all material respects
Option C: Accurate in all respects

Merger Agreement Excerpt One: Section 6.3. In order to facilitate the closing of the transaction, all representations and warranties set forth in Schedule 5 shall be conclusive and remain true and correct as of the Closing Date, without modification or qualification, irrespective of any intervening events. (Page 47)

Merger Agreement Excerpt Two: Section 8.5. Notwithstanding the foregoing, except for isolated non-material discrepancies, all other representations and warranties described herein shall be valid and deemed to be accurate in all respects as though made at the Closing, with any deviation considered permissible only if it does not result in an aggregate adverse effect on the Company's financial condition. (Page 68)
Choices: "
"49","Answer the following multiple choice question. The entire content of your response should be of the following format: 'ANSWER: $LETTER' (without quotes) where LETTER is one of {letters}.

{question}

{choices}

Instruction: Read the following segments from a merger agreement and answer the multiple-choice question by choosing the option that best characterizes the accuracy requirement for the fundamental representations and warranties.

Question: How accurate must the fundamental representations and warranties be according to the bring down provision?

Option A: Accurate at another materiality standard (e.g., hybrid standard)
Option B: Accurate in all material respects
Option C: Accurate in all respects

Merger Agreement Excerpts:
Segment 1 (Fundamental Representations): ""Section 10.1 - The representations and warranties contained in Article VII, which are designated as the Fundamental Representations, shall be true and correct in all respects as of the Closing Date, as if made contemporaneously with such date.""
Segment 2 (Other Representations): ""Section 10.2 - All other representations and warranties not included in Article VII are only required to be accurate in all material respects at the time of Closing, allowing for minor deviations that do not affect the material value of the transaction, provided such deviations have been fully disclosed in advance.""

Based on these provisions, determine the accuracy requirement solely for the Fundamental Representations.
Choices: ","Fail","Answer the following multiple choice question. The entire content of your response should be of the following format: 'ANSWER: $LETTER' (without quotes) where LETTER is one of {letters}.

{question}

{choices}

Instruction: Read the segments of a merger agreement and answer the multiple-choice question by choosing the option that best characterizes the agreement.

Question: How accurate must the fundamental representations and warranties be according to the bring down provision?

Option A: Accurate at an alternative materiality threshold (e.g., hybrid standard)
Option B: Accurate in all material respects
Option C: Accurate in all respects

Merger Agreement Excerpt One: Section 6.3. In order to facilitate the closing of the transaction, all representations and warranties set forth in Schedule 5 shall be conclusive and remain true and correct as of the Closing Date, without modification or qualification, irrespective of any intervening events. (Page 47)

Merger Agreement Excerpt Two: Section 8.5. Notwithstanding the foregoing, except for isolated non-material discrepancies, all other representations and warranties described herein shall be valid and deemed to be accurate in all respects as though made at the Closing, with any deviation considered permissible only if it does not result in an aggregate adverse effect on the Company's financial condition. (Page 68)
Choices: "
"50","Answer the following multiple choice question. The entire content of your response should be of the following format: 'ANSWER: $LETTER' (without quotes) where LETTER is one of {letters}.

{question}

{choices}

Instruction: Read the segment of a merger agreement and answer the multiple-choice question by choosing the option that best characterizes the agreement.
Question: How accurate must the fundamental representations and warranties be according to the bring down provision?
Option A: Accurate at another materiality standard (e.g., hybrid standard)
Option B: Accurate in all material respects
Option C: Accurate in all respects

Merger Agreement: Section 9.4 Fundamental Conditions. The Company’s fundamental representations and warranties, including but not limited to the statements detailed in Articles 3 and 7, shall be true and correct as of the date of this Agreement and as of the Closing. Notwithstanding, any discrepancies or variances that do not exceed a cumulative threshold of 3% shall be considered de minimis and will not be deemed a breach of this obligation. Moreover, for those statements subject to quantitative measures under regulatory oversight, only variances that result in a significant impact will be actionable. (Page 102)
Choices: ","Fail","Answer the following multiple choice question. The entire content of your response should be of the following format: 'ANSWER: $LETTER' (without quotes) where LETTER is one of {letters}.

{question}

{choices}

Instruction: Read the segments of a merger agreement and answer the multiple-choice question by choosing the option that best characterizes the agreement.

Question: How accurate must the fundamental representations and warranties be according to the bring down provision?

Option A: Accurate at an alternative materiality threshold (e.g., hybrid standard)
Option B: Accurate in all material respects
Option C: Accurate in all respects

Merger Agreement Excerpt One: Section 6.3. In order to facilitate the closing of the transaction, all representations and warranties set forth in Schedule 5 shall be conclusive and remain true and correct as of the Closing Date, without modification or qualification, irrespective of any intervening events. (Page 47)

Merger Agreement Excerpt Two: Section 8.5. Notwithstanding the foregoing, except for isolated non-material discrepancies, all other representations and warranties described herein shall be valid and deemed to be accurate in all respects as though made at the Closing, with any deviation considered permissible only if it does not result in an aggregate adverse effect on the Company's financial condition. (Page 68)
Choices: "
"51","Answer the following multiple choice question. The entire content of your response should be of the following format: 'ANSWER: $LETTER' (without quotes) where LETTER is one of {letters}.

{question}

{choices}

Instruction: Read the segment of the Seller Agreement and answer the multiple-choice question by choosing the option that best characterizes the required accuracy level for the fundamental representations and warranties under the bring down provision.
Question: How precise must the fundamental representations and warranties be in the Seller Agreement?
Option A: Accurate at a hybrid standard that tolerates non-material deviations with alternative benchmarks
Option B: Accurate in all material respects
Option C: Accurate in all respects

Seller Agreement: 
(i) Additional Seller Conditions: The representations and warranties detailed in Section 5 shall be true and correct as of the Closing Date as if made at that time, except for minor variations that, whether considered individually or cumulatively, do not result in a Seller Material Adverse Effect. 
(ii) Notwithstanding the foregoing, and aside from the explicit exceptions noted in paragraphs 5.2 and 6.1 for immaterial contingencies, each representation and warranty is to be free from any qualification, thereby ensuring an unqualified reflection of the Seller's status at Closing.
Choices: ","Fail","Answer the following multiple choice question. The entire content of your response should be of the following format: 'ANSWER: $LETTER' (without quotes) where LETTER is one of {letters}.

{question}

{choices}

Instruction: Read the segments of a merger agreement and answer the multiple-choice question by choosing the option that best characterizes the agreement.

Question: How accurate must the fundamental representations and warranties be according to the bring down provision?

Option A: Accurate at an alternative materiality threshold (e.g., hybrid standard)
Option B: Accurate in all material respects
Option C: Accurate in all respects

Merger Agreement Excerpt One: Section 6.3. In order to facilitate the closing of the transaction, all representations and warranties set forth in Schedule 5 shall be conclusive and remain true and correct as of the Closing Date, without modification or qualification, irrespective of any intervening events. (Page 47)

Merger Agreement Excerpt Two: Section 8.5. Notwithstanding the foregoing, except for isolated non-material discrepancies, all other representations and warranties described herein shall be valid and deemed to be accurate in all respects as though made at the Closing, with any deviation considered permissible only if it does not result in an aggregate adverse effect on the Company's financial condition. (Page 68)
Choices: "
"52","Answer the following multiple choice question. The entire content of your response should be of the following format: 'ANSWER: $LETTER' (without quotes) where LETTER is one of {letters}.

{question}

{choices}

Instruction: Read the following segments of a merger agreement and answer the multiple-choice question by choosing the option that best summarizes the standard for the accuracy of the Company's fundamental representations and warranties under the bring down provision.

Question: How accurate must the fundamental representations and warranties be under the bring down provision?
Option A: Accurate at another materiality standard (e.g., hybrid standard)
Option B: Accurate in all material respects
Option C: Accurate in all respects

Merger Agreement, Section 4.1, Financial Representations (Page 28):
""Subject to minor exceptions that would not reasonably be expected to cause a Material Adverse Effect, the Company's fundamental representations and warranties set forth in Article IV herein shall be true and correct as of the Closing Date as if made at such time.""

Merger Agreement, Section 9.3, Conditions Precedent (Page 84):
""All representations and warranties of the Company, including the fundamental ones, shall be deemed to be accurate in all respects as of the Effective Date, except that any discrepancies which do not individually or in the aggregate bring about a Material Adverse Effect shall not be deemed a breach of this provision.""

Answer:
Choices: ","Fail","Answer the following multiple choice question. The entire content of your response should be of the following format: 'ANSWER: $LETTER' (without quotes) where LETTER is one of {letters}.

{question}

{choices}

Instruction: Read the segments of a merger agreement and answer the multiple-choice question by choosing the option that best characterizes the agreement.

Question: How accurate must the fundamental representations and warranties be according to the bring down provision?

Option A: Accurate at an alternative materiality threshold (e.g., hybrid standard)
Option B: Accurate in all material respects
Option C: Accurate in all respects

Merger Agreement Excerpt One: Section 6.3. In order to facilitate the closing of the transaction, all representations and warranties set forth in Schedule 5 shall be conclusive and remain true and correct as of the Closing Date, without modification or qualification, irrespective of any intervening events. (Page 47)

Merger Agreement Excerpt Two: Section 8.5. Notwithstanding the foregoing, except for isolated non-material discrepancies, all other representations and warranties described herein shall be valid and deemed to be accurate in all respects as though made at the Closing, with any deviation considered permissible only if it does not result in an aggregate adverse effect on the Company's financial condition. (Page 68)
Choices: "
"53","Answer the following multiple choice question. The entire content of your response should be of the following format: 'ANSWER: $LETTER' (without quotes) where LETTER is one of {letters}.

{question}

{choices}

Instruction: Read the following segments of a merger agreement and answer the multiple-choice question by choosing the option that best characterizes the accuracy standard for the fundamental representations and warranties.

Question: How accurate must the representations and warranties be according to the bring down provision?
Option A: Accurate at another materiality standard (e.g., hybrid standard)
Option B: Accurate in all material respects
Option C: Accurate in all respects

Merger Agreement Segment 1 (Section 4.17, Page 52): ""The Company’s fundamental representations and warranties shall be true and correct in every detail as of the Closing Date, as if they were freshly prepared on that date, notwithstanding any materiality thresholds referenced in ancillary provisions.""

Merger Agreement Segment 2 (Section 8.05, Page 98): ""Notwithstanding the foregoing provision, for all other representations and warranties, the Company is only required to ensure that they are true and correct in all material respects as of both the date of this Agreement and the Closing Date, with the exception of statements explicitly tied to a specific historical snapshot.""
Choices: ","Fail","Answer the following multiple choice question. The entire content of your response should be of the following format: 'ANSWER: $LETTER' (without quotes) where LETTER is one of {letters}.

{question}

{choices}

Instruction: Read the segments of a merger agreement and answer the multiple-choice question by choosing the option that best characterizes the agreement.

Question: How accurate must the fundamental representations and warranties be according to the bring down provision?

Option A: Accurate at an alternative materiality threshold (e.g., hybrid standard)
Option B: Accurate in all material respects
Option C: Accurate in all respects

Merger Agreement Excerpt One: Section 6.3. In order to facilitate the closing of the transaction, all representations and warranties set forth in Schedule 5 shall be conclusive and remain true and correct as of the Closing Date, without modification or qualification, irrespective of any intervening events. (Page 47)

Merger Agreement Excerpt Two: Section 8.5. Notwithstanding the foregoing, except for isolated non-material discrepancies, all other representations and warranties described herein shall be valid and deemed to be accurate in all respects as though made at the Closing, with any deviation considered permissible only if it does not result in an aggregate adverse effect on the Company's financial condition. (Page 68)
Choices: "
"54","Answer the following multiple choice question. The entire content of your response should be of the following format: 'ANSWER: $LETTER' (without quotes) where LETTER is one of {letters}.

{question}

{choices}

Instruction: Read the segment of a merger agreement and answer the multiple-choice question by choosing the option that best characterizes the agreement.
Question: How accurate must the fundamental representations and warranties be according to the bring down provision?
Option A: Accurate at another materiality standard (e.g., hybrid standard)
Option B: Accurate in all material respects
Option C: Accurate in all respects

Merger Agreement Excerpt 1 (Section 8.1 Conditions of Closing): ""Each representation and warranty contained in Article IV of this Agreement shall be deemed true and correct as of the Closing Date, provided that any minor clerical discrepancies or non-material omissions shall not constitute a breach of this standard.""

Merger Agreement Excerpt 2 (Section 11.4 Additional Conditions): ""Notwithstanding any ostensibly strict language elsewhere, the representations and warranties of the Company set forth in Article IV shall be relied upon as being accurate in all material respects and may allow for insignificant variances that do not affect the overall truthfulness of such representations and warranties.""

Answer:
Choices: ","Fail","Answer the following multiple choice question. The entire content of your response should be of the following format: 'ANSWER: $LETTER' (without quotes) where LETTER is one of {letters}.

{question}

{choices}

Instruction: Read the segments of a merger agreement and answer the multiple-choice question by choosing the option that best characterizes the agreement.

Question: How accurate must the fundamental representations and warranties be according to the bring down provision?

Option A: Accurate at an alternative materiality threshold (e.g., hybrid standard)
Option B: Accurate in all material respects
Option C: Accurate in all respects

Merger Agreement Excerpt One: Section 6.3. In order to facilitate the closing of the transaction, all representations and warranties set forth in Schedule 5 shall be conclusive and remain true and correct as of the Closing Date, without modification or qualification, irrespective of any intervening events. (Page 47)

Merger Agreement Excerpt Two: Section 8.5. Notwithstanding the foregoing, except for isolated non-material discrepancies, all other representations and warranties described herein shall be valid and deemed to be accurate in all respects as though made at the Closing, with any deviation considered permissible only if it does not result in an aggregate adverse effect on the Company's financial condition. (Page 68)
Choices: "
"55","Answer the following multiple choice question. The entire content of your response should be of the following format: 'ANSWER: $LETTER' (without quotes) where LETTER is one of {letters}.

{question}

{choices}

Instruction: Read the following two segments of a merger agreement and answer the multiple-choice question by choosing the option that best characterizes the accuracy standard for the fundamental representations and warranties under the bring down provision.

Segment 1: Section 8.1 – Fundamental Representations. The fundamental representations and warranties set forth in Article V shall be deemed true and correct as of the Closing Date. However, any deviation that does not result in a Company Material Adverse Effect may be tolerated, implying that minor inaccuracies not affecting material facts could be acceptable.

Segment 2: Section 10.5 – Additional Bring-Down Provisions. All fundamental representations and warranties shall be reaffirmed at the Closing and must be accurate in all respects as of the Closing Date. No exceptions or materiality qualifiers shall apply; the representations must be entirely without fault.

Question: Based on the provided segments, how should the bring down requirement for the fundamental representations and warranties be interpreted?
Option A: Accurate at another materiality standard (e.g., hybrid standard)
Option B: Accurate in all material respects
Option C: Accurate in all respects
Choices: ","Fail","Answer the following multiple choice question. The entire content of your response should be of the following format: 'ANSWER: $LETTER' (without quotes) where LETTER is one of {letters}.

{question}

{choices}

Instruction: Read the segments of a merger agreement and answer the multiple-choice question by choosing the option that best characterizes the agreement.

Question: How accurate must the fundamental representations and warranties be according to the bring down provision?

Option A: Accurate at an alternative materiality threshold (e.g., hybrid standard)
Option B: Accurate in all material respects
Option C: Accurate in all respects

Merger Agreement Excerpt One: Section 6.3. In order to facilitate the closing of the transaction, all representations and warranties set forth in Schedule 5 shall be conclusive and remain true and correct as of the Closing Date, without modification or qualification, irrespective of any intervening events. (Page 47)

Merger Agreement Excerpt Two: Section 8.5. Notwithstanding the foregoing, except for isolated non-material discrepancies, all other representations and warranties described herein shall be valid and deemed to be accurate in all respects as though made at the Closing, with any deviation considered permissible only if it does not result in an aggregate adverse effect on the Company's financial condition. (Page 68)
Choices: "
"56","Answer the following multiple choice question. The entire content of your response should be of the following format: 'ANSWER: $LETTER' (without quotes) where LETTER is one of {letters}.

{question}

{choices}

Instruction: Read the following segments of an Acquisition Agreement and answer the multiple-choice question by choosing the option that best characterizes the agreement.

Question: How accurate must the fundamental representations and warranties be according to the bring down provision?
Option A: Accurate at another materiality standard (e.g., hybrid standard)
Option B: Accurate in all material respects
Option C: Accurate in all respects

Acquisition Agreement Segment 1: ""As a condition precedent to closing, the Company’s representations and warranties, set forth in Section 5.1, shall be true and correct as of the Closing Date, except that any variance which does not result in a Company Material Adverse Effect may be disregarded."" (Page 15)

Acquisition Agreement Segment 2: ""Specifically, the fundamental representations and warranties enumerated in Section 5.1(a) are deemed to be accurate solely in all material respects. In other words, while minor discrepancies that do not impact the overall material truth may be tolerated, any deviation affecting material accuracy shall be considered a breach."" (Page 18)
Choices: ","Fail","Answer the following multiple choice question. The entire content of your response should be of the following format: 'ANSWER: $LETTER' (without quotes) where LETTER is one of {letters}.

{question}

{choices}

Instruction: Read the segments of a merger agreement and answer the multiple-choice question by choosing the option that best characterizes the agreement.

Question: How accurate must the fundamental representations and warranties be according to the bring down provision?

Option A: Accurate at an alternative materiality threshold (e.g., hybrid standard)
Option B: Accurate in all material respects
Option C: Accurate in all respects

Merger Agreement Excerpt One: Section 6.3. In order to facilitate the closing of the transaction, all representations and warranties set forth in Schedule 5 shall be conclusive and remain true and correct as of the Closing Date, without modification or qualification, irrespective of any intervening events. (Page 47)

Merger Agreement Excerpt Two: Section 8.5. Notwithstanding the foregoing, except for isolated non-material discrepancies, all other representations and warranties described herein shall be valid and deemed to be accurate in all respects as though made at the Closing, with any deviation considered permissible only if it does not result in an aggregate adverse effect on the Company's financial condition. (Page 68)
Choices: "
"57","Answer the following multiple choice question. The entire content of your response should be of the following format: 'ANSWER: $LETTER' (without quotes) where LETTER is one of {letters}.

{question}

{choices}

Instruction: Read the excerpt from the merger agreement and answer the multiple-choice question by selecting the option that best characterizes the agreement.

Question: According to the bring down provision in the agreement, how accurate must the fundamental representations and warranties be?
Option A: Accurate at another materiality standard (e.g., a hybrid standard)
Option B: Accurate in all material respects
Option C: Accurate in all respects

Merger Agreement Segment 1: Section 4.5 Conditions to Merger Execution: ""Each of the representations and warranties of the Company listed in Article V shall be true and correct as of the Closing Date as if made at and as of the Closing Date, with the understanding that deviations which do not individually cause a liability increase of $15,000,000 or more are deemed immaterial. In such cases, any inaccuracy that does not meet this threshold may be disregarded for purposes of the accuracy requirement.""

Merger Agreement Segment 2: Section 7.1 Verification of Representations: ""All representations and warranties set forth in Exhibit A are to be verified at the Closing Date, and shall be accurate as of that date as though they were made anew. For any representation that specifies a particular effective date, accuracy is required solely as of that specified date.""
Choices: ","Fail","Answer the following multiple choice question. The entire content of your response should be of the following format: 'ANSWER: $LETTER' (without quotes) where LETTER is one of {letters}.

{question}

{choices}

Instruction: Read the segments of a merger agreement and answer the multiple-choice question by choosing the option that best characterizes the agreement.

Question: How accurate must the fundamental representations and warranties be according to the bring down provision?

Option A: Accurate at an alternative materiality threshold (e.g., hybrid standard)
Option B: Accurate in all material respects
Option C: Accurate in all respects

Merger Agreement Excerpt One: Section 6.3. In order to facilitate the closing of the transaction, all representations and warranties set forth in Schedule 5 shall be conclusive and remain true and correct as of the Closing Date, without modification or qualification, irrespective of any intervening events. (Page 47)

Merger Agreement Excerpt Two: Section 8.5. Notwithstanding the foregoing, except for isolated non-material discrepancies, all other representations and warranties described herein shall be valid and deemed to be accurate in all respects as though made at the Closing, with any deviation considered permissible only if it does not result in an aggregate adverse effect on the Company's financial condition. (Page 68)
Choices: "
"58","Answer the following multiple choice question. The entire content of your response should be of the following format: 'ANSWER: $LETTER' (without quotes) where LETTER is one of {letters}.

{question}

{choices}

Instruction: Read the segment of a merger agreement and answer the multiple-choice question by choosing the option that best characterizes the agreement.
Question: How accurate must the fundamental representations and warranties be according to the bring down provision?
Option A: Accurate at another materiality standard (e.g., hybrid standard)
Option B: Accurate in all material respects
Option C: Accurate in all respects

Merger Agreement Excerpts:
Excerpt 1: Section 4.1 – Fundamental Representations. The representations and warranties of the Company contained in this Article shall be deemed to be true and correct at and as of the Closing Date, as if made on that date, without any materiality qualifiers. Any reference to minor discrepancies shall not modify this requirement.

Excerpt 2: Section 4.2 – Specific Financial Projections. Notwithstanding Section 4.1, representations relating to historical financial statements and forecasted performance are subject to a materiality threshold and need only be accurate in all material respects when they pertain to forecasted outcomes.

Answer:
Choices: ","Fail","Answer the following multiple choice question. The entire content of your response should be of the following format: 'ANSWER: $LETTER' (without quotes) where LETTER is one of {letters}.

{question}

{choices}

Instruction: Read the segments of a merger agreement and answer the multiple-choice question by choosing the option that best characterizes the agreement.

Question: How accurate must the fundamental representations and warranties be according to the bring down provision?

Option A: Accurate at an alternative materiality threshold (e.g., hybrid standard)
Option B: Accurate in all material respects
Option C: Accurate in all respects

Merger Agreement Excerpt One: Section 6.3. In order to facilitate the closing of the transaction, all representations and warranties set forth in Schedule 5 shall be conclusive and remain true and correct as of the Closing Date, without modification or qualification, irrespective of any intervening events. (Page 47)

Merger Agreement Excerpt Two: Section 8.5. Notwithstanding the foregoing, except for isolated non-material discrepancies, all other representations and warranties described herein shall be valid and deemed to be accurate in all respects as though made at the Closing, with any deviation considered permissible only if it does not result in an aggregate adverse effect on the Company's financial condition. (Page 68)
Choices: "
"59","Answer the following multiple choice question. The entire content of your response should be of the following format: 'ANSWER: $LETTER' (without quotes) where LETTER is one of {letters}.

{question}

{choices}

Instruction: Read the segment of a merger agreement and answer the multiple-choice question by selecting the option that best characterizes how accurate the fundamental representations and warranties must be under the bring down provision.

Question: How accurate must the fundamental representations and warranties be according to the bring down provision?
Option A: Accurate subject to a defined premium materiality threshold (hybrid standard)
Option B: Accurate in all material respects
Option C: Accurate in all respects

Merger Agreement Excerpts:
Excerpt 1 – Article IV: Fundamental Representations and Warranties. The fundamental representations and warranties of the Company, including those relating to its financial integrity and regulatory compliance, shall be deemed to be 'true and correct' as of the Closing Date, as if made at and as of that date. Notwithstanding this, any deviations that do not culminate in a Premium Material Adverse Impact shall not be deemed a breach of these representations.

Excerpt 2 – Section IX.3: Additional Conditions. All other, non-fundamental representations shall be required to be 'true and correct in all respects' at the time of execution and as of the Closing Date, without reliance on any materiality qualifiers or de minimis thresholds.
Choices: ","Fail","Answer the following multiple choice question. The entire content of your response should be of the following format: 'ANSWER: $LETTER' (without quotes) where LETTER is one of {letters}.

{question}

{choices}

Instruction: Read the segments of a merger agreement and answer the multiple-choice question by choosing the option that best characterizes the agreement.

Question: How accurate must the fundamental representations and warranties be according to the bring down provision?

Option A: Accurate at an alternative materiality threshold (e.g., hybrid standard)
Option B: Accurate in all material respects
Option C: Accurate in all respects

Merger Agreement Excerpt One: Section 6.3. In order to facilitate the closing of the transaction, all representations and warranties set forth in Schedule 5 shall be conclusive and remain true and correct as of the Closing Date, without modification or qualification, irrespective of any intervening events. (Page 47)

Merger Agreement Excerpt Two: Section 8.5. Notwithstanding the foregoing, except for isolated non-material discrepancies, all other representations and warranties described herein shall be valid and deemed to be accurate in all respects as though made at the Closing, with any deviation considered permissible only if it does not result in an aggregate adverse effect on the Company's financial condition. (Page 68)
Choices: "
"60","Answer the following multiple choice question. The entire content of your response should be of the following format: 'ANSWER: $LETTER' (without quotes) where LETTER is one of {letters}.

{question}

{choices}

Instruction: Read the segment of a merger agreement and answer the multiple-choice question by choosing the option that best characterizes the accuracy requirement for the fundamental representations and warranties according to the bringdown provision.
Question: How accurate must the fundamental representations and warranties be according to the bringdown provision?
Option A: Accurate at another materiality standard (e.g., hybrid standard)
Option B: Accurate in all material respects
Option C: Accurate in all respects

Merger Agreement Excerpt 1: Section 8.1 Conditions Precedent: The representations and warranties listed in Schedule 2 shall be deemed true and correct as of the execution date and at the Closing Date, except that any deviations not resulting in a material adverse impact shall be disregarded.

Merger Agreement Excerpt 2: Clause 9.3 Bringdown Accuracy: Each fundamental representation set forth in Article VII is required to be accurate in all respects as of the Closing Date, with the sole exception that any discrepancy which does not, individually or in the aggregate, lead to a Company Material Adverse Effect may be overlooked.

Choices: ","Fail","Answer the following multiple choice question. The entire content of your response should be of the following format: 'ANSWER: $LETTER' (without quotes) where LETTER is one of {letters}.

{question}

{choices}

Instruction: Read the segments of a merger agreement and answer the multiple-choice question by choosing the option that best characterizes the agreement.

Question: How accurate must the fundamental representations and warranties be according to the bring down provision?

Option A: Accurate at an alternative materiality threshold (e.g., hybrid standard)
Option B: Accurate in all material respects
Option C: Accurate in all respects

Merger Agreement Excerpt One: Section 6.3. In order to facilitate the closing of the transaction, all representations and warranties set forth in Schedule 5 shall be conclusive and remain true and correct as of the Closing Date, without modification or qualification, irrespective of any intervening events. (Page 47)

Merger Agreement Excerpt Two: Section 8.5. Notwithstanding the foregoing, except for isolated non-material discrepancies, all other representations and warranties described herein shall be valid and deemed to be accurate in all respects as though made at the Closing, with any deviation considered permissible only if it does not result in an aggregate adverse effect on the Company's financial condition. (Page 68)
Choices: "
"61","Answer the following multiple choice question. The entire content of your response should be of the following format: 'ANSWER: $LETTER' (without quotes) where LETTER is one of {letters}.

{question}

{choices}

Instruction: Read the segment of a merger agreement and answer the multiple-choice question by selecting the option that best describes the strictness of the financial liabilities representations under the bring down provision.

Question: Under the bring down provision, how accurate must the representations and warranties relating to the Target's financial liabilities be?

Option A: They must be accurate in all material respects, allowing for minor, non-adverse discrepancies.
Option B: They must be accurate in all respects, with no qualification regarding materiality.
Option C: They must conform to a hybrid standard that permits complete accuracy on key items and material accuracy on ancillary matters.

Merger Agreement Excerpt 1: Clause 8.5(b) Financial Liabilities. All representations and warranties regarding the Target's financial liabilities shall be true and correct as of the Closing Date, except that deviations not rising to the level of having an adverse material impact may be excused. (Page 55)

Merger Agreement Excerpt 2: Section 10.3 Conditions. Notwithstanding any prior provisions, for the purposes of the Purchaser’s obligations, the financial liabilities disclosures set forth in Article 5 shall be deemed accurate in all respects as of the Closing Date, without allowance for any exceptions, qualifications, or de minimis differences. (Page 97)
Choices: ","Fail","Answer the following multiple choice question. The entire content of your response should be of the following format: 'ANSWER: $LETTER' (without quotes) where LETTER is one of {letters}.

{question}

{choices}

Instruction: Read the segments of a merger agreement and answer the multiple-choice question by choosing the option that best characterizes the agreement.

Question: How accurate must the fundamental representations and warranties be according to the bring down provision?

Option A: Accurate at an alternative materiality threshold (e.g., hybrid standard)
Option B: Accurate in all material respects
Option C: Accurate in all respects

Merger Agreement Excerpt One: Section 6.3. In order to facilitate the closing of the transaction, all representations and warranties set forth in Schedule 5 shall be conclusive and remain true and correct as of the Closing Date, without modification or qualification, irrespective of any intervening events. (Page 47)

Merger Agreement Excerpt Two: Section 8.5. Notwithstanding the foregoing, except for isolated non-material discrepancies, all other representations and warranties described herein shall be valid and deemed to be accurate in all respects as though made at the Closing, with any deviation considered permissible only if it does not result in an aggregate adverse effect on the Company's financial condition. (Page 68)
Choices: "
"62","Answer the following multiple choice question. The entire content of your response should be of the following format: 'ANSWER: $LETTER' (without quotes) where LETTER is one of {letters}.

{question}

{choices}

Instruction: Read the segment of a merger agreement and answer the multiple-choice question by choosing the option that best characterizes the accuracy requirement for the fundamental representations and warranties.

Merger Agreement:
Segment One: Section 2.1: ""Each representation and warranty contained herein shall be deemed true, correct, and complete as of the Closing Date, reflecting all material aspects of the Company's operations. Minor discrepancies not amounting to de minimis errors shall not constitute a breach.""

Segment Two: Section 2.5: ""Notwithstanding Section 2.1, the fundamental representations and warranties, which are critical to the transaction, shall be deemed true and correct as of the Closing Date without any allowance for de minimis errors, thereby requiring absolute accuracy.""

Question: How accurate must the fundamental representations and warranties be according to the bring down provision in this Agreement?
Option A: Accurate at another materiality standard (e.g., hybrid standard)
Option B: Accurate in all material respects
Option C: Accurate in all respects
Choices: ","Fail","Answer the following multiple choice question. The entire content of your response should be of the following format: 'ANSWER: $LETTER' (without quotes) where LETTER is one of {letters}.

{question}

{choices}

Instruction: Read the segments of a merger agreement and answer the multiple-choice question by choosing the option that best characterizes the agreement.

Question: How accurate must the fundamental representations and warranties be according to the bring down provision?

Option A: Accurate at an alternative materiality threshold (e.g., hybrid standard)
Option B: Accurate in all material respects
Option C: Accurate in all respects

Merger Agreement Excerpt One: Section 6.3. In order to facilitate the closing of the transaction, all representations and warranties set forth in Schedule 5 shall be conclusive and remain true and correct as of the Closing Date, without modification or qualification, irrespective of any intervening events. (Page 47)

Merger Agreement Excerpt Two: Section 8.5. Notwithstanding the foregoing, except for isolated non-material discrepancies, all other representations and warranties described herein shall be valid and deemed to be accurate in all respects as though made at the Closing, with any deviation considered permissible only if it does not result in an aggregate adverse effect on the Company's financial condition. (Page 68)
Choices: "
"63","Answer the following multiple choice question. The entire content of your response should be of the following format: 'ANSWER: $LETTER' (without quotes) where LETTER is one of {letters}.

{question}

{choices}

Instruction: Read the following segment of a merger agreement and answer the multiple-choice question by choosing the option that best characterizes the accuracy standard required by the bring down provision.

Question: How accurate must the fundamental representations and warranties be according to the bring down provision?
Option A: Accurate at another materiality standard (e.g., hybrid standard)
Option B: Accurate in all material respects
Option C: Accurate in all respects

Merger Agreement Excerpt 1: Section 7.5 – Additional Conditions for Completion: ""The representations and warranties set forth in Section 5 shall be deemed fully accurate and operative as of the Closing Date, notwithstanding the provision that, with respect to operational data, any discrepancies not exceeding a negligible quantitative threshold may be reviewed under a predefined materiality qualifier (as detailed in Appendix B)."" (Page 25)

Merger Agreement Excerpt 2: Section 9.7 – Conditions Precedent: ""Each representation and warranty, as made both on the Agreement Date and at Closing, shall be correct except for minor deviations which do not breach the Material Adverse Effect standard; any such deviation must be evaluated quantitatively and, if deemed non-material, will not constitute a failure of the representation."" (Page 40)
Choices: ","Fail","Answer the following multiple choice question. The entire content of your response should be of the following format: 'ANSWER: $LETTER' (without quotes) where LETTER is one of {letters}.

{question}

{choices}

Instruction: Read the segments of a merger agreement and answer the multiple-choice question by choosing the option that best characterizes the agreement.

Question: How accurate must the fundamental representations and warranties be according to the bring down provision?

Option A: Accurate at an alternative materiality threshold (e.g., hybrid standard)
Option B: Accurate in all material respects
Option C: Accurate in all respects

Merger Agreement Excerpt One: Section 6.3. In order to facilitate the closing of the transaction, all representations and warranties set forth in Schedule 5 shall be conclusive and remain true and correct as of the Closing Date, without modification or qualification, irrespective of any intervening events. (Page 47)

Merger Agreement Excerpt Two: Section 8.5. Notwithstanding the foregoing, except for isolated non-material discrepancies, all other representations and warranties described herein shall be valid and deemed to be accurate in all respects as though made at the Closing, with any deviation considered permissible only if it does not result in an aggregate adverse effect on the Company's financial condition. (Page 68)
Choices: "
"64","Answer the following multiple choice question. The entire content of your response should be of the following format: 'ANSWER: $LETTER' (without quotes) where LETTER is one of {letters}.

{question}

{choices}

Instruction: Read the segment of a merger agreement and answer the multiple-choice question by choosing the option that best characterizes the required accuracy for the fundamental representations and warranties.

Question: How accurate must the fundamental representations and warranties be according to the bring down provision?

Option A: Accurate at a hybrid materiality standard (with allowances for immaterial discrepancies)
Option B: Accurate in all material respects
Option C: Accurate in all respects

Merger Agreement: Section 9.1 - The Company’s fundamental representations and warranties, as detailed in Article VII, must be true and correct at and as of the Closing Date, as if made at that time, without any adjustments for non-material discrepancies. 

Merger Agreement: Section 12.4 - Except for those expressly designated as fundamental in Article VII, each representation and warranty shall be accurate in all material respects as of both the date of this Agreement and the Closing Date. Deviations that are non-material and do not affect the overall status of the Company are deemed acceptable.

Answer:
Choices: ","Fail","Answer the following multiple choice question. The entire content of your response should be of the following format: 'ANSWER: $LETTER' (without quotes) where LETTER is one of {letters}.

{question}

{choices}

Instruction: Read the segments of a merger agreement and answer the multiple-choice question by choosing the option that best characterizes the agreement.

Question: How accurate must the fundamental representations and warranties be according to the bring down provision?

Option A: Accurate at an alternative materiality threshold (e.g., hybrid standard)
Option B: Accurate in all material respects
Option C: Accurate in all respects

Merger Agreement Excerpt One: Section 6.3. In order to facilitate the closing of the transaction, all representations and warranties set forth in Schedule 5 shall be conclusive and remain true and correct as of the Closing Date, without modification or qualification, irrespective of any intervening events. (Page 47)

Merger Agreement Excerpt Two: Section 8.5. Notwithstanding the foregoing, except for isolated non-material discrepancies, all other representations and warranties described herein shall be valid and deemed to be accurate in all respects as though made at the Closing, with any deviation considered permissible only if it does not result in an aggregate adverse effect on the Company's financial condition. (Page 68)
Choices: "
"65","Answer the following multiple choice question. The entire content of your response should be of the following format: 'ANSWER: $LETTER' (without quotes) where LETTER is one of {letters}.

{question}

{choices}

Instruction: Read the following segment from a merger agreement and answer the multiple-choice question by choosing the option that best characterizes the bring down provision for the fundamental representations and warranties.

Question: According to the bring down provision, how accurate must the Company's fundamental representations and warranties be?

Option A: Accurate at another materiality standard (e.g., hybrid standard)
Option B: Accurate in all material respects
Option C: Accurate in all respects

Merger Agreement Excerpts:
Segment 1 (Page 27): ""For the purposes of this Agreement, all fundamental representations and warranties set forth in Article III shall be deemed true and correct at and as of the Closing, as if made at such time, and no reliance shall be placed upon any qualifications regarding materiality. No deviation, however minor, shall be tolerated.""

Segment 2 (Page 58): ""Notwithstanding any other provision herein, the accuracy of any representations and warranties in this Agreement, other than those explicitly deemed fundamental under Article III, may consider materiality exceptions. In contrast, the fundamental representations must be entirely true and accurate in every respect as of the date hereof and as of the Closing Date, without allowance for any materiality threshold.""

Based on these provisions, determine the correct standard for the fundamental representations and warranties.
Choices: ","Fail","Answer the following multiple choice question. The entire content of your response should be of the following format: 'ANSWER: $LETTER' (without quotes) where LETTER is one of {letters}.

{question}

{choices}

Instruction: Read the segments of a merger agreement and answer the multiple-choice question by choosing the option that best characterizes the agreement.

Question: How accurate must the fundamental representations and warranties be according to the bring down provision?

Option A: Accurate at an alternative materiality threshold (e.g., hybrid standard)
Option B: Accurate in all material respects
Option C: Accurate in all respects

Merger Agreement Excerpt One: Section 6.3. In order to facilitate the closing of the transaction, all representations and warranties set forth in Schedule 5 shall be conclusive and remain true and correct as of the Closing Date, without modification or qualification, irrespective of any intervening events. (Page 47)

Merger Agreement Excerpt Two: Section 8.5. Notwithstanding the foregoing, except for isolated non-material discrepancies, all other representations and warranties described herein shall be valid and deemed to be accurate in all respects as though made at the Closing, with any deviation considered permissible only if it does not result in an aggregate adverse effect on the Company's financial condition. (Page 68)
Choices: "
"66","Answer the following multiple choice question. The entire content of your response should be of the following format: 'ANSWER: $LETTER' (without quotes) where LETTER is one of {letters}.

{question}

{choices}

Instruction: Read the segment of a hypothetical consolidation agreement and answer the multiple-choice question by choosing the option that best characterizes the accuracy required for the fundamental representations and warranties.

Question: According to Section 9.5 of the Consolidated Agreement, how should the fundamental representations and warranties be regarded during the adjustment process?
Option A: They should be deemed accurate under a modified materiality standard that blends both precise and material safety thresholds.
Option B: They are intended to be accurate in all material respects, acknowledging minor exceptions that do not affect the overall transaction.
Option C: They must be accurate in all respects, with no allowances for any inaccuracies whatsoever, irrespective of minor discrepancies.

Consolidated Agreement Clause (Section 9.5 - Conditions Preceding Adjustment):
""Notwithstanding any reference elsewhere, the representations and warranties provided by the Subsidiary in Subtitle II shall be 'true and correct' as at the Effective Date and as at the Adjustment Date, as if made contemporaneously. However, except in instances where inaccuracies, either individually or in the aggregate, would result in a deviation exceeding an aggregate threshold of $15,000,000 in the overall consideration, such representations may be considered acceptable if they are not misleading in a material respect. For any clauses expressly addressing operational metrics, the representations shall be deemed 'completely true and correct in all respects' and shall not be subject to any materiality qualification.""

Question: How are the fundamental representations and warranties required to be accurate according to the provisions stated in Section 9.5?
Choices: ","Fail","Answer the following multiple choice question. The entire content of your response should be of the following format: 'ANSWER: $LETTER' (without quotes) where LETTER is one of {letters}.

{question}

{choices}

Instruction: Read the segments of a merger agreement and answer the multiple-choice question by choosing the option that best characterizes the agreement.

Question: How accurate must the fundamental representations and warranties be according to the bring down provision?

Option A: Accurate at an alternative materiality threshold (e.g., hybrid standard)
Option B: Accurate in all material respects
Option C: Accurate in all respects

Merger Agreement Excerpt One: Section 6.3. In order to facilitate the closing of the transaction, all representations and warranties set forth in Schedule 5 shall be conclusive and remain true and correct as of the Closing Date, without modification or qualification, irrespective of any intervening events. (Page 47)

Merger Agreement Excerpt Two: Section 8.5. Notwithstanding the foregoing, except for isolated non-material discrepancies, all other representations and warranties described herein shall be valid and deemed to be accurate in all respects as though made at the Closing, with any deviation considered permissible only if it does not result in an aggregate adverse effect on the Company's financial condition. (Page 68)
Choices: "
"67","Answer the following multiple choice question. The entire content of your response should be of the following format: 'ANSWER: $LETTER' (without quotes) where LETTER is one of {letters}.

{question}

{choices}

Instruction: Read the segment of a merger agreement and answer the multiple-choice question by choosing the option that best characterizes the accuracy standard imposed by the bring down provision.

Question: How accurate must the fundamental representations and warranties be according to the bring down provision?
Option A: Accurate at another materiality standard (e.g., hybrid standard)
Option B: Accurate in all material respects
Option C: Accurate in all respects

Merger Agreement Segment 1 (Section 6.4 – Fundamental Representations): ""The fundamental representations and warranties of the Company, including those contained in Article X, shall be true and correct at the Closing as if made at and as of the Closing Date, provided that any discrepancies which, individually or in the aggregate, do not reflect a significant or material deviation from the representations may be disregarded.""

Merger Agreement Segment 2 (Section 9.1 – Ancillary Representations): ""All other representations and warranties of the Company not classified as fundamental shall be deemed to be true and correct in all respects both as of the date hereof and as of the Closing Date, without any reliance upon materiality qualifiers or any exceptions thereto.""

Choices: ","Fail","Answer the following multiple choice question. The entire content of your response should be of the following format: 'ANSWER: $LETTER' (without quotes) where LETTER is one of {letters}.

{question}

{choices}

Instruction: Read the segments of a merger agreement and answer the multiple-choice question by choosing the option that best characterizes the agreement.

Question: How accurate must the fundamental representations and warranties be according to the bring down provision?

Option A: Accurate at an alternative materiality threshold (e.g., hybrid standard)
Option B: Accurate in all material respects
Option C: Accurate in all respects

Merger Agreement Excerpt One: Section 6.3. In order to facilitate the closing of the transaction, all representations and warranties set forth in Schedule 5 shall be conclusive and remain true and correct as of the Closing Date, without modification or qualification, irrespective of any intervening events. (Page 47)

Merger Agreement Excerpt Two: Section 8.5. Notwithstanding the foregoing, except for isolated non-material discrepancies, all other representations and warranties described herein shall be valid and deemed to be accurate in all respects as though made at the Closing, with any deviation considered permissible only if it does not result in an aggregate adverse effect on the Company's financial condition. (Page 68)
Choices: "
"68","Answer the following multiple choice question. The entire content of your response should be of the following format: 'ANSWER: $LETTER' (without quotes) where LETTER is one of {letters}.

{question}

{choices}

Instruction: Read the following segments of an acquisition agreement and select the option that best characterizes how accurate the fundamental representations and warranties must be according to the bring down provision.
Question: How accurate must the fundamental representations and warranties be according to the bring down provision?
Option A: Accurate at a modified materiality standard (with tiered thresholds)
Option B: Accurate in all material respects
Option C: Accurate in all respects

Acquisition Agreement: Section 5.14 – Detailed Representations. (i) Except as expressly designated in the Specified Representations Schedule, each representation and warranty stated in Article VII shall be confirmed as accurate in material respects as of the Closing Date, subject solely to the materiality qualifications set forth herein (Page 45).

Acquisition Agreement: Section 10.06 – Absolute Accuracy Clause. (a) All representations and warranties not qualifying under any materiality exception shall be deemed true and correct in all respects at the time of Closing, as if made contemporaneously, without any reliance on materiality thresholds or other qualitative limitations (Page 82).

Answer:
Choices: ","Fail","Answer the following multiple choice question. The entire content of your response should be of the following format: 'ANSWER: $LETTER' (without quotes) where LETTER is one of {letters}.

{question}

{choices}

Instruction: Read the segments of a merger agreement and answer the multiple-choice question by choosing the option that best characterizes the agreement.

Question: How accurate must the fundamental representations and warranties be according to the bring down provision?

Option A: Accurate at an alternative materiality threshold (e.g., hybrid standard)
Option B: Accurate in all material respects
Option C: Accurate in all respects

Merger Agreement Excerpt One: Section 6.3. In order to facilitate the closing of the transaction, all representations and warranties set forth in Schedule 5 shall be conclusive and remain true and correct as of the Closing Date, without modification or qualification, irrespective of any intervening events. (Page 47)

Merger Agreement Excerpt Two: Section 8.5. Notwithstanding the foregoing, except for isolated non-material discrepancies, all other representations and warranties described herein shall be valid and deemed to be accurate in all respects as though made at the Closing, with any deviation considered permissible only if it does not result in an aggregate adverse effect on the Company's financial condition. (Page 68)
Choices: "
"69","Answer the following multiple choice question. The entire content of your response should be of the following format: 'ANSWER: $LETTER' (without quotes) where LETTER is one of {letters}.

{question}

{choices}

Instruction: Read the following segments of a merger agreement and answer the multiple-choice question by choosing the option that best characterizes the required accuracy of the fundamental representations and warranties.

Question: Under the bring down provision, how must the fundamental representations and warranties be rendered?
Option A: Accurate at an alternative hybrid materiality threshold
Option B: Accurate in all material respects
Option C: Accurate in all respects

Merger Agreement Excerpts:
Segment 1 (Page 35): ""In accordance with Section 11.04, the representations and warranties set forth in Article I shall be deemed true and correct as of the date hereof and maintained at the Closing Date, subject to the proviso that any inaccuracy which does not, individually or collectively, lead to a Material Adverse Impact shall be overlooked.""

Segment 2 (Page 91): ""Notwithstanding the foregoing, the fundamental representations and warranties shall be considered as given in their entirety, except that discrepancies not causing a Company Material Detriment may be treated as non-material for the purposes of this Agreement.""

Answer:
Choices: ","Fail","Answer the following multiple choice question. The entire content of your response should be of the following format: 'ANSWER: $LETTER' (without quotes) where LETTER is one of {letters}.

{question}

{choices}

Instruction: Read the segments of a merger agreement and answer the multiple-choice question by choosing the option that best characterizes the agreement.

Question: How accurate must the fundamental representations and warranties be according to the bring down provision?

Option A: Accurate at an alternative materiality threshold (e.g., hybrid standard)
Option B: Accurate in all material respects
Option C: Accurate in all respects

Merger Agreement Excerpt One: Section 6.3. In order to facilitate the closing of the transaction, all representations and warranties set forth in Schedule 5 shall be conclusive and remain true and correct as of the Closing Date, without modification or qualification, irrespective of any intervening events. (Page 47)

Merger Agreement Excerpt Two: Section 8.5. Notwithstanding the foregoing, except for isolated non-material discrepancies, all other representations and warranties described herein shall be valid and deemed to be accurate in all respects as though made at the Closing, with any deviation considered permissible only if it does not result in an aggregate adverse effect on the Company's financial condition. (Page 68)
Choices: "
"70","Answer the following multiple choice question. The entire content of your response should be of the following format: 'ANSWER: $LETTER' (without quotes) where LETTER is one of {letters}.

{question}

{choices}

Instruction: Read the following segment from a merger agreement and answer the multiple-choice question by choosing the option that best characterizes the level of accuracy required of the fundamental representations and warranties as stipulated in the bring down provision.

Question: According to the bring down provision, what standard of accuracy must the fundamental representations and warranties satisfy?
Option A: They must be completely free from any inaccuracies under all circumstances.
Option B: They must be free from any inaccuracies that would, on an individual or cumulative basis, lead to a material adverse effect.
Option C: They are only required to be generally accurate with minor deviations tolerated regardless of impact.

Merger Agreement Excerpt: ""Section 12.4 - Conditions Precedent to Closing. To satisfy the conditions for closing, the Company represents that all disclosures made in Section 5 are valid and correct as of the Closing Date. It is acknowledged that minor deviations, provided they do not, individually or cumulatively, give rise to any material adverse effect, shall not constitute a breach of this provision. Notwithstanding the foregoing, any single deviation that results in a material misstatement shall be deemed unacceptable.""
Choices: ","Fail","Answer the following multiple choice question. The entire content of your response should be of the following format: 'ANSWER: $LETTER' (without quotes) where LETTER is one of {letters}.

{question}

{choices}

Instruction: Read the segments of a merger agreement and answer the multiple-choice question by choosing the option that best characterizes the agreement.

Question: How accurate must the fundamental representations and warranties be according to the bring down provision?

Option A: Accurate at an alternative materiality threshold (e.g., hybrid standard)
Option B: Accurate in all material respects
Option C: Accurate in all respects

Merger Agreement Excerpt One: Section 6.3. In order to facilitate the closing of the transaction, all representations and warranties set forth in Schedule 5 shall be conclusive and remain true and correct as of the Closing Date, without modification or qualification, irrespective of any intervening events. (Page 47)

Merger Agreement Excerpt Two: Section 8.5. Notwithstanding the foregoing, except for isolated non-material discrepancies, all other representations and warranties described herein shall be valid and deemed to be accurate in all respects as though made at the Closing, with any deviation considered permissible only if it does not result in an aggregate adverse effect on the Company's financial condition. (Page 68)
Choices: "
"71","Answer the following multiple choice question. The entire content of your response should be of the following format: 'ANSWER: $LETTER' (without quotes) where LETTER is one of {letters}.

{question}

{choices}

Instruction: Read the following segments of a merger agreement and answer the multiple-choice question by choosing the option that best characterizes the accuracy requirement for the fundamental representations and warranties as set out by the bring down provision.

Question: How accurate must the fundamental representations and warranties be according to the bring down provision?
Option A: Accurate at another materiality standard (e.g., hybrid standard)
Option B: Accurate in all material respects
Option C: Accurate in all respects

Merger Agreement Segment 1: ""In accordance with Section 8.1, the representations and warranties, as recited in Article VII, shall be true and correct as of the Closing Date. Notwithstanding this, minor factual deviations that do not individually or in the aggregate result in a Material Adverse Effect shall not constitute a breach.""

Merger Agreement Segment 2: ""Notwithstanding anything to the contrary herein, all representations and warranties shall be deemed as if made at the Effective Time and must be verified at the Closing. Routine discrepancies, as outlined in Schedule C, are expressly permitted, though any deviation resulting in a quantifiable material impact shall be unacceptable.""

Answer:
Choices: ","Fail","Answer the following multiple choice question. The entire content of your response should be of the following format: 'ANSWER: $LETTER' (without quotes) where LETTER is one of {letters}.

{question}

{choices}

Instruction: Read the segments of a merger agreement and answer the multiple-choice question by choosing the option that best characterizes the agreement.

Question: How accurate must the fundamental representations and warranties be according to the bring down provision?

Option A: Accurate at an alternative materiality threshold (e.g., hybrid standard)
Option B: Accurate in all material respects
Option C: Accurate in all respects

Merger Agreement Excerpt One: Section 6.3. In order to facilitate the closing of the transaction, all representations and warranties set forth in Schedule 5 shall be conclusive and remain true and correct as of the Closing Date, without modification or qualification, irrespective of any intervening events. (Page 47)

Merger Agreement Excerpt Two: Section 8.5. Notwithstanding the foregoing, except for isolated non-material discrepancies, all other representations and warranties described herein shall be valid and deemed to be accurate in all respects as though made at the Closing, with any deviation considered permissible only if it does not result in an aggregate adverse effect on the Company's financial condition. (Page 68)
Choices: "
"72","Answer the following multiple choice question. The entire content of your response should be of the following format: 'ANSWER: $LETTER' (without quotes) where LETTER is one of {letters}.

{question}

{choices}

Instruction: Read the following segments of a merger agreement and answer the multiple-choice question by choosing the option that best characterizes the accuracy requirement for the fundamental representations and warranties under the bring down mechanism.

Question: How accurate must the fundamental representations and warranties be according to the bring down provision?
Option A: Accurate at another nuanced materiality standard
Option B: Accurate in all material respects
Option C: Accurate in all respects

Merger Agreement Excerpt 1: 
""Section 5.1 – Representations and Warranties. The Company represents that all fundamental statements provided herein shall be true and correct as of the Closing Date, and such representations are not subject to any aggregated materiality exception, notwithstanding ancillary qualifiers contained in Exhibit A.""

Merger Agreement Excerpt 2: 
""Section 7.4 – Conditions Precedent. For representations made as of a specific historical date, the accuracy shall be determined without deference to any materiality caveats, thereby requiring that these representations be correct as of the Closing, except for adjustments explicitly acknowledged in Appendix B which are deemed immaterial.""

Based on these provisions, decide the appropriate standard for accuracy as intended by the overall agreement.
Choices: ","Fail","Answer the following multiple choice question. The entire content of your response should be of the following format: 'ANSWER: $LETTER' (without quotes) where LETTER is one of {letters}.

{question}

{choices}

Instruction: Read the segments of a merger agreement and answer the multiple-choice question by choosing the option that best characterizes the agreement.

Question: How accurate must the fundamental representations and warranties be according to the bring down provision?

Option A: Accurate at an alternative materiality threshold (e.g., hybrid standard)
Option B: Accurate in all material respects
Option C: Accurate in all respects

Merger Agreement Excerpt One: Section 6.3. In order to facilitate the closing of the transaction, all representations and warranties set forth in Schedule 5 shall be conclusive and remain true and correct as of the Closing Date, without modification or qualification, irrespective of any intervening events. (Page 47)

Merger Agreement Excerpt Two: Section 8.5. Notwithstanding the foregoing, except for isolated non-material discrepancies, all other representations and warranties described herein shall be valid and deemed to be accurate in all respects as though made at the Closing, with any deviation considered permissible only if it does not result in an aggregate adverse effect on the Company's financial condition. (Page 68)
Choices: "
"73","Answer the following multiple choice question. The entire content of your response should be of the following format: 'ANSWER: $LETTER' (without quotes) where LETTER is one of {letters}.

{question}

{choices}

Instruction: Read the following segments from a joint venture agreement and answer the multiple-choice question by choosing the option that best characterizes the agreement's requirement regarding the precision of its fundamental representations and warranties.

Question: How precisely must the core representations and warranties be maintained according to the agreement's bring-down provision?
Option A: Accurate under a modified materiality threshold (e.g., a hybrid standard that tolerates certain non-material errors)
Option B: Accurate in all material respects
Option C: Accurate in every respect, with no tolerance for any error

Joint Venture Agreement Excerpt 1: ""The Company’s fundamental representations and warranties, as detailed in Clause 4, shall be factually precise and deemed correct at the time of the closing, as if freshly expressed at that moment. Notwithstanding any general statement to the contrary, minor discrepancies that do not affect the material substance of the representations are not required to be rectified. (Page 52)""

Joint Venture Agreement Excerpt 2: ""Furthermore, excepting only those errors which are de minimis in amount and effect, all other representations and warranties set forth in Clause 7.2 are to be maintained in a condition of complete factual accuracy; any deviation, however negligible, which might have a material impact on the overall assessment of the transaction shall be considered a breach of this requirement. (Page 88)""
Choices: ","Fail","Answer the following multiple choice question. The entire content of your response should be of the following format: 'ANSWER: $LETTER' (without quotes) where LETTER is one of {letters}.

{question}

{choices}

Instruction: Read the segments of a merger agreement and answer the multiple-choice question by choosing the option that best characterizes the agreement.

Question: How accurate must the fundamental representations and warranties be according to the bring down provision?

Option A: Accurate at an alternative materiality threshold (e.g., hybrid standard)
Option B: Accurate in all material respects
Option C: Accurate in all respects

Merger Agreement Excerpt One: Section 6.3. In order to facilitate the closing of the transaction, all representations and warranties set forth in Schedule 5 shall be conclusive and remain true and correct as of the Closing Date, without modification or qualification, irrespective of any intervening events. (Page 47)

Merger Agreement Excerpt Two: Section 8.5. Notwithstanding the foregoing, except for isolated non-material discrepancies, all other representations and warranties described herein shall be valid and deemed to be accurate in all respects as though made at the Closing, with any deviation considered permissible only if it does not result in an aggregate adverse effect on the Company's financial condition. (Page 68)
Choices: "
"74","Answer the following multiple choice question. The entire content of your response should be of the following format: 'ANSWER: $LETTER' (without quotes) where LETTER is one of {letters}.

{question}

{choices}

Instruction: Read the following segments of a merger agreement and answer the multiple-choice question by selecting the option that best characterizes the accuracy requirement. 
Question: In light of the bring down provision, what is the required level of accuracy for the fundamental representations and warranties? 
Option A: Accurate at another materiality standard (e.g., hybrid standard)
Option B: Accurate in all material respects
Option C: Accurate in all respects

Merger Agreement Segment 1: Section 4.1 – Fundamental Representations. ""The Company’s fundamental representations and warranties shall be true and correct as of the Closing Date, with any deviations permitted only if they are strictly immaterial, thereby implying that no material misstatement exists."" (Page 22)

Merger Agreement Segment 2: Section 7.6 – Ancillary Conditions. ""Notwithstanding the foregoing, all representations not categorized as ancillary are expected to meet a standard whereby they are deemed accurate in all material respects, allowing for trivial inaccuracies that lack any impact on the overall integrity of the representations."" (Page 47)

Answer:
Choices: ","Fail","Answer the following multiple choice question. The entire content of your response should be of the following format: 'ANSWER: $LETTER' (without quotes) where LETTER is one of {letters}.

{question}

{choices}

Instruction: Read the segments of a merger agreement and answer the multiple-choice question by choosing the option that best characterizes the agreement.

Question: How accurate must the fundamental representations and warranties be according to the bring down provision?

Option A: Accurate at an alternative materiality threshold (e.g., hybrid standard)
Option B: Accurate in all material respects
Option C: Accurate in all respects

Merger Agreement Excerpt One: Section 6.3. In order to facilitate the closing of the transaction, all representations and warranties set forth in Schedule 5 shall be conclusive and remain true and correct as of the Closing Date, without modification or qualification, irrespective of any intervening events. (Page 47)

Merger Agreement Excerpt Two: Section 8.5. Notwithstanding the foregoing, except for isolated non-material discrepancies, all other representations and warranties described herein shall be valid and deemed to be accurate in all respects as though made at the Closing, with any deviation considered permissible only if it does not result in an aggregate adverse effect on the Company's financial condition. (Page 68)
Choices: "
"75","Answer the following multiple choice question. The entire content of your response should be of the following format: 'ANSWER: $LETTER' (without quotes) where LETTER is one of {letters}.

{question}

{choices}

Instruction: Read the segment of a merger agreement and answer the multiple-choice question by choosing the option that best characterizes the agreement.
Question: According to the bringdown provision, how accurate must the Company’s fundamental representations and warranties be?
Option A: Accurate at another materiality standard (e.g., hybrid standard)
Option B: Accurate in all material respects, allowing immaterial deviations
Option C: Accurate in all respects, with no exceptions

Merger Agreement: Section 8.7 Conditions Precedent for Completion. Except for those representations and warranties expressly identified as non-fundamental, all fundamental representations and warranties shall be true and correct both as of the date of this Agreement and as of the Closing Date, as though made on the Closing Date. While the Agreement permits disregarding minor deviations in aspects not critical to the Company’s primary financial structure, any deviation in representations pertaining to the Company’s core capitalization and indebtedness shall not be tolerated under any circumstance.
Answer:
Choices: ","Fail","Answer the following multiple choice question. The entire content of your response should be of the following format: 'ANSWER: $LETTER' (without quotes) where LETTER is one of {letters}.

{question}

{choices}

Instruction: Read the segments of a merger agreement and answer the multiple-choice question by choosing the option that best characterizes the agreement.

Question: How accurate must the fundamental representations and warranties be according to the bring down provision?

Option A: Accurate at an alternative materiality threshold (e.g., hybrid standard)
Option B: Accurate in all material respects
Option C: Accurate in all respects

Merger Agreement Excerpt One: Section 6.3. In order to facilitate the closing of the transaction, all representations and warranties set forth in Schedule 5 shall be conclusive and remain true and correct as of the Closing Date, without modification or qualification, irrespective of any intervening events. (Page 47)

Merger Agreement Excerpt Two: Section 8.5. Notwithstanding the foregoing, except for isolated non-material discrepancies, all other representations and warranties described herein shall be valid and deemed to be accurate in all respects as though made at the Closing, with any deviation considered permissible only if it does not result in an aggregate adverse effect on the Company's financial condition. (Page 68)
Choices: "
"76","Answer the following multiple choice question. The entire content of your response should be of the following format: 'ANSWER: $LETTER' (without quotes) where LETTER is one of {letters}.

{question}

{choices}

Instruction: Read the segment of a merger agreement and answer the multiple-choice question by choosing the option that best characterizes the accuracy requirement for the fundamental representations and warranties.

Question: How accurate must the fundamental representations and warranties be according to the bring down provision?
Option A: Accurate at another materiality standard (e.g., hybrid standard)
Option B: Accurate in all material respects
Option C: Accurate in all respects

Merger Agreement: Section 12.03 - Conditions to Closing. The parties acknowledge that the fundamental representations and warranties of the Seller set forth in Articles 2 and 3 shall be true and correct as if made on the Closing Date. Notwithstanding, slight deviations that are below a threshold of 0.05% of the aggregate assets shall not be deemed a breach, and the representations and warranties will only be considered in light of any material discrepancies. Deviations which do not meet the definition of a ‘Material Departure’ herein shall be excused for purposes of the bring down provision.
Choices: ","Fail","Answer the following multiple choice question. The entire content of your response should be of the following format: 'ANSWER: $LETTER' (without quotes) where LETTER is one of {letters}.

{question}

{choices}

Instruction: Read the segments of a merger agreement and answer the multiple-choice question by choosing the option that best characterizes the agreement.

Question: How accurate must the fundamental representations and warranties be according to the bring down provision?

Option A: Accurate at an alternative materiality threshold (e.g., hybrid standard)
Option B: Accurate in all material respects
Option C: Accurate in all respects

Merger Agreement Excerpt One: Section 6.3. In order to facilitate the closing of the transaction, all representations and warranties set forth in Schedule 5 shall be conclusive and remain true and correct as of the Closing Date, without modification or qualification, irrespective of any intervening events. (Page 47)

Merger Agreement Excerpt Two: Section 8.5. Notwithstanding the foregoing, except for isolated non-material discrepancies, all other representations and warranties described herein shall be valid and deemed to be accurate in all respects as though made at the Closing, with any deviation considered permissible only if it does not result in an aggregate adverse effect on the Company's financial condition. (Page 68)
Choices: "
"77","Answer the following multiple choice question. The entire content of your response should be of the following format: 'ANSWER: $LETTER' (without quotes) where LETTER is one of {letters}.

{question}

{choices}

Instruction: Read the following segments of a merger agreement and answer the multiple-choice question by choosing the option that best characterizes the bring down standard for the fundamental representations and warranties.

Question: How accurate must the fundamental representations and warranties be according to the bring down provision?
Option A: Accurate at another materiality standard (e.g., hybrid standard)
Option B: Accurate in all material respects
Option C: Accurate in all respects

Merger Agreement Excerpts:

Excerpt 1 (Section 4.1 – Fundamental Representations): ""The representations and warranties of the Company set forth in Article V, which are deemed fundamental, shall be true and correct as of the Closing Date. Notwithstanding any other provisions, discrepancies that, individually or in aggregate, do not give rise to a Material Adverse Impact shall be excusable under this provision.""

Excerpt 2 (Section 11.3 – Ancillary Representations): ""All other representations and warranties, except those specifically identified in Article V, shall be accurate in all respects both at the time of execution and as of the Closing Date, as if made afresh at Closing, with no materiality qualifiers applicable.""

Based on the above, answer the question.
Choices: ","Fail","Answer the following multiple choice question. The entire content of your response should be of the following format: 'ANSWER: $LETTER' (without quotes) where LETTER is one of {letters}.

{question}

{choices}

Instruction: Read the segments of a merger agreement and answer the multiple-choice question by choosing the option that best characterizes the agreement.

Question: How accurate must the fundamental representations and warranties be according to the bring down provision?

Option A: Accurate at an alternative materiality threshold (e.g., hybrid standard)
Option B: Accurate in all material respects
Option C: Accurate in all respects

Merger Agreement Excerpt One: Section 6.3. In order to facilitate the closing of the transaction, all representations and warranties set forth in Schedule 5 shall be conclusive and remain true and correct as of the Closing Date, without modification or qualification, irrespective of any intervening events. (Page 47)

Merger Agreement Excerpt Two: Section 8.5. Notwithstanding the foregoing, except for isolated non-material discrepancies, all other representations and warranties described herein shall be valid and deemed to be accurate in all respects as though made at the Closing, with any deviation considered permissible only if it does not result in an aggregate adverse effect on the Company's financial condition. (Page 68)
Choices: "
"78","Answer the following multiple choice question. The entire content of your response should be of the following format: 'ANSWER: $LETTER' (without quotes) where LETTER is one of {letters}.

{question}

{choices}

Instruction: Read the following segments of a merger agreement and answer the multiple-choice question by choosing the option that best characterizes the agreement.

Question: How accurate must the fundamental representations and warranties be according to the bring down provision?
Option A: Accurate in all material respects
Option B: Accurate in all respects throughout the merger timeline
Option C: Accurate as specified by a hybrid standard that imposes full accuracy except where a materiality threshold applies unless a Critical Adverse Impact is present

Merger Agreement Segment 1 (Clause 4.1 Representations and Warranties): The Company’s representations and warranties, including those in Schedule 5, shall be deemed 'true and correct' as of the date of this Agreement and as of the Closing Date, without qualification.

Merger Agreement Segment 2 (Clause 9.3 Conditions to Effect the Merger): Notwithstanding Clause 4.1, any representation or warranty that is expressly subject to a materiality threshold shall only be required to be true and correct in all material respects, except where a failure to be so accurate results in a Critical Adverse Impact as defined in Exhibit Z.

Answer:
Choices: ","Fail","Answer the following multiple choice question. The entire content of your response should be of the following format: 'ANSWER: $LETTER' (without quotes) where LETTER is one of {letters}.

{question}

{choices}

Instruction: Read the segments of a merger agreement and answer the multiple-choice question by choosing the option that best characterizes the agreement.

Question: How accurate must the fundamental representations and warranties be according to the bring down provision?

Option A: Accurate at an alternative materiality threshold (e.g., hybrid standard)
Option B: Accurate in all material respects
Option C: Accurate in all respects

Merger Agreement Excerpt One: Section 6.3. In order to facilitate the closing of the transaction, all representations and warranties set forth in Schedule 5 shall be conclusive and remain true and correct as of the Closing Date, without modification or qualification, irrespective of any intervening events. (Page 47)

Merger Agreement Excerpt Two: Section 8.5. Notwithstanding the foregoing, except for isolated non-material discrepancies, all other representations and warranties described herein shall be valid and deemed to be accurate in all respects as though made at the Closing, with any deviation considered permissible only if it does not result in an aggregate adverse effect on the Company's financial condition. (Page 68)
Choices: "
"79","Answer the following multiple choice question. The entire content of your response should be of the following format: 'ANSWER: $LETTER' (without quotes) where LETTER is one of {letters}.

{question}

{choices}

Instruction: Read the following segments from a merger agreement and answer the multiple-choice question by choosing the option that best characterizes the accuracy requirement of the Seller's fundamental representations and warranties according to the bring down provision.

Question: How accurate must the Seller's fundamental representations and warranties be according to the bring down provision?
Option A: Accurate at another materiality standard (e.g., hybrid standard)
Option B: Accurate in all material respects
Option C: Accurate in all respects

Merger Agreement:
Segment 1 (Article 2 – Fundamental Representations and Warranties): ""The representations and warranties of the Seller set forth in Article 2 are deemed to be true and correct as of the Closing Date. Notwithstanding the foregoing, minor deviations that, individually or in the aggregate, do not result in a Material Adverse Effect are acceptable.""

Segment 2 (Section 7.5 – Ancillary Representations): ""All other representations and warranties, excluding those enumerated in Article 2, shall be accurate in all respects as of the date of this Agreement and as of the Closing Date, without regard to any materiality qualifier, except when specifically limited by reference to a particular time period.""
Choices: ","Fail","Answer the following multiple choice question. The entire content of your response should be of the following format: 'ANSWER: $LETTER' (without quotes) where LETTER is one of {letters}.

{question}

{choices}

Instruction: Read the segments of a merger agreement and answer the multiple-choice question by choosing the option that best characterizes the agreement.

Question: How accurate must the fundamental representations and warranties be according to the bring down provision?

Option A: Accurate at an alternative materiality threshold (e.g., hybrid standard)
Option B: Accurate in all material respects
Option C: Accurate in all respects

Merger Agreement Excerpt One: Section 6.3. In order to facilitate the closing of the transaction, all representations and warranties set forth in Schedule 5 shall be conclusive and remain true and correct as of the Closing Date, without modification or qualification, irrespective of any intervening events. (Page 47)

Merger Agreement Excerpt Two: Section 8.5. Notwithstanding the foregoing, except for isolated non-material discrepancies, all other representations and warranties described herein shall be valid and deemed to be accurate in all respects as though made at the Closing, with any deviation considered permissible only if it does not result in an aggregate adverse effect on the Company's financial condition. (Page 68)
Choices: "
"80","Answer the following multiple choice question. The entire content of your response should be of the following format: 'ANSWER: $LETTER' (without quotes) where LETTER is one of {letters}.

{question}

{choices}

Instruction: Read the following segments of a merger agreement and answer the multiple-choice question by choosing the option that best characterizes the agreement.

Question: How accurate must the fundamental representations and warranties be according to the bring down provision?
Option A: Accurate at another materiality standard (e.g., hybrid standard)
Option B: Accurate in all material respects
Option C: Accurate in all respects

Merger Agreement Excerpt 1: 
""Section 4.1 Accuracy of Representations. All representations and warranties set forth in Article V shall be true and correct as of both the date of this Agreement and the Closing Date. Notwithstanding the foregoing, any discrepancies that do not individually or in the aggregate give rise to a Material Adverse Effect shall be excusable, even if they reflect minor inaccuracies.""

Merger Agreement Excerpt 2: 
""Section 8.3 Additional Conditions. Notwithstanding any other provision herein, the fundamental representations and warranties of the Company shall be strictly accurate as of the Closing Date, as if made on that date, except where a specific provision permits minor deviations provided such deviations do not culminate in any Material Adverse Effect.""
Choices: ","Fail","Answer the following multiple choice question. The entire content of your response should be of the following format: 'ANSWER: $LETTER' (without quotes) where LETTER is one of {letters}.

{question}

{choices}

Instruction: Read the segments of a merger agreement and answer the multiple-choice question by choosing the option that best characterizes the agreement.

Question: How accurate must the fundamental representations and warranties be according to the bring down provision?

Option A: Accurate at an alternative materiality threshold (e.g., hybrid standard)
Option B: Accurate in all material respects
Option C: Accurate in all respects

Merger Agreement Excerpt One: Section 6.3. In order to facilitate the closing of the transaction, all representations and warranties set forth in Schedule 5 shall be conclusive and remain true and correct as of the Closing Date, without modification or qualification, irrespective of any intervening events. (Page 47)

Merger Agreement Excerpt Two: Section 8.5. Notwithstanding the foregoing, except for isolated non-material discrepancies, all other representations and warranties described herein shall be valid and deemed to be accurate in all respects as though made at the Closing, with any deviation considered permissible only if it does not result in an aggregate adverse effect on the Company's financial condition. (Page 68)
Choices: "
"81","Answer the following multiple choice question. The entire content of your response should be of the following format: 'ANSWER: $LETTER' (without quotes) where LETTER is one of {letters}.

{question}

{choices}

Instruction: Read the following segments from a merger agreement and answer the multiple-choice question by selecting the option that best characterizes the bring down provision for the fundamental representations and warranties.

Question: How accurate must the fundamental representations and warranties be according to the bring down provision?

Option A: Accurate at a hybrid materiality standard (i.e., permitting minor inaccuracies not resulting in a Material Adverse Effect)
Option B: Accurate in all material respects
Option C: Accurate in all respects

Merger Agreement:
Segment 1 – Clause 12.1 Fundamental Representations: 
""The Target's fundamental representations and warranties set forth in this Agreement shall be true, correct, complete, and detailed as of the Closing Date, as though made at the Closing. Notwithstanding any other provision hereof, only discrepancies that are strictly non-material and do not result in a Target Material Adverse Effect may be tolerated.""

Segment 2 – Clause 13.5 Additional Verification Requirement: 
""For the purposes of satisfying the conditions precedent to closing, every representation and warranty, including those referenced in Clause 12.1, shall be corroborated to an extent that no qualification based on materiality shall be applied. Each representation must be accurate in every detail, thereby rendering any exception based on non-material discrepancies inapplicable.""

Based on the above provisions, please indicate the required standard of accuracy for the fundamental representations and warranties.
Choices: ","Fail","Answer the following multiple choice question. The entire content of your response should be of the following format: 'ANSWER: $LETTER' (without quotes) where LETTER is one of {letters}.

{question}

{choices}

Instruction: Read the segments of a merger agreement and answer the multiple-choice question by choosing the option that best characterizes the agreement.

Question: How accurate must the fundamental representations and warranties be according to the bring down provision?

Option A: Accurate at an alternative materiality threshold (e.g., hybrid standard)
Option B: Accurate in all material respects
Option C: Accurate in all respects

Merger Agreement Excerpt One: Section 6.3. In order to facilitate the closing of the transaction, all representations and warranties set forth in Schedule 5 shall be conclusive and remain true and correct as of the Closing Date, without modification or qualification, irrespective of any intervening events. (Page 47)

Merger Agreement Excerpt Two: Section 8.5. Notwithstanding the foregoing, except for isolated non-material discrepancies, all other representations and warranties described herein shall be valid and deemed to be accurate in all respects as though made at the Closing, with any deviation considered permissible only if it does not result in an aggregate adverse effect on the Company's financial condition. (Page 68)
Choices: "
"82","Answer the following multiple choice question. The entire content of your response should be of the following format: 'ANSWER: $LETTER' (without quotes) where LETTER is one of {letters}.

{question}

{choices}

Instruction: Read the segments of the XYZ Merger Agreement and answer the multiple-choice question by choosing the option that best characterizes the agreement.
Question: According to the bringdown provision, how accurate must the fundamental representations and warranties be?
Option A: Accurate at another materiality standard (e.g., hybrid standard)
Option B: Accurate in all material respects
Option C: Accurate in all respects

Merger Agreement Segment 1 (Page 23): ""The representations and warranties set forth in Section 2.4 shall be true and correct as of both the Effective Date and as of the Closing Date, as if made on the Closing Date, with the understanding that minor discrepancies which are de minimis in amount and effect shall not constitute a breach.""

Merger Agreement Segment 2 (Page 47): ""Notwithstanding any provision to the contrary, the Fundamental Representations detailed in Article V shall be maintained in an impeccable manner and are required to be true and correct in all respects on the Closing Date, without any allowance for de minimis inaccuracies or materiality qualifiers, except for specific timing clarifications as noted in Section 2.4.""
Choices: ","Fail","Answer the following multiple choice question. The entire content of your response should be of the following format: 'ANSWER: $LETTER' (without quotes) where LETTER is one of {letters}.

{question}

{choices}

Instruction: Read the segments of a merger agreement and answer the multiple-choice question by choosing the option that best characterizes the agreement.

Question: How accurate must the fundamental representations and warranties be according to the bring down provision?

Option A: Accurate at an alternative materiality threshold (e.g., hybrid standard)
Option B: Accurate in all material respects
Option C: Accurate in all respects

Merger Agreement Excerpt One: Section 6.3. In order to facilitate the closing of the transaction, all representations and warranties set forth in Schedule 5 shall be conclusive and remain true and correct as of the Closing Date, without modification or qualification, irrespective of any intervening events. (Page 47)

Merger Agreement Excerpt Two: Section 8.5. Notwithstanding the foregoing, except for isolated non-material discrepancies, all other representations and warranties described herein shall be valid and deemed to be accurate in all respects as though made at the Closing, with any deviation considered permissible only if it does not result in an aggregate adverse effect on the Company's financial condition. (Page 68)
Choices: "
"83","Answer the following multiple choice question. The entire content of your response should be of the following format: 'ANSWER: $LETTER' (without quotes) where LETTER is one of {letters}.

{question}

{choices}

Instruction: Read the following segments of a merger agreement and answer the multiple-choice question by choosing the option that best characterizes the standard of accuracy.

Question: How accurate must the fundamental representations and warranties be according to the bring down provision?
Option A: Accurate at another materiality standard (e.g., hybrid standard)
Option B: Accurate in all material respects
Option C: Accurate in all respects

Merger Agreement: Section 4.3 - General Representations and Warranties. The Company’s representations and warranties as set forth in Article 2 shall be true and correct as of the Closing Date, as if made on that date, without qualification for minor anomalies.

Merger Agreement: Section 11.5 - Special Financial Conditions. Notwithstanding Section 4.3, any representations regarding historical financial data that refer to dates prior to the Closing shall be deemed acceptable if they are accurate in all material respects, provided that any deviations are not collectively sufficient to cause a Material Adverse Effect.
Choices: ","Fail","Answer the following multiple choice question. The entire content of your response should be of the following format: 'ANSWER: $LETTER' (without quotes) where LETTER is one of {letters}.

{question}

{choices}

Instruction: Read the segments of a merger agreement and answer the multiple-choice question by choosing the option that best characterizes the agreement.

Question: How accurate must the fundamental representations and warranties be according to the bring down provision?

Option A: Accurate at an alternative materiality threshold (e.g., hybrid standard)
Option B: Accurate in all material respects
Option C: Accurate in all respects

Merger Agreement Excerpt One: Section 6.3. In order to facilitate the closing of the transaction, all representations and warranties set forth in Schedule 5 shall be conclusive and remain true and correct as of the Closing Date, without modification or qualification, irrespective of any intervening events. (Page 47)

Merger Agreement Excerpt Two: Section 8.5. Notwithstanding the foregoing, except for isolated non-material discrepancies, all other representations and warranties described herein shall be valid and deemed to be accurate in all respects as though made at the Closing, with any deviation considered permissible only if it does not result in an aggregate adverse effect on the Company's financial condition. (Page 68)
Choices: "
"84","Answer the following multiple choice question. The entire content of your response should be of the following format: 'ANSWER: $LETTER' (without quotes) where LETTER is one of {letters}.

{question}

{choices}

Instruction: Read the segment of a merger agreement and answer the multiple-choice question by choosing the option that best characterizes the agreement.
Question: How accurate must the fundamental representations and warranties be according to the bring down provision?
Option A: Accurate at another materiality standard (e.g., hybrid standard)
Option B: Accurate in all material respects
Option C: Accurate in all respects

Merger Agreement: Section 5.4 Conditions for Closing.
(a) Fundamental Representations and Warranties. The Company’s representations and warranties, as set forth in Article II, must be true and correct at the time of Closing. Notably, notwithstanding the previous sentence, any deviation that does not, individually or cumulatively, lead to a Material Adverse Effect may be tolerated. As such, the representations and warranties are assessed under a hybrid standard, where minor divergences are allowable provided they do not collectively exceed the threshold of causing substantive harm to the Company. (Page 78)

Merger Agreement: Schedule A Revision Clause.
(b) Bring Down Principle. For the purposes of this Agreement, the Company’s fundamental representations and warranties shall be deemed accurate ""as of"" the Closing Date, provided that any misrepresentations limited solely to historical factual inaccuracies which do not individually cause a material misstatement shall be excused. However, no aggregate deviations tolerated under the hybrid standard may combine to surpass a de minimis threshold that would otherwise invoke a comprehensive remedy. (Page 102)
Choices: ","Fail","Answer the following multiple choice question. The entire content of your response should be of the following format: 'ANSWER: $LETTER' (without quotes) where LETTER is one of {letters}.

{question}

{choices}

Instruction: Read the segments of a merger agreement and answer the multiple-choice question by choosing the option that best characterizes the agreement.

Question: How accurate must the fundamental representations and warranties be according to the bring down provision?

Option A: Accurate at an alternative materiality threshold (e.g., hybrid standard)
Option B: Accurate in all material respects
Option C: Accurate in all respects

Merger Agreement Excerpt One: Section 6.3. In order to facilitate the closing of the transaction, all representations and warranties set forth in Schedule 5 shall be conclusive and remain true and correct as of the Closing Date, without modification or qualification, irrespective of any intervening events. (Page 47)

Merger Agreement Excerpt Two: Section 8.5. Notwithstanding the foregoing, except for isolated non-material discrepancies, all other representations and warranties described herein shall be valid and deemed to be accurate in all respects as though made at the Closing, with any deviation considered permissible only if it does not result in an aggregate adverse effect on the Company's financial condition. (Page 68)
Choices: "
"85","Answer the following multiple choice question. The entire content of your response should be of the following format: 'ANSWER: $LETTER' (without quotes) where LETTER is one of {letters}.

{question}

{choices}

Instruction: Read the following excerpts from a merger agreement and answer the multiple-choice question by choosing the option that best characterizes the fundamental representations and warranties required by the bring down provision.

Question: Based on the agreement excerpts, how accurate must the fundamental representations and warranties be?
Option A: Accurate at another materiality standard (e.g., a hybrid standard permitting limited non-material exceptions)
Option B: Accurate in all material respects
Option C: Accurate in all respects

Merger Agreement Excerpts:
Clause 2.7: ""For purposes of satisfying the bring down conditions, each fundamental representation and warranty set forth in Section 5 shall be deemed true and correct at and as of the Closing Date, as if originally made on that date, notwithstanding modifications provided in Sections 5.1 and 5.2 which allow for factual updates provided such variations do not cumulatively result in a material adverse effect.""

Clause 8.4: ""Notwithstanding the foregoing, all ancillary representations not subject to individual modifications shall be accurate as of the Effective Date and continue to be so at Closing, excepting isolated discrepancies which, whether considered individually or in aggregate, do not give rise to a material adverse impact.""

Answer:
Choices: ","Fail","Answer the following multiple choice question. The entire content of your response should be of the following format: 'ANSWER: $LETTER' (without quotes) where LETTER is one of {letters}.

{question}

{choices}

Instruction: Read the segments of a merger agreement and answer the multiple-choice question by choosing the option that best characterizes the agreement.

Question: How accurate must the fundamental representations and warranties be according to the bring down provision?

Option A: Accurate at an alternative materiality threshold (e.g., hybrid standard)
Option B: Accurate in all material respects
Option C: Accurate in all respects

Merger Agreement Excerpt One: Section 6.3. In order to facilitate the closing of the transaction, all representations and warranties set forth in Schedule 5 shall be conclusive and remain true and correct as of the Closing Date, without modification or qualification, irrespective of any intervening events. (Page 47)

Merger Agreement Excerpt Two: Section 8.5. Notwithstanding the foregoing, except for isolated non-material discrepancies, all other representations and warranties described herein shall be valid and deemed to be accurate in all respects as though made at the Closing, with any deviation considered permissible only if it does not result in an aggregate adverse effect on the Company's financial condition. (Page 68)
Choices: "
"86","Answer the following multiple choice question. The entire content of your response should be of the following format: 'ANSWER: $LETTER' (without quotes) where LETTER is one of {letters}.

{question}

{choices}

Instruction: Read the following segments of a merger agreement and answer the multiple-choice question by choosing the option that best characterizes the accuracy requirement for the fundamental representations and warranties.

Question: How accurate must the fundamental representations and warranties be according to the bring down provision?
Option A: Accurate at another materiality standard (e.g., hybrid standard)
Option B: Accurate in all material respects
Option C: Accurate in all respects

Merger Agreement Excerpt:
Section 4.01 – Fundamental Representations. The fundamental representations and warranties of the Company, as set forth in Article II, shall be true and correct as of the Closing Date. In determining accuracy, the parties shall not apply traditional materiality qualifiers; however, any deviation that fails to produce a cumulative change exceeding 5% of the Company’s total liabilities shall be deemed immaterial.

Section 7.05 – Additional Conditions. Notwithstanding the foregoing provision, any misstatement that does not individually or collectively alter the Company’s overall financial position in a material way—as assessed on a compressed risk metric scale—shall not be considered a breach of the representations and warranties.
Choices: ","Fail","Answer the following multiple choice question. The entire content of your response should be of the following format: 'ANSWER: $LETTER' (without quotes) where LETTER is one of {letters}.

{question}

{choices}

Instruction: Read the segments of a merger agreement and answer the multiple-choice question by choosing the option that best characterizes the agreement.

Question: How accurate must the fundamental representations and warranties be according to the bring down provision?

Option A: Accurate at an alternative materiality threshold (e.g., hybrid standard)
Option B: Accurate in all material respects
Option C: Accurate in all respects

Merger Agreement Excerpt One: Section 6.3. In order to facilitate the closing of the transaction, all representations and warranties set forth in Schedule 5 shall be conclusive and remain true and correct as of the Closing Date, without modification or qualification, irrespective of any intervening events. (Page 47)

Merger Agreement Excerpt Two: Section 8.5. Notwithstanding the foregoing, except for isolated non-material discrepancies, all other representations and warranties described herein shall be valid and deemed to be accurate in all respects as though made at the Closing, with any deviation considered permissible only if it does not result in an aggregate adverse effect on the Company's financial condition. (Page 68)
Choices: "
"87","Answer the following multiple choice question. The entire content of your response should be of the following format: 'ANSWER: $LETTER' (without quotes) where LETTER is one of {letters}.

{question}

{choices}

Instruction: Read the following segments of a merger agreement and answer the multiple-choice question by choosing the option that best characterizes the accuracy requirement for the fundamental representations and warranties according to the bring down provision.

Question: How accurate must the fundamental representations and warranties be according to the bring down provision?
Option A: Accurate at another materiality standard (e.g., hybrid standard)
Option B: Accurate in all material respects
Option C: Accurate in all respects

Merger Agreement Excerpt 1: Section 2. Fundamental Representations. The representations and warranties set forth in Article II are fundamental to the agreement and shall be true and correct in all respects as of the Closing Date, as if made at such time, without any de minimis or materiality qualifications.

Merger Agreement Excerpt 2: Section 5. Ancillary Representations. The representations and warranties set forth in Article V, which are ancillary to the core obligations, shall be deemed true and correct in all material respects as of the Agreement Date and the Closing Date, except that minor discrepancies that are de minimis may be disregarded.

Answer:
Choices: ","Fail","Answer the following multiple choice question. The entire content of your response should be of the following format: 'ANSWER: $LETTER' (without quotes) where LETTER is one of {letters}.

{question}

{choices}

Instruction: Read the segments of a merger agreement and answer the multiple-choice question by choosing the option that best characterizes the agreement.

Question: How accurate must the fundamental representations and warranties be according to the bring down provision?

Option A: Accurate at an alternative materiality threshold (e.g., hybrid standard)
Option B: Accurate in all material respects
Option C: Accurate in all respects

Merger Agreement Excerpt One: Section 6.3. In order to facilitate the closing of the transaction, all representations and warranties set forth in Schedule 5 shall be conclusive and remain true and correct as of the Closing Date, without modification or qualification, irrespective of any intervening events. (Page 47)

Merger Agreement Excerpt Two: Section 8.5. Notwithstanding the foregoing, except for isolated non-material discrepancies, all other representations and warranties described herein shall be valid and deemed to be accurate in all respects as though made at the Closing, with any deviation considered permissible only if it does not result in an aggregate adverse effect on the Company's financial condition. (Page 68)
Choices: "
"88","Answer the following multiple choice question. The entire content of your response should be of the following format: 'ANSWER: $LETTER' (without quotes) where LETTER is one of {letters}.

{question}

{choices}

Instruction: Read the segment of a merger agreement and answer the multiple-choice question by choosing the option that best characterizes the agreement.
Question: How accurate must the fundamental representations and warranties be according to the bring down provision?
Option A: Accurate at another materiality standard (e.g., hybrid standard)
Option B: Accurate in all material respects
Option C: Accurate in all respects

Merger Agreement: Section XIII. Conditions to the Closing <omitted> Except for non-material discrepancies that do not affect the overall integrity of the representations, all representations and warranties set forth in Articles 2 and 5 shall be true and correct as of the Closing Date, as though made at and as of such date. (Page 47)

Merger Agreement: Subsection 10.5 Additional Conditions <omitted> It is expressly provided that, notwithstanding any other provision herein, the representations and warranties of the Company, except those expressly qualified by immateriality thresholds, shall be deemed to be accurate as of the Effective Date in all respects, provided that any deviation not resulting in a material misstatement is excepted. (Page 102)
Answer:
Choices: ","Fail","Answer the following multiple choice question. The entire content of your response should be of the following format: 'ANSWER: $LETTER' (without quotes) where LETTER is one of {letters}.

{question}

{choices}

Instruction: Read the segments of a merger agreement and answer the multiple-choice question by choosing the option that best characterizes the agreement.

Question: How accurate must the fundamental representations and warranties be according to the bring down provision?

Option A: Accurate at an alternative materiality threshold (e.g., hybrid standard)
Option B: Accurate in all material respects
Option C: Accurate in all respects

Merger Agreement Excerpt One: Section 6.3. In order to facilitate the closing of the transaction, all representations and warranties set forth in Schedule 5 shall be conclusive and remain true and correct as of the Closing Date, without modification or qualification, irrespective of any intervening events. (Page 47)

Merger Agreement Excerpt Two: Section 8.5. Notwithstanding the foregoing, except for isolated non-material discrepancies, all other representations and warranties described herein shall be valid and deemed to be accurate in all respects as though made at the Closing, with any deviation considered permissible only if it does not result in an aggregate adverse effect on the Company's financial condition. (Page 68)
Choices: "
"89","Answer the following multiple choice question. The entire content of your response should be of the following format: 'ANSWER: $LETTER' (without quotes) where LETTER is one of {letters}.

{question}

{choices}

Instruction: Read the segments of the merger agreement below and answer the multiple-choice question by choosing the option that best characterizes the accuracy standard for the fundamental representations and warranties in relation to the bring down provision.

Question: Under the conditions set forth, how must the fundamental representations and warranties be accurate?
Option A: Accurate at a distinct materiality standard that blends absolute and material standards
Option B: Accurate in all material respects
Option C: Accurate in every respect

Merger Agreement Segment 1: Section 4.1 specifies that all fundamental representations and warranties shall be true and correct as of the Closing Date. However, it includes an exception allowing for minor deviations that do not result in material misstatements or adversely affect the Company's overall condition.

Merger Agreement Segment 2: Section 9.4 clarifies that, except for explicitly excluded non-fundamental representations, all other assertions should ideally be without fault. Nevertheless, for fundamental representations, only discrepancies that have a material impact are considered unacceptable, thereby implicitly endorsing a materiality threshold in accuracy.
Choices: ","Fail","Answer the following multiple choice question. The entire content of your response should be of the following format: 'ANSWER: $LETTER' (without quotes) where LETTER is one of {letters}.

{question}

{choices}

Instruction: Read the segments of a merger agreement and answer the multiple-choice question by choosing the option that best characterizes the agreement.

Question: How accurate must the fundamental representations and warranties be according to the bring down provision?

Option A: Accurate at an alternative materiality threshold (e.g., hybrid standard)
Option B: Accurate in all material respects
Option C: Accurate in all respects

Merger Agreement Excerpt One: Section 6.3. In order to facilitate the closing of the transaction, all representations and warranties set forth in Schedule 5 shall be conclusive and remain true and correct as of the Closing Date, without modification or qualification, irrespective of any intervening events. (Page 47)

Merger Agreement Excerpt Two: Section 8.5. Notwithstanding the foregoing, except for isolated non-material discrepancies, all other representations and warranties described herein shall be valid and deemed to be accurate in all respects as though made at the Closing, with any deviation considered permissible only if it does not result in an aggregate adverse effect on the Company's financial condition. (Page 68)
Choices: "
"90","Answer the following multiple choice question. The entire content of your response should be of the following format: 'ANSWER: $LETTER' (without quotes) where LETTER is one of {letters}.

{question}

{choices}

Instruction: Read the segment of the merger agreement and answer the multiple-choice question by choosing the option that best characterizes the accuracy requirement.
Question: How accurate must the fundamental representations and warranties be according to the bring down provision?
Option A: Accurate at another materiality standard (e.g., hybrid standard)
Option B: Accurate in all material respects
Option C: Accurate in all respects

Merger Agreement: Article IV.1 Representations and Warranties: ""The representations and warranties set forth herein shall be deemed true and correct as of the Closing Date, subject only to any deviation that does not individually or collectively lead to an economically material loss, i.e., excluding any minor discrepancies that would not trigger a Material Adverse Effect.""

Merger Agreement: Article IV.5 Further Conditions: ""Notwithstanding any provisions to the contrary, all the representations and warranties shall be considered accurate in all respects as of the Closing, except that minor clerical errors and trivial deviations, which do not reach the threshold of a Material Adverse Effect, are permissible.""
Choices: ","Fail","Answer the following multiple choice question. The entire content of your response should be of the following format: 'ANSWER: $LETTER' (without quotes) where LETTER is one of {letters}.

{question}

{choices}

Instruction: Read the segments of a merger agreement and answer the multiple-choice question by choosing the option that best characterizes the agreement.

Question: How accurate must the fundamental representations and warranties be according to the bring down provision?

Option A: Accurate at an alternative materiality threshold (e.g., hybrid standard)
Option B: Accurate in all material respects
Option C: Accurate in all respects

Merger Agreement Excerpt One: Section 6.3. In order to facilitate the closing of the transaction, all representations and warranties set forth in Schedule 5 shall be conclusive and remain true and correct as of the Closing Date, without modification or qualification, irrespective of any intervening events. (Page 47)

Merger Agreement Excerpt Two: Section 8.5. Notwithstanding the foregoing, except for isolated non-material discrepancies, all other representations and warranties described herein shall be valid and deemed to be accurate in all respects as though made at the Closing, with any deviation considered permissible only if it does not result in an aggregate adverse effect on the Company's financial condition. (Page 68)
Choices: "
"91","Answer the following multiple choice question. The entire content of your response should be of the following format: 'ANSWER: $LETTER' (without quotes) where LETTER is one of {letters}.

{question}

{choices}

Instruction: Read the segment of a merger agreement and answer the multiple-choice question by choosing the option that best characterizes the accuracy standard for the fundamental representations and warranties.

Question: According to the bring down provision described below, how accurate must the fundamental representations and warranties be?

Option A: Accurate under a selectively applied materiality standard (i.e., hybrid approach)
Option B: Accurate in all material respects
Option C: Accurate in all respects without qualification

Merger Agreement Excerpts:

Excerpt 1 (Section 8.7 Fundamental Representations): ""The representations and warranties of the Company set forth in Articles II and III shall be deemed to be true and correct as of the Closing Date, as if made contemporaneously, without any adjustment for immaterial deviations.""

Excerpt 2 (Section 9.1 Compliance Clause): ""Notwithstanding the foregoing, all representations and warranties referenced in Section 8.7, except those specifically qualified by a de minimis threshold, shall be true and correct in all material respects as of the Closing Date. Any failures that do not reasonably indicate a material adverse effect shall not be deemed a breach of this provision.""

Answer:
Choices: ","Fail","Answer the following multiple choice question. The entire content of your response should be of the following format: 'ANSWER: $LETTER' (without quotes) where LETTER is one of {letters}.

{question}

{choices}

Instruction: Read the segments of a merger agreement and answer the multiple-choice question by choosing the option that best characterizes the agreement.

Question: How accurate must the fundamental representations and warranties be according to the bring down provision?

Option A: Accurate at an alternative materiality threshold (e.g., hybrid standard)
Option B: Accurate in all material respects
Option C: Accurate in all respects

Merger Agreement Excerpt One: Section 6.3. In order to facilitate the closing of the transaction, all representations and warranties set forth in Schedule 5 shall be conclusive and remain true and correct as of the Closing Date, without modification or qualification, irrespective of any intervening events. (Page 47)

Merger Agreement Excerpt Two: Section 8.5. Notwithstanding the foregoing, except for isolated non-material discrepancies, all other representations and warranties described herein shall be valid and deemed to be accurate in all respects as though made at the Closing, with any deviation considered permissible only if it does not result in an aggregate adverse effect on the Company's financial condition. (Page 68)
Choices: "
"92","Answer the following multiple choice question. The entire content of your response should be of the following format: 'ANSWER: $LETTER' (without quotes) where LETTER is one of {letters}.

{question}

{choices}

Instruction: Read the following segments of a merger agreement and answer the question by choosing the option that best characterizes the required accuracy for the fundamental representations and warranties.

Question: How accurate must the fundamental representations and warranties be according to the bringdown provision?
Option A: Accurate at another materiality standard (e.g., hybrid assessment)
Option B: Accurate in all material respects
Option C: Accurate in all respects

Merger Agreement: Section 5.4 – Fundamental Representations. Except as expressly designated in Exhibit B as non-fundamental, all representations and warranties of the Subsidiary shall be true and correct as of the date of this Agreement and as of the Closing Date, as if made at and as of such date, and shall be rendered without regard to any materiality thresholds or customary qualifications, except for those representations specifically tied to enumerated factual dates.

Merger Agreement: Section 10.2 – Additional Conditions. Representations and warranties not identified as fundamental herein shall be deemed satisfied if they are true and correct in all material respects at the Closing Date, allowing for minor discrepancies that do not cumulatively result in an adverse effect.

Answer:
Choices: ","Fail","Answer the following multiple choice question. The entire content of your response should be of the following format: 'ANSWER: $LETTER' (without quotes) where LETTER is one of {letters}.

{question}

{choices}

Instruction: Read the segments of a merger agreement and answer the multiple-choice question by choosing the option that best characterizes the agreement.

Question: How accurate must the fundamental representations and warranties be according to the bring down provision?

Option A: Accurate at an alternative materiality threshold (e.g., hybrid standard)
Option B: Accurate in all material respects
Option C: Accurate in all respects

Merger Agreement Excerpt One: Section 6.3. In order to facilitate the closing of the transaction, all representations and warranties set forth in Schedule 5 shall be conclusive and remain true and correct as of the Closing Date, without modification or qualification, irrespective of any intervening events. (Page 47)

Merger Agreement Excerpt Two: Section 8.5. Notwithstanding the foregoing, except for isolated non-material discrepancies, all other representations and warranties described herein shall be valid and deemed to be accurate in all respects as though made at the Closing, with any deviation considered permissible only if it does not result in an aggregate adverse effect on the Company's financial condition. (Page 68)
Choices: "
"93","Answer the following multiple choice question. The entire content of your response should be of the following format: 'ANSWER: $LETTER' (without quotes) where LETTER is one of {letters}.

{question}

{choices}

Instruction: Read the segment of a merger agreement and answer the multiple-choice question by choosing the option that best characterizes the accuracy requirement for the fundamental representations and warranties according to the bring down provision.

Question: How accurate must the fundamental representations and warranties be according to the bring down provision?
Option A: Accurate at another materiality standard (e.g., hybrid standard)
Option B: Accurate in all material respects
Option C: Accurate in all respects

Merger Agreement: 
Segment I – Article 9 – Conditions to the Obligations of Parent and Subsidiary. Section 9.2 states: ""The Company's representations and warranties set forth in Article 4 shall be true and correct at the Closing Date as if originally made on such date. Notwithstanding the foregoing, for any representation that does not specify a particular date, a modified, hybrid evaluation shall be applied whereby minor deviations that do not cumulatively give rise to a Company Material Adverse Effect are permitted.""

Merger Agreement: 
Segment II – Article 12 – Representations Review. Section 12.1 declares: ""All representations and warranties provided by the Company shall be deemed accurate in all respects at the Closing Date. However, deviations, which are individually or in aggregate de minimis and do not adversely affect the financial condition in a material way, may be excluded from the strict accuracy requirement.""

Choices: ","Fail","Answer the following multiple choice question. The entire content of your response should be of the following format: 'ANSWER: $LETTER' (without quotes) where LETTER is one of {letters}.

{question}

{choices}

Instruction: Read the segments of a merger agreement and answer the multiple-choice question by choosing the option that best characterizes the agreement.

Question: How accurate must the fundamental representations and warranties be according to the bring down provision?

Option A: Accurate at an alternative materiality threshold (e.g., hybrid standard)
Option B: Accurate in all material respects
Option C: Accurate in all respects

Merger Agreement Excerpt One: Section 6.3. In order to facilitate the closing of the transaction, all representations and warranties set forth in Schedule 5 shall be conclusive and remain true and correct as of the Closing Date, without modification or qualification, irrespective of any intervening events. (Page 47)

Merger Agreement Excerpt Two: Section 8.5. Notwithstanding the foregoing, except for isolated non-material discrepancies, all other representations and warranties described herein shall be valid and deemed to be accurate in all respects as though made at the Closing, with any deviation considered permissible only if it does not result in an aggregate adverse effect on the Company's financial condition. (Page 68)
Choices: "
"94","Answer the following multiple choice question. The entire content of your response should be of the following format: 'ANSWER: $LETTER' (without quotes) where LETTER is one of {letters}.

{question}

{choices}

Instruction: Read the following excerpts from a merger agreement and answer the multiple-choice question by selecting the option that best reflects the bring down standard for the accuracy of representations and warranties at the Closing Date.

Question: Based on the excerpts, how must the fundamental representations and warranties be accurate at the Closing Date?

Option A: They must be strictly accurate in all respects, with no materiality exceptions applied.
Option B: They may be accurate only in all material respects, allowing minor inaccuracies that do not affect materiality.
Option C: A hybrid standard applies: representations in Article II may have materiality exceptions, whereas representations in Article III must be strictly accurate in all respects.

Merger Agreement Excerpt 1 (Section 4.2 Conditions Concerning Fundamental Representations): ""The representations and warranties set forth in Articles II shall be accurate as of the Closing Date as if made on that date, provided that any deviation not meeting the Material Impact Criterion may be overlooked.""

Merger Agreement Excerpt 2 (Section 8.4 Additional Bring Down Conditions): ""All representations and warranties not included in Article II, specifically those in Article III, shall be true and correct in all respects as of the Closing Date, with no exceptions for materiality."" 
Answer:
Choices: ","Fail","Answer the following multiple choice question. The entire content of your response should be of the following format: 'ANSWER: $LETTER' (without quotes) where LETTER is one of {letters}.

{question}

{choices}

Instruction: Read the segments of a merger agreement and answer the multiple-choice question by choosing the option that best characterizes the agreement.

Question: How accurate must the fundamental representations and warranties be according to the bring down provision?

Option A: Accurate at an alternative materiality threshold (e.g., hybrid standard)
Option B: Accurate in all material respects
Option C: Accurate in all respects

Merger Agreement Excerpt One: Section 6.3. In order to facilitate the closing of the transaction, all representations and warranties set forth in Schedule 5 shall be conclusive and remain true and correct as of the Closing Date, without modification or qualification, irrespective of any intervening events. (Page 47)

Merger Agreement Excerpt Two: Section 8.5. Notwithstanding the foregoing, except for isolated non-material discrepancies, all other representations and warranties described herein shall be valid and deemed to be accurate in all respects as though made at the Closing, with any deviation considered permissible only if it does not result in an aggregate adverse effect on the Company's financial condition. (Page 68)
Choices: "
"95","Answer the following multiple choice question. The entire content of your response should be of the following format: 'ANSWER: $LETTER' (without quotes) where LETTER is one of {letters}.

{question}

{choices}

Instruction: Read the following segments from a merger agreement and answer the question by choosing the option that best characterizes the accuracy standard for the fundamental representations and warranties.

Question: How accurate must the fundamental representations and warranties be according to the bring down provision?

Option A: Accurate in all respects
Option B: Accurate in all material respects
Option C: Accurate at another materiality standard (e.g., hybrid standard)

Merger Agreement Excerpts:
Segment I (Section 4.1 – Fundamental Representations and Warranties):
""The Company's fundamental representations and warranties, as set forth in Section 4, shall be true and correct as of the Closing Date. However, it is expressly provided that only inaccuracies that are material in nature shall be deemed to constitute a failure of this provision. Minor or immaterial discrepancies shall not be considered breaches.""

Segment II (Section 10.2 – Other Representations and Warranties):
""All other representations and warranties, not defined as fundamental herein, shall be true and correct in every respect as of the Closing Date, without exception or qualification.""

Based solely on the language used in Segment I, determine the appropriate standard of accuracy for the Company's fundamental representations and warranties.
Choices: ","Fail","Answer the following multiple choice question. The entire content of your response should be of the following format: 'ANSWER: $LETTER' (without quotes) where LETTER is one of {letters}.

{question}

{choices}

Instruction: Read the segments of a merger agreement and answer the multiple-choice question by choosing the option that best characterizes the agreement.

Question: How accurate must the fundamental representations and warranties be according to the bring down provision?

Option A: Accurate at an alternative materiality threshold (e.g., hybrid standard)
Option B: Accurate in all material respects
Option C: Accurate in all respects

Merger Agreement Excerpt One: Section 6.3. In order to facilitate the closing of the transaction, all representations and warranties set forth in Schedule 5 shall be conclusive and remain true and correct as of the Closing Date, without modification or qualification, irrespective of any intervening events. (Page 47)

Merger Agreement Excerpt Two: Section 8.5. Notwithstanding the foregoing, except for isolated non-material discrepancies, all other representations and warranties described herein shall be valid and deemed to be accurate in all respects as though made at the Closing, with any deviation considered permissible only if it does not result in an aggregate adverse effect on the Company's financial condition. (Page 68)
Choices: "
"96","Answer the following multiple choice question. The entire content of your response should be of the following format: 'ANSWER: $LETTER' (without quotes) where LETTER is one of {letters}.

{question}

{choices}

Instruction: Read the segment of a merger agreement and answer the multiple-choice question by choosing the option that best characterizes the agreement.

Question: How accurate must the fundamental representations and warranties be according to the bring down provision?
Option A: Accurate at a blended material standard (e.g., incorporating both de minimis and absolute measures)
Option B: Accurate in all material respects
Option C: Accurate in all respects

Merger Agreement Excerpt 1: ""Non-material Representations: Notwithstanding any prior qualification, each representation and warranty provided herein shall be fully true and correct, except for any de minimis inaccuracies that are expressly acknowledged. At the Closing, these representations shall be restated as having been complete and without material omissions.""

Merger Agreement Excerpt 2: ""Core Warranties: The representations and warranties deemed core and unqualified under this Agreement must be verified as true and correct in a comprehensive manner as of the Effective Date and as at the Closing, thereby requiring absolute accuracy without allowance for even minor deviations unless explicitly stated otherwise.""
Choices: ","Fail","Answer the following multiple choice question. The entire content of your response should be of the following format: 'ANSWER: $LETTER' (without quotes) where LETTER is one of {letters}.

{question}

{choices}

Instruction: Read the segments of a merger agreement and answer the multiple-choice question by choosing the option that best characterizes the agreement.

Question: How accurate must the fundamental representations and warranties be according to the bring down provision?

Option A: Accurate at an alternative materiality threshold (e.g., hybrid standard)
Option B: Accurate in all material respects
Option C: Accurate in all respects

Merger Agreement Excerpt One: Section 6.3. In order to facilitate the closing of the transaction, all representations and warranties set forth in Schedule 5 shall be conclusive and remain true and correct as of the Closing Date, without modification or qualification, irrespective of any intervening events. (Page 47)

Merger Agreement Excerpt Two: Section 8.5. Notwithstanding the foregoing, except for isolated non-material discrepancies, all other representations and warranties described herein shall be valid and deemed to be accurate in all respects as though made at the Closing, with any deviation considered permissible only if it does not result in an aggregate adverse effect on the Company's financial condition. (Page 68)
Choices: "
"97","Answer the following multiple choice question. The entire content of your response should be of the following format: 'ANSWER: $LETTER' (without quotes) where LETTER is one of {letters}.

{question}

{choices}

Instruction: Read the segment of a merger agreement and answer the multiple-choice question by choosing the option that best characterizes the required accuracy for the fundamental representations and warranties.

Question: How accurate must the fundamental representations and warranties be according to the bring down provision?

Option A: Accurate at another materiality standard (e.g., hybrid standard)
Option B: Accurate in all material respects
Option C: Accurate in all respects

Merger Agreement Excerpt 1: Section 4.5 – Representations and Warranties. The Company’s fundamental representations, as specified in Article II, shall be true and correct at the Closing as if made contemporaneously, with the understanding that any error which is purely clerical or technical and does not impact the underlying substance of the representation shall not be considered a deviation from this requirement. (Page 28)

Merger Agreement Excerpt 2: Section 8.7 – Conditions Precedent. For the successful consummation of the Transaction, each fundamental representation in Article II must be true and correct as of the Closing Date. Notwithstanding the foregoing, if any deviation is found to be immaterial – defined herein as not exceeding a deviation threshold of 2% and not resulting in any Material Adverse Effect – such deviation will not result in a breach of this provision. (Page 53)
Choices: ","Fail","Answer the following multiple choice question. The entire content of your response should be of the following format: 'ANSWER: $LETTER' (without quotes) where LETTER is one of {letters}.

{question}

{choices}

Instruction: Read the segments of a merger agreement and answer the multiple-choice question by choosing the option that best characterizes the agreement.

Question: How accurate must the fundamental representations and warranties be according to the bring down provision?

Option A: Accurate at an alternative materiality threshold (e.g., hybrid standard)
Option B: Accurate in all material respects
Option C: Accurate in all respects

Merger Agreement Excerpt One: Section 6.3. In order to facilitate the closing of the transaction, all representations and warranties set forth in Schedule 5 shall be conclusive and remain true and correct as of the Closing Date, without modification or qualification, irrespective of any intervening events. (Page 47)

Merger Agreement Excerpt Two: Section 8.5. Notwithstanding the foregoing, except for isolated non-material discrepancies, all other representations and warranties described herein shall be valid and deemed to be accurate in all respects as though made at the Closing, with any deviation considered permissible only if it does not result in an aggregate adverse effect on the Company's financial condition. (Page 68)
Choices: "
"98","Answer the following multiple choice question. The entire content of your response should be of the following format: 'ANSWER: $LETTER' (without quotes) where LETTER is one of {letters}.

{question}

{choices}

Instruction: Read the segment of a merger agreement and answer the multiple-choice question by choosing the option that best characterizes the accuracy requirement under the bring down provision.
Question: How accurate must the fundamental representations and warranties be according to the bring down provision?
Option A: Accurate at another materiality standard (e.g., hybrid standard)
Option B: Accurate in all material respects
Option C: Accurate in all respects

Merger Agreement: Section 4.7 - Conditions Precedent to Closing. The Company’s fundamental representations and warranties set forth in Article III shall be true and correct as of the Effective Closing Date, except that any minor discrepancies that do not have a material adverse impact on the overall financial condition of the Company may be permitted, provided such discrepancies are immaterial.
Merger Agreement: Section 10.4 - Verification. For representations and warranties that are not expressly limited by timeframe, the standard is that they must be accurate in all respects as of the Closing Date, with the sole exception that deviations deemed immaterial as disclosed herein will not constitute a breach.

Choices: ","Fail","Answer the following multiple choice question. The entire content of your response should be of the following format: 'ANSWER: $LETTER' (without quotes) where LETTER is one of {letters}.

{question}

{choices}

Instruction: Read the segments of a merger agreement and answer the multiple-choice question by choosing the option that best characterizes the agreement.

Question: How accurate must the fundamental representations and warranties be according to the bring down provision?

Option A: Accurate at an alternative materiality threshold (e.g., hybrid standard)
Option B: Accurate in all material respects
Option C: Accurate in all respects

Merger Agreement Excerpt One: Section 6.3. In order to facilitate the closing of the transaction, all representations and warranties set forth in Schedule 5 shall be conclusive and remain true and correct as of the Closing Date, without modification or qualification, irrespective of any intervening events. (Page 47)

Merger Agreement Excerpt Two: Section 8.5. Notwithstanding the foregoing, except for isolated non-material discrepancies, all other representations and warranties described herein shall be valid and deemed to be accurate in all respects as though made at the Closing, with any deviation considered permissible only if it does not result in an aggregate adverse effect on the Company's financial condition. (Page 68)
Choices: "
"99","Answer the following multiple choice question. The entire content of your response should be of the following format: 'ANSWER: $LETTER' (without quotes) where LETTER is one of {letters}.

{question}

{choices}

Instruction: Read the following segments of a merger agreement and answer the multiple-choice question by choosing the option that best characterizes the accuracy requirement of the fundamental representations and warranties under the bring down provision.

Question: How accurate must the fundamental representations and warranties be according to the bring down provision?
Option A: Accurate at another materiality standard (e.g., hybrid standard)
Option B: Accurate in all material respects
Option C: Accurate in all respects

Merger Agreement, Section 9.4: ""The representations and warranties contained in Article VI shall be true and correct as of the Closing Date without any modifications or qualifications, except as provided in clause (f) which permits incidental errors that do not breach the defined materiality threshold.""

Merger Agreement, Section 3.2: ""Each fundamental representation and warranty shall remain accurate in all material respects as of both the Agreement Date and the Closing Date, with the understanding that minor clerical variances that do not impact the overall substance shall not constitute a breach.""

Merger Agreement, Exhibit D: ""For the purposes of this Agreement, any deviation from absolute accuracy is subject solely to the exceptions explicitly mentioned herein, thereby establishing a framework that tolerates non-material discrepancies only where pre-defined.""

Choices: ","Fail","Answer the following multiple choice question. The entire content of your response should be of the following format: 'ANSWER: $LETTER' (without quotes) where LETTER is one of {letters}.

{question}

{choices}

Instruction: Read the segments of a merger agreement and answer the multiple-choice question by choosing the option that best characterizes the agreement.

Question: How accurate must the fundamental representations and warranties be according to the bring down provision?

Option A: Accurate at an alternative materiality threshold (e.g., hybrid standard)
Option B: Accurate in all material respects
Option C: Accurate in all respects

Merger Agreement Excerpt One: Section 6.3. In order to facilitate the closing of the transaction, all representations and warranties set forth in Schedule 5 shall be conclusive and remain true and correct as of the Closing Date, without modification or qualification, irrespective of any intervening events. (Page 47)

Merger Agreement Excerpt Two: Section 8.5. Notwithstanding the foregoing, except for isolated non-material discrepancies, all other representations and warranties described herein shall be valid and deemed to be accurate in all respects as though made at the Closing, with any deviation considered permissible only if it does not result in an aggregate adverse effect on the Company's financial condition. (Page 68)
Choices: "
"100","Answer the following multiple choice question. The entire content of your response should be of the following format: 'ANSWER: $LETTER' (without quotes) where LETTER is one of {letters}.

{question}

{choices}

Instruction: Read the following excerpts from an acquisition agreement and answer the multiple-choice question by choosing the option that best characterizes the required accuracy of the fundamental representations and warranties according to the bring down provision.

Question: How accurate must the fundamental representations and warranties be according to the bring down provision?
Option A: Accurate at an alternative materiality threshold (e.g., employing a two-tier hybrid standard)
Option B: Accurate in all material respects, allowing immaterial inaccuracies
Option C: Accurate in all respects, with zero tolerance for any deviation

Merger Agreement:
Excerpt 1 (Clause 3.5): 'Each fundamental representation and warranty made by the Seller shall be deemed as true and correct as of the Effective Closing Date. Notwithstanding the foregoing, any discrepancies that are minor and not expected to affect the operational integrity or overall valuation of the business shall be considered immaterial.'

Excerpt 2 (Clause 8.9): 'For the purpose of satisfying the Conditions to Closing, all representations and warranties shall be verified as if made on the Closing Date. In doing so, parties shall disregard any qualifiers related to materiality, except where a deviation, individually or in the aggregate, would cause a material adverse impact on the business.'
Choices: ","Fail","Answer the following multiple choice question. The entire content of your response should be of the following format: 'ANSWER: $LETTER' (without quotes) where LETTER is one of {letters}.

{question}

{choices}

Instruction: Read the segments of a merger agreement and answer the multiple-choice question by choosing the option that best characterizes the agreement.

Question: How accurate must the fundamental representations and warranties be according to the bring down provision?

Option A: Accurate at an alternative materiality threshold (e.g., hybrid standard)
Option B: Accurate in all material respects
Option C: Accurate in all respects

Merger Agreement Excerpt One: Section 6.3. In order to facilitate the closing of the transaction, all representations and warranties set forth in Schedule 5 shall be conclusive and remain true and correct as of the Closing Date, without modification or qualification, irrespective of any intervening events. (Page 47)

Merger Agreement Excerpt Two: Section 8.5. Notwithstanding the foregoing, except for isolated non-material discrepancies, all other representations and warranties described herein shall be valid and deemed to be accurate in all respects as though made at the Closing, with any deviation considered permissible only if it does not result in an aggregate adverse effect on the Company's financial condition. (Page 68)
Choices: "
"101","Answer the following multiple choice question. The entire content of your response should be of the following format: 'ANSWER: $LETTER' (without quotes) where LETTER is one of {letters}.

{question}

{choices}

Instruction: Read the segment of a merger agreement and answer the multiple-choice question by choosing the option that best characterizes the agreement.
Question: How accurate must the fundamental representations and warranties be according to the bring down provision?
Option A: Accurate at another materiality standard (e.g., hybrid standard)
Option B: Accurate in all material respects
Option C: Accurate in all respects

Merger Agreement: Section 8.4 – Representations and Warranties (Fundamental Reps): The Target’s representations and warranties set forth in Article V shall be true and correct at the Closing Date as if made on such date; however, any deviations that, individually or in the aggregate, do not reasonably affect the Target’s overall economic or operational condition shall not be deemed a breach.

Merger Agreement: Section 12.4 – Conditions Precedent (Additional Reps): In contrast, the additional representations and warranties not included in Article V must be true and correct in all respects at the Effective Time, without any qualification with respect to materiality.
Answer:
Choices: ","Fail","Answer the following multiple choice question. The entire content of your response should be of the following format: 'ANSWER: $LETTER' (without quotes) where LETTER is one of {letters}.

{question}

{choices}

Instruction: Read the segments of a merger agreement and answer the multiple-choice question by choosing the option that best characterizes the agreement.

Question: How accurate must the fundamental representations and warranties be according to the bring down provision?

Option A: Accurate at an alternative materiality threshold (e.g., hybrid standard)
Option B: Accurate in all material respects
Option C: Accurate in all respects

Merger Agreement Excerpt One: Section 6.3. In order to facilitate the closing of the transaction, all representations and warranties set forth in Schedule 5 shall be conclusive and remain true and correct as of the Closing Date, without modification or qualification, irrespective of any intervening events. (Page 47)

Merger Agreement Excerpt Two: Section 8.5. Notwithstanding the foregoing, except for isolated non-material discrepancies, all other representations and warranties described herein shall be valid and deemed to be accurate in all respects as though made at the Closing, with any deviation considered permissible only if it does not result in an aggregate adverse effect on the Company's financial condition. (Page 68)
Choices: "
"102","Answer the following multiple choice question. The entire content of your response should be of the following format: 'ANSWER: $LETTER' (without quotes) where LETTER is one of {letters}.

{question}

{choices}

Instruction: Read the segment of a merger agreement and answer the multiple-choice question by choosing the option that best characterizes the agreement.
Question: How accurate must the fundamental representations and warranties be according to the bring down provision?
Option A: Accurate at another materiality standard (e.g., hybrid standard)
Option B: Accurate in all material respects
Option C: Accurate in all respects

Merger Agreement Segment 1: Clause 9.1 Conditions Precedent: The scheduled merger is contingent on all representations and warranties of the Firm set forth in Article IV being true and correct as of both the Effective Date and the Closing Date, with an allowance for any minor deviations that are not expected to have a significant impact on the overall obligations under this Agreement. (Page 32)

Merger Agreement Segment 2: Clause 12.3 Certainty of Representations: Notwithstanding any materiality qualifiers noted elsewhere, the parties agree that every representation and warranty detailed in Exhibit A shall be deemed true and correct in their entirety as of the Closing Date, except that discrepancies which do not result in any substantial detrimental effect on the Firm's performance or operations may be disregarded. (Page 45)
Choices: ","Fail","Answer the following multiple choice question. The entire content of your response should be of the following format: 'ANSWER: $LETTER' (without quotes) where LETTER is one of {letters}.

{question}

{choices}

Instruction: Read the segments of a merger agreement and answer the multiple-choice question by choosing the option that best characterizes the agreement.

Question: How accurate must the fundamental representations and warranties be according to the bring down provision?

Option A: Accurate at an alternative materiality threshold (e.g., hybrid standard)
Option B: Accurate in all material respects
Option C: Accurate in all respects

Merger Agreement Excerpt One: Section 6.3. In order to facilitate the closing of the transaction, all representations and warranties set forth in Schedule 5 shall be conclusive and remain true and correct as of the Closing Date, without modification or qualification, irrespective of any intervening events. (Page 47)

Merger Agreement Excerpt Two: Section 8.5. Notwithstanding the foregoing, except for isolated non-material discrepancies, all other representations and warranties described herein shall be valid and deemed to be accurate in all respects as though made at the Closing, with any deviation considered permissible only if it does not result in an aggregate adverse effect on the Company's financial condition. (Page 68)
Choices: "
"103","Answer the following multiple choice question. The entire content of your response should be of the following format: 'ANSWER: $LETTER' (without quotes) where LETTER is one of {letters}.

{question}

{choices}

Instruction: Read the following segment of a merger agreement and answer the multiple-choice question by choosing the option that best characterizes the agreement.
Question: How accurate must the fundamental representations and warranties be according to the bring down provision?
Option A: Accurate at another materiality standard (e.g., hybrid standard)
Option B: Accurate in all material respects
Option C: Accurate in all respects

Merger Agreement Extract: Section 8.4 Accuracy of Fundamental Representations. The fundamental representations and warranties of the Company set forth in Section 2.1 shall be true and correct as of the Closing Date, as if made on that date, except that any deviations which are quantitatively negligible (deemed de minimis) shall be disregarded in determining compliance. Notably, all non-fundamental representations shall be required to be strictly true and correct without any exceptions. (Page 103)
Answer:
Choices: ","Fail","Answer the following multiple choice question. The entire content of your response should be of the following format: 'ANSWER: $LETTER' (without quotes) where LETTER is one of {letters}.

{question}

{choices}

Instruction: Read the segments of a merger agreement and answer the multiple-choice question by choosing the option that best characterizes the agreement.

Question: How accurate must the fundamental representations and warranties be according to the bring down provision?

Option A: Accurate at an alternative materiality threshold (e.g., hybrid standard)
Option B: Accurate in all material respects
Option C: Accurate in all respects

Merger Agreement Excerpt One: Section 6.3. In order to facilitate the closing of the transaction, all representations and warranties set forth in Schedule 5 shall be conclusive and remain true and correct as of the Closing Date, without modification or qualification, irrespective of any intervening events. (Page 47)

Merger Agreement Excerpt Two: Section 8.5. Notwithstanding the foregoing, except for isolated non-material discrepancies, all other representations and warranties described herein shall be valid and deemed to be accurate in all respects as though made at the Closing, with any deviation considered permissible only if it does not result in an aggregate adverse effect on the Company's financial condition. (Page 68)
Choices: "
"104","Answer the following multiple choice question. The entire content of your response should be of the following format: 'ANSWER: $LETTER' (without quotes) where LETTER is one of {letters}.

{question}

{choices}

Instruction: Read the following excerpts from a complex corporate merger agreement and select the option that best characterizes the required accuracy for the fundamental representations and warranties according to the bring down provision.

Question: How accurate must the fundamental representations and warranties be according to the bring down provision?
Option A: Accurate at another materiality standard (e.g., hybrid standard)
Option B: Accurate in all material respects
Option C: Accurate in all respects

Merger Agreement Excerpt 1: Section 12.1 Preliminary Conditions. The representations and warranties of the Target detailed in Appendix B shall be true and correct as of the date hereof and as of the Closing Date; however, minor non-material deviations arising from ordinary business fluctuations shall not be deemed a breach under this provision (Page 77).

Merger Agreement Excerpt 2: Section 15.4 Conditions to Closing. Notwithstanding any allowances provided elsewhere, each fundamental representation and warranty set forth in Article VII is required to be true and correct in all aspects without qualification for materiality. Any deviation, regardless of its assessed materiality, shall be deemed non-compliant unless it is solely attributable to a clerical error that poses no risk of causing a Material Adverse Effect (Page 112).
Choices: ","Fail","Answer the following multiple choice question. The entire content of your response should be of the following format: 'ANSWER: $LETTER' (without quotes) where LETTER is one of {letters}.

{question}

{choices}

Instruction: Read the segments of a merger agreement and answer the multiple-choice question by choosing the option that best characterizes the agreement.

Question: How accurate must the fundamental representations and warranties be according to the bring down provision?

Option A: Accurate at an alternative materiality threshold (e.g., hybrid standard)
Option B: Accurate in all material respects
Option C: Accurate in all respects

Merger Agreement Excerpt One: Section 6.3. In order to facilitate the closing of the transaction, all representations and warranties set forth in Schedule 5 shall be conclusive and remain true and correct as of the Closing Date, without modification or qualification, irrespective of any intervening events. (Page 47)

Merger Agreement Excerpt Two: Section 8.5. Notwithstanding the foregoing, except for isolated non-material discrepancies, all other representations and warranties described herein shall be valid and deemed to be accurate in all respects as though made at the Closing, with any deviation considered permissible only if it does not result in an aggregate adverse effect on the Company's financial condition. (Page 68)
Choices: "
"105","Answer the following multiple choice question. The entire content of your response should be of the following format: 'ANSWER: $LETTER' (without quotes) where LETTER is one of {letters}.

{question}

{choices}

Instruction: Read the segments of the merger agreement and answer the multiple-choice question by selecting the option that best describes the accuracy standard for fundamental representations and warranties on the Closing Date.

Question: Considering the following agreement clauses, what is the appropriate standard for the accuracy of the fundamental representations and warranties on the Closing Date?

Option A: Representations must be strictly accurate in every detail, with no tolerance for any exceptions.
Option B: Representations must be substantially accurate, allowing minor exceptions if they do not exert a material impact on the Company.
Option C: Representations must be verified on both the Agreement Date and the Closing Date, and for the fundamental representations, any error must be corrected regardless of its materiality, effectively requiring complete accuracy.

Merger Agreement Excerpts:
Clause 5.4: All representations and warranties in Article II shall be accurate as of the Agreement Date and must be materially accurate as of the Closing Date. Minor deviations that do not influence a reasonable investor's decision may be overlooked, except for those identified as fundamental representations.

Clause 12.3: The Company's Fundamental Representations set forth in Schedule D are to be generated as if made on the Closing Date. For these Fundamental Representations, any discrepancies, irrespective of their materiality, are subject to immediate correction, with the sole exception of explicitly transitional anomalies.

Your answer should reflect the integrated standard as imposed by these clauses.
Choices: ","Fail","Answer the following multiple choice question. The entire content of your response should be of the following format: 'ANSWER: $LETTER' (without quotes) where LETTER is one of {letters}.

{question}

{choices}

Instruction: Read the segments of a merger agreement and answer the multiple-choice question by choosing the option that best characterizes the agreement.

Question: How accurate must the fundamental representations and warranties be according to the bring down provision?

Option A: Accurate at an alternative materiality threshold (e.g., hybrid standard)
Option B: Accurate in all material respects
Option C: Accurate in all respects

Merger Agreement Excerpt One: Section 6.3. In order to facilitate the closing of the transaction, all representations and warranties set forth in Schedule 5 shall be conclusive and remain true and correct as of the Closing Date, without modification or qualification, irrespective of any intervening events. (Page 47)

Merger Agreement Excerpt Two: Section 8.5. Notwithstanding the foregoing, except for isolated non-material discrepancies, all other representations and warranties described herein shall be valid and deemed to be accurate in all respects as though made at the Closing, with any deviation considered permissible only if it does not result in an aggregate adverse effect on the Company's financial condition. (Page 68)
Choices: "
"106","Answer the following multiple choice question. The entire content of your response should be of the following format: 'ANSWER: $LETTER' (without quotes) where LETTER is one of {letters}.

{question}

{choices}

Instruction: Read the following excerpts from a merger agreement and answer the multiple-choice question by choosing the option that best characterizes the accuracy standard for the fundamental representations and warranties under the bring down provision.

Question: How accurate must the fundamental representations and warranties be according to the bring down provision?
Option A: Accurate at another materiality standard (e.g., hybrid standard)
Option B: Accurate in all material respects
Option C: Accurate in all respects

Merger Agreement Excerpt 1: ""As a condition to closing, the Seller's representations and warranties set forth in Section 4 shall be true and correct as of the Closing Date as if made on and as of that date, without regard to any standard of materiality except where explicitly provided otherwise.""

Merger Agreement Excerpt 2: ""Notwithstanding the foregoing, the Seller further represents that aside from express carve-outs addressing non-material breaches, any deviation from accuracy, however minor, shall be deemed unacceptable unless it can be demonstrated that such deviation would not reasonably be expected to have a material impact on the overall transaction.""

Based on the above, what is the required standard of accuracy for the fundamental representations and warranties?
Choices: ","Fail","Answer the following multiple choice question. The entire content of your response should be of the following format: 'ANSWER: $LETTER' (without quotes) where LETTER is one of {letters}.

{question}

{choices}

Instruction: Read the segments of a merger agreement and answer the multiple-choice question by choosing the option that best characterizes the agreement.

Question: How accurate must the fundamental representations and warranties be according to the bring down provision?

Option A: Accurate at an alternative materiality threshold (e.g., hybrid standard)
Option B: Accurate in all material respects
Option C: Accurate in all respects

Merger Agreement Excerpt One: Section 6.3. In order to facilitate the closing of the transaction, all representations and warranties set forth in Schedule 5 shall be conclusive and remain true and correct as of the Closing Date, without modification or qualification, irrespective of any intervening events. (Page 47)

Merger Agreement Excerpt Two: Section 8.5. Notwithstanding the foregoing, except for isolated non-material discrepancies, all other representations and warranties described herein shall be valid and deemed to be accurate in all respects as though made at the Closing, with any deviation considered permissible only if it does not result in an aggregate adverse effect on the Company's financial condition. (Page 68)
Choices: "
"107","Answer the following multiple choice question. The entire content of your response should be of the following format: 'ANSWER: $LETTER' (without quotes) where LETTER is one of {letters}.

{question}

{choices}

Instruction: Read the following segments of a merger agreement and answer the multiple-choice question by choosing the option that best characterizes the bring down standard applied to the fundamental representations and warranties.

Question: According to the combined provisions of the agreement, how accurate must the fundamental representations and warranties be?

Option A: Accurate at another materiality standard (e.g., hybrid standard)
Option B: Accurate in all material respects
Option C: Accurate in all respects

Merger Agreement, Section 5.4 Conditions Precedent: ""The Company certifies that each representation and warranty set forth in Article VII shall be true and accurate in all material respects as of the Effective Date and at Closing. Deviations shall only be considered in light of material thresholds as specified in Schedule A, ensuring that only material discrepancies will affect the transaction.""

Merger Agreement, Section 9.12 Conditions to Completion: ""Notwithstanding any reference to absolute accuracy elsewhere, for representations defined as fundamental under Section 2.1, the Company’s representations and warranties are required to be accurate only in all material respects, thereby allowing non-material exceptions without affecting their validity.""
Choices: ","Fail","Answer the following multiple choice question. The entire content of your response should be of the following format: 'ANSWER: $LETTER' (without quotes) where LETTER is one of {letters}.

{question}

{choices}

Instruction: Read the segments of a merger agreement and answer the multiple-choice question by choosing the option that best characterizes the agreement.

Question: How accurate must the fundamental representations and warranties be according to the bring down provision?

Option A: Accurate at an alternative materiality threshold (e.g., hybrid standard)
Option B: Accurate in all material respects
Option C: Accurate in all respects

Merger Agreement Excerpt One: Section 6.3. In order to facilitate the closing of the transaction, all representations and warranties set forth in Schedule 5 shall be conclusive and remain true and correct as of the Closing Date, without modification or qualification, irrespective of any intervening events. (Page 47)

Merger Agreement Excerpt Two: Section 8.5. Notwithstanding the foregoing, except for isolated non-material discrepancies, all other representations and warranties described herein shall be valid and deemed to be accurate in all respects as though made at the Closing, with any deviation considered permissible only if it does not result in an aggregate adverse effect on the Company's financial condition. (Page 68)
Choices: "
"108","Answer the following multiple choice question. The entire content of your response should be of the following format: 'ANSWER: $LETTER' (without quotes) where LETTER is one of {letters}.

{question}

{choices}

Instruction: Read the segment of a merger agreement and answer the multiple-choice question by choosing the option that best characterizes the agreement.
Question: How accurate must the fundamental representations and warranties be according to the bring down provision?
Option A: Accurate at another materiality standard (e.g., hybrid standard)
Option B: Accurate in all material respects
Option C: Accurate in all respects

Merger Agreement: Section 4.1 Conditions to Closing. The Company's representations and warranties, as listed in Schedule 2, shall be true and correct as of the Closing Date. Notwithstanding any language regarding materiality, these representations and warranties shall be assessed with the same severity as if no materiality qualifiers were present.

Merger Agreement: Section 9.5 Supplementary Representations. Each representation and warranty, except those expressly designated to include a materiality qualifier, shall be true and correct as of both the Effective Date and the Closing Date, save for any minor irregularities that, individually or in aggregate, do not result in a Total Adverse Impact on the Company’s fundamental operations.
Choices: ","Fail","Answer the following multiple choice question. The entire content of your response should be of the following format: 'ANSWER: $LETTER' (without quotes) where LETTER is one of {letters}.

{question}

{choices}

Instruction: Read the segments of a merger agreement and answer the multiple-choice question by choosing the option that best characterizes the agreement.

Question: How accurate must the fundamental representations and warranties be according to the bring down provision?

Option A: Accurate at an alternative materiality threshold (e.g., hybrid standard)
Option B: Accurate in all material respects
Option C: Accurate in all respects

Merger Agreement Excerpt One: Section 6.3. In order to facilitate the closing of the transaction, all representations and warranties set forth in Schedule 5 shall be conclusive and remain true and correct as of the Closing Date, without modification or qualification, irrespective of any intervening events. (Page 47)

Merger Agreement Excerpt Two: Section 8.5. Notwithstanding the foregoing, except for isolated non-material discrepancies, all other representations and warranties described herein shall be valid and deemed to be accurate in all respects as though made at the Closing, with any deviation considered permissible only if it does not result in an aggregate adverse effect on the Company's financial condition. (Page 68)
Choices: "
"109","Answer the following multiple choice question. The entire content of your response should be of the following format: 'ANSWER: $LETTER' (without quotes) where LETTER is one of {letters}.

{question}

{choices}

Instruction: Read the segment of a merger agreement and answer the multiple-choice question by choosing the option that best characterizes the agreement.
Question: According to the bring down provision, how accurate must the Company's fundamental representations and warranties be?
Option A: Accurate at another materiality standard (e.g., hybrid standard)
Option B: Accurate in all material respects
Option C: Accurate in all respects

Merger Agreement: Section 4.3 Conditions Precedent. The Company's fundamental representations and warranties, as set forth in Article IV, shall be deemed true and correct as of the Closing Date. Notwithstanding the above, any factual discrepancies that do not result in a material adverse effect on the overall condition of the Company shall not be considered breaches of this provision. Accordingly, for all intents and purposes, the representations are to be treated as if made at the Closing Date, with the allowance for only non-material exceptions.
Choices: ","Fail","Answer the following multiple choice question. The entire content of your response should be of the following format: 'ANSWER: $LETTER' (without quotes) where LETTER is one of {letters}.

{question}

{choices}

Instruction: Read the segments of a merger agreement and answer the multiple-choice question by choosing the option that best characterizes the agreement.

Question: How accurate must the fundamental representations and warranties be according to the bring down provision?

Option A: Accurate at an alternative materiality threshold (e.g., hybrid standard)
Option B: Accurate in all material respects
Option C: Accurate in all respects

Merger Agreement Excerpt One: Section 6.3. In order to facilitate the closing of the transaction, all representations and warranties set forth in Schedule 5 shall be conclusive and remain true and correct as of the Closing Date, without modification or qualification, irrespective of any intervening events. (Page 47)

Merger Agreement Excerpt Two: Section 8.5. Notwithstanding the foregoing, except for isolated non-material discrepancies, all other representations and warranties described herein shall be valid and deemed to be accurate in all respects as though made at the Closing, with any deviation considered permissible only if it does not result in an aggregate adverse effect on the Company's financial condition. (Page 68)
Choices: "
"110","Answer the following multiple choice question. The entire content of your response should be of the following format: 'ANSWER: $LETTER' (without quotes) where LETTER is one of {letters}.

{question}

{choices}

Instruction: Read the following segments of a Purchase Agreement and answer the multiple-choice question by choosing the option that best describes the accuracy requirement for the fundamental representations and warranties as stated in the bring down provision.

Question: How accurate must the fundamental representations and warranties be under the bring down provision?

Option A: Accurate at another materiality standard (e.g., hybrid standard)
Option B: Accurate in all material respects
Option C: Accurate in all respects

Purchase Agreement Segment 1:
Section 8.1. Fundamental Representations and Warranties. The representations and warranties of the Seller set forth in Article IV shall be true, correct, and complete as of the Agreement Date and as of the Closing Date, as if made on and as of such dates, without giving effect to any qualification based on materiality, except that minor discrepancies which do not, individually or in the aggregate, lead to a Combined Material Adverse Effect shall not be deemed to invalidate such representations.

Purchase Agreement Segment 2:
Section 12.5. Additional Conditions. Notwithstanding any other provision of this Agreement, all fundamental representations and warranties must be unqualified and fully accurate at the time of Closing; for this purpose, any deviation, regardless of its material impact, shall be treated as a breach.

Answer:
Choices: ","Fail","Answer the following multiple choice question. The entire content of your response should be of the following format: 'ANSWER: $LETTER' (without quotes) where LETTER is one of {letters}.

{question}

{choices}

Instruction: Read the segments of a merger agreement and answer the multiple-choice question by choosing the option that best characterizes the agreement.

Question: How accurate must the fundamental representations and warranties be according to the bring down provision?

Option A: Accurate at an alternative materiality threshold (e.g., hybrid standard)
Option B: Accurate in all material respects
Option C: Accurate in all respects

Merger Agreement Excerpt One: Section 6.3. In order to facilitate the closing of the transaction, all representations and warranties set forth in Schedule 5 shall be conclusive and remain true and correct as of the Closing Date, without modification or qualification, irrespective of any intervening events. (Page 47)

Merger Agreement Excerpt Two: Section 8.5. Notwithstanding the foregoing, except for isolated non-material discrepancies, all other representations and warranties described herein shall be valid and deemed to be accurate in all respects as though made at the Closing, with any deviation considered permissible only if it does not result in an aggregate adverse effect on the Company's financial condition. (Page 68)
Choices: "
"111","Answer the following multiple choice question. The entire content of your response should be of the following format: 'ANSWER: $LETTER' (without quotes) where LETTER is one of {letters}.

{question}

{choices}

Instruction: Read the following two segments from a merger agreement and answer the multiple-choice question by choosing the option that best characterizes the accuracy required for the fundamental representations and warranties under the bring down provision.

Question: According to the bring down provision, how accurate must the fundamental representations and warranties be?

Option A: Accurate at another materiality standard (e.g., hybrid standard)
Option B: Accurate in all material respects
Option C: Accurate in all respects

Merger Agreement Excerpt 1: ""Section 5.04 – At the Closing Date, all fundamental representations and warranties set forth in Article V shall be true and correct as if made on the Closing Date, except that any deviation which does not, either singly or in aggregate, result in a tangible reduction in the Company's economic benefits shall be disregarded.""

Merger Agreement Excerpt 2: ""Section 7.11 – The Company represents and warrants that its fundamental statements described in Article VII are true and correct as of both the Effective Date and the Closing Date, as if stated on the Closing Date, provided that any inaccuracy not expected to lead to a material adverse effect, including substantial diminutions in value, will be excused.""
Choices: ","Fail","Answer the following multiple choice question. The entire content of your response should be of the following format: 'ANSWER: $LETTER' (without quotes) where LETTER is one of {letters}.

{question}

{choices}

Instruction: Read the segments of a merger agreement and answer the multiple-choice question by choosing the option that best characterizes the agreement.

Question: How accurate must the fundamental representations and warranties be according to the bring down provision?

Option A: Accurate at an alternative materiality threshold (e.g., hybrid standard)
Option B: Accurate in all material respects
Option C: Accurate in all respects

Merger Agreement Excerpt One: Section 6.3. In order to facilitate the closing of the transaction, all representations and warranties set forth in Schedule 5 shall be conclusive and remain true and correct as of the Closing Date, without modification or qualification, irrespective of any intervening events. (Page 47)

Merger Agreement Excerpt Two: Section 8.5. Notwithstanding the foregoing, except for isolated non-material discrepancies, all other representations and warranties described herein shall be valid and deemed to be accurate in all respects as though made at the Closing, with any deviation considered permissible only if it does not result in an aggregate adverse effect on the Company's financial condition. (Page 68)
Choices: "
"112","Answer the following multiple choice question. The entire content of your response should be of the following format: 'ANSWER: $LETTER' (without quotes) where LETTER is one of {letters}.

{question}

{choices}

Instruction: Read the following segments from a merger agreement and answer the multiple-choice question by choosing the option that best characterizes the accuracy required for the fundamental representations and warranties under the bring down provision.

Question: Considering the following excerpts, how accurate must the representations and warranties be according to the bring down provision?
Option A: Accurate at another materiality standard (e.g., hybrid standard)
Option B: Accurate in all material respects
Option C: Accurate in all respects

Merger Agreement Excerpts:

Segment 1 (Section 12.5 Conditions Precedent): ""The representations and warranties of the Company set forth in Article IV shall be true and correct as of the signing date and at the Closing Date, provided that any deviation which does not materially affect the Company’s financial condition or operational viability shall be deemed acceptable. In this context, only discrepancies reaching a defined 'Material Impact' threshold will be considered a breach.""

Segment 2 (Section 14.3 Final Representations): ""Notwithstanding the foregoing provision, all remaining representations and warranties, specifically identified in Attachment H, are required to be true and correct in all respects at the Closing Date as though made on that date; however, minor inconsistencies falling below a mutually agreed de minimis threshold shall not trigger any default.""

Answer:
Choices: ","Fail","Answer the following multiple choice question. The entire content of your response should be of the following format: 'ANSWER: $LETTER' (without quotes) where LETTER is one of {letters}.

{question}

{choices}

Instruction: Read the segments of a merger agreement and answer the multiple-choice question by choosing the option that best characterizes the agreement.

Question: How accurate must the fundamental representations and warranties be according to the bring down provision?

Option A: Accurate at an alternative materiality threshold (e.g., hybrid standard)
Option B: Accurate in all material respects
Option C: Accurate in all respects

Merger Agreement Excerpt One: Section 6.3. In order to facilitate the closing of the transaction, all representations and warranties set forth in Schedule 5 shall be conclusive and remain true and correct as of the Closing Date, without modification or qualification, irrespective of any intervening events. (Page 47)

Merger Agreement Excerpt Two: Section 8.5. Notwithstanding the foregoing, except for isolated non-material discrepancies, all other representations and warranties described herein shall be valid and deemed to be accurate in all respects as though made at the Closing, with any deviation considered permissible only if it does not result in an aggregate adverse effect on the Company's financial condition. (Page 68)
Choices: "
"113","Answer the following multiple choice question. The entire content of your response should be of the following format: 'ANSWER: $LETTER' (without quotes) where LETTER is one of {letters}.

{question}

{choices}

Instruction: Read the segment of a merger agreement and answer the multiple-choice question by choosing the option that best characterizes the agreement.
Question: How accurate must the fundamental representations and warranties be according to the bring down provision?
Option A: Accurate at another materiality standard (e.g., hybrid standard)
Option B: Accurate in all material respects
Option C: Accurate in all respects

Merger Agreement: Section 5.4 Conditions and Certainties: The representations and warranties of the Target Company set forth in Article III shall be deemed 'true and correct' as of the Closing. Notwithstanding, any deviations that are immaterial and not expected to cause a Material Adverse Effect shall not be considered breaches of these provisions.

Merger Agreement: Exhibit B, Conditions Subsequent: All representations and warranties referenced in Section 3 must be accurate as if made on the Closing Date. However, absolute precision in every detail is not required so long as any inaccuracies are immaterial and do not significantly impact the transaction.

Answer:
Choices: ","Fail","Answer the following multiple choice question. The entire content of your response should be of the following format: 'ANSWER: $LETTER' (without quotes) where LETTER is one of {letters}.

{question}

{choices}

Instruction: Read the segments of a merger agreement and answer the multiple-choice question by choosing the option that best characterizes the agreement.

Question: How accurate must the fundamental representations and warranties be according to the bring down provision?

Option A: Accurate at an alternative materiality threshold (e.g., hybrid standard)
Option B: Accurate in all material respects
Option C: Accurate in all respects

Merger Agreement Excerpt One: Section 6.3. In order to facilitate the closing of the transaction, all representations and warranties set forth in Schedule 5 shall be conclusive and remain true and correct as of the Closing Date, without modification or qualification, irrespective of any intervening events. (Page 47)

Merger Agreement Excerpt Two: Section 8.5. Notwithstanding the foregoing, except for isolated non-material discrepancies, all other representations and warranties described herein shall be valid and deemed to be accurate in all respects as though made at the Closing, with any deviation considered permissible only if it does not result in an aggregate adverse effect on the Company's financial condition. (Page 68)
Choices: "
"114","Answer the following multiple choice question. The entire content of your response should be of the following format: 'ANSWER: $LETTER' (without quotes) where LETTER is one of {letters}.

{question}

{choices}

Instruction: Read the following segments of a merger agreement and answer the multiple-choice question by choosing the option that best characterizes the requirement for fundamental representations and warranties under the bring down provision.

Question: How accurate must the fundamental representations and warranties be according to the bring down provision?
Option A: Accurate at another materiality standard (e.g., hybrid standard)
Option B: Accurate in all material respects
Option C: Accurate in all respects

Merger Agreement Segment 1: ""Schedule 3 - Additional Conditions: The representations and warranties set forth herein shall be deemed 'true and correct' as of the Closing, as if made concurrently at such time. Notwithstanding, any factual deviation that does not, individually or cumulatively, result in a Material Adverse Effect shall be considered excusable.""

Merger Agreement Segment 2: ""Section 2.1(a) - Fundamental Representations: Notwithstanding any general qualification, all fundamental representations and warranties specifically identified in this Section shall be true and correct without consideration of minor technical discrepancies, except only where such discrepancies, alone or in aggregate, do not have a material impact on the Company’s financial condition.""

Answer:
Choices: ","Fail","Answer the following multiple choice question. The entire content of your response should be of the following format: 'ANSWER: $LETTER' (without quotes) where LETTER is one of {letters}.

{question}

{choices}

Instruction: Read the segments of a merger agreement and answer the multiple-choice question by choosing the option that best characterizes the agreement.

Question: How accurate must the fundamental representations and warranties be according to the bring down provision?

Option A: Accurate at an alternative materiality threshold (e.g., hybrid standard)
Option B: Accurate in all material respects
Option C: Accurate in all respects

Merger Agreement Excerpt One: Section 6.3. In order to facilitate the closing of the transaction, all representations and warranties set forth in Schedule 5 shall be conclusive and remain true and correct as of the Closing Date, without modification or qualification, irrespective of any intervening events. (Page 47)

Merger Agreement Excerpt Two: Section 8.5. Notwithstanding the foregoing, except for isolated non-material discrepancies, all other representations and warranties described herein shall be valid and deemed to be accurate in all respects as though made at the Closing, with any deviation considered permissible only if it does not result in an aggregate adverse effect on the Company's financial condition. (Page 68)
Choices: "
"115","Answer the following multiple choice question. The entire content of your response should be of the following format: 'ANSWER: $LETTER' (without quotes) where LETTER is one of {letters}.

{question}

{choices}

Instruction: Read the segment of a merger agreement and answer the multiple-choice question by choosing the option that best characterizes the agreement.
Question: According to the bring down provision, how accurate must the fundamental representations and warranties be?
Option A: Accurate at another materiality standard (e.g., hybrid standard)
Option B: Accurate in all material respects
Option C: Accurate in all respects

Merger Agreement:
Section 11.4 Conditions to Closing. (a) Representations and Warranties. Except for the disclosures stipulated in Attachment B, all fundamental representations and warranties of Alpha Co., as set forth in Article 5, shall be true and correct as of both the Execution Date and the Closing Date, with such representations deemed made contemporaneously with the Closing. Notwithstanding the foregoing, for representations involving quantitative financial metrics, any discrepancies not exceeding 0.5% deviation from the reported figures shall be deemed immaterial.
Section 11.4 (b) Bring Down Provision. In order to satisfy closing conditions, the representations and warranties shall conform to a hybrid standard whereby representations related to quantitative financial metrics allow for negligible variances (up to a 0.5% deviation) while all other representations and warranties must be free of any inaccuracies.

Choices: ","Fail","Answer the following multiple choice question. The entire content of your response should be of the following format: 'ANSWER: $LETTER' (without quotes) where LETTER is one of {letters}.

{question}

{choices}

Instruction: Read the segments of a merger agreement and answer the multiple-choice question by choosing the option that best characterizes the agreement.

Question: How accurate must the fundamental representations and warranties be according to the bring down provision?

Option A: Accurate at an alternative materiality threshold (e.g., hybrid standard)
Option B: Accurate in all material respects
Option C: Accurate in all respects

Merger Agreement Excerpt One: Section 6.3. In order to facilitate the closing of the transaction, all representations and warranties set forth in Schedule 5 shall be conclusive and remain true and correct as of the Closing Date, without modification or qualification, irrespective of any intervening events. (Page 47)

Merger Agreement Excerpt Two: Section 8.5. Notwithstanding the foregoing, except for isolated non-material discrepancies, all other representations and warranties described herein shall be valid and deemed to be accurate in all respects as though made at the Closing, with any deviation considered permissible only if it does not result in an aggregate adverse effect on the Company's financial condition. (Page 68)
Choices: "
"116","Answer the following multiple choice question. The entire content of your response should be of the following format: 'ANSWER: $LETTER' (without quotes) where LETTER is one of {letters}.

{question}

{choices}

Instruction: Read the following provision from a merger agreement and answer the multiple-choice question by choosing the option that best characterizes the required level of accuracy for the fundamental representations and warranties.

Question: Based on the provision, how must the Seller’s fundamental representations and warranties be accurate at the time of Closing?
Option A: Accurate at another materiality standard (e.g., hybrid standard)
Option B: Accurate in all material respects
Option C: Accurate in all respects

Merger Agreement Provision:
Section 9.3 Fundamental Representations and Warranties. The Seller’s fundamental representations and warranties shall be strictly true and correct as of both the Agreement Date and the Closing Date. Notwithstanding, minor, de minimis discrepancies that do not reasonably impact the overall condition of the Company will not constitute a breach. However, any inaccuracies that could have a material effect on the Company shall be deemed unacceptable.

Answer:
Choices: ","Fail","Answer the following multiple choice question. The entire content of your response should be of the following format: 'ANSWER: $LETTER' (without quotes) where LETTER is one of {letters}.

{question}

{choices}

Instruction: Read the segments of a merger agreement and answer the multiple-choice question by choosing the option that best characterizes the agreement.

Question: How accurate must the fundamental representations and warranties be according to the bring down provision?

Option A: Accurate at an alternative materiality threshold (e.g., hybrid standard)
Option B: Accurate in all material respects
Option C: Accurate in all respects

Merger Agreement Excerpt One: Section 6.3. In order to facilitate the closing of the transaction, all representations and warranties set forth in Schedule 5 shall be conclusive and remain true and correct as of the Closing Date, without modification or qualification, irrespective of any intervening events. (Page 47)

Merger Agreement Excerpt Two: Section 8.5. Notwithstanding the foregoing, except for isolated non-material discrepancies, all other representations and warranties described herein shall be valid and deemed to be accurate in all respects as though made at the Closing, with any deviation considered permissible only if it does not result in an aggregate adverse effect on the Company's financial condition. (Page 68)
Choices: "
"117","Answer the following multiple choice question. The entire content of your response should be of the following format: 'ANSWER: $LETTER' (without quotes) where LETTER is one of {letters}.

{question}

{choices}

Instruction: Read the segments of a merger agreement and answer the multiple-choice question by choosing the option that best characterizes the accuracy required for the fundamental representations and warranties under the bring down provision.

Question: How accurate must the fundamental representations and warranties be according to the bring down provision?
Option A: Accurate at another materiality standard (e.g., hybrid standard)
Option B: Accurate in all material respects
Option C: Accurate in all respects

Merger Agreement: Section 9.1 Representations and Warranties
""The representations and warranties set forth in Clause 5 of this Agreement shall be true and correct at and as of the Closing as if made at that time, ensuring that all material facts are accurately represented."" (Page 27)

Merger Agreement: Section 12.3 Conditions Precedent
""Notwithstanding the foregoing, each representation and warranty shall be deemed accurate in all material respects, provided that any deviation which does not reasonably lead to a material adverse impact on the Company will be excused. In no event shall minor factual discrepancies, which are immaterial in context, invalidate the accuracy requirement."" (Page 59)
Answer:
Choices: ","Fail","Answer the following multiple choice question. The entire content of your response should be of the following format: 'ANSWER: $LETTER' (without quotes) where LETTER is one of {letters}.

{question}

{choices}

Instruction: Read the segments of a merger agreement and answer the multiple-choice question by choosing the option that best characterizes the agreement.

Question: How accurate must the fundamental representations and warranties be according to the bring down provision?

Option A: Accurate at an alternative materiality threshold (e.g., hybrid standard)
Option B: Accurate in all material respects
Option C: Accurate in all respects

Merger Agreement Excerpt One: Section 6.3. In order to facilitate the closing of the transaction, all representations and warranties set forth in Schedule 5 shall be conclusive and remain true and correct as of the Closing Date, without modification or qualification, irrespective of any intervening events. (Page 47)

Merger Agreement Excerpt Two: Section 8.5. Notwithstanding the foregoing, except for isolated non-material discrepancies, all other representations and warranties described herein shall be valid and deemed to be accurate in all respects as though made at the Closing, with any deviation considered permissible only if it does not result in an aggregate adverse effect on the Company's financial condition. (Page 68)
Choices: "
"118","Answer the following multiple choice question. The entire content of your response should be of the following format: 'ANSWER: $LETTER' (without quotes) where LETTER is one of {letters}.

{question}

{choices}

Instruction: Read the following segments from a merger agreement and answer the multiple-choice question by choosing the option that best characterizes the required standard of accuracy for the fundamental representations and warranties under the bring down provision.

Segment 1: 'Section 4.3 Representations and Warranties: The representations and warranties of the Seller set forth herein shall be accurate and complete as of the Closing Date, stated without any materiality qualifier, and must reflect the condition of affairs as if freshly articulated on that date.'

Segment 2: 'Section 8.1 Conditions Precedent: All representations and warranties contained in Article V, except those with an expressly designated historical cut-off, shall be true and correct at the Closing; no deference shall be granted for incidental inaccuracies, regardless of whether they are individually immaterial, if cumulatively they do not diminish the overall integrity of the transaction.'

Question: Based on the above segments, how accurate must the fundamental representations and warranties be according to the bring down provision?

Option A: Accurate at a flexible materiality threshold accommodating minor discrepancies
Option B: Accurate in all material respects, permitting insignificant errors
Option C: Accurate in all respects, requiring complete and total accuracy
Choices: ","Fail","Answer the following multiple choice question. The entire content of your response should be of the following format: 'ANSWER: $LETTER' (without quotes) where LETTER is one of {letters}.

{question}

{choices}

Instruction: Read the segments of a merger agreement and answer the multiple-choice question by choosing the option that best characterizes the agreement.

Question: How accurate must the fundamental representations and warranties be according to the bring down provision?

Option A: Accurate at an alternative materiality threshold (e.g., hybrid standard)
Option B: Accurate in all material respects
Option C: Accurate in all respects

Merger Agreement Excerpt One: Section 6.3. In order to facilitate the closing of the transaction, all representations and warranties set forth in Schedule 5 shall be conclusive and remain true and correct as of the Closing Date, without modification or qualification, irrespective of any intervening events. (Page 47)

Merger Agreement Excerpt Two: Section 8.5. Notwithstanding the foregoing, except for isolated non-material discrepancies, all other representations and warranties described herein shall be valid and deemed to be accurate in all respects as though made at the Closing, with any deviation considered permissible only if it does not result in an aggregate adverse effect on the Company's financial condition. (Page 68)
Choices: "
"119","Answer the following multiple choice question. The entire content of your response should be of the following format: 'ANSWER: $LETTER' (without quotes) where LETTER is one of {letters}.

{question}

{choices}

Instruction: Read the segments of a merger agreement and answer the multiple-choice question by choosing the option that best characterizes the agreement.

Question: How accurate must the fundamental representations and warranties be according to the bring down provision?
Option A: Accurate at another materiality standard (e.g., hybrid standard)
Option B: Accurate in all material respects
Option C: Accurate in all respects

Merger Agreement 1: Section 5.3 – Fundamental Representations. ""Notwithstanding any contrary provisions, each of the fundamental representations and warranties contained herein shall be true and correct as of the Closing Date, except that any deviations which, individually or in the aggregate, do not result in a Material Adverse Effect on the Company shall be deemed immaterial.""

Merger Agreement 2: Section 11.4 – Conditions to Closing. ""In order to satisfy the closing conditions, it is required that the Company’s fundamental representations and warranties adhere to a standard of accuracy that permits minor inconsistencies, provided they do not have a significant impact on the overall transaction. In other words, departures from complete accuracy shall be excusable if they are not material in nature.""
Choices: ","Fail","Answer the following multiple choice question. The entire content of your response should be of the following format: 'ANSWER: $LETTER' (without quotes) where LETTER is one of {letters}.

{question}

{choices}

Instruction: Read the segments of a merger agreement and answer the multiple-choice question by choosing the option that best characterizes the agreement.

Question: How accurate must the fundamental representations and warranties be according to the bring down provision?

Option A: Accurate at an alternative materiality threshold (e.g., hybrid standard)
Option B: Accurate in all material respects
Option C: Accurate in all respects

Merger Agreement Excerpt One: Section 6.3. In order to facilitate the closing of the transaction, all representations and warranties set forth in Schedule 5 shall be conclusive and remain true and correct as of the Closing Date, without modification or qualification, irrespective of any intervening events. (Page 47)

Merger Agreement Excerpt Two: Section 8.5. Notwithstanding the foregoing, except for isolated non-material discrepancies, all other representations and warranties described herein shall be valid and deemed to be accurate in all respects as though made at the Closing, with any deviation considered permissible only if it does not result in an aggregate adverse effect on the Company's financial condition. (Page 68)
Choices: "
"120","Answer the following multiple choice question. The entire content of your response should be of the following format: 'ANSWER: $LETTER' (without quotes) where LETTER is one of {letters}.

{question}

{choices}

Instruction: Read the segments of a merger agreement and answer the multiple-choice question by choosing the option that best characterizes the required accuracy of the fundamental representations and warranties according to the bring down provision.

Question: How accurate must the fundamental representations and warranties be?

Option A: Accurate at another materiality standard (e.g., hybrid standard)
Option B: Accurate in all material respects
Option C: Accurate in all respects

Merger Agreement Segments:
Segment 1 - Section VII: ""Each fundamental representation and warranty of the Company set forth in Article VII, except those addressing environmental compliance, shall be true and correct as of the Closing Date as if made on that day; deviations are acceptable only if they are not material.""
Segment 2 - Section V & VIII: ""Notwithstanding the foregoing, the representations and warranties described in Articles V and VIII are subject to being true and correct in all material respects; any inaccuracies of a de minimis nature, which do not aggregate to a Material Adverse Effect, are permitted.""

Answer:
Choices: ","Fail","Answer the following multiple choice question. The entire content of your response should be of the following format: 'ANSWER: $LETTER' (without quotes) where LETTER is one of {letters}.

{question}

{choices}

Instruction: Read the segments of a merger agreement and answer the multiple-choice question by choosing the option that best characterizes the agreement.

Question: How accurate must the fundamental representations and warranties be according to the bring down provision?

Option A: Accurate at an alternative materiality threshold (e.g., hybrid standard)
Option B: Accurate in all material respects
Option C: Accurate in all respects

Merger Agreement Excerpt One: Section 6.3. In order to facilitate the closing of the transaction, all representations and warranties set forth in Schedule 5 shall be conclusive and remain true and correct as of the Closing Date, without modification or qualification, irrespective of any intervening events. (Page 47)

Merger Agreement Excerpt Two: Section 8.5. Notwithstanding the foregoing, except for isolated non-material discrepancies, all other representations and warranties described herein shall be valid and deemed to be accurate in all respects as though made at the Closing, with any deviation considered permissible only if it does not result in an aggregate adverse effect on the Company's financial condition. (Page 68)
Choices: "
"121","Answer the following multiple choice question. The entire content of your response should be of the following format: 'ANSWER: $LETTER' (without quotes) where LETTER is one of {letters}.

{question}

{choices}

Instruction: Read the following excerpts of a merger agreement and determine how accurate the fundamental representations and warranties must be according to the bring down provision.

Question: How must the Company’s fundamental representations and warranties be accurate at the Closing?
Option A: Accurate at another materiality standard (e.g., hybrid standard)
Option B: Accurate in all material respects
Option C: Accurate in all respects

Merger Agreement Excerpt 1 (Section 9.4 Conditions Concerning Representations and Warranties):
""The representations and warranties of GoldenTech as set forth in Article V shall be true and correct as of the date of this Agreement and as of the Closing Date. Notwithstanding the foregoing, for any representation or warranty listed in Exhibit 3, the Company may rely on a hybrid standard in which minor discrepancies that do not cumulatively alter the historical financial performance are permitted.""

Merger Agreement Excerpt 2 (Section 11.7 Post-Closing Verification):
""Each representation and warranty shall be verified as of both the Agreement date and the Closing Date, and shall be deemed accurate in all respects unless such representation is accompanied by a disclosure schedule that permits deviation only within a non-material threshold as detailed therein. No general waiver of absolute accuracy is provided for representations not subject to such a schedule.""

Based on these excerpts, decide the appropriate standard of accuracy for the fundamental representations and warranties under the bring down provision.
Choices: ","Fail","Answer the following multiple choice question. The entire content of your response should be of the following format: 'ANSWER: $LETTER' (without quotes) where LETTER is one of {letters}.

{question}

{choices}

Instruction: Read the segments of a merger agreement and answer the multiple-choice question by choosing the option that best characterizes the agreement.

Question: How accurate must the fundamental representations and warranties be according to the bring down provision?

Option A: Accurate at an alternative materiality threshold (e.g., hybrid standard)
Option B: Accurate in all material respects
Option C: Accurate in all respects

Merger Agreement Excerpt One: Section 6.3. In order to facilitate the closing of the transaction, all representations and warranties set forth in Schedule 5 shall be conclusive and remain true and correct as of the Closing Date, without modification or qualification, irrespective of any intervening events. (Page 47)

Merger Agreement Excerpt Two: Section 8.5. Notwithstanding the foregoing, except for isolated non-material discrepancies, all other representations and warranties described herein shall be valid and deemed to be accurate in all respects as though made at the Closing, with any deviation considered permissible only if it does not result in an aggregate adverse effect on the Company's financial condition. (Page 68)
Choices: "
"122","Answer the following multiple choice question. The entire content of your response should be of the following format: 'ANSWER: $LETTER' (without quotes) where LETTER is one of {letters}.

{question}

{choices}

Instruction: Read the segment of a merger agreement and answer the multiple-choice question by choosing the option that best characterizes the agreement.

Question: In the context of the bring down provision, what standard of accuracy is required for the fundamental representations and warranties?

Option A: Accurate based on an alternative, blended materiality threshold
Option B: Accurate in all material respects
Option C: Accurate in all respects

Merger Agreement Segment 1: ""Section 7.5 Fundamental Conditions. The representations and warranties provided by the Seller in Article II shall be true and correct at and as of the Closing Date, as if such statements were made on that day, without any qualification and without giving effect to any materiality thresholds or similar limitations.""

Merger Agreement Segment 2: ""Section 8.3 Ancillary Statements. All other representations and warranties not deemed fundamental shall be accurate in all material respects, allowing for inconsequential deviations that do not materially affect the overall transaction.""
Choices: ","Fail","Answer the following multiple choice question. The entire content of your response should be of the following format: 'ANSWER: $LETTER' (without quotes) where LETTER is one of {letters}.

{question}

{choices}

Instruction: Read the segments of a merger agreement and answer the multiple-choice question by choosing the option that best characterizes the agreement.

Question: How accurate must the fundamental representations and warranties be according to the bring down provision?

Option A: Accurate at an alternative materiality threshold (e.g., hybrid standard)
Option B: Accurate in all material respects
Option C: Accurate in all respects

Merger Agreement Excerpt One: Section 6.3. In order to facilitate the closing of the transaction, all representations and warranties set forth in Schedule 5 shall be conclusive and remain true and correct as of the Closing Date, without modification or qualification, irrespective of any intervening events. (Page 47)

Merger Agreement Excerpt Two: Section 8.5. Notwithstanding the foregoing, except for isolated non-material discrepancies, all other representations and warranties described herein shall be valid and deemed to be accurate in all respects as though made at the Closing, with any deviation considered permissible only if it does not result in an aggregate adverse effect on the Company's financial condition. (Page 68)
Choices: "
"123","Answer the following multiple choice question. The entire content of your response should be of the following format: 'ANSWER: $LETTER' (without quotes) where LETTER is one of {letters}.

{question}

{choices}

Instruction: Read the following portions of a merger agreement and answer the multiple-choice question by selecting the option that best captures the required standard for the accuracy of the fundamental representations and warranties.

Question: According to the bring down provision, how must the fundamental representations and warranties be accurate?

Option A: Accurate at a deferred materiality standard where timing defaults allow exceptions
Option B: Accurate in all material respects, allowing minor non-material discrepancies
Option C: Accurate in all respects, with no materiality qualification

Merger Agreement: Section 6.4 Conditions Precedent – Fundamental Representations: Except for the limited representations expressly confined to specified dates under Clause 6.4(b), each of the fundamental representations and warranties of the Company shall be true and correct without regard to any materiality thresholds, as if made on and as of the Closing Date. Any limitations based solely on ""materiality"" or ""Company Material Adverse Effect"" shall not apply.

Merger Agreement: Section 10.1 Additional Covenants – Representations and Warranties: The representations and warranties enumerated in Sections 3 and 8 are hereby declared to be strictly correct and complete in every respect as of the Closing Date. For purposes of determining accuracy, all clauses that reference material or materiality standards are deemed ineffective.
Choices: ","Fail","Answer the following multiple choice question. The entire content of your response should be of the following format: 'ANSWER: $LETTER' (without quotes) where LETTER is one of {letters}.

{question}

{choices}

Instruction: Read the segments of a merger agreement and answer the multiple-choice question by choosing the option that best characterizes the agreement.

Question: How accurate must the fundamental representations and warranties be according to the bring down provision?

Option A: Accurate at an alternative materiality threshold (e.g., hybrid standard)
Option B: Accurate in all material respects
Option C: Accurate in all respects

Merger Agreement Excerpt One: Section 6.3. In order to facilitate the closing of the transaction, all representations and warranties set forth in Schedule 5 shall be conclusive and remain true and correct as of the Closing Date, without modification or qualification, irrespective of any intervening events. (Page 47)

Merger Agreement Excerpt Two: Section 8.5. Notwithstanding the foregoing, except for isolated non-material discrepancies, all other representations and warranties described herein shall be valid and deemed to be accurate in all respects as though made at the Closing, with any deviation considered permissible only if it does not result in an aggregate adverse effect on the Company's financial condition. (Page 68)
Choices: "
"124","Answer the following multiple choice question. The entire content of your response should be of the following format: 'ANSWER: $LETTER' (without quotes) where LETTER is one of {letters}.

{question}

{choices}

Instruction: Read the following segments from a joint acquisition agreement and answer the multiple-choice question by choosing the option that best characterizes the accuracy requirement for the fundamental representations and warranties pursuant to the bring down provision.

Question: Based on the excerpts below, how accurate must the fundamental representations and warranties be as required by the bring down provision?

Option A: Accurate at another materiality standard (e.g., hybrid standard)
Option B: Accurate in all material respects
Option C: Accurate in all respects

Segment 1 – Section 4.3: ""At the Closing Date, each representation and warranty of the Company shall be redelivered and will be deemed true and correct as of that date, provided that any minor factual discrepancies which do not individually or cumulatively lead to a Material Adverse Effect may be overlooked.""

Segment 2 – Section 8.7: ""Notwithstanding any qualification herein, the core representations and warranties set forth in Article IV shall be affirmed as if made at and as of the Closing Date, with the exception that factual details disclosed in Schedule 2.1 are recognized as non-essential and shall not invoke further qualification beyond their material impact.""

Answer:
Choices: ","Fail","Answer the following multiple choice question. The entire content of your response should be of the following format: 'ANSWER: $LETTER' (without quotes) where LETTER is one of {letters}.

{question}

{choices}

Instruction: Read the segments of a merger agreement and answer the multiple-choice question by choosing the option that best characterizes the agreement.

Question: How accurate must the fundamental representations and warranties be according to the bring down provision?

Option A: Accurate at an alternative materiality threshold (e.g., hybrid standard)
Option B: Accurate in all material respects
Option C: Accurate in all respects

Merger Agreement Excerpt One: Section 6.3. In order to facilitate the closing of the transaction, all representations and warranties set forth in Schedule 5 shall be conclusive and remain true and correct as of the Closing Date, without modification or qualification, irrespective of any intervening events. (Page 47)

Merger Agreement Excerpt Two: Section 8.5. Notwithstanding the foregoing, except for isolated non-material discrepancies, all other representations and warranties described herein shall be valid and deemed to be accurate in all respects as though made at the Closing, with any deviation considered permissible only if it does not result in an aggregate adverse effect on the Company's financial condition. (Page 68)
Choices: "
"125","Answer the following multiple choice question. The entire content of your response should be of the following format: 'ANSWER: $LETTER' (without quotes) where LETTER is one of {letters}.

{question}

{choices}

Instruction: Read the following two segments of a merger agreement and answer the multiple-choice question by choosing the option that best characterizes the accuracy standard for the fundamental representations and warranties under the bring down provision.

Question: How accurate must the fundamental representations and warranties be according to the bring down provision?

Option A: Accurate at another materiality standard (e.g., hybrid standard)
Option B: Accurate in all material respects
Option C: Accurate in all respects

Merger Agreement, Clause 5.4 – Conditions to Obligations of Consolidated Subsidiaries:
""The fundamental representations and warranties of the Company set forth in Article IV shall be deemed satisfied if they are true and correct as of both the date hereof and as of the Closing Date, provided that any inaccuracies that are not reasonably expected to have a Material Adverse Effect, individually or in aggregate, shall be tolerated under a hybrid threshold that blends an absolute standard with a materiality exception.""

Merger Agreement, Clause 9.1 – Representations and Warranties:
""The Company’s representations and warranties set forth in Section 3.2 shall be true and correct in all respects as if made contemporaneously at the Closing, with no qualifications or de minimis caveats allowed aside from a narrowly defined exception permitting inaccuracies only if explicitly acknowledged as de minimis errors that do not rise to the level of a Material Adverse Effect.""

Answer:
Choices: ","Fail","Answer the following multiple choice question. The entire content of your response should be of the following format: 'ANSWER: $LETTER' (without quotes) where LETTER is one of {letters}.

{question}

{choices}

Instruction: Read the segments of a merger agreement and answer the multiple-choice question by choosing the option that best characterizes the agreement.

Question: How accurate must the fundamental representations and warranties be according to the bring down provision?

Option A: Accurate at an alternative materiality threshold (e.g., hybrid standard)
Option B: Accurate in all material respects
Option C: Accurate in all respects

Merger Agreement Excerpt One: Section 6.3. In order to facilitate the closing of the transaction, all representations and warranties set forth in Schedule 5 shall be conclusive and remain true and correct as of the Closing Date, without modification or qualification, irrespective of any intervening events. (Page 47)

Merger Agreement Excerpt Two: Section 8.5. Notwithstanding the foregoing, except for isolated non-material discrepancies, all other representations and warranties described herein shall be valid and deemed to be accurate in all respects as though made at the Closing, with any deviation considered permissible only if it does not result in an aggregate adverse effect on the Company's financial condition. (Page 68)
Choices: "
"126","Answer the following multiple choice question. The entire content of your response should be of the following format: 'ANSWER: $LETTER' (without quotes) where LETTER is one of {letters}.

{question}

{choices}

Instruction: Read the following segments of a merger agreement and answer the multiple-choice question by choosing the option that best characterizes the required accuracy.

Question: How accurate must the fundamental representations and warranties be according to the bring down provision?
Option A: Accurate at another materiality standard (e.g., hybrid standard)
Option B: Accurate in all material respects
Option C: Accurate in all respects

Merger Agreement Excerpt 1 (Section 4.5 Conditions for Closing, Page 22): ""The Company represents that all fundamental representations and warranties set forth in Section 3 shall be true and correct as of the Execution Date and as of the Closing Date, subject only to de minimis variations which, not affecting the overall truthfulness, shall not be considered breaches of this obligation.""

Merger Agreement Excerpt 2 (Section 9.1 Additional Conditions, Page 45): ""Notwithstanding any other provision, all representations and warranties not expressly limited by a specific date shall be deemed sufficient if, aside from errors of a trivial nature that do not impact the transaction materially, they accurately reflect the Company's condition. Any deviation that is significant on a material basis will constitute a breach.""
Choices: ","Fail","Answer the following multiple choice question. The entire content of your response should be of the following format: 'ANSWER: $LETTER' (without quotes) where LETTER is one of {letters}.

{question}

{choices}

Instruction: Read the segments of a merger agreement and answer the multiple-choice question by choosing the option that best characterizes the agreement.

Question: How accurate must the fundamental representations and warranties be according to the bring down provision?

Option A: Accurate at an alternative materiality threshold (e.g., hybrid standard)
Option B: Accurate in all material respects
Option C: Accurate in all respects

Merger Agreement Excerpt One: Section 6.3. In order to facilitate the closing of the transaction, all representations and warranties set forth in Schedule 5 shall be conclusive and remain true and correct as of the Closing Date, without modification or qualification, irrespective of any intervening events. (Page 47)

Merger Agreement Excerpt Two: Section 8.5. Notwithstanding the foregoing, except for isolated non-material discrepancies, all other representations and warranties described herein shall be valid and deemed to be accurate in all respects as though made at the Closing, with any deviation considered permissible only if it does not result in an aggregate adverse effect on the Company's financial condition. (Page 68)
Choices: "
"127","Answer the following multiple choice question. The entire content of your response should be of the following format: 'ANSWER: $LETTER' (without quotes) where LETTER is one of {letters}.

{question}

{choices}

Instruction: Read the segments of the merger agreement and answer the multiple-choice question by choosing the option that best characterizes the accuracy required for the fundamental representations and warranties according to the bring down provision.

Question: How accurate must the fundamental representations and warranties be according to the bring down provision?
Option A: Accurate at another materiality standard (e.g., hybrid standard)
Option B: Accurate in all material respects
Option C: Accurate in all respects

Merger Agreement Segment 1: In Article 7.4, the Company’s fundamental representations and warranties contained in Article III are required to be true and correct in all respects as of the Closing Date, as if freshly made at that time, without allowing for any deviation, regardless of whether such deviation is material or immaterial (Page 57).

Merger Agreement Segment 2: Notwithstanding the foregoing, Section 10.2 stipulates that for representations not designated as fundamental, discrepancies that do not culminate in a material adverse effect may be overlooked; however, no such leniency is afforded to those expressly identified as fundamental.

Answer:
Choices: ","Fail","Answer the following multiple choice question. The entire content of your response should be of the following format: 'ANSWER: $LETTER' (without quotes) where LETTER is one of {letters}.

{question}

{choices}

Instruction: Read the segments of a merger agreement and answer the multiple-choice question by choosing the option that best characterizes the agreement.

Question: How accurate must the fundamental representations and warranties be according to the bring down provision?

Option A: Accurate at an alternative materiality threshold (e.g., hybrid standard)
Option B: Accurate in all material respects
Option C: Accurate in all respects

Merger Agreement Excerpt One: Section 6.3. In order to facilitate the closing of the transaction, all representations and warranties set forth in Schedule 5 shall be conclusive and remain true and correct as of the Closing Date, without modification or qualification, irrespective of any intervening events. (Page 47)

Merger Agreement Excerpt Two: Section 8.5. Notwithstanding the foregoing, except for isolated non-material discrepancies, all other representations and warranties described herein shall be valid and deemed to be accurate in all respects as though made at the Closing, with any deviation considered permissible only if it does not result in an aggregate adverse effect on the Company's financial condition. (Page 68)
Choices: "
"128","Answer the following multiple choice question. The entire content of your response should be of the following format: 'ANSWER: $LETTER' (without quotes) where LETTER is one of {letters}.

{question}

{choices}

Instruction: Read the segment of a merger agreement and answer the multiple-choice question by choosing the option that best characterizes the accuracy requirement.
Question: How accurate must the core representations and warranties be according to the bring down provision?
Option A: Accurate solely according to a revised benchmark incorporating materiality exceptions
Option B: Accurate in all material respects, allowing for non-material deviations
Option C: Accurate in all respects, without any allowance for deviations

Merger Agreement Document:
Segment 1: Section 4.3(d) – The representations and warranties listed in Exhibit A shall be deemed ""reliable and fully correct in every material aspect"" at the Closing Date. Minor discrepancies that do not influence the overall quantitative standing or materially affect the Underwriter's risk position may be tolerated.
Segment 2: Section 10.1(c) – Notwithstanding any previous qualifications, all core representations and warranties are required to be ""fully and absolutely correct in every detail"" as of the Closing Date, with no reliance on materiality thresholds, ensuring outright verification.

End Document
Choices: ","Fail","Answer the following multiple choice question. The entire content of your response should be of the following format: 'ANSWER: $LETTER' (without quotes) where LETTER is one of {letters}.

{question}

{choices}

Instruction: Read the segments of a merger agreement and answer the multiple-choice question by choosing the option that best characterizes the agreement.

Question: How accurate must the fundamental representations and warranties be according to the bring down provision?

Option A: Accurate at an alternative materiality threshold (e.g., hybrid standard)
Option B: Accurate in all material respects
Option C: Accurate in all respects

Merger Agreement Excerpt One: Section 6.3. In order to facilitate the closing of the transaction, all representations and warranties set forth in Schedule 5 shall be conclusive and remain true and correct as of the Closing Date, without modification or qualification, irrespective of any intervening events. (Page 47)

Merger Agreement Excerpt Two: Section 8.5. Notwithstanding the foregoing, except for isolated non-material discrepancies, all other representations and warranties described herein shall be valid and deemed to be accurate in all respects as though made at the Closing, with any deviation considered permissible only if it does not result in an aggregate adverse effect on the Company's financial condition. (Page 68)
Choices: "
"129","Answer the following multiple choice question. The entire content of your response should be of the following format: 'ANSWER: $LETTER' (without quotes) where LETTER is one of {letters}.

{question}

{choices}

Instruction: Read the segment of a merger agreement and answer the multiple-choice question by choosing the option that best characterizes the accuracy requirement of the fundamental representations and warranties.

Question: How accurate must the fundamental representations and warranties be according to the bring down provision?
Option A: Accurate in all respects
Option B: Accurate in all material respects
Option C: Accurate at a hybrid standard that allows specified non-material exceptions

Merger Agreement Document:
Section 12.3 - General Conditions: The Seller's representations and warranties set forth in Article IV shall be true and correct at the Closing Date, provided that any discrepancies which do not give rise to a Material Adverse Effect may be deemed permissible. However, for representations concerning tax liabilities, as detailed in Section 10.1, no exception for non-material variances is allowed, and full accuracy in all respects is required as of the Closing Date.

Based on the overall bring down provision governing the fundamental representations and warranties, determine the appropriate level of accuracy required.
Choices: ","Fail","Answer the following multiple choice question. The entire content of your response should be of the following format: 'ANSWER: $LETTER' (without quotes) where LETTER is one of {letters}.

{question}

{choices}

Instruction: Read the segments of a merger agreement and answer the multiple-choice question by choosing the option that best characterizes the agreement.

Question: How accurate must the fundamental representations and warranties be according to the bring down provision?

Option A: Accurate at an alternative materiality threshold (e.g., hybrid standard)
Option B: Accurate in all material respects
Option C: Accurate in all respects

Merger Agreement Excerpt One: Section 6.3. In order to facilitate the closing of the transaction, all representations and warranties set forth in Schedule 5 shall be conclusive and remain true and correct as of the Closing Date, without modification or qualification, irrespective of any intervening events. (Page 47)

Merger Agreement Excerpt Two: Section 8.5. Notwithstanding the foregoing, except for isolated non-material discrepancies, all other representations and warranties described herein shall be valid and deemed to be accurate in all respects as though made at the Closing, with any deviation considered permissible only if it does not result in an aggregate adverse effect on the Company's financial condition. (Page 68)
Choices: "
"130","Answer the following multiple choice question. The entire content of your response should be of the following format: 'ANSWER: $LETTER' (without quotes) where LETTER is one of {letters}.

{question}

{choices}

Instruction: Read the segment of a merger agreement and answer the multiple-choice question by choosing the option that best characterizes the agreement.

Question: How accurate must the fundamental representations and warranties be according to the bring down provision?
Option A: Accurate at another materiality standard (e.g., hybrid standard)
Option B: Accurate in all material respects
Option C: Accurate in all respects

Merger Agreement Excerpt 1: Section 10.5 Conditions to Closing. ""The representations and warranties provided by the Company in Article IV shall be true and correct at the Closing Date as though made at such date. In determining their accuracy, minor discrepancies that do not cumulatively result in a Company Material Adverse Effect may be disregarded, provided they do not affect the overall financial reliability of the Company."" (Page 42)

Merger Agreement Excerpt 2: Section 14.2 Final Conditions. ""Notwithstanding any exception, the representations and warranties set forth in Article IV shall be deemed accurate as of the Closing Date without reference to any materiality qualification, ensuring that even trivial inaccuracies are subject to correction if they contribute to a misrepresentation of the Company’s condition."" (Page 88)

Answer:
Choices: ","Fail","Answer the following multiple choice question. The entire content of your response should be of the following format: 'ANSWER: $LETTER' (without quotes) where LETTER is one of {letters}.

{question}

{choices}

Instruction: Read the segments of a merger agreement and answer the multiple-choice question by choosing the option that best characterizes the agreement.

Question: How accurate must the fundamental representations and warranties be according to the bring down provision?

Option A: Accurate at an alternative materiality threshold (e.g., hybrid standard)
Option B: Accurate in all material respects
Option C: Accurate in all respects

Merger Agreement Excerpt One: Section 6.3. In order to facilitate the closing of the transaction, all representations and warranties set forth in Schedule 5 shall be conclusive and remain true and correct as of the Closing Date, without modification or qualification, irrespective of any intervening events. (Page 47)

Merger Agreement Excerpt Two: Section 8.5. Notwithstanding the foregoing, except for isolated non-material discrepancies, all other representations and warranties described herein shall be valid and deemed to be accurate in all respects as though made at the Closing, with any deviation considered permissible only if it does not result in an aggregate adverse effect on the Company's financial condition. (Page 68)
Choices: "
"131","Answer the following multiple choice question. The entire content of your response should be of the following format: 'ANSWER: $LETTER' (without quotes) where LETTER is one of {letters}.

{question}

{choices}

Instruction: Read the following excerpts from a merger agreement and answer the multiple-choice question by choosing the option that best characterizes the required accuracy for the fundamental representations and warranties.

Option A: Accurate at another materiality standard (e.g., hybrid standard)
Option B: Accurate in all material respects
Option C: Accurate in all respects

Merger Agreement Excerpt 1: 
""Subject to the limitations set forth in Section 12.4, all representations and warranties provided by the Seller in Article IV shall be true and correct at the Closing as if made contemporaneously, even though in other contexts they might be required to be flawless.""

Merger Agreement Excerpt 2: 
""Notwithstanding the foregoing, any deviation that does not, individually or in the aggregate, exceed the thresholds detailed in Schedule A will not be deemed a breach of the accuracy requirement. In all instances, the standard is applied without qualification unless the deviation is immaterial as defined herein.""

Question: Based on the provisions above, how accurate must the fundamental representations and warranties be according to the bring down provision?
Choices: ","Fail","Answer the following multiple choice question. The entire content of your response should be of the following format: 'ANSWER: $LETTER' (without quotes) where LETTER is one of {letters}.

{question}

{choices}

Instruction: Read the segments of a merger agreement and answer the multiple-choice question by choosing the option that best characterizes the agreement.

Question: How accurate must the fundamental representations and warranties be according to the bring down provision?

Option A: Accurate at an alternative materiality threshold (e.g., hybrid standard)
Option B: Accurate in all material respects
Option C: Accurate in all respects

Merger Agreement Excerpt One: Section 6.3. In order to facilitate the closing of the transaction, all representations and warranties set forth in Schedule 5 shall be conclusive and remain true and correct as of the Closing Date, without modification or qualification, irrespective of any intervening events. (Page 47)

Merger Agreement Excerpt Two: Section 8.5. Notwithstanding the foregoing, except for isolated non-material discrepancies, all other representations and warranties described herein shall be valid and deemed to be accurate in all respects as though made at the Closing, with any deviation considered permissible only if it does not result in an aggregate adverse effect on the Company's financial condition. (Page 68)
Choices: "
"132","Answer the following multiple choice question. The entire content of your response should be of the following format: 'ANSWER: $LETTER' (without quotes) where LETTER is one of {letters}.

{question}

{choices}

Instruction: Read the segment of a hypothetical merger agreement and answer the multiple-choice question by choosing the option that best characterizes the standard of accuracy mandated for the fundamental representations and warranties.

Question: How accurate must the fundamental representations and warranties be according to the bring down provision?

Option A: Accurate at a flexible materiality standard (i.e., allowing specific minor differences)
Option B: Accurate in all material respects, with minor exceptions as expressly indicated
Option C: Accurate in all respects without any exceptions

Merger Agreement Excerpts:
1. 'Section 4.2. Fundamental Representations. Except as explicitly provided in Section 4.2(a), all fundamental representations and warranties of the Company shall be true and correct as of the Closing Date. Any inaccuracies that could individually or collectively lead to significant business risk shall be deemed material, notwithstanding any quantitative threshold.'

2. 'Section 10.3. Bring Down Certification. At the Closing, the Company certifies that its representations and warranties, other than those qualified by specific materiality thresholds in subsection (a), shall be true and correct in every respect, thereby excluding any casual misstatements that do not meet the defined materiality criteria.'

Answer:
Choices: ","Fail","Answer the following multiple choice question. The entire content of your response should be of the following format: 'ANSWER: $LETTER' (without quotes) where LETTER is one of {letters}.

{question}

{choices}

Instruction: Read the segments of a merger agreement and answer the multiple-choice question by choosing the option that best characterizes the agreement.

Question: How accurate must the fundamental representations and warranties be according to the bring down provision?

Option A: Accurate at an alternative materiality threshold (e.g., hybrid standard)
Option B: Accurate in all material respects
Option C: Accurate in all respects

Merger Agreement Excerpt One: Section 6.3. In order to facilitate the closing of the transaction, all representations and warranties set forth in Schedule 5 shall be conclusive and remain true and correct as of the Closing Date, without modification or qualification, irrespective of any intervening events. (Page 47)

Merger Agreement Excerpt Two: Section 8.5. Notwithstanding the foregoing, except for isolated non-material discrepancies, all other representations and warranties described herein shall be valid and deemed to be accurate in all respects as though made at the Closing, with any deviation considered permissible only if it does not result in an aggregate adverse effect on the Company's financial condition. (Page 68)
Choices: "
"133","Answer the following multiple choice question. The entire content of your response should be of the following format: 'ANSWER: $LETTER' (without quotes) where LETTER is one of {letters}.

{question}

{choices}

Instruction: Read the segment of a merger agreement and answer the multiple-choice question by choosing the option that best characterizes the agreement.
Question: How accurate must the fundamental representations and warranties be according to the bring down provision?
Option A: Accurate at another materiality standard (e.g., hybrid standard)
Option B: Accurate in all material respects
Option C: Accurate in all respects

Merger Agreement Excerpt: ""Notwithstanding any other provision, the Company represents and warrants that all statements contained in Article V shall be true and correct as of the Effective Closing Date, except that minor deviations which do not reasonably affect the overall operation or valuation of the Company may be overlooked. In this regard, the representations and warranties are deemed to be accurate in all material respects. However, if such deviations, when taken together, result in a material impact, they shall be considered a breach regardless of their individual immateriality.""
Choices: ","Fail","Answer the following multiple choice question. The entire content of your response should be of the following format: 'ANSWER: $LETTER' (without quotes) where LETTER is one of {letters}.

{question}

{choices}

Instruction: Read the segments of a merger agreement and answer the multiple-choice question by choosing the option that best characterizes the agreement.

Question: How accurate must the fundamental representations and warranties be according to the bring down provision?

Option A: Accurate at an alternative materiality threshold (e.g., hybrid standard)
Option B: Accurate in all material respects
Option C: Accurate in all respects

Merger Agreement Excerpt One: Section 6.3. In order to facilitate the closing of the transaction, all representations and warranties set forth in Schedule 5 shall be conclusive and remain true and correct as of the Closing Date, without modification or qualification, irrespective of any intervening events. (Page 47)

Merger Agreement Excerpt Two: Section 8.5. Notwithstanding the foregoing, except for isolated non-material discrepancies, all other representations and warranties described herein shall be valid and deemed to be accurate in all respects as though made at the Closing, with any deviation considered permissible only if it does not result in an aggregate adverse effect on the Company's financial condition. (Page 68)
Choices: "
"134","Answer the following multiple choice question. The entire content of your response should be of the following format: 'ANSWER: $LETTER' (without quotes) where LETTER is one of {letters}.

{question}

{choices}

Instruction: Read the following segments of a merger agreement and answer the multiple-choice question by choosing the option that best characterizes the accuracy requirement of the fundamental representations and warranties according to the bringdown provision.

Question: How accurate must the fundamental representations and warranties be according to the bringdown provision?
Option A: Accurate at another materiality standard (e.g., hybrid standard)
Option B: Accurate in all material respects
Option C: Accurate in all respects

Merger Agreement Excerpts:
""Section 5.6 - General Representations and Warranties: The Company hereby represents that all statements, disclosures, and exhibits attached hereto, including those in Exhibit 9, shall be true and correct as of the Closing Date in all respects, except that minor factual fluctuations which are non-material in nature and do not significantly alter the overall financial condition of the Company may be tolerated.""

""Section 11.2 - Conditions to Closing: Notwithstanding the foregoing, the representations and warranties shall be deemed acceptable only if any deviations from their stated form do not result in an individually or aggregate material effect adverse to the merger. In effect, only those discrepancies that are immaterial in their impact will be overlooked for the purposes of closing, while all material aspects must be fully accurate.""
Choices: ","Fail","Answer the following multiple choice question. The entire content of your response should be of the following format: 'ANSWER: $LETTER' (without quotes) where LETTER is one of {letters}.

{question}

{choices}

Instruction: Read the segments of a merger agreement and answer the multiple-choice question by choosing the option that best characterizes the agreement.

Question: How accurate must the fundamental representations and warranties be according to the bring down provision?

Option A: Accurate at an alternative materiality threshold (e.g., hybrid standard)
Option B: Accurate in all material respects
Option C: Accurate in all respects

Merger Agreement Excerpt One: Section 6.3. In order to facilitate the closing of the transaction, all representations and warranties set forth in Schedule 5 shall be conclusive and remain true and correct as of the Closing Date, without modification or qualification, irrespective of any intervening events. (Page 47)

Merger Agreement Excerpt Two: Section 8.5. Notwithstanding the foregoing, except for isolated non-material discrepancies, all other representations and warranties described herein shall be valid and deemed to be accurate in all respects as though made at the Closing, with any deviation considered permissible only if it does not result in an aggregate adverse effect on the Company's financial condition. (Page 68)
Choices: "
"135","Answer the following multiple choice question. The entire content of your response should be of the following format: 'ANSWER: $LETTER' (without quotes) where LETTER is one of {letters}.

{question}

{choices}

Instruction: Read the segment of a merger agreement and answer the multiple-choice question by choosing the option that best characterizes the agreement.
Question: How accurate must the fundamental representations and warranties be according to the bring down provision?
Option A: Accurate at another materiality standard (e.g., hybrid standard)
Option B: Accurate in all material respects
Option C: Accurate in all respects

Merger Agreement Excerpt 1: 
""Section 11.2 Representations and Warranties. The Company’s representations and warranties set forth in Article IV shall be true and correct as of the Closing Date, as if made at such time, except that minor discrepancies not affecting the overall fairness of the transaction may be disregarded pursuant to the customary materiality thresholds applied in similar transactions.""

Merger Agreement Excerpt 2:
""Section 12.5 Additional Conditions. Notwithstanding any other provision herein, except as expressly determined otherwise in Section 10.3, each representation and warranty shall be deemed accurate if, at the Closing Date, any deviation from the factual statements does not, individually or in aggregate, give rise to a Material Adverse Effect. In no event is an absolute standard of perfection required so long as such deviations are immaterial to the transaction.""

Answer the question based solely on the provided excerpts.
Choices: ","Fail","Answer the following multiple choice question. The entire content of your response should be of the following format: 'ANSWER: $LETTER' (without quotes) where LETTER is one of {letters}.

{question}

{choices}

Instruction: Read the segments of a merger agreement and answer the multiple-choice question by choosing the option that best characterizes the agreement.

Question: How accurate must the fundamental representations and warranties be according to the bring down provision?

Option A: Accurate at an alternative materiality threshold (e.g., hybrid standard)
Option B: Accurate in all material respects
Option C: Accurate in all respects

Merger Agreement Excerpt One: Section 6.3. In order to facilitate the closing of the transaction, all representations and warranties set forth in Schedule 5 shall be conclusive and remain true and correct as of the Closing Date, without modification or qualification, irrespective of any intervening events. (Page 47)

Merger Agreement Excerpt Two: Section 8.5. Notwithstanding the foregoing, except for isolated non-material discrepancies, all other representations and warranties described herein shall be valid and deemed to be accurate in all respects as though made at the Closing, with any deviation considered permissible only if it does not result in an aggregate adverse effect on the Company's financial condition. (Page 68)
Choices: "
"136","Answer the following multiple choice question. The entire content of your response should be of the following format: 'ANSWER: $LETTER' (without quotes) where LETTER is one of {letters}.

{question}

{choices}

Instruction: Read the following segments of a merger agreement and answer the multiple-choice question by choosing the option that best characterizes the accuracy standard for the fundamental representations and warranties under the bring down provision.
Question: How accurate must the fundamental representations and warranties be according to the bring down provision?
Option A: Accurate at an enhanced hybrid standard that mixes materiality and absolute accuracy
Option B: Accurate in all material respects
Option C: Accurate in all respects

Merger Agreement Excerpt 1 (Clause 6.4 Conditions):
""The Company’s fundamental representations and warranties specified in Article 5 shall be true and correct in all material respects as of the Effective Time, as if made on that date, except for any minor discrepancies that do not collectively constitute a Material Adverse Effect.""

Merger Agreement Excerpt 2 (Clause 9.1 Additional Representations):
""Notwithstanding Clause 6.4, any representation or warranty not expressly limited by a specific date in Article 7 must be rendered true and correct in all respects as of the Closing Date as though made on that date, with no allowance for materiality qualifiers.""
Choices: ","Fail","Answer the following multiple choice question. The entire content of your response should be of the following format: 'ANSWER: $LETTER' (without quotes) where LETTER is one of {letters}.

{question}

{choices}

Instruction: Read the segments of a merger agreement and answer the multiple-choice question by choosing the option that best characterizes the agreement.

Question: How accurate must the fundamental representations and warranties be according to the bring down provision?

Option A: Accurate at an alternative materiality threshold (e.g., hybrid standard)
Option B: Accurate in all material respects
Option C: Accurate in all respects

Merger Agreement Excerpt One: Section 6.3. In order to facilitate the closing of the transaction, all representations and warranties set forth in Schedule 5 shall be conclusive and remain true and correct as of the Closing Date, without modification or qualification, irrespective of any intervening events. (Page 47)

Merger Agreement Excerpt Two: Section 8.5. Notwithstanding the foregoing, except for isolated non-material discrepancies, all other representations and warranties described herein shall be valid and deemed to be accurate in all respects as though made at the Closing, with any deviation considered permissible only if it does not result in an aggregate adverse effect on the Company's financial condition. (Page 68)
Choices: "
"137","Answer the following multiple choice question. The entire content of your response should be of the following format: 'ANSWER: $LETTER' (without quotes) where LETTER is one of {letters}.

{question}

{choices}

Instruction: Read the segment of a merger agreement and answer the multiple-choice question by choosing the option that best characterizes the agreement.
Question: How accurate must the fundamental representations and warranties be according to the bring down provision?
Option A: Accurate at another materiality standard (e.g., hybrid standard)
Option B: Accurate in all material respects
Option C: Accurate in all respects

Merger Agreement: Section 5 – Conditions Precedent. The Company’s representations and warranties shall be true and correct as of the Closing Date, as though they had been made on such date, ensuring the reliability of disclosed information.
Merger Agreement: Section 9 – Bring Down Provision. Notwithstanding the strict requirement above, for representations concerning quantitative financial disclosures, any deviation is permissible provided it is not expected to have, either individually or cumulatively, a Company Material Adverse Effect on the overall financial position or operations. For all other representations, the standard does not allow for any exception beyond material significance.
Answer:
Choices: ","Fail","Answer the following multiple choice question. The entire content of your response should be of the following format: 'ANSWER: $LETTER' (without quotes) where LETTER is one of {letters}.

{question}

{choices}

Instruction: Read the segments of a merger agreement and answer the multiple-choice question by choosing the option that best characterizes the agreement.

Question: How accurate must the fundamental representations and warranties be according to the bring down provision?

Option A: Accurate at an alternative materiality threshold (e.g., hybrid standard)
Option B: Accurate in all material respects
Option C: Accurate in all respects

Merger Agreement Excerpt One: Section 6.3. In order to facilitate the closing of the transaction, all representations and warranties set forth in Schedule 5 shall be conclusive and remain true and correct as of the Closing Date, without modification or qualification, irrespective of any intervening events. (Page 47)

Merger Agreement Excerpt Two: Section 8.5. Notwithstanding the foregoing, except for isolated non-material discrepancies, all other representations and warranties described herein shall be valid and deemed to be accurate in all respects as though made at the Closing, with any deviation considered permissible only if it does not result in an aggregate adverse effect on the Company's financial condition. (Page 68)
Choices: "
"138","Answer the following multiple choice question. The entire content of your response should be of the following format: 'ANSWER: $LETTER' (without quotes) where LETTER is one of {letters}.

{question}

{choices}

Instruction: Read the excerpts from the merger agreement and answer the multiple-choice question by choosing the option that best characterizes the accuracy requirement for the fundamental representations and warranties according to the bring down provision.

Question: How accurate must the fundamental representations and warranties be according to the bring down provision?
Option A: Accurate based on a hybrid standard that mixes full accuracy and materiality exceptions
Option B: Accurate in all material respects
Option C: Accurate in all respects

Merger Agreement Excerpt 1 (Section 8.1 – Accuracy of Fundamental Representations):
""At the Closing Date, the representations and warranties of the Company as set forth in Section 4 shall be true and correct without qualification. However, any inaccuracy that does not result in, or would not reasonably be expected to result in, a Material Adverse Effect may be considered immaterial for the purposes of this condition.""

Merger Agreement Excerpt 2 (Section 10 – Conditions to Closing):
""Notwithstanding the foregoing, the fundamental representations of the Company, with the exception of those related to the Financial Statements, shall be true and correct in all material respects as of the Closing Date. In contrast, any representation specifically addressing operational compliance shall be required to be accurate in all respects.""

Determine the overall standard applicable to the fundamental representations and warranties as a whole.
Choices: ","Fail","Answer the following multiple choice question. The entire content of your response should be of the following format: 'ANSWER: $LETTER' (without quotes) where LETTER is one of {letters}.

{question}

{choices}

Instruction: Read the segments of a merger agreement and answer the multiple-choice question by choosing the option that best characterizes the agreement.

Question: How accurate must the fundamental representations and warranties be according to the bring down provision?

Option A: Accurate at an alternative materiality threshold (e.g., hybrid standard)
Option B: Accurate in all material respects
Option C: Accurate in all respects

Merger Agreement Excerpt One: Section 6.3. In order to facilitate the closing of the transaction, all representations and warranties set forth in Schedule 5 shall be conclusive and remain true and correct as of the Closing Date, without modification or qualification, irrespective of any intervening events. (Page 47)

Merger Agreement Excerpt Two: Section 8.5. Notwithstanding the foregoing, except for isolated non-material discrepancies, all other representations and warranties described herein shall be valid and deemed to be accurate in all respects as though made at the Closing, with any deviation considered permissible only if it does not result in an aggregate adverse effect on the Company's financial condition. (Page 68)
Choices: "
"139","Answer the following multiple choice question. The entire content of your response should be of the following format: 'ANSWER: $LETTER' (without quotes) where LETTER is one of {letters}.

{question}

{choices}

Instruction: Read the segment of a merger agreement and answer the multiple-choice question by choosing the option that best characterizes the bring down provision.

Question: How accurate must the fundamental representations and warranties be according to the bring down provision?

Option A: Accurate at another materiality standard (e.g., a hybrid standard where some deviations are tolerated if non-material)
Option B: Accurate in all material respects
Option C: Accurate in all respects

Merger Agreement: Section 4.8. Conditions Precedent for the Closing 
""Each of the fundamental representations and warranties of the Acquired Entity, as set forth in Article IV, shall be true and correct as of (i) the date of this Agreement and (ii) the Closing Date. Notwithstanding the foregoing, any representation or warranty expressly designated as 'subject to final verification' shall be deemed compliant provided that any deviations or inaccuracies identified during such verification do not, either individually or in aggregate, result in a Standard Material Impact on the Acquired Entity’s financial condition or business operations.""
Choices: ","Fail","Answer the following multiple choice question. The entire content of your response should be of the following format: 'ANSWER: $LETTER' (without quotes) where LETTER is one of {letters}.

{question}

{choices}

Instruction: Read the segments of a merger agreement and answer the multiple-choice question by choosing the option that best characterizes the agreement.

Question: How accurate must the fundamental representations and warranties be according to the bring down provision?

Option A: Accurate at an alternative materiality threshold (e.g., hybrid standard)
Option B: Accurate in all material respects
Option C: Accurate in all respects

Merger Agreement Excerpt One: Section 6.3. In order to facilitate the closing of the transaction, all representations and warranties set forth in Schedule 5 shall be conclusive and remain true and correct as of the Closing Date, without modification or qualification, irrespective of any intervening events. (Page 47)

Merger Agreement Excerpt Two: Section 8.5. Notwithstanding the foregoing, except for isolated non-material discrepancies, all other representations and warranties described herein shall be valid and deemed to be accurate in all respects as though made at the Closing, with any deviation considered permissible only if it does not result in an aggregate adverse effect on the Company's financial condition. (Page 68)
Choices: "
"140","Answer the following multiple choice question. The entire content of your response should be of the following format: 'ANSWER: $LETTER' (without quotes) where LETTER is one of {letters}.

{question}

{choices}

Instruction: Read the following segments of a merger agreement and answer the multiple-choice question by choosing the option that best characterizes the accuracy required for the fundamental representations and warranties under the bring down provision.
Question: How accurate must the fundamental representations and warranties be according to the bring down provision?
Option A: Accurate with relaxed materiality threshold standards
Option B: Accurate in all material respects, where only significant discrepancies affecting the agreement are disallowed
Option C: Accurate in all respects, leaving no room for any errors whatsoever

Merger Agreement Excerpt 1: In Section 4.1 Conditions, the representations and warranties of the Subsidiary shall be true and correct as of the Closing Date, as if made at that moment. Minor factual misstatements that do not individually or collectively result in a material adverse effect are deemed acceptable.

Merger Agreement Excerpt 2: Section 9.3 Additional Conditions to Closing mandates that all representations and warranties of the Subsidiary, aside from the Financial Sovereign Representations specified in Paragraph 2, shall be accurate in every detail as of both the Agreement Date and the Closing Date, explicitly disregarding any de minimis errors.
Answer:
Choices: ","Fail","Answer the following multiple choice question. The entire content of your response should be of the following format: 'ANSWER: $LETTER' (without quotes) where LETTER is one of {letters}.

{question}

{choices}

Instruction: Read the segments of a merger agreement and answer the multiple-choice question by choosing the option that best characterizes the agreement.

Question: How accurate must the fundamental representations and warranties be according to the bring down provision?

Option A: Accurate at an alternative materiality threshold (e.g., hybrid standard)
Option B: Accurate in all material respects
Option C: Accurate in all respects

Merger Agreement Excerpt One: Section 6.3. In order to facilitate the closing of the transaction, all representations and warranties set forth in Schedule 5 shall be conclusive and remain true and correct as of the Closing Date, without modification or qualification, irrespective of any intervening events. (Page 47)

Merger Agreement Excerpt Two: Section 8.5. Notwithstanding the foregoing, except for isolated non-material discrepancies, all other representations and warranties described herein shall be valid and deemed to be accurate in all respects as though made at the Closing, with any deviation considered permissible only if it does not result in an aggregate adverse effect on the Company's financial condition. (Page 68)
Choices: "
"141","Answer the following multiple choice question. The entire content of your response should be of the following format: 'ANSWER: $LETTER' (without quotes) where LETTER is one of {letters}.

{question}

{choices}

Instruction: Read the following merger agreement segments and answer the multiple-choice question by choosing the option that best characterizes the accuracy standard required under the bring down provision.
Question: Under the bring down provision, how accurate must the fundamental representations and warranties be?
Option A: They must be accurate to a blended standard that considers both a complete and a material analysis.
Option B: They must be accurate in all material respects, with allowances for immaterial discrepancies.
Option C: They must be accurate in all respects, completely eliminating any materiality qualifiers.

Merger Agreement Segment 1: “At Closing, the representations and warranties set forth in Article IV shall be true and correct as if made at the Closing Date, with an allowance for immaterial discrepancies in accordance with the definitions provided in Section 2.7.”

Merger Agreement Segment 2: “Notwithstanding any prior qualification, effective as of the Effective Time, all representations and warranties shall be deemed accurate in all respects, thereby negating any materiality thresholds, except where explicitly provided otherwise in this Agreement.”
Choices: ","Fail","Answer the following multiple choice question. The entire content of your response should be of the following format: 'ANSWER: $LETTER' (without quotes) where LETTER is one of {letters}.

{question}

{choices}

Instruction: Read the segments of a merger agreement and answer the multiple-choice question by choosing the option that best characterizes the agreement.

Question: How accurate must the fundamental representations and warranties be according to the bring down provision?

Option A: Accurate at an alternative materiality threshold (e.g., hybrid standard)
Option B: Accurate in all material respects
Option C: Accurate in all respects

Merger Agreement Excerpt One: Section 6.3. In order to facilitate the closing of the transaction, all representations and warranties set forth in Schedule 5 shall be conclusive and remain true and correct as of the Closing Date, without modification or qualification, irrespective of any intervening events. (Page 47)

Merger Agreement Excerpt Two: Section 8.5. Notwithstanding the foregoing, except for isolated non-material discrepancies, all other representations and warranties described herein shall be valid and deemed to be accurate in all respects as though made at the Closing, with any deviation considered permissible only if it does not result in an aggregate adverse effect on the Company's financial condition. (Page 68)
Choices: "
"142","Answer the following multiple choice question. The entire content of your response should be of the following format: 'ANSWER: $LETTER' (without quotes) where LETTER is one of {letters}.

{question}

{choices}

Instruction: Read the following segments from a corporate merger agreement and answer the multiple-choice question by selecting the option that best describes the required accuracy standard for the fundamental representations and warranties under the bring down provision.

Option A: Accurate at another materiality standard (e.g., hybrid standard)
Option B: Accurate in all material respects
Option C: Accurate in all respects

Merger Agreement Excerpt 1 (Fundamental Provisions):
""Section 10.1 - Fundamental Representations and Warranties: Except as expressly provided in Section 10.2(b), all representations and warranties made by the Company shall be true and correct as of the Closing Date, and shall be maintained as if continuously reaffirmed at such date, without any qualification based on materiality.""

Merger Agreement Excerpt 2 (Qualified Provisions):
""Section 10.2(b) - Operational Metrics Representations: Representations relating to operational metrics may be deemed accurate in all material respects, with the allowance for minor discrepancies as detailed in Attachment B.""

Question: Based on the bring down standard in the agreement, how accurate must the fundamental representations and warranties be? (Assume that 'fundamental' refers solely to the representations in Section 10.1.)
Choices: ","Fail","Answer the following multiple choice question. The entire content of your response should be of the following format: 'ANSWER: $LETTER' (without quotes) where LETTER is one of {letters}.

{question}

{choices}

Instruction: Read the segments of a merger agreement and answer the multiple-choice question by choosing the option that best characterizes the agreement.

Question: How accurate must the fundamental representations and warranties be according to the bring down provision?

Option A: Accurate at an alternative materiality threshold (e.g., hybrid standard)
Option B: Accurate in all material respects
Option C: Accurate in all respects

Merger Agreement Excerpt One: Section 6.3. In order to facilitate the closing of the transaction, all representations and warranties set forth in Schedule 5 shall be conclusive and remain true and correct as of the Closing Date, without modification or qualification, irrespective of any intervening events. (Page 47)

Merger Agreement Excerpt Two: Section 8.5. Notwithstanding the foregoing, except for isolated non-material discrepancies, all other representations and warranties described herein shall be valid and deemed to be accurate in all respects as though made at the Closing, with any deviation considered permissible only if it does not result in an aggregate adverse effect on the Company's financial condition. (Page 68)
Choices: "
"143","Answer the following multiple choice question. The entire content of your response should be of the following format: 'ANSWER: $LETTER' (without quotes) where LETTER is one of {letters}.

{question}

{choices}

Instruction: Read the following segments of a merger agreement and answer the multiple-choice question by choosing the option that best characterizes the agreement.

Question: Based on the representations and warranties bring down provisions set forth below, how accurate must the fundamental representations and warranties be as of the Closing Date?

Option A: Accurate at another materiality standard (e.g., hybrid standard)
Option B: Accurate in all material respects
Option C: Accurate in all respects

Merger Agreement Excerpt 1: 'In accordance with Section X.7, the Company’s representations and warranties shall be true and correct as of the Closing Date as if made on that day, but only insofar as such statements relate to material aspects of the Company’s condition.'

Merger Agreement Excerpt 2: 'Notwithstanding the foregoing, under Section Y.12, aside from any non-material discrepancies which do not have a reasonable potential to affect the overall transaction, all representations and warranties are required to be maintained as fully true and correct, thereby permitting the disregard of immaterial variances for the purpose of evaluating compliance.'

Answer the question by selecting the option that best reflects the accuracy requirement implicit in these provisions.
Choices: ","Fail","Answer the following multiple choice question. The entire content of your response should be of the following format: 'ANSWER: $LETTER' (without quotes) where LETTER is one of {letters}.

{question}

{choices}

Instruction: Read the segments of a merger agreement and answer the multiple-choice question by choosing the option that best characterizes the agreement.

Question: How accurate must the fundamental representations and warranties be according to the bring down provision?

Option A: Accurate at an alternative materiality threshold (e.g., hybrid standard)
Option B: Accurate in all material respects
Option C: Accurate in all respects

Merger Agreement Excerpt One: Section 6.3. In order to facilitate the closing of the transaction, all representations and warranties set forth in Schedule 5 shall be conclusive and remain true and correct as of the Closing Date, without modification or qualification, irrespective of any intervening events. (Page 47)

Merger Agreement Excerpt Two: Section 8.5. Notwithstanding the foregoing, except for isolated non-material discrepancies, all other representations and warranties described herein shall be valid and deemed to be accurate in all respects as though made at the Closing, with any deviation considered permissible only if it does not result in an aggregate adverse effect on the Company's financial condition. (Page 68)
Choices: "
"144","Answer the following multiple choice question. The entire content of your response should be of the following format: 'ANSWER: $LETTER' (without quotes) where LETTER is one of {letters}.

{question}

{choices}

Instruction: Read the following segments of a merger agreement and answer the multiple-choice question by choosing the option that best characterizes the agreement.

Question: According to the bring down provision, how accurate must the fundamental representations and warranties be?
Option A: Accurate based solely on a non-standard materiality threshold
Option B: Accurate in all material respects, allowing minor non-impactful discrepancies
Option C: Accurate in every respect with no exceptions whatsoever

Merger Agreement excerpt 1: Section 8.3 Conditions to the Obligations of the Selling Parties. The representations and warranties set forth in Article V shall be deemed true and correct as of the Agreement Date and at Closing. Notwithstanding any reference to 'materiality' elsewhere, all assertions must be rendered accurately, except that discrepancies which, individually or in aggregate, do not reasonably lead to any adverse impact will be treated as immaterial.

Merger Agreement excerpt 2: Section 10.1 Additional Closing Provisions. The Seller’s representations provided in Article V, and any similar statements, shall be relied upon at Closing. While the phrase 'true and correct' is used throughout, it is understood that only those inaccuracies that could reasonably be expected to have a material adverse effect on the transaction will constitute a breach of this provision.
Choices: ","Fail","Answer the following multiple choice question. The entire content of your response should be of the following format: 'ANSWER: $LETTER' (without quotes) where LETTER is one of {letters}.

{question}

{choices}

Instruction: Read the segments of a merger agreement and answer the multiple-choice question by choosing the option that best characterizes the agreement.

Question: How accurate must the fundamental representations and warranties be according to the bring down provision?

Option A: Accurate at an alternative materiality threshold (e.g., hybrid standard)
Option B: Accurate in all material respects
Option C: Accurate in all respects

Merger Agreement Excerpt One: Section 6.3. In order to facilitate the closing of the transaction, all representations and warranties set forth in Schedule 5 shall be conclusive and remain true and correct as of the Closing Date, without modification or qualification, irrespective of any intervening events. (Page 47)

Merger Agreement Excerpt Two: Section 8.5. Notwithstanding the foregoing, except for isolated non-material discrepancies, all other representations and warranties described herein shall be valid and deemed to be accurate in all respects as though made at the Closing, with any deviation considered permissible only if it does not result in an aggregate adverse effect on the Company's financial condition. (Page 68)
Choices: "
"145","Answer the following multiple choice question. The entire content of your response should be of the following format: 'ANSWER: $LETTER' (without quotes) where LETTER is one of {letters}.

{question}

{choices}

Instruction: Read the following excerpts from a hypothetical merger agreement and answer the multiple-choice question by choosing the option that best characterizes the bring down provision.

Question: How accurate must the fundamental representations and warranties be according to the bring down provision?
Option A: Accurate at another materiality standard (e.g., hybrid standard)
Option B: Accurate in all material respects
Option C: Accurate in all respects

Merger Agreement Excerpt 1: Section 8.4 Conditions. Subject to the provisions explicitly stated herein, the representations and warranties contained in Schedule A shall be true and correct as of the Closing Date as if made on such date, notwithstanding any ancillary qualifications relating to materiality.

Merger Agreement Excerpt 2: Section 12.1 Additional Conditions. Except for representations expressly described as subject to discrepancies that would not reasonably result in a Material Adverse Effect, each representation and warranty given by the Seller shall be accurate and complete as of both the Agreement Date and the Closing Date.
Choices: ","Fail","Answer the following multiple choice question. The entire content of your response should be of the following format: 'ANSWER: $LETTER' (without quotes) where LETTER is one of {letters}.

{question}

{choices}

Instruction: Read the segments of a merger agreement and answer the multiple-choice question by choosing the option that best characterizes the agreement.

Question: How accurate must the fundamental representations and warranties be according to the bring down provision?

Option A: Accurate at an alternative materiality threshold (e.g., hybrid standard)
Option B: Accurate in all material respects
Option C: Accurate in all respects

Merger Agreement Excerpt One: Section 6.3. In order to facilitate the closing of the transaction, all representations and warranties set forth in Schedule 5 shall be conclusive and remain true and correct as of the Closing Date, without modification or qualification, irrespective of any intervening events. (Page 47)

Merger Agreement Excerpt Two: Section 8.5. Notwithstanding the foregoing, except for isolated non-material discrepancies, all other representations and warranties described herein shall be valid and deemed to be accurate in all respects as though made at the Closing, with any deviation considered permissible only if it does not result in an aggregate adverse effect on the Company's financial condition. (Page 68)
Choices: "
"146","Answer the following multiple choice question. The entire content of your response should be of the following format: 'ANSWER: $LETTER' (without quotes) where LETTER is one of {letters}.

{question}

{choices}

Instruction: Read the segment of a fictional merger agreement and answer the multiple-choice question by choosing the option that best characterizes the accuracy requirement of the fundamental representations and warranties under the bring down provision.
Question: Based on the following excerpts, how accurate must the fundamental representations and warranties be at the Closing?
Option A: Accurate under a hybrid materiality standard that adjusts for minor discrepancies
Option B: Accurate in all material respects
Option C: Accurate in all respects

Merger Agreement Excerpt 1: ""Provided that, except for any deviation which in isolation would not have rendered any representation or warranty misleading, each of the representations and warranties set forth in Section 4 is required to be true and correct at the Closing as if made at that time. However, any exception due to immaterial inaccuracy, not exceeding the threshold of a Company Material Adverse Effect, shall be deemed acceptable.""

Merger Agreement Excerpt 2: ""Notwithstanding any other provision herein, except for the narrowly defined immaterial deviations as specified, no representation or warranty shall be considered in breach if such deviation has not had a material impact on the overall assertions contained herein. In every other respect, the representations and warranties shall be relied upon as being true and correct with respect to all material elements.""
Answer:
Choices: ","Fail","Answer the following multiple choice question. The entire content of your response should be of the following format: 'ANSWER: $LETTER' (without quotes) where LETTER is one of {letters}.

{question}

{choices}

Instruction: Read the segments of a merger agreement and answer the multiple-choice question by choosing the option that best characterizes the agreement.

Question: How accurate must the fundamental representations and warranties be according to the bring down provision?

Option A: Accurate at an alternative materiality threshold (e.g., hybrid standard)
Option B: Accurate in all material respects
Option C: Accurate in all respects

Merger Agreement Excerpt One: Section 6.3. In order to facilitate the closing of the transaction, all representations and warranties set forth in Schedule 5 shall be conclusive and remain true and correct as of the Closing Date, without modification or qualification, irrespective of any intervening events. (Page 47)

Merger Agreement Excerpt Two: Section 8.5. Notwithstanding the foregoing, except for isolated non-material discrepancies, all other representations and warranties described herein shall be valid and deemed to be accurate in all respects as though made at the Closing, with any deviation considered permissible only if it does not result in an aggregate adverse effect on the Company's financial condition. (Page 68)
Choices: "
"147","Answer the following multiple choice question. The entire content of your response should be of the following format: 'ANSWER: $LETTER' (without quotes) where LETTER is one of {letters}.

{question}

{choices}

Instruction: Read the following segments from a merger agreement and answer the multiple-choice question by choosing the option that best characterizes the agreement.

Question: Based on the bring down provisions in the excerpts, how must the fundamental representations and warranties be accurate at Closing?

Option A: Accurate according to a hybrid standard that tolerates even material deviations under certain conditions.
Option B: Accurate in all material respects, meaning that only material misstatements are considered deviations.
Option C: Accurate in all respects, requiring no deviation regardless of materiality.

Merger Agreement Excerpts:
Segment 1 (Pre-Closing Certification): ""The representations and warranties set forth in Article V shall be deemed true and correct at the Closing Date, as if made at such time, notwithstanding any immaterial variations.""

Segment 2 (Closing Condition): ""Notwithstanding any prior qualification, except for those representations expressly modified by materiality exceptions, each representation and warranty must be accurate, holding true in all material respects even if minor discrepancies exist that are immaterial to the overall transaction.""

Answer:
Choices: ","Fail","Answer the following multiple choice question. The entire content of your response should be of the following format: 'ANSWER: $LETTER' (without quotes) where LETTER is one of {letters}.

{question}

{choices}

Instruction: Read the segments of a merger agreement and answer the multiple-choice question by choosing the option that best characterizes the agreement.

Question: How accurate must the fundamental representations and warranties be according to the bring down provision?

Option A: Accurate at an alternative materiality threshold (e.g., hybrid standard)
Option B: Accurate in all material respects
Option C: Accurate in all respects

Merger Agreement Excerpt One: Section 6.3. In order to facilitate the closing of the transaction, all representations and warranties set forth in Schedule 5 shall be conclusive and remain true and correct as of the Closing Date, without modification or qualification, irrespective of any intervening events. (Page 47)

Merger Agreement Excerpt Two: Section 8.5. Notwithstanding the foregoing, except for isolated non-material discrepancies, all other representations and warranties described herein shall be valid and deemed to be accurate in all respects as though made at the Closing, with any deviation considered permissible only if it does not result in an aggregate adverse effect on the Company's financial condition. (Page 68)
Choices: "
"148","Answer the following multiple choice question. The entire content of your response should be of the following format: 'ANSWER: $LETTER' (without quotes) where LETTER is one of {letters}.

{question}

{choices}

Instruction: Read the following excerpts from a merger agreement and answer the multiple-choice question by choosing the option that best reflects the standard for the fundamental representations and warranties under the bring down provision.

Question: According to the bring down provision, what is the required standard of accuracy for the fundamental representations and warranties?

Option A: Accurate only to a hybrid materiality standard including specific qualitative exceptions
Option B: Accurate in all material respects, allowing for minor non-material deviations
Option C: Accurate in all respects without permitting any exception

Merger Agreement Excerpt 1: 'Notwithstanding any other provision, the representations and warranties set forth in Article 4 shall be deemed true and correct as of the Closing Date, pivoting from standard formulations to exclude all customary materiality qualifications.' (Page 24)

Merger Agreement Excerpt 2: 'For all fundamental representations and warranties, no exceptions based on material thresholds or qualitative assessments shall apply; any deviation, however slight, renders the representation not true and correct as if it were made in all respects.' (Page 67)
Choices: ","Fail","Answer the following multiple choice question. The entire content of your response should be of the following format: 'ANSWER: $LETTER' (without quotes) where LETTER is one of {letters}.

{question}

{choices}

Instruction: Read the segments of a merger agreement and answer the multiple-choice question by choosing the option that best characterizes the agreement.

Question: How accurate must the fundamental representations and warranties be according to the bring down provision?

Option A: Accurate at an alternative materiality threshold (e.g., hybrid standard)
Option B: Accurate in all material respects
Option C: Accurate in all respects

Merger Agreement Excerpt One: Section 6.3. In order to facilitate the closing of the transaction, all representations and warranties set forth in Schedule 5 shall be conclusive and remain true and correct as of the Closing Date, without modification or qualification, irrespective of any intervening events. (Page 47)

Merger Agreement Excerpt Two: Section 8.5. Notwithstanding the foregoing, except for isolated non-material discrepancies, all other representations and warranties described herein shall be valid and deemed to be accurate in all respects as though made at the Closing, with any deviation considered permissible only if it does not result in an aggregate adverse effect on the Company's financial condition. (Page 68)
Choices: "
"149","Answer the following multiple choice question. The entire content of your response should be of the following format: 'ANSWER: $LETTER' (without quotes) where LETTER is one of {letters}.

{question}

{choices}

Instruction: Read the following segment of a merger agreement and answer the multiple-choice question by choosing the option that best characterizes the agreement.
Question: According to the bring down provision, how accurate must the fundamental representations and warranties be?
Option A: Accurate at a specially defined hybrid materiality standard
Option B: Accurate in all material respects
Option C: Accurate in all respects

Merger Agreement: Section 10.7 Additional Conditions. (f) Notwithstanding any provisions relating to materiality thresholds elsewhere, the fundamental representations and warranties of the Company as set forth in Article V shall be true and correct in every single aspect as of the Closing Date, with no exceptions granted for immaterial discrepancies, except for those expressly disclosed in Schedule 5. (Page 142)
Choices: ","Fail","Answer the following multiple choice question. The entire content of your response should be of the following format: 'ANSWER: $LETTER' (without quotes) where LETTER is one of {letters}.

{question}

{choices}

Instruction: Read the segments of a merger agreement and answer the multiple-choice question by choosing the option that best characterizes the agreement.

Question: How accurate must the fundamental representations and warranties be according to the bring down provision?

Option A: Accurate at an alternative materiality threshold (e.g., hybrid standard)
Option B: Accurate in all material respects
Option C: Accurate in all respects

Merger Agreement Excerpt One: Section 6.3. In order to facilitate the closing of the transaction, all representations and warranties set forth in Schedule 5 shall be conclusive and remain true and correct as of the Closing Date, without modification or qualification, irrespective of any intervening events. (Page 47)

Merger Agreement Excerpt Two: Section 8.5. Notwithstanding the foregoing, except for isolated non-material discrepancies, all other representations and warranties described herein shall be valid and deemed to be accurate in all respects as though made at the Closing, with any deviation considered permissible only if it does not result in an aggregate adverse effect on the Company's financial condition. (Page 68)
Choices: "
